c_eps,regime,method,Gamma,X,pi_treat_avg
1.0,uncap,IPW-X-X,1,-1.0,0.0
1.0,uncap,IPW-X-X,1,-0.6667,0.0
1.0,uncap,IPW-X-X,1,-0.3333,1.0
1.0,uncap,IPW-X-X,1,0.0,1.0
1.0,uncap,IPW-X-X,1,0.3333,1.0
1.0,uncap,IPW-X-X,1,0.6667,1.0
1.0,uncap,IPW-X-X,1,1.0,0.5
1.0,uncap,IPW-X-X,1.5,-1.0,0.0
1.0,uncap,IPW-X-X,1.5,-0.6667,0.0
1.0,uncap,IPW-X-X,1.5,-0.3333,1.0
1.0,uncap,IPW-X-X,1.5,0.0,1.0
1.0,uncap,IPW-X-X,1.5,0.3333,1.0
1.0,uncap,IPW-X-X,1.5,0.6667,1.0
1.0,uncap,IPW-X-X,1.5,1.0,0.5
1.0,uncap,IPW-X-X,2,-1.0,0.0
1.0,uncap,IPW-X-X,2,-0.6667,0.0
1.0,uncap,IPW-X-X,2,-0.3333,1.0
1.0,uncap,IPW-X-X,2,0.0,1.0
1.0,uncap,IPW-X-X,2,0.3333,1.0
1.0,uncap,IPW-X-X,2,0.6667,1.0
1.0,uncap,IPW-X-X,2,1.0,0.5
1.0,uncap,IPW-X-X,2.5,-1.0,0.0
1.0,uncap,IPW-X-X,2.5,-0.6667,0.0
1.0,uncap,IPW-X-X,2.5,-0.3333,1.0
1.0,uncap,IPW-X-X,2.5,0.0,1.0
1.0,uncap,IPW-X-X,2.5,0.3333,1.0
1.0,uncap,IPW-X-X,2.5,0.6667,1.0
1.0,uncap,IPW-X-X,2.5,1.0,0.5
1.0,uncap,IPW-X-X,3,-1.0,0.0
1.0,uncap,IPW-X-X,3,-0.6667,0.0
1.0,uncap,IPW-X-X,3,-0.3333,1.0
1.0,uncap,IPW-X-X,3,0.0,1.0
1.0,uncap,IPW-X-X,3,0.3333,1.0
1.0,uncap,IPW-X-X,3,0.6667,1.0
1.0,uncap,IPW-X-X,3,1.0,0.5
1.0,uncap,IPW-X-X,4,-1.0,0.0
1.0,uncap,IPW-X-X,4,-0.6667,0.0
1.0,uncap,IPW-X-X,4,-0.3333,1.0
1.0,uncap,IPW-X-X,4,0.0,1.0
1.0,uncap,IPW-X-X,4,0.3333,1.0
1.0,uncap,IPW-X-X,4,0.6667,1.0
1.0,uncap,IPW-X-X,4,1.0,0.5
1.0,uncap,IPW-X-X,5,-1.0,0.0
1.0,uncap,IPW-X-X,5,-0.6667,0.0
1.0,uncap,IPW-X-X,5,-0.3333,1.0
1.0,uncap,IPW-X-X,5,0.0,1.0
1.0,uncap,IPW-X-X,5,0.3333,1.0
1.0,uncap,IPW-X-X,5,0.6667,1.0
1.0,uncap,IPW-X-X,5,1.0,0.5
1.0,uncap,IPW-X-X,6,-1.0,0.0
1.0,uncap,IPW-X-X,6,-0.6667,0.0
1.0,uncap,IPW-X-X,6,-0.3333,1.0
1.0,uncap,IPW-X-X,6,0.0,1.0
1.0,uncap,IPW-X-X,6,0.3333,1.0
1.0,uncap,IPW-X-X,6,0.6667,1.0
1.0,uncap,IPW-X-X,6,1.0,0.5
1.0,uncap,IPW-X-X,8,-1.0,0.0
1.0,uncap,IPW-X-X,8,-0.6667,0.0
1.0,uncap,IPW-X-X,8,-0.3333,1.0
1.0,uncap,IPW-X-X,8,0.0,1.0
1.0,uncap,IPW-X-X,8,0.3333,1.0
1.0,uncap,IPW-X-X,8,0.6667,1.0
1.0,uncap,IPW-X-X,8,1.0,0.5
1.0,uncap,DoublyRobust-X-X,1,-1.0,0.0
1.0,uncap,DoublyRobust-X-X,1,-0.6667,0.0
1.0,uncap,DoublyRobust-X-X,1,-0.3333,0.75
1.0,uncap,DoublyRobust-X-X,1,0.0,1.0
1.0,uncap,DoublyRobust-X-X,1,0.3333,1.0
1.0,uncap,DoublyRobust-X-X,1,0.6667,1.0
1.0,uncap,DoublyRobust-X-X,1,1.0,1.0
1.0,uncap,DoublyRobust-X-X,1.5,-1.0,0.0
1.0,uncap,DoublyRobust-X-X,1.5,-0.6667,0.0
1.0,uncap,DoublyRobust-X-X,1.5,-0.3333,0.75
1.0,uncap,DoublyRobust-X-X,1.5,0.0,1.0
1.0,uncap,DoublyRobust-X-X,1.5,0.3333,1.0
1.0,uncap,DoublyRobust-X-X,1.5,0.6667,1.0
1.0,uncap,DoublyRobust-X-X,1.5,1.0,1.0
1.0,uncap,DoublyRobust-X-X,2,-1.0,0.0
1.0,uncap,DoublyRobust-X-X,2,-0.6667,0.0
1.0,uncap,DoublyRobust-X-X,2,-0.3333,0.75
1.0,uncap,DoublyRobust-X-X,2,0.0,1.0
1.0,uncap,DoublyRobust-X-X,2,0.3333,1.0
1.0,uncap,DoublyRobust-X-X,2,0.6667,1.0
1.0,uncap,DoublyRobust-X-X,2,1.0,1.0
1.0,uncap,DoublyRobust-X-X,2.5,-1.0,0.0
1.0,uncap,DoublyRobust-X-X,2.5,-0.6667,0.0
1.0,uncap,DoublyRobust-X-X,2.5,-0.3333,0.75
1.0,uncap,DoublyRobust-X-X,2.5,0.0,1.0
1.0,uncap,DoublyRobust-X-X,2.5,0.3333,1.0
1.0,uncap,DoublyRobust-X-X,2.5,0.6667,1.0
1.0,uncap,DoublyRobust-X-X,2.5,1.0,1.0
1.0,uncap,DoublyRobust-X-X,3,-1.0,0.0
1.0,uncap,DoublyRobust-X-X,3,-0.6667,0.0
1.0,uncap,DoublyRobust-X-X,3,-0.3333,0.75
1.0,uncap,DoublyRobust-X-X,3,0.0,1.0
1.0,uncap,DoublyRobust-X-X,3,0.3333,1.0
1.0,uncap,DoublyRobust-X-X,3,0.6667,1.0
1.0,uncap,DoublyRobust-X-X,3,1.0,1.0
1.0,uncap,DoublyRobust-X-X,4,-1.0,0.0
1.0,uncap,DoublyRobust-X-X,4,-0.6667,0.0
1.0,uncap,DoublyRobust-X-X,4,-0.3333,0.75
1.0,uncap,DoublyRobust-X-X,4,0.0,1.0
1.0,uncap,DoublyRobust-X-X,4,0.3333,1.0
1.0,uncap,DoublyRobust-X-X,4,0.6667,1.0
1.0,uncap,DoublyRobust-X-X,4,1.0,1.0
1.0,uncap,DoublyRobust-X-X,5,-1.0,0.0
1.0,uncap,DoublyRobust-X-X,5,-0.6667,0.0
1.0,uncap,DoublyRobust-X-X,5,-0.3333,0.75
1.0,uncap,DoublyRobust-X-X,5,0.0,1.0
1.0,uncap,DoublyRobust-X-X,5,0.3333,1.0
1.0,uncap,DoublyRobust-X-X,5,0.6667,1.0
1.0,uncap,DoublyRobust-X-X,5,1.0,1.0
1.0,uncap,DoublyRobust-X-X,6,-1.0,0.0
1.0,uncap,DoublyRobust-X-X,6,-0.6667,0.0
1.0,uncap,DoublyRobust-X-X,6,-0.3333,0.75
1.0,uncap,DoublyRobust-X-X,6,0.0,1.0
1.0,uncap,DoublyRobust-X-X,6,0.3333,1.0
1.0,uncap,DoublyRobust-X-X,6,0.6667,1.0
1.0,uncap,DoublyRobust-X-X,6,1.0,1.0
1.0,uncap,DoublyRobust-X-X,8,-1.0,0.0
1.0,uncap,DoublyRobust-X-X,8,-0.6667,0.0
1.0,uncap,DoublyRobust-X-X,8,-0.3333,0.75
1.0,uncap,DoublyRobust-X-X,8,0.0,1.0
1.0,uncap,DoublyRobust-X-X,8,0.3333,1.0
1.0,uncap,DoublyRobust-X-X,8,0.6667,1.0
1.0,uncap,DoublyRobust-X-X,8,1.0,1.0
1.0,uncap,Direct-X-X,1,-1.0,0.0
1.0,uncap,Direct-X-X,1,-0.6667,0.0
1.0,uncap,Direct-X-X,1,-0.3333,0.5
1.0,uncap,Direct-X-X,1,0.0,1.0
1.0,uncap,Direct-X-X,1,0.3333,1.0
1.0,uncap,Direct-X-X,1,0.6667,0.0
1.0,uncap,Direct-X-X,1,1.0,0.0
1.0,uncap,Direct-X-X,1.5,-1.0,0.0
1.0,uncap,Direct-X-X,1.5,-0.6667,0.0
1.0,uncap,Direct-X-X,1.5,-0.3333,0.5
1.0,uncap,Direct-X-X,1.5,0.0,1.0
1.0,uncap,Direct-X-X,1.5,0.3333,1.0
1.0,uncap,Direct-X-X,1.5,0.6667,0.0
1.0,uncap,Direct-X-X,1.5,1.0,0.0
1.0,uncap,Direct-X-X,2,-1.0,0.0
1.0,uncap,Direct-X-X,2,-0.6667,0.0
1.0,uncap,Direct-X-X,2,-0.3333,0.5
1.0,uncap,Direct-X-X,2,0.0,1.0
1.0,uncap,Direct-X-X,2,0.3333,1.0
1.0,uncap,Direct-X-X,2,0.6667,0.0
1.0,uncap,Direct-X-X,2,1.0,0.0
1.0,uncap,Direct-X-X,2.5,-1.0,0.0
1.0,uncap,Direct-X-X,2.5,-0.6667,0.0
1.0,uncap,Direct-X-X,2.5,-0.3333,0.5
1.0,uncap,Direct-X-X,2.5,0.0,1.0
1.0,uncap,Direct-X-X,2.5,0.3333,1.0
1.0,uncap,Direct-X-X,2.5,0.6667,0.0
1.0,uncap,Direct-X-X,2.5,1.0,0.0
1.0,uncap,Direct-X-X,3,-1.0,0.0
1.0,uncap,Direct-X-X,3,-0.6667,0.0
1.0,uncap,Direct-X-X,3,-0.3333,0.5
1.0,uncap,Direct-X-X,3,0.0,1.0
1.0,uncap,Direct-X-X,3,0.3333,1.0
1.0,uncap,Direct-X-X,3,0.6667,0.0
1.0,uncap,Direct-X-X,3,1.0,0.0
1.0,uncap,Direct-X-X,4,-1.0,0.0
1.0,uncap,Direct-X-X,4,-0.6667,0.0
1.0,uncap,Direct-X-X,4,-0.3333,0.5
1.0,uncap,Direct-X-X,4,0.0,1.0
1.0,uncap,Direct-X-X,4,0.3333,1.0
1.0,uncap,Direct-X-X,4,0.6667,0.0
1.0,uncap,Direct-X-X,4,1.0,0.0
1.0,uncap,Direct-X-X,5,-1.0,0.0
1.0,uncap,Direct-X-X,5,-0.6667,0.0
1.0,uncap,Direct-X-X,5,-0.3333,0.5
1.0,uncap,Direct-X-X,5,0.0,1.0
1.0,uncap,Direct-X-X,5,0.3333,1.0
1.0,uncap,Direct-X-X,5,0.6667,0.0
1.0,uncap,Direct-X-X,5,1.0,0.0
1.0,uncap,Direct-X-X,6,-1.0,0.0
1.0,uncap,Direct-X-X,6,-0.6667,0.0
1.0,uncap,Direct-X-X,6,-0.3333,0.5
1.0,uncap,Direct-X-X,6,0.0,1.0
1.0,uncap,Direct-X-X,6,0.3333,1.0
1.0,uncap,Direct-X-X,6,0.6667,0.0
1.0,uncap,Direct-X-X,6,1.0,0.0
1.0,uncap,Direct-X-X,8,-1.0,0.0
1.0,uncap,Direct-X-X,8,-0.6667,0.0
1.0,uncap,Direct-X-X,8,-0.3333,0.5
1.0,uncap,Direct-X-X,8,0.0,1.0
1.0,uncap,Direct-X-X,8,0.3333,1.0
1.0,uncap,Direct-X-X,8,0.6667,0.0
1.0,uncap,Direct-X-X,8,1.0,0.0
1.0,uncap,IPW-O-X,1,-1.0,0.0
1.0,uncap,IPW-O-X,1,-0.6667,0.0
1.0,uncap,IPW-O-X,1,-0.3333,1.0
1.0,uncap,IPW-O-X,1,0.0,1.0
1.0,uncap,IPW-O-X,1,0.3333,1.0
1.0,uncap,IPW-O-X,1,0.6667,1.0
1.0,uncap,IPW-O-X,1,1.0,0.5
1.0,uncap,IPW-O-X,1.5,-1.0,0.0
1.0,uncap,IPW-O-X,1.5,-0.6667,0.5
1.0,uncap,IPW-O-X,1.5,-0.3333,0.7504
1.0,uncap,IPW-O-X,1.5,0.0,1.0
1.0,uncap,IPW-O-X,1.5,0.3333,1.0
1.0,uncap,IPW-O-X,1.5,0.6667,1.0
1.0,uncap,IPW-O-X,1.5,1.0,0.8585
1.0,uncap,IPW-O-X,2,-1.0,0.0
1.0,uncap,IPW-O-X,2,-0.6667,0.0
1.0,uncap,IPW-O-X,2,-0.3333,0.103
1.0,uncap,IPW-O-X,2,0.0,1.0
1.0,uncap,IPW-O-X,2,0.3333,1.0
1.0,uncap,IPW-O-X,2,0.6667,0.5489
1.0,uncap,IPW-O-X,2,1.0,0.0487
1.0,uncap,IPW-O-X,2.5,-1.0,0.0
1.0,uncap,IPW-O-X,2.5,-0.6667,0.0
1.0,uncap,IPW-O-X,2.5,-0.3333,0.0447
1.0,uncap,IPW-O-X,2.5,0.0,0.7569
1.0,uncap,IPW-O-X,2.5,0.3333,1.0
1.0,uncap,IPW-O-X,2.5,0.6667,0.5
1.0,uncap,IPW-O-X,2.5,1.0,0.0
1.0,uncap,IPW-O-X,3,-1.0,0.0
1.0,uncap,IPW-O-X,3,-0.6667,0.0
1.0,uncap,IPW-O-X,3,-0.3333,0.0224
1.0,uncap,IPW-O-X,3,0.0,0.5167
1.0,uncap,IPW-O-X,3,0.3333,1.0
1.0,uncap,IPW-O-X,3,0.6667,0.5
1.0,uncap,IPW-O-X,3,1.0,0.0
1.0,uncap,IPW-O-X,4,-1.0,0.0
1.0,uncap,IPW-O-X,4,-0.6667,0.0
1.0,uncap,IPW-O-X,4,-0.3333,0.0039
1.0,uncap,IPW-O-X,4,0.0,0.2621
1.0,uncap,IPW-O-X,4,0.3333,1.0
1.0,uncap,IPW-O-X,4,0.6667,0.5
1.0,uncap,IPW-O-X,4,1.0,0.0
1.0,uncap,IPW-O-X,5,-1.0,0.0
1.0,uncap,IPW-O-X,5,-0.6667,0.0
1.0,uncap,IPW-O-X,5,-0.3333,0.0
1.0,uncap,IPW-O-X,5,0.0,0.0141
1.0,uncap,IPW-O-X,5,0.3333,1.0
1.0,uncap,IPW-O-X,5,0.6667,0.25
1.0,uncap,IPW-O-X,5,1.0,0.0
1.0,uncap,IPW-O-X,6,-1.0,0.0
1.0,uncap,IPW-O-X,6,-0.6667,0.0
1.0,uncap,IPW-O-X,6,-0.3333,0.0
1.0,uncap,IPW-O-X,6,0.0,0.0077
1.0,uncap,IPW-O-X,6,0.3333,1.0
1.0,uncap,IPW-O-X,6,0.6667,0.25
1.0,uncap,IPW-O-X,6,1.0,0.0
1.0,uncap,IPW-O-X,8,-1.0,0.0
1.0,uncap,IPW-O-X,8,-0.6667,0.0
1.0,uncap,IPW-O-X,8,-0.3333,0.0
1.0,uncap,IPW-O-X,8,0.0,0.0
1.0,uncap,IPW-O-X,8,0.3333,1.0
1.0,uncap,IPW-O-X,8,0.6667,0.25
1.0,uncap,IPW-O-X,8,1.0,0.0
1.0,uncap,DoublyRobust-O-X,1,-1.0,0.0
1.0,uncap,DoublyRobust-O-X,1,-0.6667,0.0
1.0,uncap,DoublyRobust-O-X,1,-0.3333,0.75
1.0,uncap,DoublyRobust-O-X,1,0.0,1.0
1.0,uncap,DoublyRobust-O-X,1,0.3333,1.0
1.0,uncap,DoublyRobust-O-X,1,0.6667,1.0
1.0,uncap,DoublyRobust-O-X,1,1.0,1.0
1.0,uncap,DoublyRobust-O-X,1.5,-1.0,0.0
1.0,uncap,DoublyRobust-O-X,1.5,-0.6667,0.0
1.0,uncap,DoublyRobust-O-X,1.5,-0.3333,0.7605
1.0,uncap,DoublyRobust-O-X,1.5,0.0,1.0
1.0,uncap,DoublyRobust-O-X,1.5,0.3333,1.0
1.0,uncap,DoublyRobust-O-X,1.5,0.6667,1.0
1.0,uncap,DoublyRobust-O-X,1.5,1.0,1.0
1.0,uncap,DoublyRobust-O-X,2,-1.0,0.0
1.0,uncap,DoublyRobust-O-X,2,-0.6667,0.0
1.0,uncap,DoublyRobust-O-X,2,-0.3333,0.7952
1.0,uncap,DoublyRobust-O-X,2,0.0,1.0
1.0,uncap,DoublyRobust-O-X,2,0.3333,1.0
1.0,uncap,DoublyRobust-O-X,2,0.6667,1.0
1.0,uncap,DoublyRobust-O-X,2,1.0,1.0
1.0,uncap,DoublyRobust-O-X,2.5,-1.0,0.0
1.0,uncap,DoublyRobust-O-X,2.5,-0.6667,0.0
1.0,uncap,DoublyRobust-O-X,2.5,-0.3333,0.8788
1.0,uncap,DoublyRobust-O-X,2.5,0.0,0.9956
1.0,uncap,DoublyRobust-O-X,2.5,0.3333,1.0
1.0,uncap,DoublyRobust-O-X,2.5,0.6667,1.0
1.0,uncap,DoublyRobust-O-X,2.5,1.0,0.9352
1.0,uncap,DoublyRobust-O-X,3,-1.0,0.0
1.0,uncap,DoublyRobust-O-X,3,-0.6667,0.0
1.0,uncap,DoublyRobust-O-X,3,-0.3333,0.8704
1.0,uncap,DoublyRobust-O-X,3,0.0,0.974
1.0,uncap,DoublyRobust-O-X,3,0.3333,1.0
1.0,uncap,DoublyRobust-O-X,3,0.6667,1.0
1.0,uncap,DoublyRobust-O-X,3,1.0,0.9317
1.0,uncap,DoublyRobust-O-X,4,-1.0,0.0
1.0,uncap,DoublyRobust-O-X,4,-0.6667,0.0
1.0,uncap,DoublyRobust-O-X,4,-0.3333,0.8473
1.0,uncap,DoublyRobust-O-X,4,0.0,0.9472
1.0,uncap,DoublyRobust-O-X,4,0.3333,1.0
1.0,uncap,DoublyRobust-O-X,4,0.6667,1.0
1.0,uncap,DoublyRobust-O-X,4,1.0,0.9816
1.0,uncap,DoublyRobust-O-X,5,-1.0,0.0
1.0,uncap,DoublyRobust-O-X,5,-0.6667,0.0
1.0,uncap,DoublyRobust-O-X,5,-0.3333,0.8249
1.0,uncap,DoublyRobust-O-X,5,0.0,0.9069
1.0,uncap,DoublyRobust-O-X,5,0.3333,1.0
1.0,uncap,DoublyRobust-O-X,5,0.6667,1.0
1.0,uncap,DoublyRobust-O-X,5,1.0,0.9948
1.0,uncap,DoublyRobust-O-X,6,-1.0,0.25
1.0,uncap,DoublyRobust-O-X,6,-0.6667,0.0
1.0,uncap,DoublyRobust-O-X,6,-0.3333,0.7881
1.0,uncap,DoublyRobust-O-X,6,0.0,0.8842
1.0,uncap,DoublyRobust-O-X,6,0.3333,1.0
1.0,uncap,DoublyRobust-O-X,6,0.6667,1.0
1.0,uncap,DoublyRobust-O-X,6,1.0,0.9913
1.0,uncap,DoublyRobust-O-X,8,-1.0,0.25
1.0,uncap,DoublyRobust-O-X,8,-0.6667,0.0
1.0,uncap,DoublyRobust-O-X,8,-0.3333,0.7636
1.0,uncap,DoublyRobust-O-X,8,0.0,0.8624
1.0,uncap,DoublyRobust-O-X,8,0.3333,1.0
1.0,uncap,DoublyRobust-O-X,8,0.6667,1.0
1.0,uncap,DoublyRobust-O-X,8,1.0,0.9961
1.0,uncap,Hajek-O-X,1,-1.0,0.0
1.0,uncap,Hajek-O-X,1,-0.6667,0.0
1.0,uncap,Hajek-O-X,1,-0.3333,1.0
1.0,uncap,Hajek-O-X,1,0.0,1.0
1.0,uncap,Hajek-O-X,1,0.3333,1.0
1.0,uncap,Hajek-O-X,1,0.6667,1.0
1.0,uncap,Hajek-O-X,1,1.0,0.5
1.0,uncap,Hajek-O-X,1.5,-1.0,0.0
1.0,uncap,Hajek-O-X,1.5,-0.6667,0.0
1.0,uncap,Hajek-O-X,1.5,-0.3333,0.4765
1.0,uncap,Hajek-O-X,1.5,0.0,1.0
1.0,uncap,Hajek-O-X,1.5,0.3333,1.0
1.0,uncap,Hajek-O-X,1.5,0.6667,0.169
1.0,uncap,Hajek-O-X,1.5,1.0,0.1391
1.0,uncap,Hajek-O-X,2,-1.0,0.0
1.0,uncap,Hajek-O-X,2,-0.6667,0.0
1.0,uncap,Hajek-O-X,2,-0.3333,0.2407
1.0,uncap,Hajek-O-X,2,0.0,0.5059
1.0,uncap,Hajek-O-X,2,0.3333,0.2597
1.0,uncap,Hajek-O-X,2,0.6667,0.0143
1.0,uncap,Hajek-O-X,2,1.0,0.0131
1.0,uncap,Hajek-O-X,2.5,-1.0,0.0
1.0,uncap,Hajek-O-X,2.5,-0.6667,0.0
1.0,uncap,Hajek-O-X,2.5,-0.3333,0.0
1.0,uncap,Hajek-O-X,2.5,0.0,0.0
1.0,uncap,Hajek-O-X,2.5,0.3333,0.0
1.0,uncap,Hajek-O-X,2.5,0.6667,0.0
1.0,uncap,Hajek-O-X,2.5,1.0,0.0
1.0,uncap,Hajek-O-X,3,-1.0,0.0
1.0,uncap,Hajek-O-X,3,-0.6667,0.0
1.0,uncap,Hajek-O-X,3,-0.3333,0.0
1.0,uncap,Hajek-O-X,3,0.0,0.0
1.0,uncap,Hajek-O-X,3,0.3333,0.0
1.0,uncap,Hajek-O-X,3,0.6667,0.0
1.0,uncap,Hajek-O-X,3,1.0,0.0
1.0,uncap,Hajek-O-X,4,-1.0,0.0
1.0,uncap,Hajek-O-X,4,-0.6667,0.0
1.0,uncap,Hajek-O-X,4,-0.3333,0.0
1.0,uncap,Hajek-O-X,4,0.0,0.0
1.0,uncap,Hajek-O-X,4,0.3333,0.0
1.0,uncap,Hajek-O-X,4,0.6667,0.0
1.0,uncap,Hajek-O-X,4,1.0,0.0
1.0,uncap,Hajek-O-X,5,-1.0,0.0
1.0,uncap,Hajek-O-X,5,-0.6667,0.0
1.0,uncap,Hajek-O-X,5,-0.3333,0.0
1.0,uncap,Hajek-O-X,5,0.0,0.0
1.0,uncap,Hajek-O-X,5,0.3333,0.0
1.0,uncap,Hajek-O-X,5,0.6667,0.0
1.0,uncap,Hajek-O-X,5,1.0,0.0
1.0,uncap,Hajek-O-X,6,-1.0,0.0
1.0,uncap,Hajek-O-X,6,-0.6667,0.0
1.0,uncap,Hajek-O-X,6,-0.3333,0.0
1.0,uncap,Hajek-O-X,6,0.0,0.0
1.0,uncap,Hajek-O-X,6,0.3333,0.0
1.0,uncap,Hajek-O-X,6,0.6667,0.0
1.0,uncap,Hajek-O-X,6,1.0,0.0
1.0,uncap,Hajek-O-X,8,-1.0,0.0
1.0,uncap,Hajek-O-X,8,-0.6667,0.0
1.0,uncap,Hajek-O-X,8,-0.3333,0.0
1.0,uncap,Hajek-O-X,8,0.0,0.0
1.0,uncap,Hajek-O-X,8,0.3333,0.0
1.0,uncap,Hajek-O-X,8,0.6667,0.0
1.0,uncap,Hajek-O-X,8,1.0,0.0
1.0,uncap,IPW-O-W,1,-1.0,0.0
1.0,uncap,IPW-O-W,1,-0.6667,0.0
1.0,uncap,IPW-O-W,1,-0.3333,1.0
1.0,uncap,IPW-O-W,1,0.0,1.0
1.0,uncap,IPW-O-W,1,0.3333,1.0
1.0,uncap,IPW-O-W,1,0.6667,1.0
1.0,uncap,IPW-O-W,1,1.0,0.5
1.0,uncap,IPW-O-W,1.5,-1.0,0.0
1.0,uncap,IPW-O-W,1.5,-0.6667,0.0
1.0,uncap,IPW-O-W,1.5,-0.3333,0.6566
1.0,uncap,IPW-O-W,1.5,0.0,1.0
1.0,uncap,IPW-O-W,1.5,0.3333,1.0
1.0,uncap,IPW-O-W,1.5,0.6667,0.9964
1.0,uncap,IPW-O-W,1.5,1.0,1.0
1.0,uncap,IPW-O-W,2,-1.0,0.0
1.0,uncap,IPW-O-W,2,-0.6667,0.0
1.0,uncap,IPW-O-W,2,-0.3333,0.2843
1.0,uncap,IPW-O-W,2,0.0,1.0
1.0,uncap,IPW-O-W,2,0.3333,1.0
1.0,uncap,IPW-O-W,2,0.6667,0.9691
1.0,uncap,IPW-O-W,2,1.0,1.0
1.0,uncap,IPW-O-W,2.5,-1.0,0.0
1.0,uncap,IPW-O-W,2.5,-0.6667,0.0
1.0,uncap,IPW-O-W,2.5,-0.3333,0.2585
1.0,uncap,IPW-O-W,2.5,0.0,0.9155
1.0,uncap,IPW-O-W,2.5,0.3333,1.0
1.0,uncap,IPW-O-W,2.5,0.6667,0.9684
1.0,uncap,IPW-O-W,2.5,1.0,1.0
1.0,uncap,IPW-O-W,3,-1.0,0.0
1.0,uncap,IPW-O-W,3,-0.6667,0.0
1.0,uncap,IPW-O-W,3,-0.3333,0.2528
1.0,uncap,IPW-O-W,3,0.0,0.831
1.0,uncap,IPW-O-W,3,0.3333,1.0
1.0,uncap,IPW-O-W,3,0.6667,0.9315
1.0,uncap,IPW-O-W,3,1.0,1.0
1.0,uncap,IPW-O-W,4,-1.0,0.0
1.0,uncap,IPW-O-W,4,-0.6667,0.0
1.0,uncap,IPW-O-W,4,-0.3333,0.3741
1.0,uncap,IPW-O-W,4,0.0,0.7454
1.0,uncap,IPW-O-W,4,0.3333,1.0
1.0,uncap,IPW-O-W,4,0.6667,0.9314
1.0,uncap,IPW-O-W,4,1.0,1.0
1.0,uncap,IPW-O-W,5,-1.0,0.0
1.0,uncap,IPW-O-W,5,-0.6667,0.0
1.0,uncap,IPW-O-W,5,-0.3333,0.3372
1.0,uncap,IPW-O-W,5,0.0,0.6574
1.0,uncap,IPW-O-W,5,0.3333,1.0
1.0,uncap,IPW-O-W,5,0.6667,0.9325
1.0,uncap,IPW-O-W,5,1.0,1.0
1.0,uncap,IPW-O-W,6,-1.0,0.0
1.0,uncap,IPW-O-W,6,-0.6667,0.0
1.0,uncap,IPW-O-W,6,-0.3333,0.3437
1.0,uncap,IPW-O-W,6,0.0,0.6545
1.0,uncap,IPW-O-W,6,0.3333,1.0
1.0,uncap,IPW-O-W,6,0.6667,0.8974
1.0,uncap,IPW-O-W,6,1.0,1.0
1.0,uncap,IPW-O-W,8,-1.0,0.0
1.0,uncap,IPW-O-W,8,-0.6667,0.0
1.0,uncap,IPW-O-W,8,-0.3333,0.3389
1.0,uncap,IPW-O-W,8,0.0,0.6512
1.0,uncap,IPW-O-W,8,0.3333,1.0
1.0,uncap,IPW-O-W,8,0.6667,0.8956
1.0,uncap,IPW-O-W,8,1.0,1.0
1.0,uncap,DoublyRobust-O-W,1,-1.0,0.0
1.0,uncap,DoublyRobust-O-W,1,-0.6667,0.0
1.0,uncap,DoublyRobust-O-W,1,-0.3333,0.75
1.0,uncap,DoublyRobust-O-W,1,0.0,1.0
1.0,uncap,DoublyRobust-O-W,1,0.3333,1.0
1.0,uncap,DoublyRobust-O-W,1,0.6667,1.0
1.0,uncap,DoublyRobust-O-W,1,1.0,1.0
1.0,uncap,DoublyRobust-O-W,1.5,-1.0,0.0
1.0,uncap,DoublyRobust-O-W,1.5,-0.6667,0.0
1.0,uncap,DoublyRobust-O-W,1.5,-0.3333,0.6876
1.0,uncap,DoublyRobust-O-W,1.5,0.0,1.0
1.0,uncap,DoublyRobust-O-W,1.5,0.3333,1.0
1.0,uncap,DoublyRobust-O-W,1.5,0.6667,1.0
1.0,uncap,DoublyRobust-O-W,1.5,1.0,1.0
1.0,uncap,DoublyRobust-O-W,2,-1.0,0.0
1.0,uncap,DoublyRobust-O-W,2,-0.6667,0.0
1.0,uncap,DoublyRobust-O-W,2,-0.3333,0.5215
1.0,uncap,DoublyRobust-O-W,2,0.0,1.0
1.0,uncap,DoublyRobust-O-W,2,0.3333,1.0
1.0,uncap,DoublyRobust-O-W,2,0.6667,1.0
1.0,uncap,DoublyRobust-O-W,2,1.0,1.0
1.0,uncap,DoublyRobust-O-W,2.5,-1.0,0.0
1.0,uncap,DoublyRobust-O-W,2.5,-0.6667,0.0
1.0,uncap,DoublyRobust-O-W,2.5,-0.3333,0.1897
1.0,uncap,DoublyRobust-O-W,2.5,0.0,0.9802
1.0,uncap,DoublyRobust-O-W,2.5,0.3333,1.0
1.0,uncap,DoublyRobust-O-W,2.5,0.6667,1.0
1.0,uncap,DoublyRobust-O-W,2.5,1.0,0.9156
1.0,uncap,DoublyRobust-O-W,3,-1.0,0.0
1.0,uncap,DoublyRobust-O-W,3,-0.6667,0.0
1.0,uncap,DoublyRobust-O-W,3,-0.3333,0.1428
1.0,uncap,DoublyRobust-O-W,3,0.0,0.9522
1.0,uncap,DoublyRobust-O-W,3,0.3333,1.0
1.0,uncap,DoublyRobust-O-W,3,0.6667,1.0
1.0,uncap,DoublyRobust-O-W,3,1.0,0.7473
1.0,uncap,DoublyRobust-O-W,4,-1.0,0.0
1.0,uncap,DoublyRobust-O-W,4,-0.6667,0.0
1.0,uncap,DoublyRobust-O-W,4,-0.3333,0.183
1.0,uncap,DoublyRobust-O-W,4,0.0,0.8739
1.0,uncap,DoublyRobust-O-W,4,0.3333,1.0
1.0,uncap,DoublyRobust-O-W,4,0.6667,1.0
1.0,uncap,DoublyRobust-O-W,4,1.0,0.7469
1.0,uncap,DoublyRobust-O-W,5,-1.0,0.1331
1.0,uncap,DoublyRobust-O-W,5,-0.6667,0.0
1.0,uncap,DoublyRobust-O-W,5,-0.3333,0.4171
1.0,uncap,DoublyRobust-O-W,5,0.0,0.8377
1.0,uncap,DoublyRobust-O-W,5,0.3333,1.0
1.0,uncap,DoublyRobust-O-W,5,0.6667,1.0
1.0,uncap,DoublyRobust-O-W,5,1.0,1.0
1.0,uncap,DoublyRobust-O-W,6,-1.0,0.1349
1.0,uncap,DoublyRobust-O-W,6,-0.6667,0.0
1.0,uncap,DoublyRobust-O-W,6,-0.3333,0.3458
1.0,uncap,DoublyRobust-O-W,6,0.0,0.7339
1.0,uncap,DoublyRobust-O-W,6,0.3333,1.0
1.0,uncap,DoublyRobust-O-W,6,0.6667,1.0
1.0,uncap,DoublyRobust-O-W,6,1.0,1.0
1.0,uncap,DoublyRobust-O-W,8,-1.0,0.0
1.0,uncap,DoublyRobust-O-W,8,-0.6667,0.0
1.0,uncap,DoublyRobust-O-W,8,-0.3333,0.2203
1.0,uncap,DoublyRobust-O-W,8,0.0,0.5807
1.0,uncap,DoublyRobust-O-W,8,0.3333,1.0
1.0,uncap,DoublyRobust-O-W,8,0.6667,1.0
1.0,uncap,DoublyRobust-O-W,8,1.0,1.0
1.0,cap,IPW-X-X,1,-1.0,0.0
1.0,cap,IPW-X-X,1,-0.6667,0.0
1.0,cap,IPW-X-X,1,-0.3333,0.6047
1.0,cap,IPW-X-X,1,0.0,1.0
1.0,cap,IPW-X-X,1,0.3333,1.0
1.0,cap,IPW-X-X,1,0.6667,0.6128
1.0,cap,IPW-X-X,1,1.0,0.2216
1.0,cap,IPW-X-X,1.5,-1.0,0.0
1.0,cap,IPW-X-X,1.5,-0.6667,0.0
1.0,cap,IPW-X-X,1.5,-0.3333,0.6047
1.0,cap,IPW-X-X,1.5,0.0,1.0
1.0,cap,IPW-X-X,1.5,0.3333,1.0
1.0,cap,IPW-X-X,1.5,0.6667,0.6128
1.0,cap,IPW-X-X,1.5,1.0,0.2216
1.0,cap,IPW-X-X,2,-1.0,0.0
1.0,cap,IPW-X-X,2,-0.6667,0.0
1.0,cap,IPW-X-X,2,-0.3333,0.6047
1.0,cap,IPW-X-X,2,0.0,1.0
1.0,cap,IPW-X-X,2,0.3333,1.0
1.0,cap,IPW-X-X,2,0.6667,0.6128
1.0,cap,IPW-X-X,2,1.0,0.2216
1.0,cap,IPW-X-X,2.5,-1.0,0.0
1.0,cap,IPW-X-X,2.5,-0.6667,0.0
1.0,cap,IPW-X-X,2.5,-0.3333,0.6047
1.0,cap,IPW-X-X,2.5,0.0,1.0
1.0,cap,IPW-X-X,2.5,0.3333,1.0
1.0,cap,IPW-X-X,2.5,0.6667,0.6128
1.0,cap,IPW-X-X,2.5,1.0,0.2216
1.0,cap,IPW-X-X,3,-1.0,0.0
1.0,cap,IPW-X-X,3,-0.6667,0.0
1.0,cap,IPW-X-X,3,-0.3333,0.6047
1.0,cap,IPW-X-X,3,0.0,1.0
1.0,cap,IPW-X-X,3,0.3333,1.0
1.0,cap,IPW-X-X,3,0.6667,0.6128
1.0,cap,IPW-X-X,3,1.0,0.2216
1.0,cap,IPW-X-X,4,-1.0,0.0
1.0,cap,IPW-X-X,4,-0.6667,0.0
1.0,cap,IPW-X-X,4,-0.3333,0.6047
1.0,cap,IPW-X-X,4,0.0,1.0
1.0,cap,IPW-X-X,4,0.3333,1.0
1.0,cap,IPW-X-X,4,0.6667,0.6128
1.0,cap,IPW-X-X,4,1.0,0.2216
1.0,cap,IPW-X-X,5,-1.0,0.0
1.0,cap,IPW-X-X,5,-0.6667,0.0
1.0,cap,IPW-X-X,5,-0.3333,0.6047
1.0,cap,IPW-X-X,5,0.0,1.0
1.0,cap,IPW-X-X,5,0.3333,1.0
1.0,cap,IPW-X-X,5,0.6667,0.6128
1.0,cap,IPW-X-X,5,1.0,0.2216
1.0,cap,IPW-X-X,6,-1.0,0.0
1.0,cap,IPW-X-X,6,-0.6667,0.0
1.0,cap,IPW-X-X,6,-0.3333,0.6047
1.0,cap,IPW-X-X,6,0.0,1.0
1.0,cap,IPW-X-X,6,0.3333,1.0
1.0,cap,IPW-X-X,6,0.6667,0.6128
1.0,cap,IPW-X-X,6,1.0,0.2216
1.0,cap,IPW-X-X,8,-1.0,0.0
1.0,cap,IPW-X-X,8,-0.6667,0.0
1.0,cap,IPW-X-X,8,-0.3333,0.6047
1.0,cap,IPW-X-X,8,0.0,1.0
1.0,cap,IPW-X-X,8,0.3333,1.0
1.0,cap,IPW-X-X,8,0.6667,0.6128
1.0,cap,IPW-X-X,8,1.0,0.2216
1.0,cap,DoublyRobust-X-X,1,-1.0,0.0
1.0,cap,DoublyRobust-X-X,1,-0.6667,0.0
1.0,cap,DoublyRobust-X-X,1,-0.3333,0.0
1.0,cap,DoublyRobust-X-X,1,0.0,1.0
1.0,cap,DoublyRobust-X-X,1,0.3333,1.0
1.0,cap,DoublyRobust-X-X,1,0.6667,0.4671
1.0,cap,DoublyRobust-X-X,1,1.0,1.0
1.0,cap,DoublyRobust-X-X,1.5,-1.0,0.0
1.0,cap,DoublyRobust-X-X,1.5,-0.6667,0.0
1.0,cap,DoublyRobust-X-X,1.5,-0.3333,0.0
1.0,cap,DoublyRobust-X-X,1.5,0.0,1.0
1.0,cap,DoublyRobust-X-X,1.5,0.3333,1.0
1.0,cap,DoublyRobust-X-X,1.5,0.6667,0.4671
1.0,cap,DoublyRobust-X-X,1.5,1.0,1.0
1.0,cap,DoublyRobust-X-X,2,-1.0,0.0
1.0,cap,DoublyRobust-X-X,2,-0.6667,0.0
1.0,cap,DoublyRobust-X-X,2,-0.3333,0.0
1.0,cap,DoublyRobust-X-X,2,0.0,1.0
1.0,cap,DoublyRobust-X-X,2,0.3333,1.0
1.0,cap,DoublyRobust-X-X,2,0.6667,0.4671
1.0,cap,DoublyRobust-X-X,2,1.0,1.0
1.0,cap,DoublyRobust-X-X,2.5,-1.0,0.0
1.0,cap,DoublyRobust-X-X,2.5,-0.6667,0.0
1.0,cap,DoublyRobust-X-X,2.5,-0.3333,0.0
1.0,cap,DoublyRobust-X-X,2.5,0.0,1.0
1.0,cap,DoublyRobust-X-X,2.5,0.3333,1.0
1.0,cap,DoublyRobust-X-X,2.5,0.6667,0.4671
1.0,cap,DoublyRobust-X-X,2.5,1.0,1.0
1.0,cap,DoublyRobust-X-X,3,-1.0,0.0
1.0,cap,DoublyRobust-X-X,3,-0.6667,0.0
1.0,cap,DoublyRobust-X-X,3,-0.3333,0.0
1.0,cap,DoublyRobust-X-X,3,0.0,1.0
1.0,cap,DoublyRobust-X-X,3,0.3333,1.0
1.0,cap,DoublyRobust-X-X,3,0.6667,0.4671
1.0,cap,DoublyRobust-X-X,3,1.0,1.0
1.0,cap,DoublyRobust-X-X,4,-1.0,0.0
1.0,cap,DoublyRobust-X-X,4,-0.6667,0.0
1.0,cap,DoublyRobust-X-X,4,-0.3333,0.0
1.0,cap,DoublyRobust-X-X,4,0.0,1.0
1.0,cap,DoublyRobust-X-X,4,0.3333,1.0
1.0,cap,DoublyRobust-X-X,4,0.6667,0.4671
1.0,cap,DoublyRobust-X-X,4,1.0,1.0
1.0,cap,DoublyRobust-X-X,5,-1.0,0.0
1.0,cap,DoublyRobust-X-X,5,-0.6667,0.0
1.0,cap,DoublyRobust-X-X,5,-0.3333,0.0
1.0,cap,DoublyRobust-X-X,5,0.0,1.0
1.0,cap,DoublyRobust-X-X,5,0.3333,1.0
1.0,cap,DoublyRobust-X-X,5,0.6667,0.4671
1.0,cap,DoublyRobust-X-X,5,1.0,1.0
1.0,cap,DoublyRobust-X-X,6,-1.0,0.0
1.0,cap,DoublyRobust-X-X,6,-0.6667,0.0
1.0,cap,DoublyRobust-X-X,6,-0.3333,0.0
1.0,cap,DoublyRobust-X-X,6,0.0,1.0
1.0,cap,DoublyRobust-X-X,6,0.3333,1.0
1.0,cap,DoublyRobust-X-X,6,0.6667,0.4671
1.0,cap,DoublyRobust-X-X,6,1.0,1.0
1.0,cap,DoublyRobust-X-X,8,-1.0,0.0
1.0,cap,DoublyRobust-X-X,8,-0.6667,0.0
1.0,cap,DoublyRobust-X-X,8,-0.3333,0.0
1.0,cap,DoublyRobust-X-X,8,0.0,1.0
1.0,cap,DoublyRobust-X-X,8,0.3333,1.0
1.0,cap,DoublyRobust-X-X,8,0.6667,0.4671
1.0,cap,DoublyRobust-X-X,8,1.0,1.0
1.0,cap,Direct-X-X,1,-1.0,0.0
1.0,cap,Direct-X-X,1,-0.6667,0.0
1.0,cap,Direct-X-X,1,-0.3333,0.5
1.0,cap,Direct-X-X,1,0.0,1.0
1.0,cap,Direct-X-X,1,0.3333,1.0
1.0,cap,Direct-X-X,1,0.6667,0.0
1.0,cap,Direct-X-X,1,1.0,0.0
1.0,cap,Direct-X-X,1.5,-1.0,0.0
1.0,cap,Direct-X-X,1.5,-0.6667,0.0
1.0,cap,Direct-X-X,1.5,-0.3333,0.5
1.0,cap,Direct-X-X,1.5,0.0,1.0
1.0,cap,Direct-X-X,1.5,0.3333,1.0
1.0,cap,Direct-X-X,1.5,0.6667,0.0
1.0,cap,Direct-X-X,1.5,1.0,0.0
1.0,cap,Direct-X-X,2,-1.0,0.0
1.0,cap,Direct-X-X,2,-0.6667,0.0
1.0,cap,Direct-X-X,2,-0.3333,0.5
1.0,cap,Direct-X-X,2,0.0,1.0
1.0,cap,Direct-X-X,2,0.3333,1.0
1.0,cap,Direct-X-X,2,0.6667,0.0
1.0,cap,Direct-X-X,2,1.0,0.0
1.0,cap,Direct-X-X,2.5,-1.0,0.0
1.0,cap,Direct-X-X,2.5,-0.6667,0.0
1.0,cap,Direct-X-X,2.5,-0.3333,0.5
1.0,cap,Direct-X-X,2.5,0.0,1.0
1.0,cap,Direct-X-X,2.5,0.3333,1.0
1.0,cap,Direct-X-X,2.5,0.6667,0.0
1.0,cap,Direct-X-X,2.5,1.0,0.0
1.0,cap,Direct-X-X,3,-1.0,0.0
1.0,cap,Direct-X-X,3,-0.6667,0.0
1.0,cap,Direct-X-X,3,-0.3333,0.5
1.0,cap,Direct-X-X,3,0.0,1.0
1.0,cap,Direct-X-X,3,0.3333,1.0
1.0,cap,Direct-X-X,3,0.6667,0.0
1.0,cap,Direct-X-X,3,1.0,0.0
1.0,cap,Direct-X-X,4,-1.0,0.0
1.0,cap,Direct-X-X,4,-0.6667,0.0
1.0,cap,Direct-X-X,4,-0.3333,0.5
1.0,cap,Direct-X-X,4,0.0,1.0
1.0,cap,Direct-X-X,4,0.3333,1.0
1.0,cap,Direct-X-X,4,0.6667,0.0
1.0,cap,Direct-X-X,4,1.0,0.0
1.0,cap,Direct-X-X,5,-1.0,0.0
1.0,cap,Direct-X-X,5,-0.6667,0.0
1.0,cap,Direct-X-X,5,-0.3333,0.5
1.0,cap,Direct-X-X,5,0.0,1.0
1.0,cap,Direct-X-X,5,0.3333,1.0
1.0,cap,Direct-X-X,5,0.6667,0.0
1.0,cap,Direct-X-X,5,1.0,0.0
1.0,cap,Direct-X-X,6,-1.0,0.0
1.0,cap,Direct-X-X,6,-0.6667,0.0
1.0,cap,Direct-X-X,6,-0.3333,0.5
1.0,cap,Direct-X-X,6,0.0,1.0
1.0,cap,Direct-X-X,6,0.3333,1.0
1.0,cap,Direct-X-X,6,0.6667,0.0
1.0,cap,Direct-X-X,6,1.0,0.0
1.0,cap,Direct-X-X,8,-1.0,0.0
1.0,cap,Direct-X-X,8,-0.6667,0.0
1.0,cap,Direct-X-X,8,-0.3333,0.5
1.0,cap,Direct-X-X,8,0.0,1.0
1.0,cap,Direct-X-X,8,0.3333,1.0
1.0,cap,Direct-X-X,8,0.6667,0.0
1.0,cap,Direct-X-X,8,1.0,0.0
1.0,cap,IPW-O-X,1,-1.0,0.0
1.0,cap,IPW-O-X,1,-0.6667,0.0
1.0,cap,IPW-O-X,1,-0.3333,0.6047
1.0,cap,IPW-O-X,1,0.0,1.0
1.0,cap,IPW-O-X,1,0.3333,1.0
1.0,cap,IPW-O-X,1,0.6667,0.6128
1.0,cap,IPW-O-X,1,1.0,0.2216
1.0,cap,IPW-O-X,1.5,-1.0,0.0
1.0,cap,IPW-O-X,1.5,-0.6667,0.0251
1.0,cap,IPW-O-X,1.5,-0.3333,0.5457
1.0,cap,IPW-O-X,1.5,0.0,1.0
1.0,cap,IPW-O-X,1.5,0.3333,1.0
1.0,cap,IPW-O-X,1.5,0.6667,0.6244
1.0,cap,IPW-O-X,1.5,1.0,0.2451
1.0,cap,IPW-O-X,2,-1.0,0.0
1.0,cap,IPW-O-X,2,-0.6667,0.0
1.0,cap,IPW-O-X,2,-0.3333,0.103
1.0,cap,IPW-O-X,2,0.0,1.0
1.0,cap,IPW-O-X,2,0.3333,1.0
1.0,cap,IPW-O-X,2,0.6667,0.5489
1.0,cap,IPW-O-X,2,1.0,0.0487
1.0,cap,IPW-O-X,2.5,-1.0,0.0
1.0,cap,IPW-O-X,2.5,-0.6667,0.0
1.0,cap,IPW-O-X,2.5,-0.3333,0.0447
1.0,cap,IPW-O-X,2.5,0.0,0.7569
1.0,cap,IPW-O-X,2.5,0.3333,1.0
1.0,cap,IPW-O-X,2.5,0.6667,0.5
1.0,cap,IPW-O-X,2.5,1.0,0.0
1.0,cap,IPW-O-X,3,-1.0,0.0
1.0,cap,IPW-O-X,3,-0.6667,0.0
1.0,cap,IPW-O-X,3,-0.3333,0.0224
1.0,cap,IPW-O-X,3,0.0,0.5167
1.0,cap,IPW-O-X,3,0.3333,1.0
1.0,cap,IPW-O-X,3,0.6667,0.5
1.0,cap,IPW-O-X,3,1.0,0.0
1.0,cap,IPW-O-X,4,-1.0,0.0
1.0,cap,IPW-O-X,4,-0.6667,0.0
1.0,cap,IPW-O-X,4,-0.3333,0.0039
1.0,cap,IPW-O-X,4,0.0,0.2621
1.0,cap,IPW-O-X,4,0.3333,1.0
1.0,cap,IPW-O-X,4,0.6667,0.5
1.0,cap,IPW-O-X,4,1.0,0.0
1.0,cap,IPW-O-X,5,-1.0,0.0
1.0,cap,IPW-O-X,5,-0.6667,0.0
1.0,cap,IPW-O-X,5,-0.3333,0.0
1.0,cap,IPW-O-X,5,0.0,0.0141
1.0,cap,IPW-O-X,5,0.3333,1.0
1.0,cap,IPW-O-X,5,0.6667,0.25
1.0,cap,IPW-O-X,5,1.0,0.0
1.0,cap,IPW-O-X,6,-1.0,0.0
1.0,cap,IPW-O-X,6,-0.6667,0.0
1.0,cap,IPW-O-X,6,-0.3333,0.0
1.0,cap,IPW-O-X,6,0.0,0.0077
1.0,cap,IPW-O-X,6,0.3333,1.0
1.0,cap,IPW-O-X,6,0.6667,0.25
1.0,cap,IPW-O-X,6,1.0,0.0
1.0,cap,IPW-O-X,8,-1.0,0.0
1.0,cap,IPW-O-X,8,-0.6667,0.0
1.0,cap,IPW-O-X,8,-0.3333,0.0
1.0,cap,IPW-O-X,8,0.0,0.0
1.0,cap,IPW-O-X,8,0.3333,1.0
1.0,cap,IPW-O-X,8,0.6667,0.25
1.0,cap,IPW-O-X,8,1.0,0.0
1.0,cap,DoublyRobust-O-X,1,-1.0,0.0
1.0,cap,DoublyRobust-O-X,1,-0.6667,0.0
1.0,cap,DoublyRobust-O-X,1,-0.3333,0.0
1.0,cap,DoublyRobust-O-X,1,0.0,1.0
1.0,cap,DoublyRobust-O-X,1,0.3333,1.0
1.0,cap,DoublyRobust-O-X,1,0.6667,0.4671
1.0,cap,DoublyRobust-O-X,1,1.0,1.0
1.0,cap,DoublyRobust-O-X,1.5,-1.0,0.0
1.0,cap,DoublyRobust-O-X,1.5,-0.6667,0.0
1.0,cap,DoublyRobust-O-X,1.5,-0.3333,0.2515
1.0,cap,DoublyRobust-O-X,1.5,0.0,1.0
1.0,cap,DoublyRobust-O-X,1.5,0.3333,1.0
1.0,cap,DoublyRobust-O-X,1.5,0.6667,0.4553
1.0,cap,DoublyRobust-O-X,1.5,1.0,0.75
1.0,cap,DoublyRobust-O-X,2,-1.0,0.0
1.0,cap,DoublyRobust-O-X,2,-0.6667,0.0
1.0,cap,DoublyRobust-O-X,2,-0.3333,0.4885
1.0,cap,DoublyRobust-O-X,2,0.0,0.9367
1.0,cap,DoublyRobust-O-X,2,0.3333,1.0
1.0,cap,DoublyRobust-O-X,2,0.6667,0.8134
1.0,cap,DoublyRobust-O-X,2,1.0,0.1986
1.0,cap,DoublyRobust-O-X,2.5,-1.0,0.0
1.0,cap,DoublyRobust-O-X,2.5,-0.6667,0.0
1.0,cap,DoublyRobust-O-X,2.5,-0.3333,0.4956
1.0,cap,DoublyRobust-O-X,2.5,0.0,0.8932
1.0,cap,DoublyRobust-O-X,2.5,0.3333,1.0
1.0,cap,DoublyRobust-O-X,2.5,0.6667,0.8978
1.0,cap,DoublyRobust-O-X,2.5,1.0,0.1559
1.0,cap,DoublyRobust-O-X,3,-1.0,0.0
1.0,cap,DoublyRobust-O-X,3,-0.6667,0.0
1.0,cap,DoublyRobust-O-X,3,-0.3333,0.4399
1.0,cap,DoublyRobust-O-X,3,0.0,0.8414
1.0,cap,DoublyRobust-O-X,3,0.3333,1.0
1.0,cap,DoublyRobust-O-X,3,0.6667,1.0
1.0,cap,DoublyRobust-O-X,3,1.0,0.1619
1.0,cap,DoublyRobust-O-X,4,-1.0,0.0
1.0,cap,DoublyRobust-O-X,4,-0.6667,0.0
1.0,cap,DoublyRobust-O-X,4,-0.3333,0.4046
1.0,cap,DoublyRobust-O-X,4,0.0,0.7631
1.0,cap,DoublyRobust-O-X,4,0.3333,1.0
1.0,cap,DoublyRobust-O-X,4,0.6667,1.0
1.0,cap,DoublyRobust-O-X,4,1.0,0.2842
1.0,cap,DoublyRobust-O-X,5,-1.0,0.0
1.0,cap,DoublyRobust-O-X,5,-0.6667,0.0
1.0,cap,DoublyRobust-O-X,5,-0.3333,0.3536
1.0,cap,DoublyRobust-O-X,5,0.0,0.7058
1.0,cap,DoublyRobust-O-X,5,0.3333,1.0
1.0,cap,DoublyRobust-O-X,5,0.6667,1.0
1.0,cap,DoublyRobust-O-X,5,1.0,0.3998
1.0,cap,DoublyRobust-O-X,6,-1.0,0.0
1.0,cap,DoublyRobust-O-X,6,-0.6667,0.0
1.0,cap,DoublyRobust-O-X,6,-0.3333,0.3552
1.0,cap,DoublyRobust-O-X,6,0.0,0.6667
1.0,cap,DoublyRobust-O-X,6,0.3333,1.0
1.0,cap,DoublyRobust-O-X,6,0.6667,1.0
1.0,cap,DoublyRobust-O-X,6,1.0,0.4402
1.0,cap,DoublyRobust-O-X,8,-1.0,0.0
1.0,cap,DoublyRobust-O-X,8,-0.6667,0.0
1.0,cap,DoublyRobust-O-X,8,-0.3333,0.3607
1.0,cap,DoublyRobust-O-X,8,0.0,0.6373
1.0,cap,DoublyRobust-O-X,8,0.3333,1.0
1.0,cap,DoublyRobust-O-X,8,0.6667,1.0
1.0,cap,DoublyRobust-O-X,8,1.0,0.4653
1.0,cap,Hajek-O-X,1,-1.0,0.0
1.0,cap,Hajek-O-X,1,-0.6667,0.0
1.0,cap,Hajek-O-X,1,-0.3333,0.6047
1.0,cap,Hajek-O-X,1,0.0,1.0
1.0,cap,Hajek-O-X,1,0.3333,1.0
1.0,cap,Hajek-O-X,1,0.6667,0.6128
1.0,cap,Hajek-O-X,1,1.0,0.2216
1.0,cap,Hajek-O-X,1.5,-1.0,0.0
1.0,cap,Hajek-O-X,1.5,-0.6667,0.0
1.0,cap,Hajek-O-X,1.5,-0.3333,0.4765
1.0,cap,Hajek-O-X,1.5,0.0,1.0
1.0,cap,Hajek-O-X,1.5,0.3333,1.0
1.0,cap,Hajek-O-X,1.5,0.6667,0.169
1.0,cap,Hajek-O-X,1.5,1.0,0.1391
1.0,cap,Hajek-O-X,2,-1.0,0.0
1.0,cap,Hajek-O-X,2,-0.6667,0.0
1.0,cap,Hajek-O-X,2,-0.3333,0.2407
1.0,cap,Hajek-O-X,2,0.0,0.5059
1.0,cap,Hajek-O-X,2,0.3333,0.2597
1.0,cap,Hajek-O-X,2,0.6667,0.0143
1.0,cap,Hajek-O-X,2,1.0,0.0131
1.0,cap,Hajek-O-X,2.5,-1.0,0.0
1.0,cap,Hajek-O-X,2.5,-0.6667,0.0
1.0,cap,Hajek-O-X,2.5,-0.3333,0.0
1.0,cap,Hajek-O-X,2.5,0.0,0.0
1.0,cap,Hajek-O-X,2.5,0.3333,0.0
1.0,cap,Hajek-O-X,2.5,0.6667,0.0
1.0,cap,Hajek-O-X,2.5,1.0,0.0
1.0,cap,Hajek-O-X,3,-1.0,0.0
1.0,cap,Hajek-O-X,3,-0.6667,0.0
1.0,cap,Hajek-O-X,3,-0.3333,0.0
1.0,cap,Hajek-O-X,3,0.0,0.0
1.0,cap,Hajek-O-X,3,0.3333,0.0
1.0,cap,Hajek-O-X,3,0.6667,0.0
1.0,cap,Hajek-O-X,3,1.0,0.0
1.0,cap,Hajek-O-X,4,-1.0,0.0
1.0,cap,Hajek-O-X,4,-0.6667,0.0
1.0,cap,Hajek-O-X,4,-0.3333,0.0
1.0,cap,Hajek-O-X,4,0.0,0.0
1.0,cap,Hajek-O-X,4,0.3333,0.0
1.0,cap,Hajek-O-X,4,0.6667,0.0
1.0,cap,Hajek-O-X,4,1.0,0.0
1.0,cap,Hajek-O-X,5,-1.0,0.0
1.0,cap,Hajek-O-X,5,-0.6667,0.0
1.0,cap,Hajek-O-X,5,-0.3333,0.0
1.0,cap,Hajek-O-X,5,0.0,0.0
1.0,cap,Hajek-O-X,5,0.3333,0.0
1.0,cap,Hajek-O-X,5,0.6667,0.0
1.0,cap,Hajek-O-X,5,1.0,0.0
1.0,cap,Hajek-O-X,6,-1.0,0.0
1.0,cap,Hajek-O-X,6,-0.6667,0.0
1.0,cap,Hajek-O-X,6,-0.3333,0.0
1.0,cap,Hajek-O-X,6,0.0,0.0
1.0,cap,Hajek-O-X,6,0.3333,0.0
1.0,cap,Hajek-O-X,6,0.6667,0.0
1.0,cap,Hajek-O-X,6,1.0,0.0
1.0,cap,Hajek-O-X,8,-1.0,0.0
1.0,cap,Hajek-O-X,8,-0.6667,0.0
1.0,cap,Hajek-O-X,8,-0.3333,0.0
1.0,cap,Hajek-O-X,8,0.0,0.0
1.0,cap,Hajek-O-X,8,0.3333,0.0
1.0,cap,Hajek-O-X,8,0.6667,0.0
1.0,cap,Hajek-O-X,8,1.0,0.0
1.0,cap,IPW-O-W,1,-1.0,0.0
1.0,cap,IPW-O-W,1,-0.6667,0.0
1.0,cap,IPW-O-W,1,-0.3333,0.6047
1.0,cap,IPW-O-W,1,0.0,1.0
1.0,cap,IPW-O-W,1,0.3333,1.0
1.0,cap,IPW-O-W,1,0.6667,0.6128
1.0,cap,IPW-O-W,1,1.0,0.2216
1.0,cap,IPW-O-W,1.5,-1.0,0.0
1.0,cap,IPW-O-W,1.5,-0.6667,0.0
1.0,cap,IPW-O-W,1.5,-0.3333,0.3104
1.0,cap,IPW-O-W,1.5,0.0,1.0
1.0,cap,IPW-O-W,1.5,0.3333,1.0
1.0,cap,IPW-O-W,1.5,0.6667,0.5534
1.0,cap,IPW-O-W,1.5,1.0,0.5906
1.0,cap,IPW-O-W,2,-1.0,0.0
1.0,cap,IPW-O-W,2,-0.6667,0.0
1.0,cap,IPW-O-W,2,-0.3333,0.1801
1.0,cap,IPW-O-W,2,0.0,0.8371
1.0,cap,IPW-O-W,2,0.3333,0.8819
1.0,cap,IPW-O-W,2,0.6667,0.7053
1.0,cap,IPW-O-W,2,1.0,0.8305
1.0,cap,IPW-O-W,2.5,-1.0,0.0
1.0,cap,IPW-O-W,2.5,-0.6667,0.0
1.0,cap,IPW-O-W,2.5,-0.3333,0.1653
1.0,cap,IPW-O-W,2.5,0.0,0.7099
1.0,cap,IPW-O-W,2.5,0.3333,0.8935
1.0,cap,IPW-O-W,2.5,0.6667,0.7609
1.0,cap,IPW-O-W,2.5,1.0,0.9079
1.0,cap,IPW-O-W,3,-1.0,0.0
1.0,cap,IPW-O-W,3,-0.6667,0.0
1.0,cap,IPW-O-W,3,-0.3333,0.123
1.0,cap,IPW-O-W,3,0.0,0.6716
1.0,cap,IPW-O-W,3,0.3333,0.8961
1.0,cap,IPW-O-W,3,0.6667,0.7698
1.0,cap,IPW-O-W,3,1.0,0.9799
1.0,cap,IPW-O-W,4,-1.0,0.0
1.0,cap,IPW-O-W,4,-0.6667,0.0
1.0,cap,IPW-O-W,4,-0.3333,0.1315
1.0,cap,IPW-O-W,4,0.0,0.5733
1.0,cap,IPW-O-W,4,0.3333,0.9594
1.0,cap,IPW-O-W,4,0.6667,0.8068
1.0,cap,IPW-O-W,4,1.0,0.9811
1.0,cap,IPW-O-W,5,-1.0,0.0
1.0,cap,IPW-O-W,5,-0.6667,0.0
1.0,cap,IPW-O-W,5,-0.3333,0.1419
1.0,cap,IPW-O-W,5,0.0,0.5426
1.0,cap,IPW-O-W,5,0.3333,0.9903
1.0,cap,IPW-O-W,5,0.6667,0.8058
1.0,cap,IPW-O-W,5,1.0,0.9742
1.0,cap,IPW-O-W,6,-1.0,0.0
1.0,cap,IPW-O-W,6,-0.6667,0.0
1.0,cap,IPW-O-W,6,-0.3333,0.1562
1.0,cap,IPW-O-W,6,0.0,0.5556
1.0,cap,IPW-O-W,6,0.3333,0.991
1.0,cap,IPW-O-W,6,0.6667,0.7594
1.0,cap,IPW-O-W,6,1.0,0.9933
1.0,cap,IPW-O-W,8,-1.0,0.0
1.0,cap,IPW-O-W,8,-0.6667,0.0
1.0,cap,IPW-O-W,8,-0.3333,0.1558
1.0,cap,IPW-O-W,8,0.0,0.5489
1.0,cap,IPW-O-W,8,0.3333,1.0
1.0,cap,IPW-O-W,8,0.6667,0.7588
1.0,cap,IPW-O-W,8,1.0,0.9933
1.0,cap,DoublyRobust-O-W,1,-1.0,0.0
1.0,cap,DoublyRobust-O-W,1,-0.6667,0.0
1.0,cap,DoublyRobust-O-W,1,-0.3333,0.0
1.0,cap,DoublyRobust-O-W,1,0.0,1.0
1.0,cap,DoublyRobust-O-W,1,0.3333,1.0
1.0,cap,DoublyRobust-O-W,1,0.6667,0.4671
1.0,cap,DoublyRobust-O-W,1,1.0,1.0
1.0,cap,DoublyRobust-O-W,1.5,-1.0,0.0
1.0,cap,DoublyRobust-O-W,1.5,-0.6667,0.0
1.0,cap,DoublyRobust-O-W,1.5,-0.3333,0.1095
1.0,cap,DoublyRobust-O-W,1.5,0.0,0.97
1.0,cap,DoublyRobust-O-W,1.5,0.3333,0.9014
1.0,cap,DoublyRobust-O-W,1.5,0.6667,0.8541
1.0,cap,DoublyRobust-O-W,1.5,1.0,0.6265
1.0,cap,DoublyRobust-O-W,2,-1.0,0.0
1.0,cap,DoublyRobust-O-W,2,-0.6667,0.0
1.0,cap,DoublyRobust-O-W,2,-0.3333,0.1065
1.0,cap,DoublyRobust-O-W,2,0.0,0.9622
1.0,cap,DoublyRobust-O-W,2,0.3333,0.7799
1.0,cap,DoublyRobust-O-W,2,0.6667,1.0
1.0,cap,DoublyRobust-O-W,2,1.0,0.6034
1.0,cap,DoublyRobust-O-W,2.5,-1.0,0.0
1.0,cap,DoublyRobust-O-W,2.5,-0.6667,0.0
1.0,cap,DoublyRobust-O-W,2.5,-0.3333,0.0637
1.0,cap,DoublyRobust-O-W,2.5,0.0,0.961
1.0,cap,DoublyRobust-O-W,2.5,0.3333,0.8865
1.0,cap,DoublyRobust-O-W,2.5,0.6667,1.0
1.0,cap,DoublyRobust-O-W,2.5,1.0,0.5374
1.0,cap,DoublyRobust-O-W,3,-1.0,0.0
1.0,cap,DoublyRobust-O-W,3,-0.6667,0.0
1.0,cap,DoublyRobust-O-W,3,-0.3333,0.0702
1.0,cap,DoublyRobust-O-W,3,0.0,0.944
1.0,cap,DoublyRobust-O-W,3,0.3333,0.8951
1.0,cap,DoublyRobust-O-W,3,0.6667,1.0
1.0,cap,DoublyRobust-O-W,3,1.0,0.5386
1.0,cap,DoublyRobust-O-W,4,-1.0,0.0
1.0,cap,DoublyRobust-O-W,4,-0.6667,0.0
1.0,cap,DoublyRobust-O-W,4,-0.3333,0.0729
1.0,cap,DoublyRobust-O-W,4,0.0,0.8306
1.0,cap,DoublyRobust-O-W,4,0.3333,0.9301
1.0,cap,DoublyRobust-O-W,4,0.6667,1.0
1.0,cap,DoublyRobust-O-W,4,1.0,0.6083
1.0,cap,DoublyRobust-O-W,5,-1.0,0.0
1.0,cap,DoublyRobust-O-W,5,-0.6667,0.0
1.0,cap,DoublyRobust-O-W,5,-0.3333,0.1192
1.0,cap,DoublyRobust-O-W,5,0.0,0.6476
1.0,cap,DoublyRobust-O-W,5,0.3333,0.9324
1.0,cap,DoublyRobust-O-W,5,0.6667,1.0
1.0,cap,DoublyRobust-O-W,5,1.0,0.7435
1.0,cap,DoublyRobust-O-W,6,-1.0,0.0
1.0,cap,DoublyRobust-O-W,6,-0.6667,0.0
1.0,cap,DoublyRobust-O-W,6,-0.3333,0.1168
1.0,cap,DoublyRobust-O-W,6,0.0,0.4937
1.0,cap,DoublyRobust-O-W,6,0.3333,1.0
1.0,cap,DoublyRobust-O-W,6,0.6667,1.0
1.0,cap,DoublyRobust-O-W,6,1.0,0.8402
1.0,cap,DoublyRobust-O-W,8,-1.0,0.0
1.0,cap,DoublyRobust-O-W,8,-0.6667,0.0
1.0,cap,DoublyRobust-O-W,8,-0.3333,0.1086
1.0,cap,DoublyRobust-O-W,8,0.0,0.4401
1.0,cap,DoublyRobust-O-W,8,0.3333,1.0
1.0,cap,DoublyRobust-O-W,8,0.6667,1.0
1.0,cap,DoublyRobust-O-W,8,1.0,0.9069
1.5,uncap,IPW-X-X,1,-1.0,0.0
1.5,uncap,IPW-X-X,1,-0.6667,0.0
1.5,uncap,IPW-X-X,1,-0.3333,1.0
1.5,uncap,IPW-X-X,1,0.0,1.0
1.5,uncap,IPW-X-X,1,0.3333,1.0
1.5,uncap,IPW-X-X,1,0.6667,1.0
1.5,uncap,IPW-X-X,1,1.0,0.5
1.5,uncap,IPW-X-X,1.5,-1.0,0.0
1.5,uncap,IPW-X-X,1.5,-0.6667,0.0
1.5,uncap,IPW-X-X,1.5,-0.3333,1.0
1.5,uncap,IPW-X-X,1.5,0.0,1.0
1.5,uncap,IPW-X-X,1.5,0.3333,1.0
1.5,uncap,IPW-X-X,1.5,0.6667,1.0
1.5,uncap,IPW-X-X,1.5,1.0,0.5
1.5,uncap,IPW-X-X,2,-1.0,0.0
1.5,uncap,IPW-X-X,2,-0.6667,0.0
1.5,uncap,IPW-X-X,2,-0.3333,1.0
1.5,uncap,IPW-X-X,2,0.0,1.0
1.5,uncap,IPW-X-X,2,0.3333,1.0
1.5,uncap,IPW-X-X,2,0.6667,1.0
1.5,uncap,IPW-X-X,2,1.0,0.5
1.5,uncap,IPW-X-X,2.5,-1.0,0.0
1.5,uncap,IPW-X-X,2.5,-0.6667,0.0
1.5,uncap,IPW-X-X,2.5,-0.3333,1.0
1.5,uncap,IPW-X-X,2.5,0.0,1.0
1.5,uncap,IPW-X-X,2.5,0.3333,1.0
1.5,uncap,IPW-X-X,2.5,0.6667,1.0
1.5,uncap,IPW-X-X,2.5,1.0,0.5
1.5,uncap,IPW-X-X,3,-1.0,0.0
1.5,uncap,IPW-X-X,3,-0.6667,0.0
1.5,uncap,IPW-X-X,3,-0.3333,1.0
1.5,uncap,IPW-X-X,3,0.0,1.0
1.5,uncap,IPW-X-X,3,0.3333,1.0
1.5,uncap,IPW-X-X,3,0.6667,1.0
1.5,uncap,IPW-X-X,3,1.0,0.5
1.5,uncap,IPW-X-X,4,-1.0,0.0
1.5,uncap,IPW-X-X,4,-0.6667,0.0
1.5,uncap,IPW-X-X,4,-0.3333,1.0
1.5,uncap,IPW-X-X,4,0.0,1.0
1.5,uncap,IPW-X-X,4,0.3333,1.0
1.5,uncap,IPW-X-X,4,0.6667,1.0
1.5,uncap,IPW-X-X,4,1.0,0.5
1.5,uncap,IPW-X-X,5,-1.0,0.0
1.5,uncap,IPW-X-X,5,-0.6667,0.0
1.5,uncap,IPW-X-X,5,-0.3333,1.0
1.5,uncap,IPW-X-X,5,0.0,1.0
1.5,uncap,IPW-X-X,5,0.3333,1.0
1.5,uncap,IPW-X-X,5,0.6667,1.0
1.5,uncap,IPW-X-X,5,1.0,0.5
1.5,uncap,IPW-X-X,6,-1.0,0.0
1.5,uncap,IPW-X-X,6,-0.6667,0.0
1.5,uncap,IPW-X-X,6,-0.3333,1.0
1.5,uncap,IPW-X-X,6,0.0,1.0
1.5,uncap,IPW-X-X,6,0.3333,1.0
1.5,uncap,IPW-X-X,6,0.6667,1.0
1.5,uncap,IPW-X-X,6,1.0,0.5
1.5,uncap,IPW-X-X,8,-1.0,0.0
1.5,uncap,IPW-X-X,8,-0.6667,0.0
1.5,uncap,IPW-X-X,8,-0.3333,1.0
1.5,uncap,IPW-X-X,8,0.0,1.0
1.5,uncap,IPW-X-X,8,0.3333,1.0
1.5,uncap,IPW-X-X,8,0.6667,1.0
1.5,uncap,IPW-X-X,8,1.0,0.5
1.5,uncap,DoublyRobust-X-X,1,-1.0,0.0
1.5,uncap,DoublyRobust-X-X,1,-0.6667,0.0
1.5,uncap,DoublyRobust-X-X,1,-0.3333,0.75
1.5,uncap,DoublyRobust-X-X,1,0.0,1.0
1.5,uncap,DoublyRobust-X-X,1,0.3333,1.0
1.5,uncap,DoublyRobust-X-X,1,0.6667,1.0
1.5,uncap,DoublyRobust-X-X,1,1.0,1.0
1.5,uncap,DoublyRobust-X-X,1.5,-1.0,0.0
1.5,uncap,DoublyRobust-X-X,1.5,-0.6667,0.0
1.5,uncap,DoublyRobust-X-X,1.5,-0.3333,0.75
1.5,uncap,DoublyRobust-X-X,1.5,0.0,1.0
1.5,uncap,DoublyRobust-X-X,1.5,0.3333,1.0
1.5,uncap,DoublyRobust-X-X,1.5,0.6667,1.0
1.5,uncap,DoublyRobust-X-X,1.5,1.0,1.0
1.5,uncap,DoublyRobust-X-X,2,-1.0,0.0
1.5,uncap,DoublyRobust-X-X,2,-0.6667,0.0
1.5,uncap,DoublyRobust-X-X,2,-0.3333,0.75
1.5,uncap,DoublyRobust-X-X,2,0.0,1.0
1.5,uncap,DoublyRobust-X-X,2,0.3333,1.0
1.5,uncap,DoublyRobust-X-X,2,0.6667,1.0
1.5,uncap,DoublyRobust-X-X,2,1.0,1.0
1.5,uncap,DoublyRobust-X-X,2.5,-1.0,0.0
1.5,uncap,DoublyRobust-X-X,2.5,-0.6667,0.0
1.5,uncap,DoublyRobust-X-X,2.5,-0.3333,0.75
1.5,uncap,DoublyRobust-X-X,2.5,0.0,1.0
1.5,uncap,DoublyRobust-X-X,2.5,0.3333,1.0
1.5,uncap,DoublyRobust-X-X,2.5,0.6667,1.0
1.5,uncap,DoublyRobust-X-X,2.5,1.0,1.0
1.5,uncap,DoublyRobust-X-X,3,-1.0,0.0
1.5,uncap,DoublyRobust-X-X,3,-0.6667,0.0
1.5,uncap,DoublyRobust-X-X,3,-0.3333,0.75
1.5,uncap,DoublyRobust-X-X,3,0.0,1.0
1.5,uncap,DoublyRobust-X-X,3,0.3333,1.0
1.5,uncap,DoublyRobust-X-X,3,0.6667,1.0
1.5,uncap,DoublyRobust-X-X,3,1.0,1.0
1.5,uncap,DoublyRobust-X-X,4,-1.0,0.0
1.5,uncap,DoublyRobust-X-X,4,-0.6667,0.0
1.5,uncap,DoublyRobust-X-X,4,-0.3333,0.75
1.5,uncap,DoublyRobust-X-X,4,0.0,1.0
1.5,uncap,DoublyRobust-X-X,4,0.3333,1.0
1.5,uncap,DoublyRobust-X-X,4,0.6667,1.0
1.5,uncap,DoublyRobust-X-X,4,1.0,1.0
1.5,uncap,DoublyRobust-X-X,5,-1.0,0.0
1.5,uncap,DoublyRobust-X-X,5,-0.6667,0.0
1.5,uncap,DoublyRobust-X-X,5,-0.3333,0.75
1.5,uncap,DoublyRobust-X-X,5,0.0,1.0
1.5,uncap,DoublyRobust-X-X,5,0.3333,1.0
1.5,uncap,DoublyRobust-X-X,5,0.6667,1.0
1.5,uncap,DoublyRobust-X-X,5,1.0,1.0
1.5,uncap,DoublyRobust-X-X,6,-1.0,0.0
1.5,uncap,DoublyRobust-X-X,6,-0.6667,0.0
1.5,uncap,DoublyRobust-X-X,6,-0.3333,0.75
1.5,uncap,DoublyRobust-X-X,6,0.0,1.0
1.5,uncap,DoublyRobust-X-X,6,0.3333,1.0
1.5,uncap,DoublyRobust-X-X,6,0.6667,1.0
1.5,uncap,DoublyRobust-X-X,6,1.0,1.0
1.5,uncap,DoublyRobust-X-X,8,-1.0,0.0
1.5,uncap,DoublyRobust-X-X,8,-0.6667,0.0
1.5,uncap,DoublyRobust-X-X,8,-0.3333,0.75
1.5,uncap,DoublyRobust-X-X,8,0.0,1.0
1.5,uncap,DoublyRobust-X-X,8,0.3333,1.0
1.5,uncap,DoublyRobust-X-X,8,0.6667,1.0
1.5,uncap,DoublyRobust-X-X,8,1.0,1.0
1.5,uncap,Direct-X-X,1,-1.0,0.0
1.5,uncap,Direct-X-X,1,-0.6667,0.0
1.5,uncap,Direct-X-X,1,-0.3333,0.5
1.5,uncap,Direct-X-X,1,0.0,1.0
1.5,uncap,Direct-X-X,1,0.3333,1.0
1.5,uncap,Direct-X-X,1,0.6667,0.0
1.5,uncap,Direct-X-X,1,1.0,0.0
1.5,uncap,Direct-X-X,1.5,-1.0,0.0
1.5,uncap,Direct-X-X,1.5,-0.6667,0.0
1.5,uncap,Direct-X-X,1.5,-0.3333,0.5
1.5,uncap,Direct-X-X,1.5,0.0,1.0
1.5,uncap,Direct-X-X,1.5,0.3333,1.0
1.5,uncap,Direct-X-X,1.5,0.6667,0.0
1.5,uncap,Direct-X-X,1.5,1.0,0.0
1.5,uncap,Direct-X-X,2,-1.0,0.0
1.5,uncap,Direct-X-X,2,-0.6667,0.0
1.5,uncap,Direct-X-X,2,-0.3333,0.5
1.5,uncap,Direct-X-X,2,0.0,1.0
1.5,uncap,Direct-X-X,2,0.3333,1.0
1.5,uncap,Direct-X-X,2,0.6667,0.0
1.5,uncap,Direct-X-X,2,1.0,0.0
1.5,uncap,Direct-X-X,2.5,-1.0,0.0
1.5,uncap,Direct-X-X,2.5,-0.6667,0.0
1.5,uncap,Direct-X-X,2.5,-0.3333,0.5
1.5,uncap,Direct-X-X,2.5,0.0,1.0
1.5,uncap,Direct-X-X,2.5,0.3333,1.0
1.5,uncap,Direct-X-X,2.5,0.6667,0.0
1.5,uncap,Direct-X-X,2.5,1.0,0.0
1.5,uncap,Direct-X-X,3,-1.0,0.0
1.5,uncap,Direct-X-X,3,-0.6667,0.0
1.5,uncap,Direct-X-X,3,-0.3333,0.5
1.5,uncap,Direct-X-X,3,0.0,1.0
1.5,uncap,Direct-X-X,3,0.3333,1.0
1.5,uncap,Direct-X-X,3,0.6667,0.0
1.5,uncap,Direct-X-X,3,1.0,0.0
1.5,uncap,Direct-X-X,4,-1.0,0.0
1.5,uncap,Direct-X-X,4,-0.6667,0.0
1.5,uncap,Direct-X-X,4,-0.3333,0.5
1.5,uncap,Direct-X-X,4,0.0,1.0
1.5,uncap,Direct-X-X,4,0.3333,1.0
1.5,uncap,Direct-X-X,4,0.6667,0.0
1.5,uncap,Direct-X-X,4,1.0,0.0
1.5,uncap,Direct-X-X,5,-1.0,0.0
1.5,uncap,Direct-X-X,5,-0.6667,0.0
1.5,uncap,Direct-X-X,5,-0.3333,0.5
1.5,uncap,Direct-X-X,5,0.0,1.0
1.5,uncap,Direct-X-X,5,0.3333,1.0
1.5,uncap,Direct-X-X,5,0.6667,0.0
1.5,uncap,Direct-X-X,5,1.0,0.0
1.5,uncap,Direct-X-X,6,-1.0,0.0
1.5,uncap,Direct-X-X,6,-0.6667,0.0
1.5,uncap,Direct-X-X,6,-0.3333,0.5
1.5,uncap,Direct-X-X,6,0.0,1.0
1.5,uncap,Direct-X-X,6,0.3333,1.0
1.5,uncap,Direct-X-X,6,0.6667,0.0
1.5,uncap,Direct-X-X,6,1.0,0.0
1.5,uncap,Direct-X-X,8,-1.0,0.0
1.5,uncap,Direct-X-X,8,-0.6667,0.0
1.5,uncap,Direct-X-X,8,-0.3333,0.5
1.5,uncap,Direct-X-X,8,0.0,1.0
1.5,uncap,Direct-X-X,8,0.3333,1.0
1.5,uncap,Direct-X-X,8,0.6667,0.0
1.5,uncap,Direct-X-X,8,1.0,0.0
1.5,uncap,IPW-O-X,1,-1.0,0.0
1.5,uncap,IPW-O-X,1,-0.6667,0.0
1.5,uncap,IPW-O-X,1,-0.3333,1.0
1.5,uncap,IPW-O-X,1,0.0,1.0
1.5,uncap,IPW-O-X,1,0.3333,1.0
1.5,uncap,IPW-O-X,1,0.6667,1.0
1.5,uncap,IPW-O-X,1,1.0,0.5
1.5,uncap,IPW-O-X,1.5,-1.0,0.0
1.5,uncap,IPW-O-X,1.5,-0.6667,0.5
1.5,uncap,IPW-O-X,1.5,-0.3333,0.7504
1.5,uncap,IPW-O-X,1.5,0.0,1.0
1.5,uncap,IPW-O-X,1.5,0.3333,1.0
1.5,uncap,IPW-O-X,1.5,0.6667,1.0
1.5,uncap,IPW-O-X,1.5,1.0,0.8585
1.5,uncap,IPW-O-X,2,-1.0,0.0
1.5,uncap,IPW-O-X,2,-0.6667,0.0
1.5,uncap,IPW-O-X,2,-0.3333,0.103
1.5,uncap,IPW-O-X,2,0.0,1.0
1.5,uncap,IPW-O-X,2,0.3333,1.0
1.5,uncap,IPW-O-X,2,0.6667,0.5489
1.5,uncap,IPW-O-X,2,1.0,0.0487
1.5,uncap,IPW-O-X,2.5,-1.0,0.0
1.5,uncap,IPW-O-X,2.5,-0.6667,0.0
1.5,uncap,IPW-O-X,2.5,-0.3333,0.0447
1.5,uncap,IPW-O-X,2.5,0.0,0.7569
1.5,uncap,IPW-O-X,2.5,0.3333,1.0
1.5,uncap,IPW-O-X,2.5,0.6667,0.5
1.5,uncap,IPW-O-X,2.5,1.0,0.0
1.5,uncap,IPW-O-X,3,-1.0,0.0
1.5,uncap,IPW-O-X,3,-0.6667,0.0
1.5,uncap,IPW-O-X,3,-0.3333,0.0224
1.5,uncap,IPW-O-X,3,0.0,0.5167
1.5,uncap,IPW-O-X,3,0.3333,1.0
1.5,uncap,IPW-O-X,3,0.6667,0.5
1.5,uncap,IPW-O-X,3,1.0,0.0
1.5,uncap,IPW-O-X,4,-1.0,0.0
1.5,uncap,IPW-O-X,4,-0.6667,0.0
1.5,uncap,IPW-O-X,4,-0.3333,0.0039
1.5,uncap,IPW-O-X,4,0.0,0.2621
1.5,uncap,IPW-O-X,4,0.3333,1.0
1.5,uncap,IPW-O-X,4,0.6667,0.5
1.5,uncap,IPW-O-X,4,1.0,0.0
1.5,uncap,IPW-O-X,5,-1.0,0.0
1.5,uncap,IPW-O-X,5,-0.6667,0.0
1.5,uncap,IPW-O-X,5,-0.3333,0.0
1.5,uncap,IPW-O-X,5,0.0,0.0141
1.5,uncap,IPW-O-X,5,0.3333,1.0
1.5,uncap,IPW-O-X,5,0.6667,0.25
1.5,uncap,IPW-O-X,5,1.0,0.0
1.5,uncap,IPW-O-X,6,-1.0,0.0
1.5,uncap,IPW-O-X,6,-0.6667,0.0
1.5,uncap,IPW-O-X,6,-0.3333,0.0
1.5,uncap,IPW-O-X,6,0.0,0.0077
1.5,uncap,IPW-O-X,6,0.3333,1.0
1.5,uncap,IPW-O-X,6,0.6667,0.25
1.5,uncap,IPW-O-X,6,1.0,0.0
1.5,uncap,IPW-O-X,8,-1.0,0.0
1.5,uncap,IPW-O-X,8,-0.6667,0.0
1.5,uncap,IPW-O-X,8,-0.3333,0.0
1.5,uncap,IPW-O-X,8,0.0,0.0
1.5,uncap,IPW-O-X,8,0.3333,1.0
1.5,uncap,IPW-O-X,8,0.6667,0.25
1.5,uncap,IPW-O-X,8,1.0,0.0
1.5,uncap,DoublyRobust-O-X,1,-1.0,0.0
1.5,uncap,DoublyRobust-O-X,1,-0.6667,0.0
1.5,uncap,DoublyRobust-O-X,1,-0.3333,0.75
1.5,uncap,DoublyRobust-O-X,1,0.0,1.0
1.5,uncap,DoublyRobust-O-X,1,0.3333,1.0
1.5,uncap,DoublyRobust-O-X,1,0.6667,1.0
1.5,uncap,DoublyRobust-O-X,1,1.0,1.0
1.5,uncap,DoublyRobust-O-X,1.5,-1.0,0.0
1.5,uncap,DoublyRobust-O-X,1.5,-0.6667,0.0
1.5,uncap,DoublyRobust-O-X,1.5,-0.3333,0.7605
1.5,uncap,DoublyRobust-O-X,1.5,0.0,1.0
1.5,uncap,DoublyRobust-O-X,1.5,0.3333,1.0
1.5,uncap,DoublyRobust-O-X,1.5,0.6667,1.0
1.5,uncap,DoublyRobust-O-X,1.5,1.0,1.0
1.5,uncap,DoublyRobust-O-X,2,-1.0,0.0
1.5,uncap,DoublyRobust-O-X,2,-0.6667,0.0
1.5,uncap,DoublyRobust-O-X,2,-0.3333,0.7952
1.5,uncap,DoublyRobust-O-X,2,0.0,1.0
1.5,uncap,DoublyRobust-O-X,2,0.3333,1.0
1.5,uncap,DoublyRobust-O-X,2,0.6667,1.0
1.5,uncap,DoublyRobust-O-X,2,1.0,1.0
1.5,uncap,DoublyRobust-O-X,2.5,-1.0,0.0
1.5,uncap,DoublyRobust-O-X,2.5,-0.6667,0.0
1.5,uncap,DoublyRobust-O-X,2.5,-0.3333,0.8788
1.5,uncap,DoublyRobust-O-X,2.5,0.0,0.9956
1.5,uncap,DoublyRobust-O-X,2.5,0.3333,1.0
1.5,uncap,DoublyRobust-O-X,2.5,0.6667,1.0
1.5,uncap,DoublyRobust-O-X,2.5,1.0,0.9352
1.5,uncap,DoublyRobust-O-X,3,-1.0,0.0
1.5,uncap,DoublyRobust-O-X,3,-0.6667,0.0
1.5,uncap,DoublyRobust-O-X,3,-0.3333,0.8704
1.5,uncap,DoublyRobust-O-X,3,0.0,0.974
1.5,uncap,DoublyRobust-O-X,3,0.3333,1.0
1.5,uncap,DoublyRobust-O-X,3,0.6667,1.0
1.5,uncap,DoublyRobust-O-X,3,1.0,0.9317
1.5,uncap,DoublyRobust-O-X,4,-1.0,0.0
1.5,uncap,DoublyRobust-O-X,4,-0.6667,0.0
1.5,uncap,DoublyRobust-O-X,4,-0.3333,0.8473
1.5,uncap,DoublyRobust-O-X,4,0.0,0.9472
1.5,uncap,DoublyRobust-O-X,4,0.3333,1.0
1.5,uncap,DoublyRobust-O-X,4,0.6667,1.0
1.5,uncap,DoublyRobust-O-X,4,1.0,0.9816
1.5,uncap,DoublyRobust-O-X,5,-1.0,0.0
1.5,uncap,DoublyRobust-O-X,5,-0.6667,0.0
1.5,uncap,DoublyRobust-O-X,5,-0.3333,0.8249
1.5,uncap,DoublyRobust-O-X,5,0.0,0.9069
1.5,uncap,DoublyRobust-O-X,5,0.3333,1.0
1.5,uncap,DoublyRobust-O-X,5,0.6667,1.0
1.5,uncap,DoublyRobust-O-X,5,1.0,0.9948
1.5,uncap,DoublyRobust-O-X,6,-1.0,0.25
1.5,uncap,DoublyRobust-O-X,6,-0.6667,0.0
1.5,uncap,DoublyRobust-O-X,6,-0.3333,0.7881
1.5,uncap,DoublyRobust-O-X,6,0.0,0.8842
1.5,uncap,DoublyRobust-O-X,6,0.3333,1.0
1.5,uncap,DoublyRobust-O-X,6,0.6667,1.0
1.5,uncap,DoublyRobust-O-X,6,1.0,0.9913
1.5,uncap,DoublyRobust-O-X,8,-1.0,0.25
1.5,uncap,DoublyRobust-O-X,8,-0.6667,0.0
1.5,uncap,DoublyRobust-O-X,8,-0.3333,0.7636
1.5,uncap,DoublyRobust-O-X,8,0.0,0.8624
1.5,uncap,DoublyRobust-O-X,8,0.3333,1.0
1.5,uncap,DoublyRobust-O-X,8,0.6667,1.0
1.5,uncap,DoublyRobust-O-X,8,1.0,0.9961
1.5,uncap,Hajek-O-X,1,-1.0,0.0
1.5,uncap,Hajek-O-X,1,-0.6667,0.0
1.5,uncap,Hajek-O-X,1,-0.3333,1.0
1.5,uncap,Hajek-O-X,1,0.0,1.0
1.5,uncap,Hajek-O-X,1,0.3333,1.0
1.5,uncap,Hajek-O-X,1,0.6667,1.0
1.5,uncap,Hajek-O-X,1,1.0,0.5
1.5,uncap,Hajek-O-X,1.5,-1.0,0.0
1.5,uncap,Hajek-O-X,1.5,-0.6667,0.0
1.5,uncap,Hajek-O-X,1.5,-0.3333,0.4765
1.5,uncap,Hajek-O-X,1.5,0.0,1.0
1.5,uncap,Hajek-O-X,1.5,0.3333,1.0
1.5,uncap,Hajek-O-X,1.5,0.6667,0.169
1.5,uncap,Hajek-O-X,1.5,1.0,0.1391
1.5,uncap,Hajek-O-X,2,-1.0,0.0
1.5,uncap,Hajek-O-X,2,-0.6667,0.0
1.5,uncap,Hajek-O-X,2,-0.3333,0.2407
1.5,uncap,Hajek-O-X,2,0.0,0.5059
1.5,uncap,Hajek-O-X,2,0.3333,0.2597
1.5,uncap,Hajek-O-X,2,0.6667,0.0143
1.5,uncap,Hajek-O-X,2,1.0,0.0131
1.5,uncap,Hajek-O-X,2.5,-1.0,0.0
1.5,uncap,Hajek-O-X,2.5,-0.6667,0.0
1.5,uncap,Hajek-O-X,2.5,-0.3333,0.0
1.5,uncap,Hajek-O-X,2.5,0.0,0.0
1.5,uncap,Hajek-O-X,2.5,0.3333,0.0
1.5,uncap,Hajek-O-X,2.5,0.6667,0.0
1.5,uncap,Hajek-O-X,2.5,1.0,0.0
1.5,uncap,Hajek-O-X,3,-1.0,0.0
1.5,uncap,Hajek-O-X,3,-0.6667,0.0
1.5,uncap,Hajek-O-X,3,-0.3333,0.0
1.5,uncap,Hajek-O-X,3,0.0,0.0
1.5,uncap,Hajek-O-X,3,0.3333,0.0
1.5,uncap,Hajek-O-X,3,0.6667,0.0
1.5,uncap,Hajek-O-X,3,1.0,0.0
1.5,uncap,Hajek-O-X,4,-1.0,0.0
1.5,uncap,Hajek-O-X,4,-0.6667,0.0
1.5,uncap,Hajek-O-X,4,-0.3333,0.0
1.5,uncap,Hajek-O-X,4,0.0,0.0
1.5,uncap,Hajek-O-X,4,0.3333,0.0
1.5,uncap,Hajek-O-X,4,0.6667,0.0
1.5,uncap,Hajek-O-X,4,1.0,0.0
1.5,uncap,Hajek-O-X,5,-1.0,0.0
1.5,uncap,Hajek-O-X,5,-0.6667,0.0
1.5,uncap,Hajek-O-X,5,-0.3333,0.0
1.5,uncap,Hajek-O-X,5,0.0,0.0
1.5,uncap,Hajek-O-X,5,0.3333,0.0
1.5,uncap,Hajek-O-X,5,0.6667,0.0
1.5,uncap,Hajek-O-X,5,1.0,0.0
1.5,uncap,Hajek-O-X,6,-1.0,0.0
1.5,uncap,Hajek-O-X,6,-0.6667,0.0
1.5,uncap,Hajek-O-X,6,-0.3333,0.0
1.5,uncap,Hajek-O-X,6,0.0,0.0
1.5,uncap,Hajek-O-X,6,0.3333,0.0
1.5,uncap,Hajek-O-X,6,0.6667,0.0
1.5,uncap,Hajek-O-X,6,1.0,0.0
1.5,uncap,Hajek-O-X,8,-1.0,0.0
1.5,uncap,Hajek-O-X,8,-0.6667,0.0
1.5,uncap,Hajek-O-X,8,-0.3333,0.0
1.5,uncap,Hajek-O-X,8,0.0,0.0
1.5,uncap,Hajek-O-X,8,0.3333,0.0
1.5,uncap,Hajek-O-X,8,0.6667,0.0
1.5,uncap,Hajek-O-X,8,1.0,0.0
1.5,uncap,IPW-O-W,1,-1.0,0.0
1.5,uncap,IPW-O-W,1,-0.6667,0.0
1.5,uncap,IPW-O-W,1,-0.3333,1.0
1.5,uncap,IPW-O-W,1,0.0,1.0
1.5,uncap,IPW-O-W,1,0.3333,1.0
1.5,uncap,IPW-O-W,1,0.6667,1.0
1.5,uncap,IPW-O-W,1,1.0,0.5
1.5,uncap,IPW-O-W,1.5,-1.0,0.0
1.5,uncap,IPW-O-W,1.5,-0.6667,0.0774
1.5,uncap,IPW-O-W,1.5,-0.3333,0.6685
1.5,uncap,IPW-O-W,1.5,0.0,1.0
1.5,uncap,IPW-O-W,1.5,0.3333,1.0
1.5,uncap,IPW-O-W,1.5,0.6667,0.9929
1.5,uncap,IPW-O-W,1.5,1.0,1.0
1.5,uncap,IPW-O-W,2,-1.0,0.0
1.5,uncap,IPW-O-W,2,-0.6667,0.0
1.5,uncap,IPW-O-W,2,-0.3333,0.3179
1.5,uncap,IPW-O-W,2,0.0,1.0
1.5,uncap,IPW-O-W,2,0.3333,1.0
1.5,uncap,IPW-O-W,2,0.6667,0.9671
1.5,uncap,IPW-O-W,2,1.0,1.0
1.5,uncap,IPW-O-W,2.5,-1.0,0.0
1.5,uncap,IPW-O-W,2.5,-0.6667,0.0
1.5,uncap,IPW-O-W,2.5,-0.3333,0.2674
1.5,uncap,IPW-O-W,2.5,0.0,0.9155
1.5,uncap,IPW-O-W,2.5,0.3333,1.0
1.5,uncap,IPW-O-W,2.5,0.6667,0.9178
1.5,uncap,IPW-O-W,2.5,1.0,1.0
1.5,uncap,IPW-O-W,3,-1.0,0.0
1.5,uncap,IPW-O-W,3,-0.6667,0.0
1.5,uncap,IPW-O-W,3,-0.3333,0.2529
1.5,uncap,IPW-O-W,3,0.0,0.8321
1.5,uncap,IPW-O-W,3,0.3333,1.0
1.5,uncap,IPW-O-W,3,0.6667,0.8656
1.5,uncap,IPW-O-W,3,1.0,1.0
1.5,uncap,IPW-O-W,4,-1.0,0.0
1.5,uncap,IPW-O-W,4,-0.6667,0.0
1.5,uncap,IPW-O-W,4,-0.3333,0.3181
1.5,uncap,IPW-O-W,4,0.0,0.7282
1.5,uncap,IPW-O-W,4,0.3333,1.0
1.5,uncap,IPW-O-W,4,0.6667,0.7945
1.5,uncap,IPW-O-W,4,1.0,1.0
1.5,uncap,IPW-O-W,5,-1.0,0.0
1.5,uncap,IPW-O-W,5,-0.6667,0.0
1.5,uncap,IPW-O-W,5,-0.3333,0.3161
1.5,uncap,IPW-O-W,5,0.0,0.6199
1.5,uncap,IPW-O-W,5,0.3333,1.0
1.5,uncap,IPW-O-W,5,0.6667,0.7954
1.5,uncap,IPW-O-W,5,1.0,1.0
1.5,uncap,IPW-O-W,6,-1.0,0.0
1.5,uncap,IPW-O-W,6,-0.6667,0.0
1.5,uncap,IPW-O-W,6,-0.3333,0.328
1.5,uncap,IPW-O-W,6,0.0,0.6295
1.5,uncap,IPW-O-W,6,0.3333,1.0
1.5,uncap,IPW-O-W,6,0.6667,0.7574
1.5,uncap,IPW-O-W,6,1.0,1.0
1.5,uncap,IPW-O-W,8,-1.0,0.0
1.5,uncap,IPW-O-W,8,-0.6667,0.0
1.5,uncap,IPW-O-W,8,-0.3333,0.3216
1.5,uncap,IPW-O-W,8,0.0,0.6026
1.5,uncap,IPW-O-W,8,0.3333,1.0
1.5,uncap,IPW-O-W,8,0.6667,0.7816
1.5,uncap,IPW-O-W,8,1.0,1.0
1.5,uncap,DoublyRobust-O-W,1,-1.0,0.0
1.5,uncap,DoublyRobust-O-W,1,-0.6667,0.0
1.5,uncap,DoublyRobust-O-W,1,-0.3333,0.75
1.5,uncap,DoublyRobust-O-W,1,0.0,1.0
1.5,uncap,DoublyRobust-O-W,1,0.3333,1.0
1.5,uncap,DoublyRobust-O-W,1,0.6667,1.0
1.5,uncap,DoublyRobust-O-W,1,1.0,1.0
1.5,uncap,DoublyRobust-O-W,1.5,-1.0,0.0
1.5,uncap,DoublyRobust-O-W,1.5,-0.6667,0.0
1.5,uncap,DoublyRobust-O-W,1.5,-0.3333,0.7556
1.5,uncap,DoublyRobust-O-W,1.5,0.0,1.0
1.5,uncap,DoublyRobust-O-W,1.5,0.3333,1.0
1.5,uncap,DoublyRobust-O-W,1.5,0.6667,1.0
1.5,uncap,DoublyRobust-O-W,1.5,1.0,1.0
1.5,uncap,DoublyRobust-O-W,2,-1.0,0.0
1.5,uncap,DoublyRobust-O-W,2,-0.6667,0.0
1.5,uncap,DoublyRobust-O-W,2,-0.3333,0.6487
1.5,uncap,DoublyRobust-O-W,2,0.0,1.0
1.5,uncap,DoublyRobust-O-W,2,0.3333,1.0
1.5,uncap,DoublyRobust-O-W,2,0.6667,1.0
1.5,uncap,DoublyRobust-O-W,2,1.0,1.0
1.5,uncap,DoublyRobust-O-W,2.5,-1.0,0.0
1.5,uncap,DoublyRobust-O-W,2.5,-0.6667,0.0
1.5,uncap,DoublyRobust-O-W,2.5,-0.3333,0.5755
1.5,uncap,DoublyRobust-O-W,2.5,0.0,0.9644
1.5,uncap,DoublyRobust-O-W,2.5,0.3333,1.0
1.5,uncap,DoublyRobust-O-W,2.5,0.6667,1.0
1.5,uncap,DoublyRobust-O-W,2.5,1.0,1.0
1.5,uncap,DoublyRobust-O-W,3,-1.0,0.0
1.5,uncap,DoublyRobust-O-W,3,-0.6667,0.0
1.5,uncap,DoublyRobust-O-W,3,-0.3333,0.3114
1.5,uncap,DoublyRobust-O-W,3,0.0,0.9392
1.5,uncap,DoublyRobust-O-W,3,0.3333,1.0
1.5,uncap,DoublyRobust-O-W,3,0.6667,1.0
1.5,uncap,DoublyRobust-O-W,3,1.0,0.6304
1.5,uncap,DoublyRobust-O-W,4,-1.0,0.0
1.5,uncap,DoublyRobust-O-W,4,-0.6667,0.0
1.5,uncap,DoublyRobust-O-W,4,-0.3333,0.2066
1.5,uncap,DoublyRobust-O-W,4,0.0,0.8897
1.5,uncap,DoublyRobust-O-W,4,0.3333,1.0
1.5,uncap,DoublyRobust-O-W,4,0.6667,1.0
1.5,uncap,DoublyRobust-O-W,4,1.0,0.6502
1.5,uncap,DoublyRobust-O-W,5,-1.0,0.1839
1.5,uncap,DoublyRobust-O-W,5,-0.6667,0.0
1.5,uncap,DoublyRobust-O-W,5,-0.3333,0.4021
1.5,uncap,DoublyRobust-O-W,5,0.0,0.8404
1.5,uncap,DoublyRobust-O-W,5,0.3333,1.0
1.5,uncap,DoublyRobust-O-W,5,0.6667,1.0
1.5,uncap,DoublyRobust-O-W,5,1.0,0.8498
1.5,uncap,DoublyRobust-O-W,6,-1.0,0.2002
1.5,uncap,DoublyRobust-O-W,6,-0.6667,0.0
1.5,uncap,DoublyRobust-O-W,6,-0.3333,0.4559
1.5,uncap,DoublyRobust-O-W,6,0.0,0.8255
1.5,uncap,DoublyRobust-O-W,6,0.3333,1.0
1.5,uncap,DoublyRobust-O-W,6,0.6667,1.0
1.5,uncap,DoublyRobust-O-W,6,1.0,1.0
1.5,uncap,DoublyRobust-O-W,8,-1.0,0.1887
1.5,uncap,DoublyRobust-O-W,8,-0.6667,0.0
1.5,uncap,DoublyRobust-O-W,8,-0.3333,0.4545
1.5,uncap,DoublyRobust-O-W,8,0.0,0.7201
1.5,uncap,DoublyRobust-O-W,8,0.3333,1.0
1.5,uncap,DoublyRobust-O-W,8,0.6667,1.0
1.5,uncap,DoublyRobust-O-W,8,1.0,0.997
1.5,cap,IPW-X-X,1,-1.0,0.0
1.5,cap,IPW-X-X,1,-0.6667,0.0
1.5,cap,IPW-X-X,1,-0.3333,0.6047
1.5,cap,IPW-X-X,1,0.0,1.0
1.5,cap,IPW-X-X,1,0.3333,1.0
1.5,cap,IPW-X-X,1,0.6667,0.6128
1.5,cap,IPW-X-X,1,1.0,0.2216
1.5,cap,IPW-X-X,1.5,-1.0,0.0
1.5,cap,IPW-X-X,1.5,-0.6667,0.0
1.5,cap,IPW-X-X,1.5,-0.3333,0.6047
1.5,cap,IPW-X-X,1.5,0.0,1.0
1.5,cap,IPW-X-X,1.5,0.3333,1.0
1.5,cap,IPW-X-X,1.5,0.6667,0.6128
1.5,cap,IPW-X-X,1.5,1.0,0.2216
1.5,cap,IPW-X-X,2,-1.0,0.0
1.5,cap,IPW-X-X,2,-0.6667,0.0
1.5,cap,IPW-X-X,2,-0.3333,0.6047
1.5,cap,IPW-X-X,2,0.0,1.0
1.5,cap,IPW-X-X,2,0.3333,1.0
1.5,cap,IPW-X-X,2,0.6667,0.6128
1.5,cap,IPW-X-X,2,1.0,0.2216
1.5,cap,IPW-X-X,2.5,-1.0,0.0
1.5,cap,IPW-X-X,2.5,-0.6667,0.0
1.5,cap,IPW-X-X,2.5,-0.3333,0.6047
1.5,cap,IPW-X-X,2.5,0.0,1.0
1.5,cap,IPW-X-X,2.5,0.3333,1.0
1.5,cap,IPW-X-X,2.5,0.6667,0.6128
1.5,cap,IPW-X-X,2.5,1.0,0.2216
1.5,cap,IPW-X-X,3,-1.0,0.0
1.5,cap,IPW-X-X,3,-0.6667,0.0
1.5,cap,IPW-X-X,3,-0.3333,0.6047
1.5,cap,IPW-X-X,3,0.0,1.0
1.5,cap,IPW-X-X,3,0.3333,1.0
1.5,cap,IPW-X-X,3,0.6667,0.6128
1.5,cap,IPW-X-X,3,1.0,0.2216
1.5,cap,IPW-X-X,4,-1.0,0.0
1.5,cap,IPW-X-X,4,-0.6667,0.0
1.5,cap,IPW-X-X,4,-0.3333,0.6047
1.5,cap,IPW-X-X,4,0.0,1.0
1.5,cap,IPW-X-X,4,0.3333,1.0
1.5,cap,IPW-X-X,4,0.6667,0.6128
1.5,cap,IPW-X-X,4,1.0,0.2216
1.5,cap,IPW-X-X,5,-1.0,0.0
1.5,cap,IPW-X-X,5,-0.6667,0.0
1.5,cap,IPW-X-X,5,-0.3333,0.6047
1.5,cap,IPW-X-X,5,0.0,1.0
1.5,cap,IPW-X-X,5,0.3333,1.0
1.5,cap,IPW-X-X,5,0.6667,0.6128
1.5,cap,IPW-X-X,5,1.0,0.2216
1.5,cap,IPW-X-X,6,-1.0,0.0
1.5,cap,IPW-X-X,6,-0.6667,0.0
1.5,cap,IPW-X-X,6,-0.3333,0.6047
1.5,cap,IPW-X-X,6,0.0,1.0
1.5,cap,IPW-X-X,6,0.3333,1.0
1.5,cap,IPW-X-X,6,0.6667,0.6128
1.5,cap,IPW-X-X,6,1.0,0.2216
1.5,cap,IPW-X-X,8,-1.0,0.0
1.5,cap,IPW-X-X,8,-0.6667,0.0
1.5,cap,IPW-X-X,8,-0.3333,0.6047
1.5,cap,IPW-X-X,8,0.0,1.0
1.5,cap,IPW-X-X,8,0.3333,1.0
1.5,cap,IPW-X-X,8,0.6667,0.6128
1.5,cap,IPW-X-X,8,1.0,0.2216
1.5,cap,DoublyRobust-X-X,1,-1.0,0.0
1.5,cap,DoublyRobust-X-X,1,-0.6667,0.0
1.5,cap,DoublyRobust-X-X,1,-0.3333,0.0
1.5,cap,DoublyRobust-X-X,1,0.0,1.0
1.5,cap,DoublyRobust-X-X,1,0.3333,1.0
1.5,cap,DoublyRobust-X-X,1,0.6667,0.4671
1.5,cap,DoublyRobust-X-X,1,1.0,1.0
1.5,cap,DoublyRobust-X-X,1.5,-1.0,0.0
1.5,cap,DoublyRobust-X-X,1.5,-0.6667,0.0
1.5,cap,DoublyRobust-X-X,1.5,-0.3333,0.0
1.5,cap,DoublyRobust-X-X,1.5,0.0,1.0
1.5,cap,DoublyRobust-X-X,1.5,0.3333,1.0
1.5,cap,DoublyRobust-X-X,1.5,0.6667,0.4671
1.5,cap,DoublyRobust-X-X,1.5,1.0,1.0
1.5,cap,DoublyRobust-X-X,2,-1.0,0.0
1.5,cap,DoublyRobust-X-X,2,-0.6667,0.0
1.5,cap,DoublyRobust-X-X,2,-0.3333,0.0
1.5,cap,DoublyRobust-X-X,2,0.0,1.0
1.5,cap,DoublyRobust-X-X,2,0.3333,1.0
1.5,cap,DoublyRobust-X-X,2,0.6667,0.4671
1.5,cap,DoublyRobust-X-X,2,1.0,1.0
1.5,cap,DoublyRobust-X-X,2.5,-1.0,0.0
1.5,cap,DoublyRobust-X-X,2.5,-0.6667,0.0
1.5,cap,DoublyRobust-X-X,2.5,-0.3333,0.0
1.5,cap,DoublyRobust-X-X,2.5,0.0,1.0
1.5,cap,DoublyRobust-X-X,2.5,0.3333,1.0
1.5,cap,DoublyRobust-X-X,2.5,0.6667,0.4671
1.5,cap,DoublyRobust-X-X,2.5,1.0,1.0
1.5,cap,DoublyRobust-X-X,3,-1.0,0.0
1.5,cap,DoublyRobust-X-X,3,-0.6667,0.0
1.5,cap,DoublyRobust-X-X,3,-0.3333,0.0
1.5,cap,DoublyRobust-X-X,3,0.0,1.0
1.5,cap,DoublyRobust-X-X,3,0.3333,1.0
1.5,cap,DoublyRobust-X-X,3,0.6667,0.4671
1.5,cap,DoublyRobust-X-X,3,1.0,1.0
1.5,cap,DoublyRobust-X-X,4,-1.0,0.0
1.5,cap,DoublyRobust-X-X,4,-0.6667,0.0
1.5,cap,DoublyRobust-X-X,4,-0.3333,0.0
1.5,cap,DoublyRobust-X-X,4,0.0,1.0
1.5,cap,DoublyRobust-X-X,4,0.3333,1.0
1.5,cap,DoublyRobust-X-X,4,0.6667,0.4671
1.5,cap,DoublyRobust-X-X,4,1.0,1.0
1.5,cap,DoublyRobust-X-X,5,-1.0,0.0
1.5,cap,DoublyRobust-X-X,5,-0.6667,0.0
1.5,cap,DoublyRobust-X-X,5,-0.3333,0.0
1.5,cap,DoublyRobust-X-X,5,0.0,1.0
1.5,cap,DoublyRobust-X-X,5,0.3333,1.0
1.5,cap,DoublyRobust-X-X,5,0.6667,0.4671
1.5,cap,DoublyRobust-X-X,5,1.0,1.0
1.5,cap,DoublyRobust-X-X,6,-1.0,0.0
1.5,cap,DoublyRobust-X-X,6,-0.6667,0.0
1.5,cap,DoublyRobust-X-X,6,-0.3333,0.0
1.5,cap,DoublyRobust-X-X,6,0.0,1.0
1.5,cap,DoublyRobust-X-X,6,0.3333,1.0
1.5,cap,DoublyRobust-X-X,6,0.6667,0.4671
1.5,cap,DoublyRobust-X-X,6,1.0,1.0
1.5,cap,DoublyRobust-X-X,8,-1.0,0.0
1.5,cap,DoublyRobust-X-X,8,-0.6667,0.0
1.5,cap,DoublyRobust-X-X,8,-0.3333,0.0
1.5,cap,DoublyRobust-X-X,8,0.0,1.0
1.5,cap,DoublyRobust-X-X,8,0.3333,1.0
1.5,cap,DoublyRobust-X-X,8,0.6667,0.4671
1.5,cap,DoublyRobust-X-X,8,1.0,1.0
1.5,cap,Direct-X-X,1,-1.0,0.0
1.5,cap,Direct-X-X,1,-0.6667,0.0
1.5,cap,Direct-X-X,1,-0.3333,0.5
1.5,cap,Direct-X-X,1,0.0,1.0
1.5,cap,Direct-X-X,1,0.3333,1.0
1.5,cap,Direct-X-X,1,0.6667,0.0
1.5,cap,Direct-X-X,1,1.0,0.0
1.5,cap,Direct-X-X,1.5,-1.0,0.0
1.5,cap,Direct-X-X,1.5,-0.6667,0.0
1.5,cap,Direct-X-X,1.5,-0.3333,0.5
1.5,cap,Direct-X-X,1.5,0.0,1.0
1.5,cap,Direct-X-X,1.5,0.3333,1.0
1.5,cap,Direct-X-X,1.5,0.6667,0.0
1.5,cap,Direct-X-X,1.5,1.0,0.0
1.5,cap,Direct-X-X,2,-1.0,0.0
1.5,cap,Direct-X-X,2,-0.6667,0.0
1.5,cap,Direct-X-X,2,-0.3333,0.5
1.5,cap,Direct-X-X,2,0.0,1.0
1.5,cap,Direct-X-X,2,0.3333,1.0
1.5,cap,Direct-X-X,2,0.6667,0.0
1.5,cap,Direct-X-X,2,1.0,0.0
1.5,cap,Direct-X-X,2.5,-1.0,0.0
1.5,cap,Direct-X-X,2.5,-0.6667,0.0
1.5,cap,Direct-X-X,2.5,-0.3333,0.5
1.5,cap,Direct-X-X,2.5,0.0,1.0
1.5,cap,Direct-X-X,2.5,0.3333,1.0
1.5,cap,Direct-X-X,2.5,0.6667,0.0
1.5,cap,Direct-X-X,2.5,1.0,0.0
1.5,cap,Direct-X-X,3,-1.0,0.0
1.5,cap,Direct-X-X,3,-0.6667,0.0
1.5,cap,Direct-X-X,3,-0.3333,0.5
1.5,cap,Direct-X-X,3,0.0,1.0
1.5,cap,Direct-X-X,3,0.3333,1.0
1.5,cap,Direct-X-X,3,0.6667,0.0
1.5,cap,Direct-X-X,3,1.0,0.0
1.5,cap,Direct-X-X,4,-1.0,0.0
1.5,cap,Direct-X-X,4,-0.6667,0.0
1.5,cap,Direct-X-X,4,-0.3333,0.5
1.5,cap,Direct-X-X,4,0.0,1.0
1.5,cap,Direct-X-X,4,0.3333,1.0
1.5,cap,Direct-X-X,4,0.6667,0.0
1.5,cap,Direct-X-X,4,1.0,0.0
1.5,cap,Direct-X-X,5,-1.0,0.0
1.5,cap,Direct-X-X,5,-0.6667,0.0
1.5,cap,Direct-X-X,5,-0.3333,0.5
1.5,cap,Direct-X-X,5,0.0,1.0
1.5,cap,Direct-X-X,5,0.3333,1.0
1.5,cap,Direct-X-X,5,0.6667,0.0
1.5,cap,Direct-X-X,5,1.0,0.0
1.5,cap,Direct-X-X,6,-1.0,0.0
1.5,cap,Direct-X-X,6,-0.6667,0.0
1.5,cap,Direct-X-X,6,-0.3333,0.5
1.5,cap,Direct-X-X,6,0.0,1.0
1.5,cap,Direct-X-X,6,0.3333,1.0
1.5,cap,Direct-X-X,6,0.6667,0.0
1.5,cap,Direct-X-X,6,1.0,0.0
1.5,cap,Direct-X-X,8,-1.0,0.0
1.5,cap,Direct-X-X,8,-0.6667,0.0
1.5,cap,Direct-X-X,8,-0.3333,0.5
1.5,cap,Direct-X-X,8,0.0,1.0
1.5,cap,Direct-X-X,8,0.3333,1.0
1.5,cap,Direct-X-X,8,0.6667,0.0
1.5,cap,Direct-X-X,8,1.0,0.0
1.5,cap,IPW-O-X,1,-1.0,0.0
1.5,cap,IPW-O-X,1,-0.6667,0.0
1.5,cap,IPW-O-X,1,-0.3333,0.6047
1.5,cap,IPW-O-X,1,0.0,1.0
1.5,cap,IPW-O-X,1,0.3333,1.0
1.5,cap,IPW-O-X,1,0.6667,0.6128
1.5,cap,IPW-O-X,1,1.0,0.2216
1.5,cap,IPW-O-X,1.5,-1.0,0.0
1.5,cap,IPW-O-X,1.5,-0.6667,0.0251
1.5,cap,IPW-O-X,1.5,-0.3333,0.5457
1.5,cap,IPW-O-X,1.5,0.0,1.0
1.5,cap,IPW-O-X,1.5,0.3333,1.0
1.5,cap,IPW-O-X,1.5,0.6667,0.6244
1.5,cap,IPW-O-X,1.5,1.0,0.2451
1.5,cap,IPW-O-X,2,-1.0,0.0
1.5,cap,IPW-O-X,2,-0.6667,0.0
1.5,cap,IPW-O-X,2,-0.3333,0.103
1.5,cap,IPW-O-X,2,0.0,1.0
1.5,cap,IPW-O-X,2,0.3333,1.0
1.5,cap,IPW-O-X,2,0.6667,0.5489
1.5,cap,IPW-O-X,2,1.0,0.0487
1.5,cap,IPW-O-X,2.5,-1.0,0.0
1.5,cap,IPW-O-X,2.5,-0.6667,0.0
1.5,cap,IPW-O-X,2.5,-0.3333,0.0447
1.5,cap,IPW-O-X,2.5,0.0,0.7569
1.5,cap,IPW-O-X,2.5,0.3333,1.0
1.5,cap,IPW-O-X,2.5,0.6667,0.5
1.5,cap,IPW-O-X,2.5,1.0,0.0
1.5,cap,IPW-O-X,3,-1.0,0.0
1.5,cap,IPW-O-X,3,-0.6667,0.0
1.5,cap,IPW-O-X,3,-0.3333,0.0224
1.5,cap,IPW-O-X,3,0.0,0.5167
1.5,cap,IPW-O-X,3,0.3333,1.0
1.5,cap,IPW-O-X,3,0.6667,0.5
1.5,cap,IPW-O-X,3,1.0,0.0
1.5,cap,IPW-O-X,4,-1.0,0.0
1.5,cap,IPW-O-X,4,-0.6667,0.0
1.5,cap,IPW-O-X,4,-0.3333,0.0039
1.5,cap,IPW-O-X,4,0.0,0.2621
1.5,cap,IPW-O-X,4,0.3333,1.0
1.5,cap,IPW-O-X,4,0.6667,0.5
1.5,cap,IPW-O-X,4,1.0,0.0
1.5,cap,IPW-O-X,5,-1.0,0.0
1.5,cap,IPW-O-X,5,-0.6667,0.0
1.5,cap,IPW-O-X,5,-0.3333,0.0
1.5,cap,IPW-O-X,5,0.0,0.0141
1.5,cap,IPW-O-X,5,0.3333,1.0
1.5,cap,IPW-O-X,5,0.6667,0.25
1.5,cap,IPW-O-X,5,1.0,0.0
1.5,cap,IPW-O-X,6,-1.0,0.0
1.5,cap,IPW-O-X,6,-0.6667,0.0
1.5,cap,IPW-O-X,6,-0.3333,0.0
1.5,cap,IPW-O-X,6,0.0,0.0077
1.5,cap,IPW-O-X,6,0.3333,1.0
1.5,cap,IPW-O-X,6,0.6667,0.25
1.5,cap,IPW-O-X,6,1.0,0.0
1.5,cap,IPW-O-X,8,-1.0,0.0
1.5,cap,IPW-O-X,8,-0.6667,0.0
1.5,cap,IPW-O-X,8,-0.3333,0.0
1.5,cap,IPW-O-X,8,0.0,0.0
1.5,cap,IPW-O-X,8,0.3333,1.0
1.5,cap,IPW-O-X,8,0.6667,0.25
1.5,cap,IPW-O-X,8,1.0,0.0
1.5,cap,DoublyRobust-O-X,1,-1.0,0.0
1.5,cap,DoublyRobust-O-X,1,-0.6667,0.0
1.5,cap,DoublyRobust-O-X,1,-0.3333,0.0
1.5,cap,DoublyRobust-O-X,1,0.0,1.0
1.5,cap,DoublyRobust-O-X,1,0.3333,1.0
1.5,cap,DoublyRobust-O-X,1,0.6667,0.4671
1.5,cap,DoublyRobust-O-X,1,1.0,1.0
1.5,cap,DoublyRobust-O-X,1.5,-1.0,0.0
1.5,cap,DoublyRobust-O-X,1.5,-0.6667,0.0
1.5,cap,DoublyRobust-O-X,1.5,-0.3333,0.2515
1.5,cap,DoublyRobust-O-X,1.5,0.0,1.0
1.5,cap,DoublyRobust-O-X,1.5,0.3333,1.0
1.5,cap,DoublyRobust-O-X,1.5,0.6667,0.4553
1.5,cap,DoublyRobust-O-X,1.5,1.0,0.75
1.5,cap,DoublyRobust-O-X,2,-1.0,0.0
1.5,cap,DoublyRobust-O-X,2,-0.6667,0.0
1.5,cap,DoublyRobust-O-X,2,-0.3333,0.4885
1.5,cap,DoublyRobust-O-X,2,0.0,0.9367
1.5,cap,DoublyRobust-O-X,2,0.3333,1.0
1.5,cap,DoublyRobust-O-X,2,0.6667,0.8134
1.5,cap,DoublyRobust-O-X,2,1.0,0.1986
1.5,cap,DoublyRobust-O-X,2.5,-1.0,0.0
1.5,cap,DoublyRobust-O-X,2.5,-0.6667,0.0
1.5,cap,DoublyRobust-O-X,2.5,-0.3333,0.4956
1.5,cap,DoublyRobust-O-X,2.5,0.0,0.8932
1.5,cap,DoublyRobust-O-X,2.5,0.3333,1.0
1.5,cap,DoublyRobust-O-X,2.5,0.6667,0.8978
1.5,cap,DoublyRobust-O-X,2.5,1.0,0.1559
1.5,cap,DoublyRobust-O-X,3,-1.0,0.0
1.5,cap,DoublyRobust-O-X,3,-0.6667,0.0
1.5,cap,DoublyRobust-O-X,3,-0.3333,0.4399
1.5,cap,DoublyRobust-O-X,3,0.0,0.8414
1.5,cap,DoublyRobust-O-X,3,0.3333,1.0
1.5,cap,DoublyRobust-O-X,3,0.6667,1.0
1.5,cap,DoublyRobust-O-X,3,1.0,0.1619
1.5,cap,DoublyRobust-O-X,4,-1.0,0.0
1.5,cap,DoublyRobust-O-X,4,-0.6667,0.0
1.5,cap,DoublyRobust-O-X,4,-0.3333,0.4046
1.5,cap,DoublyRobust-O-X,4,0.0,0.7631
1.5,cap,DoublyRobust-O-X,4,0.3333,1.0
1.5,cap,DoublyRobust-O-X,4,0.6667,1.0
1.5,cap,DoublyRobust-O-X,4,1.0,0.2842
1.5,cap,DoublyRobust-O-X,5,-1.0,0.0
1.5,cap,DoublyRobust-O-X,5,-0.6667,0.0
1.5,cap,DoublyRobust-O-X,5,-0.3333,0.3536
1.5,cap,DoublyRobust-O-X,5,0.0,0.7058
1.5,cap,DoublyRobust-O-X,5,0.3333,1.0
1.5,cap,DoublyRobust-O-X,5,0.6667,1.0
1.5,cap,DoublyRobust-O-X,5,1.0,0.3998
1.5,cap,DoublyRobust-O-X,6,-1.0,0.0
1.5,cap,DoublyRobust-O-X,6,-0.6667,0.0
1.5,cap,DoublyRobust-O-X,6,-0.3333,0.3552
1.5,cap,DoublyRobust-O-X,6,0.0,0.6667
1.5,cap,DoublyRobust-O-X,6,0.3333,1.0
1.5,cap,DoublyRobust-O-X,6,0.6667,1.0
1.5,cap,DoublyRobust-O-X,6,1.0,0.4402
1.5,cap,DoublyRobust-O-X,8,-1.0,0.0
1.5,cap,DoublyRobust-O-X,8,-0.6667,0.0
1.5,cap,DoublyRobust-O-X,8,-0.3333,0.3607
1.5,cap,DoublyRobust-O-X,8,0.0,0.6373
1.5,cap,DoublyRobust-O-X,8,0.3333,1.0
1.5,cap,DoublyRobust-O-X,8,0.6667,1.0
1.5,cap,DoublyRobust-O-X,8,1.0,0.4653
1.5,cap,Hajek-O-X,1,-1.0,0.0
1.5,cap,Hajek-O-X,1,-0.6667,0.0
1.5,cap,Hajek-O-X,1,-0.3333,0.6047
1.5,cap,Hajek-O-X,1,0.0,1.0
1.5,cap,Hajek-O-X,1,0.3333,1.0
1.5,cap,Hajek-O-X,1,0.6667,0.6128
1.5,cap,Hajek-O-X,1,1.0,0.2216
1.5,cap,Hajek-O-X,1.5,-1.0,0.0
1.5,cap,Hajek-O-X,1.5,-0.6667,0.0
1.5,cap,Hajek-O-X,1.5,-0.3333,0.4765
1.5,cap,Hajek-O-X,1.5,0.0,1.0
1.5,cap,Hajek-O-X,1.5,0.3333,1.0
1.5,cap,Hajek-O-X,1.5,0.6667,0.169
1.5,cap,Hajek-O-X,1.5,1.0,0.1391
1.5,cap,Hajek-O-X,2,-1.0,0.0
1.5,cap,Hajek-O-X,2,-0.6667,0.0
1.5,cap,Hajek-O-X,2,-0.3333,0.2407
1.5,cap,Hajek-O-X,2,0.0,0.5059
1.5,cap,Hajek-O-X,2,0.3333,0.2597
1.5,cap,Hajek-O-X,2,0.6667,0.0143
1.5,cap,Hajek-O-X,2,1.0,0.0131
1.5,cap,Hajek-O-X,2.5,-1.0,0.0
1.5,cap,Hajek-O-X,2.5,-0.6667,0.0
1.5,cap,Hajek-O-X,2.5,-0.3333,0.0
1.5,cap,Hajek-O-X,2.5,0.0,0.0
1.5,cap,Hajek-O-X,2.5,0.3333,0.0
1.5,cap,Hajek-O-X,2.5,0.6667,0.0
1.5,cap,Hajek-O-X,2.5,1.0,0.0
1.5,cap,Hajek-O-X,3,-1.0,0.0
1.5,cap,Hajek-O-X,3,-0.6667,0.0
1.5,cap,Hajek-O-X,3,-0.3333,0.0
1.5,cap,Hajek-O-X,3,0.0,0.0
1.5,cap,Hajek-O-X,3,0.3333,0.0
1.5,cap,Hajek-O-X,3,0.6667,0.0
1.5,cap,Hajek-O-X,3,1.0,0.0
1.5,cap,Hajek-O-X,4,-1.0,0.0
1.5,cap,Hajek-O-X,4,-0.6667,0.0
1.5,cap,Hajek-O-X,4,-0.3333,0.0
1.5,cap,Hajek-O-X,4,0.0,0.0
1.5,cap,Hajek-O-X,4,0.3333,0.0
1.5,cap,Hajek-O-X,4,0.6667,0.0
1.5,cap,Hajek-O-X,4,1.0,0.0
1.5,cap,Hajek-O-X,5,-1.0,0.0
1.5,cap,Hajek-O-X,5,-0.6667,0.0
1.5,cap,Hajek-O-X,5,-0.3333,0.0
1.5,cap,Hajek-O-X,5,0.0,0.0
1.5,cap,Hajek-O-X,5,0.3333,0.0
1.5,cap,Hajek-O-X,5,0.6667,0.0
1.5,cap,Hajek-O-X,5,1.0,0.0
1.5,cap,Hajek-O-X,6,-1.0,0.0
1.5,cap,Hajek-O-X,6,-0.6667,0.0
1.5,cap,Hajek-O-X,6,-0.3333,0.0
1.5,cap,Hajek-O-X,6,0.0,0.0
1.5,cap,Hajek-O-X,6,0.3333,0.0
1.5,cap,Hajek-O-X,6,0.6667,0.0
1.5,cap,Hajek-O-X,6,1.0,0.0
1.5,cap,Hajek-O-X,8,-1.0,0.0
1.5,cap,Hajek-O-X,8,-0.6667,0.0
1.5,cap,Hajek-O-X,8,-0.3333,0.0
1.5,cap,Hajek-O-X,8,0.0,0.0
1.5,cap,Hajek-O-X,8,0.3333,0.0
1.5,cap,Hajek-O-X,8,0.6667,0.0
1.5,cap,Hajek-O-X,8,1.0,0.0
1.5,cap,IPW-O-W,1,-1.0,0.0
1.5,cap,IPW-O-W,1,-0.6667,0.0
1.5,cap,IPW-O-W,1,-0.3333,0.6047
1.5,cap,IPW-O-W,1,0.0,1.0
1.5,cap,IPW-O-W,1,0.3333,1.0
1.5,cap,IPW-O-W,1,0.6667,0.6128
1.5,cap,IPW-O-W,1,1.0,0.2216
1.5,cap,IPW-O-W,1.5,-1.0,0.0
1.5,cap,IPW-O-W,1.5,-0.6667,0.0
1.5,cap,IPW-O-W,1.5,-0.3333,0.4481
1.5,cap,IPW-O-W,1.5,0.0,1.0
1.5,cap,IPW-O-W,1.5,0.3333,1.0
1.5,cap,IPW-O-W,1.5,0.6667,0.5995
1.5,cap,IPW-O-W,1.5,1.0,0.4042
1.5,cap,IPW-O-W,2,-1.0,0.0
1.5,cap,IPW-O-W,2,-0.6667,0.0
1.5,cap,IPW-O-W,2,-0.3333,0.2643
1.5,cap,IPW-O-W,2,0.0,0.9148
1.5,cap,IPW-O-W,2,0.3333,1.0
1.5,cap,IPW-O-W,2,0.6667,0.5786
1.5,cap,IPW-O-W,2,1.0,0.6866
1.5,cap,IPW-O-W,2.5,-1.0,0.0
1.5,cap,IPW-O-W,2.5,-0.6667,0.0
1.5,cap,IPW-O-W,2.5,-0.3333,0.1775
1.5,cap,IPW-O-W,2.5,0.0,0.7224
1.5,cap,IPW-O-W,2.5,0.3333,0.8947
1.5,cap,IPW-O-W,2.5,0.6667,0.748
1.5,cap,IPW-O-W,2.5,1.0,0.8942
1.5,cap,IPW-O-W,3,-1.0,0.0
1.5,cap,IPW-O-W,3,-0.6667,0.0
1.5,cap,IPW-O-W,3,-0.3333,0.1624
1.5,cap,IPW-O-W,3,0.0,0.6904
1.5,cap,IPW-O-W,3,0.3333,0.8974
1.5,cap,IPW-O-W,3,0.6667,0.7694
1.5,cap,IPW-O-W,3,1.0,0.9196
1.5,cap,IPW-O-W,4,-1.0,0.0
1.5,cap,IPW-O-W,4,-0.6667,0.0
1.5,cap,IPW-O-W,4,-0.3333,0.1578
1.5,cap,IPW-O-W,4,0.0,0.5503
1.5,cap,IPW-O-W,4,0.3333,0.9543
1.5,cap,IPW-O-W,4,0.6667,0.8019
1.5,cap,IPW-O-W,4,1.0,0.9861
1.5,cap,IPW-O-W,5,-1.0,0.0
1.5,cap,IPW-O-W,5,-0.6667,0.0
1.5,cap,IPW-O-W,5,-0.3333,0.1613
1.5,cap,IPW-O-W,5,0.0,0.5324
1.5,cap,IPW-O-W,5,0.3333,0.9667
1.5,cap,IPW-O-W,5,0.6667,0.804
1.5,cap,IPW-O-W,5,1.0,0.9876
1.5,cap,IPW-O-W,6,-1.0,0.0
1.5,cap,IPW-O-W,6,-0.6667,0.0
1.5,cap,IPW-O-W,6,-0.3333,0.1842
1.5,cap,IPW-O-W,6,0.0,0.5319
1.5,cap,IPW-O-W,6,0.3333,0.9922
1.5,cap,IPW-O-W,6,0.6667,0.7578
1.5,cap,IPW-O-W,6,1.0,0.9937
1.5,cap,IPW-O-W,8,-1.0,0.0
1.5,cap,IPW-O-W,8,-0.6667,0.0
1.5,cap,IPW-O-W,8,-0.3333,0.2191
1.5,cap,IPW-O-W,8,0.0,0.5728
1.5,cap,IPW-O-W,8,0.3333,0.995
1.5,cap,IPW-O-W,8,0.6667,0.6614
1.5,cap,IPW-O-W,8,1.0,1.0
1.5,cap,DoublyRobust-O-W,1,-1.0,0.0
1.5,cap,DoublyRobust-O-W,1,-0.6667,0.0
1.5,cap,DoublyRobust-O-W,1,-0.3333,0.0
1.5,cap,DoublyRobust-O-W,1,0.0,1.0
1.5,cap,DoublyRobust-O-W,1,0.3333,1.0
1.5,cap,DoublyRobust-O-W,1,0.6667,0.4671
1.5,cap,DoublyRobust-O-W,1,1.0,1.0
1.5,cap,DoublyRobust-O-W,1.5,-1.0,0.0
1.5,cap,DoublyRobust-O-W,1.5,-0.6667,0.0
1.5,cap,DoublyRobust-O-W,1.5,-0.3333,0.1591
1.5,cap,DoublyRobust-O-W,1.5,0.0,0.9623
1.5,cap,DoublyRobust-O-W,1.5,0.3333,1.0
1.5,cap,DoublyRobust-O-W,1.5,0.6667,0.8763
1.5,cap,DoublyRobust-O-W,1.5,1.0,0.4456
1.5,cap,DoublyRobust-O-W,2,-1.0,0.0
1.5,cap,DoublyRobust-O-W,2,-0.6667,0.0
1.5,cap,DoublyRobust-O-W,2,-0.3333,0.2233
1.5,cap,DoublyRobust-O-W,2,0.0,0.9614
1.5,cap,DoublyRobust-O-W,2,0.3333,0.9222
1.5,cap,DoublyRobust-O-W,2,0.6667,1.0
1.5,cap,DoublyRobust-O-W,2,1.0,0.3383
1.5,cap,DoublyRobust-O-W,2.5,-1.0,0.0
1.5,cap,DoublyRobust-O-W,2.5,-0.6667,0.0
1.5,cap,DoublyRobust-O-W,2.5,-0.3333,0.2383
1.5,cap,DoublyRobust-O-W,2.5,0.0,0.942
1.5,cap,DoublyRobust-O-W,2.5,0.3333,1.0
1.5,cap,DoublyRobust-O-W,2.5,0.6667,1.0
1.5,cap,DoublyRobust-O-W,2.5,1.0,0.2625
1.5,cap,DoublyRobust-O-W,3,-1.0,0.0
1.5,cap,DoublyRobust-O-W,3,-0.6667,0.0
1.5,cap,DoublyRobust-O-W,3,-0.3333,0.1941
1.5,cap,DoublyRobust-O-W,3,0.0,0.9335
1.5,cap,DoublyRobust-O-W,3,0.3333,1.0
1.5,cap,DoublyRobust-O-W,3,0.6667,1.0
1.5,cap,DoublyRobust-O-W,3,1.0,0.3176
1.5,cap,DoublyRobust-O-W,4,-1.0,0.0
1.5,cap,DoublyRobust-O-W,4,-0.6667,0.0
1.5,cap,DoublyRobust-O-W,4,-0.3333,0.1029
1.5,cap,DoublyRobust-O-W,4,0.0,0.8489
1.5,cap,DoublyRobust-O-W,4,0.3333,1.0
1.5,cap,DoublyRobust-O-W,4,0.6667,1.0
1.5,cap,DoublyRobust-O-W,4,1.0,0.4239
1.5,cap,DoublyRobust-O-W,5,-1.0,0.0394
1.5,cap,DoublyRobust-O-W,5,-0.6667,0.0
1.5,cap,DoublyRobust-O-W,5,-0.3333,0.1438
1.5,cap,DoublyRobust-O-W,5,0.0,0.681
1.5,cap,DoublyRobust-O-W,5,0.3333,1.0
1.5,cap,DoublyRobust-O-W,5,0.6667,1.0
1.5,cap,DoublyRobust-O-W,5,1.0,0.4927
1.5,cap,DoublyRobust-O-W,6,-1.0,0.0
1.5,cap,DoublyRobust-O-W,6,-0.6667,0.0
1.5,cap,DoublyRobust-O-W,6,-0.3333,0.2064
1.5,cap,DoublyRobust-O-W,6,0.0,0.5705
1.5,cap,DoublyRobust-O-W,6,0.3333,1.0
1.5,cap,DoublyRobust-O-W,6,0.6667,1.0
1.5,cap,DoublyRobust-O-W,6,1.0,0.6747
1.5,cap,DoublyRobust-O-W,8,-1.0,0.0
1.5,cap,DoublyRobust-O-W,8,-0.6667,0.0
1.5,cap,DoublyRobust-O-W,8,-0.3333,0.244
1.5,cap,DoublyRobust-O-W,8,0.0,0.4845
1.5,cap,DoublyRobust-O-W,8,0.3333,1.0
1.5,cap,DoublyRobust-O-W,8,0.6667,1.0
1.5,cap,DoublyRobust-O-W,8,1.0,0.7237
2.0,uncap,IPW-X-X,1,-1.0,0.0
2.0,uncap,IPW-X-X,1,-0.6667,0.0
2.0,uncap,IPW-X-X,1,-0.3333,1.0
2.0,uncap,IPW-X-X,1,0.0,1.0
2.0,uncap,IPW-X-X,1,0.3333,1.0
2.0,uncap,IPW-X-X,1,0.6667,1.0
2.0,uncap,IPW-X-X,1,1.0,0.5
2.0,uncap,IPW-X-X,1.5,-1.0,0.0
2.0,uncap,IPW-X-X,1.5,-0.6667,0.0
2.0,uncap,IPW-X-X,1.5,-0.3333,1.0
2.0,uncap,IPW-X-X,1.5,0.0,1.0
2.0,uncap,IPW-X-X,1.5,0.3333,1.0
2.0,uncap,IPW-X-X,1.5,0.6667,1.0
2.0,uncap,IPW-X-X,1.5,1.0,0.5
2.0,uncap,IPW-X-X,2,-1.0,0.0
2.0,uncap,IPW-X-X,2,-0.6667,0.0
2.0,uncap,IPW-X-X,2,-0.3333,1.0
2.0,uncap,IPW-X-X,2,0.0,1.0
2.0,uncap,IPW-X-X,2,0.3333,1.0
2.0,uncap,IPW-X-X,2,0.6667,1.0
2.0,uncap,IPW-X-X,2,1.0,0.5
2.0,uncap,IPW-X-X,2.5,-1.0,0.0
2.0,uncap,IPW-X-X,2.5,-0.6667,0.0
2.0,uncap,IPW-X-X,2.5,-0.3333,1.0
2.0,uncap,IPW-X-X,2.5,0.0,1.0
2.0,uncap,IPW-X-X,2.5,0.3333,1.0
2.0,uncap,IPW-X-X,2.5,0.6667,1.0
2.0,uncap,IPW-X-X,2.5,1.0,0.5
2.0,uncap,IPW-X-X,3,-1.0,0.0
2.0,uncap,IPW-X-X,3,-0.6667,0.0
2.0,uncap,IPW-X-X,3,-0.3333,1.0
2.0,uncap,IPW-X-X,3,0.0,1.0
2.0,uncap,IPW-X-X,3,0.3333,1.0
2.0,uncap,IPW-X-X,3,0.6667,1.0
2.0,uncap,IPW-X-X,3,1.0,0.5
2.0,uncap,IPW-X-X,4,-1.0,0.0
2.0,uncap,IPW-X-X,4,-0.6667,0.0
2.0,uncap,IPW-X-X,4,-0.3333,1.0
2.0,uncap,IPW-X-X,4,0.0,1.0
2.0,uncap,IPW-X-X,4,0.3333,1.0
2.0,uncap,IPW-X-X,4,0.6667,1.0
2.0,uncap,IPW-X-X,4,1.0,0.5
2.0,uncap,IPW-X-X,5,-1.0,0.0
2.0,uncap,IPW-X-X,5,-0.6667,0.0
2.0,uncap,IPW-X-X,5,-0.3333,1.0
2.0,uncap,IPW-X-X,5,0.0,1.0
2.0,uncap,IPW-X-X,5,0.3333,1.0
2.0,uncap,IPW-X-X,5,0.6667,1.0
2.0,uncap,IPW-X-X,5,1.0,0.5
2.0,uncap,IPW-X-X,6,-1.0,0.0
2.0,uncap,IPW-X-X,6,-0.6667,0.0
2.0,uncap,IPW-X-X,6,-0.3333,1.0
2.0,uncap,IPW-X-X,6,0.0,1.0
2.0,uncap,IPW-X-X,6,0.3333,1.0
2.0,uncap,IPW-X-X,6,0.6667,1.0
2.0,uncap,IPW-X-X,6,1.0,0.5
2.0,uncap,IPW-X-X,8,-1.0,0.0
2.0,uncap,IPW-X-X,8,-0.6667,0.0
2.0,uncap,IPW-X-X,8,-0.3333,1.0
2.0,uncap,IPW-X-X,8,0.0,1.0
2.0,uncap,IPW-X-X,8,0.3333,1.0
2.0,uncap,IPW-X-X,8,0.6667,1.0
2.0,uncap,IPW-X-X,8,1.0,0.5
2.0,uncap,DoublyRobust-X-X,1,-1.0,0.0
2.0,uncap,DoublyRobust-X-X,1,-0.6667,0.0
2.0,uncap,DoublyRobust-X-X,1,-0.3333,0.75
2.0,uncap,DoublyRobust-X-X,1,0.0,1.0
2.0,uncap,DoublyRobust-X-X,1,0.3333,1.0
2.0,uncap,DoublyRobust-X-X,1,0.6667,1.0
2.0,uncap,DoublyRobust-X-X,1,1.0,1.0
2.0,uncap,DoublyRobust-X-X,1.5,-1.0,0.0
2.0,uncap,DoublyRobust-X-X,1.5,-0.6667,0.0
2.0,uncap,DoublyRobust-X-X,1.5,-0.3333,0.75
2.0,uncap,DoublyRobust-X-X,1.5,0.0,1.0
2.0,uncap,DoublyRobust-X-X,1.5,0.3333,1.0
2.0,uncap,DoublyRobust-X-X,1.5,0.6667,1.0
2.0,uncap,DoublyRobust-X-X,1.5,1.0,1.0
2.0,uncap,DoublyRobust-X-X,2,-1.0,0.0
2.0,uncap,DoublyRobust-X-X,2,-0.6667,0.0
2.0,uncap,DoublyRobust-X-X,2,-0.3333,0.75
2.0,uncap,DoublyRobust-X-X,2,0.0,1.0
2.0,uncap,DoublyRobust-X-X,2,0.3333,1.0
2.0,uncap,DoublyRobust-X-X,2,0.6667,1.0
2.0,uncap,DoublyRobust-X-X,2,1.0,1.0
2.0,uncap,DoublyRobust-X-X,2.5,-1.0,0.0
2.0,uncap,DoublyRobust-X-X,2.5,-0.6667,0.0
2.0,uncap,DoublyRobust-X-X,2.5,-0.3333,0.75
2.0,uncap,DoublyRobust-X-X,2.5,0.0,1.0
2.0,uncap,DoublyRobust-X-X,2.5,0.3333,1.0
2.0,uncap,DoublyRobust-X-X,2.5,0.6667,1.0
2.0,uncap,DoublyRobust-X-X,2.5,1.0,1.0
2.0,uncap,DoublyRobust-X-X,3,-1.0,0.0
2.0,uncap,DoublyRobust-X-X,3,-0.6667,0.0
2.0,uncap,DoublyRobust-X-X,3,-0.3333,0.75
2.0,uncap,DoublyRobust-X-X,3,0.0,1.0
2.0,uncap,DoublyRobust-X-X,3,0.3333,1.0
2.0,uncap,DoublyRobust-X-X,3,0.6667,1.0
2.0,uncap,DoublyRobust-X-X,3,1.0,1.0
2.0,uncap,DoublyRobust-X-X,4,-1.0,0.0
2.0,uncap,DoublyRobust-X-X,4,-0.6667,0.0
2.0,uncap,DoublyRobust-X-X,4,-0.3333,0.75
2.0,uncap,DoublyRobust-X-X,4,0.0,1.0
2.0,uncap,DoublyRobust-X-X,4,0.3333,1.0
2.0,uncap,DoublyRobust-X-X,4,0.6667,1.0
2.0,uncap,DoublyRobust-X-X,4,1.0,1.0
2.0,uncap,DoublyRobust-X-X,5,-1.0,0.0
2.0,uncap,DoublyRobust-X-X,5,-0.6667,0.0
2.0,uncap,DoublyRobust-X-X,5,-0.3333,0.75
2.0,uncap,DoublyRobust-X-X,5,0.0,1.0
2.0,uncap,DoublyRobust-X-X,5,0.3333,1.0
2.0,uncap,DoublyRobust-X-X,5,0.6667,1.0
2.0,uncap,DoublyRobust-X-X,5,1.0,1.0
2.0,uncap,DoublyRobust-X-X,6,-1.0,0.0
2.0,uncap,DoublyRobust-X-X,6,-0.6667,0.0
2.0,uncap,DoublyRobust-X-X,6,-0.3333,0.75
2.0,uncap,DoublyRobust-X-X,6,0.0,1.0
2.0,uncap,DoublyRobust-X-X,6,0.3333,1.0
2.0,uncap,DoublyRobust-X-X,6,0.6667,1.0
2.0,uncap,DoublyRobust-X-X,6,1.0,1.0
2.0,uncap,DoublyRobust-X-X,8,-1.0,0.0
2.0,uncap,DoublyRobust-X-X,8,-0.6667,0.0
2.0,uncap,DoublyRobust-X-X,8,-0.3333,0.75
2.0,uncap,DoublyRobust-X-X,8,0.0,1.0
2.0,uncap,DoublyRobust-X-X,8,0.3333,1.0
2.0,uncap,DoublyRobust-X-X,8,0.6667,1.0
2.0,uncap,DoublyRobust-X-X,8,1.0,1.0
2.0,uncap,Direct-X-X,1,-1.0,0.0
2.0,uncap,Direct-X-X,1,-0.6667,0.0
2.0,uncap,Direct-X-X,1,-0.3333,0.5
2.0,uncap,Direct-X-X,1,0.0,1.0
2.0,uncap,Direct-X-X,1,0.3333,1.0
2.0,uncap,Direct-X-X,1,0.6667,0.0
2.0,uncap,Direct-X-X,1,1.0,0.0
2.0,uncap,Direct-X-X,1.5,-1.0,0.0
2.0,uncap,Direct-X-X,1.5,-0.6667,0.0
2.0,uncap,Direct-X-X,1.5,-0.3333,0.5
2.0,uncap,Direct-X-X,1.5,0.0,1.0
2.0,uncap,Direct-X-X,1.5,0.3333,1.0
2.0,uncap,Direct-X-X,1.5,0.6667,0.0
2.0,uncap,Direct-X-X,1.5,1.0,0.0
2.0,uncap,Direct-X-X,2,-1.0,0.0
2.0,uncap,Direct-X-X,2,-0.6667,0.0
2.0,uncap,Direct-X-X,2,-0.3333,0.5
2.0,uncap,Direct-X-X,2,0.0,1.0
2.0,uncap,Direct-X-X,2,0.3333,1.0
2.0,uncap,Direct-X-X,2,0.6667,0.0
2.0,uncap,Direct-X-X,2,1.0,0.0
2.0,uncap,Direct-X-X,2.5,-1.0,0.0
2.0,uncap,Direct-X-X,2.5,-0.6667,0.0
2.0,uncap,Direct-X-X,2.5,-0.3333,0.5
2.0,uncap,Direct-X-X,2.5,0.0,1.0
2.0,uncap,Direct-X-X,2.5,0.3333,1.0
2.0,uncap,Direct-X-X,2.5,0.6667,0.0
2.0,uncap,Direct-X-X,2.5,1.0,0.0
2.0,uncap,Direct-X-X,3,-1.0,0.0
2.0,uncap,Direct-X-X,3,-0.6667,0.0
2.0,uncap,Direct-X-X,3,-0.3333,0.5
2.0,uncap,Direct-X-X,3,0.0,1.0
2.0,uncap,Direct-X-X,3,0.3333,1.0
2.0,uncap,Direct-X-X,3,0.6667,0.0
2.0,uncap,Direct-X-X,3,1.0,0.0
2.0,uncap,Direct-X-X,4,-1.0,0.0
2.0,uncap,Direct-X-X,4,-0.6667,0.0
2.0,uncap,Direct-X-X,4,-0.3333,0.5
2.0,uncap,Direct-X-X,4,0.0,1.0
2.0,uncap,Direct-X-X,4,0.3333,1.0
2.0,uncap,Direct-X-X,4,0.6667,0.0
2.0,uncap,Direct-X-X,4,1.0,0.0
2.0,uncap,Direct-X-X,5,-1.0,0.0
2.0,uncap,Direct-X-X,5,-0.6667,0.0
2.0,uncap,Direct-X-X,5,-0.3333,0.5
2.0,uncap,Direct-X-X,5,0.0,1.0
2.0,uncap,Direct-X-X,5,0.3333,1.0
2.0,uncap,Direct-X-X,5,0.6667,0.0
2.0,uncap,Direct-X-X,5,1.0,0.0
2.0,uncap,Direct-X-X,6,-1.0,0.0
2.0,uncap,Direct-X-X,6,-0.6667,0.0
2.0,uncap,Direct-X-X,6,-0.3333,0.5
2.0,uncap,Direct-X-X,6,0.0,1.0
2.0,uncap,Direct-X-X,6,0.3333,1.0
2.0,uncap,Direct-X-X,6,0.6667,0.0
2.0,uncap,Direct-X-X,6,1.0,0.0
2.0,uncap,Direct-X-X,8,-1.0,0.0
2.0,uncap,Direct-X-X,8,-0.6667,0.0
2.0,uncap,Direct-X-X,8,-0.3333,0.5
2.0,uncap,Direct-X-X,8,0.0,1.0
2.0,uncap,Direct-X-X,8,0.3333,1.0
2.0,uncap,Direct-X-X,8,0.6667,0.0
2.0,uncap,Direct-X-X,8,1.0,0.0
2.0,uncap,IPW-O-X,1,-1.0,0.0
2.0,uncap,IPW-O-X,1,-0.6667,0.0
2.0,uncap,IPW-O-X,1,-0.3333,1.0
2.0,uncap,IPW-O-X,1,0.0,1.0
2.0,uncap,IPW-O-X,1,0.3333,1.0
2.0,uncap,IPW-O-X,1,0.6667,1.0
2.0,uncap,IPW-O-X,1,1.0,0.5
2.0,uncap,IPW-O-X,1.5,-1.0,0.0
2.0,uncap,IPW-O-X,1.5,-0.6667,0.5
2.0,uncap,IPW-O-X,1.5,-0.3333,0.7504
2.0,uncap,IPW-O-X,1.5,0.0,1.0
2.0,uncap,IPW-O-X,1.5,0.3333,1.0
2.0,uncap,IPW-O-X,1.5,0.6667,1.0
2.0,uncap,IPW-O-X,1.5,1.0,0.8585
2.0,uncap,IPW-O-X,2,-1.0,0.0
2.0,uncap,IPW-O-X,2,-0.6667,0.0
2.0,uncap,IPW-O-X,2,-0.3333,0.103
2.0,uncap,IPW-O-X,2,0.0,1.0
2.0,uncap,IPW-O-X,2,0.3333,1.0
2.0,uncap,IPW-O-X,2,0.6667,0.5489
2.0,uncap,IPW-O-X,2,1.0,0.0487
2.0,uncap,IPW-O-X,2.5,-1.0,0.0
2.0,uncap,IPW-O-X,2.5,-0.6667,0.0
2.0,uncap,IPW-O-X,2.5,-0.3333,0.0447
2.0,uncap,IPW-O-X,2.5,0.0,0.7569
2.0,uncap,IPW-O-X,2.5,0.3333,1.0
2.0,uncap,IPW-O-X,2.5,0.6667,0.5
2.0,uncap,IPW-O-X,2.5,1.0,0.0
2.0,uncap,IPW-O-X,3,-1.0,0.0
2.0,uncap,IPW-O-X,3,-0.6667,0.0
2.0,uncap,IPW-O-X,3,-0.3333,0.0224
2.0,uncap,IPW-O-X,3,0.0,0.5167
2.0,uncap,IPW-O-X,3,0.3333,1.0
2.0,uncap,IPW-O-X,3,0.6667,0.5
2.0,uncap,IPW-O-X,3,1.0,0.0
2.0,uncap,IPW-O-X,4,-1.0,0.0
2.0,uncap,IPW-O-X,4,-0.6667,0.0
2.0,uncap,IPW-O-X,4,-0.3333,0.0039
2.0,uncap,IPW-O-X,4,0.0,0.2621
2.0,uncap,IPW-O-X,4,0.3333,1.0
2.0,uncap,IPW-O-X,4,0.6667,0.5
2.0,uncap,IPW-O-X,4,1.0,0.0
2.0,uncap,IPW-O-X,5,-1.0,0.0
2.0,uncap,IPW-O-X,5,-0.6667,0.0
2.0,uncap,IPW-O-X,5,-0.3333,0.0
2.0,uncap,IPW-O-X,5,0.0,0.0141
2.0,uncap,IPW-O-X,5,0.3333,1.0
2.0,uncap,IPW-O-X,5,0.6667,0.25
2.0,uncap,IPW-O-X,5,1.0,0.0
2.0,uncap,IPW-O-X,6,-1.0,0.0
2.0,uncap,IPW-O-X,6,-0.6667,0.0
2.0,uncap,IPW-O-X,6,-0.3333,0.0
2.0,uncap,IPW-O-X,6,0.0,0.0077
2.0,uncap,IPW-O-X,6,0.3333,1.0
2.0,uncap,IPW-O-X,6,0.6667,0.25
2.0,uncap,IPW-O-X,6,1.0,0.0
2.0,uncap,IPW-O-X,8,-1.0,0.0
2.0,uncap,IPW-O-X,8,-0.6667,0.0
2.0,uncap,IPW-O-X,8,-0.3333,0.0
2.0,uncap,IPW-O-X,8,0.0,0.0
2.0,uncap,IPW-O-X,8,0.3333,1.0
2.0,uncap,IPW-O-X,8,0.6667,0.25
2.0,uncap,IPW-O-X,8,1.0,0.0
2.0,uncap,DoublyRobust-O-X,1,-1.0,0.0
2.0,uncap,DoublyRobust-O-X,1,-0.6667,0.0
2.0,uncap,DoublyRobust-O-X,1,-0.3333,0.75
2.0,uncap,DoublyRobust-O-X,1,0.0,1.0
2.0,uncap,DoublyRobust-O-X,1,0.3333,1.0
2.0,uncap,DoublyRobust-O-X,1,0.6667,1.0
2.0,uncap,DoublyRobust-O-X,1,1.0,1.0
2.0,uncap,DoublyRobust-O-X,1.5,-1.0,0.0
2.0,uncap,DoublyRobust-O-X,1.5,-0.6667,0.0
2.0,uncap,DoublyRobust-O-X,1.5,-0.3333,0.7605
2.0,uncap,DoublyRobust-O-X,1.5,0.0,1.0
2.0,uncap,DoublyRobust-O-X,1.5,0.3333,1.0
2.0,uncap,DoublyRobust-O-X,1.5,0.6667,1.0
2.0,uncap,DoublyRobust-O-X,1.5,1.0,1.0
2.0,uncap,DoublyRobust-O-X,2,-1.0,0.0
2.0,uncap,DoublyRobust-O-X,2,-0.6667,0.0
2.0,uncap,DoublyRobust-O-X,2,-0.3333,0.7952
2.0,uncap,DoublyRobust-O-X,2,0.0,1.0
2.0,uncap,DoublyRobust-O-X,2,0.3333,1.0
2.0,uncap,DoublyRobust-O-X,2,0.6667,1.0
2.0,uncap,DoublyRobust-O-X,2,1.0,1.0
2.0,uncap,DoublyRobust-O-X,2.5,-1.0,0.0
2.0,uncap,DoublyRobust-O-X,2.5,-0.6667,0.0
2.0,uncap,DoublyRobust-O-X,2.5,-0.3333,0.8788
2.0,uncap,DoublyRobust-O-X,2.5,0.0,0.9956
2.0,uncap,DoublyRobust-O-X,2.5,0.3333,1.0
2.0,uncap,DoublyRobust-O-X,2.5,0.6667,1.0
2.0,uncap,DoublyRobust-O-X,2.5,1.0,0.9352
2.0,uncap,DoublyRobust-O-X,3,-1.0,0.0
2.0,uncap,DoublyRobust-O-X,3,-0.6667,0.0
2.0,uncap,DoublyRobust-O-X,3,-0.3333,0.8704
2.0,uncap,DoublyRobust-O-X,3,0.0,0.974
2.0,uncap,DoublyRobust-O-X,3,0.3333,1.0
2.0,uncap,DoublyRobust-O-X,3,0.6667,1.0
2.0,uncap,DoublyRobust-O-X,3,1.0,0.9317
2.0,uncap,DoublyRobust-O-X,4,-1.0,0.0
2.0,uncap,DoublyRobust-O-X,4,-0.6667,0.0
2.0,uncap,DoublyRobust-O-X,4,-0.3333,0.8473
2.0,uncap,DoublyRobust-O-X,4,0.0,0.9472
2.0,uncap,DoublyRobust-O-X,4,0.3333,1.0
2.0,uncap,DoublyRobust-O-X,4,0.6667,1.0
2.0,uncap,DoublyRobust-O-X,4,1.0,0.9816
2.0,uncap,DoublyRobust-O-X,5,-1.0,0.0
2.0,uncap,DoublyRobust-O-X,5,-0.6667,0.0
2.0,uncap,DoublyRobust-O-X,5,-0.3333,0.8249
2.0,uncap,DoublyRobust-O-X,5,0.0,0.9069
2.0,uncap,DoublyRobust-O-X,5,0.3333,1.0
2.0,uncap,DoublyRobust-O-X,5,0.6667,1.0
2.0,uncap,DoublyRobust-O-X,5,1.0,0.9948
2.0,uncap,DoublyRobust-O-X,6,-1.0,0.25
2.0,uncap,DoublyRobust-O-X,6,-0.6667,0.0
2.0,uncap,DoublyRobust-O-X,6,-0.3333,0.7881
2.0,uncap,DoublyRobust-O-X,6,0.0,0.8842
2.0,uncap,DoublyRobust-O-X,6,0.3333,1.0
2.0,uncap,DoublyRobust-O-X,6,0.6667,1.0
2.0,uncap,DoublyRobust-O-X,6,1.0,0.9913
2.0,uncap,DoublyRobust-O-X,8,-1.0,0.25
2.0,uncap,DoublyRobust-O-X,8,-0.6667,0.0
2.0,uncap,DoublyRobust-O-X,8,-0.3333,0.7636
2.0,uncap,DoublyRobust-O-X,8,0.0,0.8624
2.0,uncap,DoublyRobust-O-X,8,0.3333,1.0
2.0,uncap,DoublyRobust-O-X,8,0.6667,1.0
2.0,uncap,DoublyRobust-O-X,8,1.0,0.9961
2.0,uncap,Hajek-O-X,1,-1.0,0.0
2.0,uncap,Hajek-O-X,1,-0.6667,0.0
2.0,uncap,Hajek-O-X,1,-0.3333,1.0
2.0,uncap,Hajek-O-X,1,0.0,1.0
2.0,uncap,Hajek-O-X,1,0.3333,1.0
2.0,uncap,Hajek-O-X,1,0.6667,1.0
2.0,uncap,Hajek-O-X,1,1.0,0.5
2.0,uncap,Hajek-O-X,1.5,-1.0,0.0
2.0,uncap,Hajek-O-X,1.5,-0.6667,0.0
2.0,uncap,Hajek-O-X,1.5,-0.3333,0.4765
2.0,uncap,Hajek-O-X,1.5,0.0,1.0
2.0,uncap,Hajek-O-X,1.5,0.3333,1.0
2.0,uncap,Hajek-O-X,1.5,0.6667,0.169
2.0,uncap,Hajek-O-X,1.5,1.0,0.1391
2.0,uncap,Hajek-O-X,2,-1.0,0.0
2.0,uncap,Hajek-O-X,2,-0.6667,0.0
2.0,uncap,Hajek-O-X,2,-0.3333,0.2407
2.0,uncap,Hajek-O-X,2,0.0,0.5059
2.0,uncap,Hajek-O-X,2,0.3333,0.2597
2.0,uncap,Hajek-O-X,2,0.6667,0.0143
2.0,uncap,Hajek-O-X,2,1.0,0.0131
2.0,uncap,Hajek-O-X,2.5,-1.0,0.0
2.0,uncap,Hajek-O-X,2.5,-0.6667,0.0
2.0,uncap,Hajek-O-X,2.5,-0.3333,0.0
2.0,uncap,Hajek-O-X,2.5,0.0,0.0
2.0,uncap,Hajek-O-X,2.5,0.3333,0.0
2.0,uncap,Hajek-O-X,2.5,0.6667,0.0
2.0,uncap,Hajek-O-X,2.5,1.0,0.0
2.0,uncap,Hajek-O-X,3,-1.0,0.0
2.0,uncap,Hajek-O-X,3,-0.6667,0.0
2.0,uncap,Hajek-O-X,3,-0.3333,0.0
2.0,uncap,Hajek-O-X,3,0.0,0.0
2.0,uncap,Hajek-O-X,3,0.3333,0.0
2.0,uncap,Hajek-O-X,3,0.6667,0.0
2.0,uncap,Hajek-O-X,3,1.0,0.0
2.0,uncap,Hajek-O-X,4,-1.0,0.0
2.0,uncap,Hajek-O-X,4,-0.6667,0.0
2.0,uncap,Hajek-O-X,4,-0.3333,0.0
2.0,uncap,Hajek-O-X,4,0.0,0.0
2.0,uncap,Hajek-O-X,4,0.3333,0.0
2.0,uncap,Hajek-O-X,4,0.6667,0.0
2.0,uncap,Hajek-O-X,4,1.0,0.0
2.0,uncap,Hajek-O-X,5,-1.0,0.0
2.0,uncap,Hajek-O-X,5,-0.6667,0.0
2.0,uncap,Hajek-O-X,5,-0.3333,0.0
2.0,uncap,Hajek-O-X,5,0.0,0.0
2.0,uncap,Hajek-O-X,5,0.3333,0.0
2.0,uncap,Hajek-O-X,5,0.6667,0.0
2.0,uncap,Hajek-O-X,5,1.0,0.0
2.0,uncap,Hajek-O-X,6,-1.0,0.0
2.0,uncap,Hajek-O-X,6,-0.6667,0.0
2.0,uncap,Hajek-O-X,6,-0.3333,0.0
2.0,uncap,Hajek-O-X,6,0.0,0.0
2.0,uncap,Hajek-O-X,6,0.3333,0.0
2.0,uncap,Hajek-O-X,6,0.6667,0.0
2.0,uncap,Hajek-O-X,6,1.0,0.0
2.0,uncap,Hajek-O-X,8,-1.0,0.0
2.0,uncap,Hajek-O-X,8,-0.6667,0.0
2.0,uncap,Hajek-O-X,8,-0.3333,0.0
2.0,uncap,Hajek-O-X,8,0.0,0.0
2.0,uncap,Hajek-O-X,8,0.3333,0.0
2.0,uncap,Hajek-O-X,8,0.6667,0.0
2.0,uncap,Hajek-O-X,8,1.0,0.0
2.0,uncap,IPW-O-W,1,-1.0,0.0
2.0,uncap,IPW-O-W,1,-0.6667,0.0
2.0,uncap,IPW-O-W,1,-0.3333,1.0
2.0,uncap,IPW-O-W,1,0.0,1.0
2.0,uncap,IPW-O-W,1,0.3333,1.0
2.0,uncap,IPW-O-W,1,0.6667,1.0
2.0,uncap,IPW-O-W,1,1.0,0.5
2.0,uncap,IPW-O-W,1.5,-1.0,0.0
2.0,uncap,IPW-O-W,1.5,-0.6667,0.307
2.0,uncap,IPW-O-W,1.5,-0.3333,0.6883
2.0,uncap,IPW-O-W,1.5,0.0,1.0
2.0,uncap,IPW-O-W,1.5,0.3333,1.0
2.0,uncap,IPW-O-W,1.5,0.6667,1.0
2.0,uncap,IPW-O-W,1.5,1.0,1.0
2.0,uncap,IPW-O-W,2,-1.0,0.0
2.0,uncap,IPW-O-W,2,-0.6667,0.0
2.0,uncap,IPW-O-W,2,-0.3333,0.377
2.0,uncap,IPW-O-W,2,0.0,1.0
2.0,uncap,IPW-O-W,2,0.3333,1.0
2.0,uncap,IPW-O-W,2,0.6667,0.9331
2.0,uncap,IPW-O-W,2,1.0,1.0
2.0,uncap,IPW-O-W,2.5,-1.0,0.0
2.0,uncap,IPW-O-W,2.5,-0.6667,0.0
2.0,uncap,IPW-O-W,2.5,-0.3333,0.2551
2.0,uncap,IPW-O-W,2.5,0.0,0.9162
2.0,uncap,IPW-O-W,2.5,0.3333,1.0
2.0,uncap,IPW-O-W,2.5,0.6667,0.904
2.0,uncap,IPW-O-W,2.5,1.0,1.0
2.0,uncap,IPW-O-W,3,-1.0,0.0
2.0,uncap,IPW-O-W,3,-0.6667,0.0608
2.0,uncap,IPW-O-W,3,-0.3333,0.2749
2.0,uncap,IPW-O-W,3,0.0,0.8227
2.0,uncap,IPW-O-W,3,0.3333,1.0
2.0,uncap,IPW-O-W,3,0.6667,0.8626
2.0,uncap,IPW-O-W,3,1.0,1.0
2.0,uncap,IPW-O-W,4,-1.0,0.0
2.0,uncap,IPW-O-W,4,-0.6667,0.0
2.0,uncap,IPW-O-W,4,-0.3333,0.2999
2.0,uncap,IPW-O-W,4,0.0,0.7003
2.0,uncap,IPW-O-W,4,0.3333,1.0
2.0,uncap,IPW-O-W,4,0.6667,0.8104
2.0,uncap,IPW-O-W,4,1.0,1.0
2.0,uncap,IPW-O-W,5,-1.0,0.0
2.0,uncap,IPW-O-W,5,-0.6667,0.0
2.0,uncap,IPW-O-W,5,-0.3333,0.3041
2.0,uncap,IPW-O-W,5,0.0,0.6081
2.0,uncap,IPW-O-W,5,0.3333,1.0
2.0,uncap,IPW-O-W,5,0.6667,0.8108
2.0,uncap,IPW-O-W,5,1.0,1.0
2.0,uncap,IPW-O-W,6,-1.0,0.0
2.0,uncap,IPW-O-W,6,-0.6667,0.0
2.0,uncap,IPW-O-W,6,-0.3333,0.2858
2.0,uncap,IPW-O-W,6,0.0,0.5504
2.0,uncap,IPW-O-W,6,0.3333,1.0
2.0,uncap,IPW-O-W,6,0.6667,0.813
2.0,uncap,IPW-O-W,6,1.0,1.0
2.0,uncap,IPW-O-W,8,-1.0,0.0
2.0,uncap,IPW-O-W,8,-0.6667,0.0
2.0,uncap,IPW-O-W,8,-0.3333,0.2752
2.0,uncap,IPW-O-W,8,0.0,0.5002
2.0,uncap,IPW-O-W,8,0.3333,1.0
2.0,uncap,IPW-O-W,8,0.6667,0.763
2.0,uncap,IPW-O-W,8,1.0,1.0
2.0,uncap,DoublyRobust-O-W,1,-1.0,0.0
2.0,uncap,DoublyRobust-O-W,1,-0.6667,0.0
2.0,uncap,DoublyRobust-O-W,1,-0.3333,0.75
2.0,uncap,DoublyRobust-O-W,1,0.0,1.0
2.0,uncap,DoublyRobust-O-W,1,0.3333,1.0
2.0,uncap,DoublyRobust-O-W,1,0.6667,1.0
2.0,uncap,DoublyRobust-O-W,1,1.0,1.0
2.0,uncap,DoublyRobust-O-W,1.5,-1.0,0.0
2.0,uncap,DoublyRobust-O-W,1.5,-0.6667,0.0
2.0,uncap,DoublyRobust-O-W,1.5,-0.3333,0.7552
2.0,uncap,DoublyRobust-O-W,1.5,0.0,1.0
2.0,uncap,DoublyRobust-O-W,1.5,0.3333,1.0
2.0,uncap,DoublyRobust-O-W,1.5,0.6667,1.0
2.0,uncap,DoublyRobust-O-W,1.5,1.0,1.0
2.0,uncap,DoublyRobust-O-W,2,-1.0,0.0
2.0,uncap,DoublyRobust-O-W,2,-0.6667,0.0
2.0,uncap,DoublyRobust-O-W,2,-0.3333,0.7241
2.0,uncap,DoublyRobust-O-W,2,0.0,1.0
2.0,uncap,DoublyRobust-O-W,2,0.3333,1.0
2.0,uncap,DoublyRobust-O-W,2,0.6667,1.0
2.0,uncap,DoublyRobust-O-W,2,1.0,1.0
2.0,uncap,DoublyRobust-O-W,2.5,-1.0,0.0
2.0,uncap,DoublyRobust-O-W,2.5,-0.6667,0.0
2.0,uncap,DoublyRobust-O-W,2.5,-0.3333,0.6658
2.0,uncap,DoublyRobust-O-W,2.5,0.0,0.9735
2.0,uncap,DoublyRobust-O-W,2.5,0.3333,1.0
2.0,uncap,DoublyRobust-O-W,2.5,0.6667,1.0
2.0,uncap,DoublyRobust-O-W,2.5,1.0,1.0
2.0,uncap,DoublyRobust-O-W,3,-1.0,0.0
2.0,uncap,DoublyRobust-O-W,3,-0.6667,0.0
2.0,uncap,DoublyRobust-O-W,3,-0.3333,0.6787
2.0,uncap,DoublyRobust-O-W,3,0.0,0.9712
2.0,uncap,DoublyRobust-O-W,3,0.3333,1.0
2.0,uncap,DoublyRobust-O-W,3,0.6667,1.0
2.0,uncap,DoublyRobust-O-W,3,1.0,0.9944
2.0,uncap,DoublyRobust-O-W,4,-1.0,0.0
2.0,uncap,DoublyRobust-O-W,4,-0.6667,0.0
2.0,uncap,DoublyRobust-O-W,4,-0.3333,0.6028
2.0,uncap,DoublyRobust-O-W,4,0.0,0.9287
2.0,uncap,DoublyRobust-O-W,4,0.3333,1.0
2.0,uncap,DoublyRobust-O-W,4,0.6667,1.0
2.0,uncap,DoublyRobust-O-W,4,1.0,0.9504
2.0,uncap,DoublyRobust-O-W,5,-1.0,0.0
2.0,uncap,DoublyRobust-O-W,5,-0.6667,0.0
2.0,uncap,DoublyRobust-O-W,5,-0.3333,0.5977
2.0,uncap,DoublyRobust-O-W,5,0.0,0.9219
2.0,uncap,DoublyRobust-O-W,5,0.3333,1.0
2.0,uncap,DoublyRobust-O-W,5,0.6667,1.0
2.0,uncap,DoublyRobust-O-W,5,1.0,0.9221
2.0,uncap,DoublyRobust-O-W,6,-1.0,0.25
2.0,uncap,DoublyRobust-O-W,6,-0.6667,0.0
2.0,uncap,DoublyRobust-O-W,6,-0.3333,0.5838
2.0,uncap,DoublyRobust-O-W,6,0.0,0.8944
2.0,uncap,DoublyRobust-O-W,6,0.3333,1.0
2.0,uncap,DoublyRobust-O-W,6,0.6667,1.0
2.0,uncap,DoublyRobust-O-W,6,1.0,0.9401
2.0,uncap,DoublyRobust-O-W,8,-1.0,0.2362
2.0,uncap,DoublyRobust-O-W,8,-0.6667,0.0
2.0,uncap,DoublyRobust-O-W,8,-0.3333,0.4089
2.0,uncap,DoublyRobust-O-W,8,0.0,0.6141
2.0,uncap,DoublyRobust-O-W,8,0.3333,1.0
2.0,uncap,DoublyRobust-O-W,8,0.6667,1.0
2.0,uncap,DoublyRobust-O-W,8,1.0,0.8608
2.0,cap,IPW-X-X,1,-1.0,0.0
2.0,cap,IPW-X-X,1,-0.6667,0.0
2.0,cap,IPW-X-X,1,-0.3333,0.6047
2.0,cap,IPW-X-X,1,0.0,1.0
2.0,cap,IPW-X-X,1,0.3333,1.0
2.0,cap,IPW-X-X,1,0.6667,0.6128
2.0,cap,IPW-X-X,1,1.0,0.2216
2.0,cap,IPW-X-X,1.5,-1.0,0.0
2.0,cap,IPW-X-X,1.5,-0.6667,0.0
2.0,cap,IPW-X-X,1.5,-0.3333,0.6047
2.0,cap,IPW-X-X,1.5,0.0,1.0
2.0,cap,IPW-X-X,1.5,0.3333,1.0
2.0,cap,IPW-X-X,1.5,0.6667,0.6128
2.0,cap,IPW-X-X,1.5,1.0,0.2216
2.0,cap,IPW-X-X,2,-1.0,0.0
2.0,cap,IPW-X-X,2,-0.6667,0.0
2.0,cap,IPW-X-X,2,-0.3333,0.6047
2.0,cap,IPW-X-X,2,0.0,1.0
2.0,cap,IPW-X-X,2,0.3333,1.0
2.0,cap,IPW-X-X,2,0.6667,0.6128
2.0,cap,IPW-X-X,2,1.0,0.2216
2.0,cap,IPW-X-X,2.5,-1.0,0.0
2.0,cap,IPW-X-X,2.5,-0.6667,0.0
2.0,cap,IPW-X-X,2.5,-0.3333,0.6047
2.0,cap,IPW-X-X,2.5,0.0,1.0
2.0,cap,IPW-X-X,2.5,0.3333,1.0
2.0,cap,IPW-X-X,2.5,0.6667,0.6128
2.0,cap,IPW-X-X,2.5,1.0,0.2216
2.0,cap,IPW-X-X,3,-1.0,0.0
2.0,cap,IPW-X-X,3,-0.6667,0.0
2.0,cap,IPW-X-X,3,-0.3333,0.6047
2.0,cap,IPW-X-X,3,0.0,1.0
2.0,cap,IPW-X-X,3,0.3333,1.0
2.0,cap,IPW-X-X,3,0.6667,0.6128
2.0,cap,IPW-X-X,3,1.0,0.2216
2.0,cap,IPW-X-X,4,-1.0,0.0
2.0,cap,IPW-X-X,4,-0.6667,0.0
2.0,cap,IPW-X-X,4,-0.3333,0.6047
2.0,cap,IPW-X-X,4,0.0,1.0
2.0,cap,IPW-X-X,4,0.3333,1.0
2.0,cap,IPW-X-X,4,0.6667,0.6128
2.0,cap,IPW-X-X,4,1.0,0.2216
2.0,cap,IPW-X-X,5,-1.0,0.0
2.0,cap,IPW-X-X,5,-0.6667,0.0
2.0,cap,IPW-X-X,5,-0.3333,0.6047
2.0,cap,IPW-X-X,5,0.0,1.0
2.0,cap,IPW-X-X,5,0.3333,1.0
2.0,cap,IPW-X-X,5,0.6667,0.6128
2.0,cap,IPW-X-X,5,1.0,0.2216
2.0,cap,IPW-X-X,6,-1.0,0.0
2.0,cap,IPW-X-X,6,-0.6667,0.0
2.0,cap,IPW-X-X,6,-0.3333,0.6047
2.0,cap,IPW-X-X,6,0.0,1.0
2.0,cap,IPW-X-X,6,0.3333,1.0
2.0,cap,IPW-X-X,6,0.6667,0.6128
2.0,cap,IPW-X-X,6,1.0,0.2216
2.0,cap,IPW-X-X,8,-1.0,0.0
2.0,cap,IPW-X-X,8,-0.6667,0.0
2.0,cap,IPW-X-X,8,-0.3333,0.6047
2.0,cap,IPW-X-X,8,0.0,1.0
2.0,cap,IPW-X-X,8,0.3333,1.0
2.0,cap,IPW-X-X,8,0.6667,0.6128
2.0,cap,IPW-X-X,8,1.0,0.2216
2.0,cap,DoublyRobust-X-X,1,-1.0,0.0
2.0,cap,DoublyRobust-X-X,1,-0.6667,0.0
2.0,cap,DoublyRobust-X-X,1,-0.3333,0.0
2.0,cap,DoublyRobust-X-X,1,0.0,1.0
2.0,cap,DoublyRobust-X-X,1,0.3333,1.0
2.0,cap,DoublyRobust-X-X,1,0.6667,0.4671
2.0,cap,DoublyRobust-X-X,1,1.0,1.0
2.0,cap,DoublyRobust-X-X,1.5,-1.0,0.0
2.0,cap,DoublyRobust-X-X,1.5,-0.6667,0.0
2.0,cap,DoublyRobust-X-X,1.5,-0.3333,0.0
2.0,cap,DoublyRobust-X-X,1.5,0.0,1.0
2.0,cap,DoublyRobust-X-X,1.5,0.3333,1.0
2.0,cap,DoublyRobust-X-X,1.5,0.6667,0.4671
2.0,cap,DoublyRobust-X-X,1.5,1.0,1.0
2.0,cap,DoublyRobust-X-X,2,-1.0,0.0
2.0,cap,DoublyRobust-X-X,2,-0.6667,0.0
2.0,cap,DoublyRobust-X-X,2,-0.3333,0.0
2.0,cap,DoublyRobust-X-X,2,0.0,1.0
2.0,cap,DoublyRobust-X-X,2,0.3333,1.0
2.0,cap,DoublyRobust-X-X,2,0.6667,0.4671
2.0,cap,DoublyRobust-X-X,2,1.0,1.0
2.0,cap,DoublyRobust-X-X,2.5,-1.0,0.0
2.0,cap,DoublyRobust-X-X,2.5,-0.6667,0.0
2.0,cap,DoublyRobust-X-X,2.5,-0.3333,0.0
2.0,cap,DoublyRobust-X-X,2.5,0.0,1.0
2.0,cap,DoublyRobust-X-X,2.5,0.3333,1.0
2.0,cap,DoublyRobust-X-X,2.5,0.6667,0.4671
2.0,cap,DoublyRobust-X-X,2.5,1.0,1.0
2.0,cap,DoublyRobust-X-X,3,-1.0,0.0
2.0,cap,DoublyRobust-X-X,3,-0.6667,0.0
2.0,cap,DoublyRobust-X-X,3,-0.3333,0.0
2.0,cap,DoublyRobust-X-X,3,0.0,1.0
2.0,cap,DoublyRobust-X-X,3,0.3333,1.0
2.0,cap,DoublyRobust-X-X,3,0.6667,0.4671
2.0,cap,DoublyRobust-X-X,3,1.0,1.0
2.0,cap,DoublyRobust-X-X,4,-1.0,0.0
2.0,cap,DoublyRobust-X-X,4,-0.6667,0.0
2.0,cap,DoublyRobust-X-X,4,-0.3333,0.0
2.0,cap,DoublyRobust-X-X,4,0.0,1.0
2.0,cap,DoublyRobust-X-X,4,0.3333,1.0
2.0,cap,DoublyRobust-X-X,4,0.6667,0.4671
2.0,cap,DoublyRobust-X-X,4,1.0,1.0
2.0,cap,DoublyRobust-X-X,5,-1.0,0.0
2.0,cap,DoublyRobust-X-X,5,-0.6667,0.0
2.0,cap,DoublyRobust-X-X,5,-0.3333,0.0
2.0,cap,DoublyRobust-X-X,5,0.0,1.0
2.0,cap,DoublyRobust-X-X,5,0.3333,1.0
2.0,cap,DoublyRobust-X-X,5,0.6667,0.4671
2.0,cap,DoublyRobust-X-X,5,1.0,1.0
2.0,cap,DoublyRobust-X-X,6,-1.0,0.0
2.0,cap,DoublyRobust-X-X,6,-0.6667,0.0
2.0,cap,DoublyRobust-X-X,6,-0.3333,0.0
2.0,cap,DoublyRobust-X-X,6,0.0,1.0
2.0,cap,DoublyRobust-X-X,6,0.3333,1.0
2.0,cap,DoublyRobust-X-X,6,0.6667,0.4671
2.0,cap,DoublyRobust-X-X,6,1.0,1.0
2.0,cap,DoublyRobust-X-X,8,-1.0,0.0
2.0,cap,DoublyRobust-X-X,8,-0.6667,0.0
2.0,cap,DoublyRobust-X-X,8,-0.3333,0.0
2.0,cap,DoublyRobust-X-X,8,0.0,1.0
2.0,cap,DoublyRobust-X-X,8,0.3333,1.0
2.0,cap,DoublyRobust-X-X,8,0.6667,0.4671
2.0,cap,DoublyRobust-X-X,8,1.0,1.0
2.0,cap,Direct-X-X,1,-1.0,0.0
2.0,cap,Direct-X-X,1,-0.6667,0.0
2.0,cap,Direct-X-X,1,-0.3333,0.5
2.0,cap,Direct-X-X,1,0.0,1.0
2.0,cap,Direct-X-X,1,0.3333,1.0
2.0,cap,Direct-X-X,1,0.6667,0.0
2.0,cap,Direct-X-X,1,1.0,0.0
2.0,cap,Direct-X-X,1.5,-1.0,0.0
2.0,cap,Direct-X-X,1.5,-0.6667,0.0
2.0,cap,Direct-X-X,1.5,-0.3333,0.5
2.0,cap,Direct-X-X,1.5,0.0,1.0
2.0,cap,Direct-X-X,1.5,0.3333,1.0
2.0,cap,Direct-X-X,1.5,0.6667,0.0
2.0,cap,Direct-X-X,1.5,1.0,0.0
2.0,cap,Direct-X-X,2,-1.0,0.0
2.0,cap,Direct-X-X,2,-0.6667,0.0
2.0,cap,Direct-X-X,2,-0.3333,0.5
2.0,cap,Direct-X-X,2,0.0,1.0
2.0,cap,Direct-X-X,2,0.3333,1.0
2.0,cap,Direct-X-X,2,0.6667,0.0
2.0,cap,Direct-X-X,2,1.0,0.0
2.0,cap,Direct-X-X,2.5,-1.0,0.0
2.0,cap,Direct-X-X,2.5,-0.6667,0.0
2.0,cap,Direct-X-X,2.5,-0.3333,0.5
2.0,cap,Direct-X-X,2.5,0.0,1.0
2.0,cap,Direct-X-X,2.5,0.3333,1.0
2.0,cap,Direct-X-X,2.5,0.6667,0.0
2.0,cap,Direct-X-X,2.5,1.0,0.0
2.0,cap,Direct-X-X,3,-1.0,0.0
2.0,cap,Direct-X-X,3,-0.6667,0.0
2.0,cap,Direct-X-X,3,-0.3333,0.5
2.0,cap,Direct-X-X,3,0.0,1.0
2.0,cap,Direct-X-X,3,0.3333,1.0
2.0,cap,Direct-X-X,3,0.6667,0.0
2.0,cap,Direct-X-X,3,1.0,0.0
2.0,cap,Direct-X-X,4,-1.0,0.0
2.0,cap,Direct-X-X,4,-0.6667,0.0
2.0,cap,Direct-X-X,4,-0.3333,0.5
2.0,cap,Direct-X-X,4,0.0,1.0
2.0,cap,Direct-X-X,4,0.3333,1.0
2.0,cap,Direct-X-X,4,0.6667,0.0
2.0,cap,Direct-X-X,4,1.0,0.0
2.0,cap,Direct-X-X,5,-1.0,0.0
2.0,cap,Direct-X-X,5,-0.6667,0.0
2.0,cap,Direct-X-X,5,-0.3333,0.5
2.0,cap,Direct-X-X,5,0.0,1.0
2.0,cap,Direct-X-X,5,0.3333,1.0
2.0,cap,Direct-X-X,5,0.6667,0.0
2.0,cap,Direct-X-X,5,1.0,0.0
2.0,cap,Direct-X-X,6,-1.0,0.0
2.0,cap,Direct-X-X,6,-0.6667,0.0
2.0,cap,Direct-X-X,6,-0.3333,0.5
2.0,cap,Direct-X-X,6,0.0,1.0
2.0,cap,Direct-X-X,6,0.3333,1.0
2.0,cap,Direct-X-X,6,0.6667,0.0
2.0,cap,Direct-X-X,6,1.0,0.0
2.0,cap,Direct-X-X,8,-1.0,0.0
2.0,cap,Direct-X-X,8,-0.6667,0.0
2.0,cap,Direct-X-X,8,-0.3333,0.5
2.0,cap,Direct-X-X,8,0.0,1.0
2.0,cap,Direct-X-X,8,0.3333,1.0
2.0,cap,Direct-X-X,8,0.6667,0.0
2.0,cap,Direct-X-X,8,1.0,0.0
2.0,cap,IPW-O-X,1,-1.0,0.0
2.0,cap,IPW-O-X,1,-0.6667,0.0
2.0,cap,IPW-O-X,1,-0.3333,0.6047
2.0,cap,IPW-O-X,1,0.0,1.0
2.0,cap,IPW-O-X,1,0.3333,1.0
2.0,cap,IPW-O-X,1,0.6667,0.6128
2.0,cap,IPW-O-X,1,1.0,0.2216
2.0,cap,IPW-O-X,1.5,-1.0,0.0
2.0,cap,IPW-O-X,1.5,-0.6667,0.0251
2.0,cap,IPW-O-X,1.5,-0.3333,0.5457
2.0,cap,IPW-O-X,1.5,0.0,1.0
2.0,cap,IPW-O-X,1.5,0.3333,1.0
2.0,cap,IPW-O-X,1.5,0.6667,0.6244
2.0,cap,IPW-O-X,1.5,1.0,0.2451
2.0,cap,IPW-O-X,2,-1.0,0.0
2.0,cap,IPW-O-X,2,-0.6667,0.0
2.0,cap,IPW-O-X,2,-0.3333,0.103
2.0,cap,IPW-O-X,2,0.0,1.0
2.0,cap,IPW-O-X,2,0.3333,1.0
2.0,cap,IPW-O-X,2,0.6667,0.5489
2.0,cap,IPW-O-X,2,1.0,0.0487
2.0,cap,IPW-O-X,2.5,-1.0,0.0
2.0,cap,IPW-O-X,2.5,-0.6667,0.0
2.0,cap,IPW-O-X,2.5,-0.3333,0.0447
2.0,cap,IPW-O-X,2.5,0.0,0.7569
2.0,cap,IPW-O-X,2.5,0.3333,1.0
2.0,cap,IPW-O-X,2.5,0.6667,0.5
2.0,cap,IPW-O-X,2.5,1.0,0.0
2.0,cap,IPW-O-X,3,-1.0,0.0
2.0,cap,IPW-O-X,3,-0.6667,0.0
2.0,cap,IPW-O-X,3,-0.3333,0.0224
2.0,cap,IPW-O-X,3,0.0,0.5167
2.0,cap,IPW-O-X,3,0.3333,1.0
2.0,cap,IPW-O-X,3,0.6667,0.5
2.0,cap,IPW-O-X,3,1.0,0.0
2.0,cap,IPW-O-X,4,-1.0,0.0
2.0,cap,IPW-O-X,4,-0.6667,0.0
2.0,cap,IPW-O-X,4,-0.3333,0.0039
2.0,cap,IPW-O-X,4,0.0,0.2621
2.0,cap,IPW-O-X,4,0.3333,1.0
2.0,cap,IPW-O-X,4,0.6667,0.5
2.0,cap,IPW-O-X,4,1.0,0.0
2.0,cap,IPW-O-X,5,-1.0,0.0
2.0,cap,IPW-O-X,5,-0.6667,0.0
2.0,cap,IPW-O-X,5,-0.3333,0.0
2.0,cap,IPW-O-X,5,0.0,0.0141
2.0,cap,IPW-O-X,5,0.3333,1.0
2.0,cap,IPW-O-X,5,0.6667,0.25
2.0,cap,IPW-O-X,5,1.0,0.0
2.0,cap,IPW-O-X,6,-1.0,0.0
2.0,cap,IPW-O-X,6,-0.6667,0.0
2.0,cap,IPW-O-X,6,-0.3333,0.0
2.0,cap,IPW-O-X,6,0.0,0.0077
2.0,cap,IPW-O-X,6,0.3333,1.0
2.0,cap,IPW-O-X,6,0.6667,0.25
2.0,cap,IPW-O-X,6,1.0,0.0
2.0,cap,IPW-O-X,8,-1.0,0.0
2.0,cap,IPW-O-X,8,-0.6667,0.0
2.0,cap,IPW-O-X,8,-0.3333,0.0
2.0,cap,IPW-O-X,8,0.0,0.0
2.0,cap,IPW-O-X,8,0.3333,1.0
2.0,cap,IPW-O-X,8,0.6667,0.25
2.0,cap,IPW-O-X,8,1.0,0.0
2.0,cap,DoublyRobust-O-X,1,-1.0,0.0
2.0,cap,DoublyRobust-O-X,1,-0.6667,0.0
2.0,cap,DoublyRobust-O-X,1,-0.3333,0.0
2.0,cap,DoublyRobust-O-X,1,0.0,1.0
2.0,cap,DoublyRobust-O-X,1,0.3333,1.0
2.0,cap,DoublyRobust-O-X,1,0.6667,0.4671
2.0,cap,DoublyRobust-O-X,1,1.0,1.0
2.0,cap,DoublyRobust-O-X,1.5,-1.0,0.0
2.0,cap,DoublyRobust-O-X,1.5,-0.6667,0.0
2.0,cap,DoublyRobust-O-X,1.5,-0.3333,0.2515
2.0,cap,DoublyRobust-O-X,1.5,0.0,1.0
2.0,cap,DoublyRobust-O-X,1.5,0.3333,1.0
2.0,cap,DoublyRobust-O-X,1.5,0.6667,0.4553
2.0,cap,DoublyRobust-O-X,1.5,1.0,0.75
2.0,cap,DoublyRobust-O-X,2,-1.0,0.0
2.0,cap,DoublyRobust-O-X,2,-0.6667,0.0
2.0,cap,DoublyRobust-O-X,2,-0.3333,0.4885
2.0,cap,DoublyRobust-O-X,2,0.0,0.9367
2.0,cap,DoublyRobust-O-X,2,0.3333,1.0
2.0,cap,DoublyRobust-O-X,2,0.6667,0.8134
2.0,cap,DoublyRobust-O-X,2,1.0,0.1986
2.0,cap,DoublyRobust-O-X,2.5,-1.0,0.0
2.0,cap,DoublyRobust-O-X,2.5,-0.6667,0.0
2.0,cap,DoublyRobust-O-X,2.5,-0.3333,0.4956
2.0,cap,DoublyRobust-O-X,2.5,0.0,0.8932
2.0,cap,DoublyRobust-O-X,2.5,0.3333,1.0
2.0,cap,DoublyRobust-O-X,2.5,0.6667,0.8978
2.0,cap,DoublyRobust-O-X,2.5,1.0,0.1559
2.0,cap,DoublyRobust-O-X,3,-1.0,0.0
2.0,cap,DoublyRobust-O-X,3,-0.6667,0.0
2.0,cap,DoublyRobust-O-X,3,-0.3333,0.4399
2.0,cap,DoublyRobust-O-X,3,0.0,0.8414
2.0,cap,DoublyRobust-O-X,3,0.3333,1.0
2.0,cap,DoublyRobust-O-X,3,0.6667,1.0
2.0,cap,DoublyRobust-O-X,3,1.0,0.1619
2.0,cap,DoublyRobust-O-X,4,-1.0,0.0
2.0,cap,DoublyRobust-O-X,4,-0.6667,0.0
2.0,cap,DoublyRobust-O-X,4,-0.3333,0.4046
2.0,cap,DoublyRobust-O-X,4,0.0,0.7631
2.0,cap,DoublyRobust-O-X,4,0.3333,1.0
2.0,cap,DoublyRobust-O-X,4,0.6667,1.0
2.0,cap,DoublyRobust-O-X,4,1.0,0.2842
2.0,cap,DoublyRobust-O-X,5,-1.0,0.0
2.0,cap,DoublyRobust-O-X,5,-0.6667,0.0
2.0,cap,DoublyRobust-O-X,5,-0.3333,0.3536
2.0,cap,DoublyRobust-O-X,5,0.0,0.7058
2.0,cap,DoublyRobust-O-X,5,0.3333,1.0
2.0,cap,DoublyRobust-O-X,5,0.6667,1.0
2.0,cap,DoublyRobust-O-X,5,1.0,0.3998
2.0,cap,DoublyRobust-O-X,6,-1.0,0.0
2.0,cap,DoublyRobust-O-X,6,-0.6667,0.0
2.0,cap,DoublyRobust-O-X,6,-0.3333,0.3552
2.0,cap,DoublyRobust-O-X,6,0.0,0.6667
2.0,cap,DoublyRobust-O-X,6,0.3333,1.0
2.0,cap,DoublyRobust-O-X,6,0.6667,1.0
2.0,cap,DoublyRobust-O-X,6,1.0,0.4402
2.0,cap,DoublyRobust-O-X,8,-1.0,0.0
2.0,cap,DoublyRobust-O-X,8,-0.6667,0.0
2.0,cap,DoublyRobust-O-X,8,-0.3333,0.3607
2.0,cap,DoublyRobust-O-X,8,0.0,0.6373
2.0,cap,DoublyRobust-O-X,8,0.3333,1.0
2.0,cap,DoublyRobust-O-X,8,0.6667,1.0
2.0,cap,DoublyRobust-O-X,8,1.0,0.4653
2.0,cap,Hajek-O-X,1,-1.0,0.0
2.0,cap,Hajek-O-X,1,-0.6667,0.0
2.0,cap,Hajek-O-X,1,-0.3333,0.6047
2.0,cap,Hajek-O-X,1,0.0,1.0
2.0,cap,Hajek-O-X,1,0.3333,1.0
2.0,cap,Hajek-O-X,1,0.6667,0.6128
2.0,cap,Hajek-O-X,1,1.0,0.2216
2.0,cap,Hajek-O-X,1.5,-1.0,0.0
2.0,cap,Hajek-O-X,1.5,-0.6667,0.0
2.0,cap,Hajek-O-X,1.5,-0.3333,0.4765
2.0,cap,Hajek-O-X,1.5,0.0,1.0
2.0,cap,Hajek-O-X,1.5,0.3333,1.0
2.0,cap,Hajek-O-X,1.5,0.6667,0.169
2.0,cap,Hajek-O-X,1.5,1.0,0.1391
2.0,cap,Hajek-O-X,2,-1.0,0.0
2.0,cap,Hajek-O-X,2,-0.6667,0.0
2.0,cap,Hajek-O-X,2,-0.3333,0.2407
2.0,cap,Hajek-O-X,2,0.0,0.5059
2.0,cap,Hajek-O-X,2,0.3333,0.2597
2.0,cap,Hajek-O-X,2,0.6667,0.0143
2.0,cap,Hajek-O-X,2,1.0,0.0131
2.0,cap,Hajek-O-X,2.5,-1.0,0.0
2.0,cap,Hajek-O-X,2.5,-0.6667,0.0
2.0,cap,Hajek-O-X,2.5,-0.3333,0.0
2.0,cap,Hajek-O-X,2.5,0.0,0.0
2.0,cap,Hajek-O-X,2.5,0.3333,0.0
2.0,cap,Hajek-O-X,2.5,0.6667,0.0
2.0,cap,Hajek-O-X,2.5,1.0,0.0
2.0,cap,Hajek-O-X,3,-1.0,0.0
2.0,cap,Hajek-O-X,3,-0.6667,0.0
2.0,cap,Hajek-O-X,3,-0.3333,0.0
2.0,cap,Hajek-O-X,3,0.0,0.0
2.0,cap,Hajek-O-X,3,0.3333,0.0
2.0,cap,Hajek-O-X,3,0.6667,0.0
2.0,cap,Hajek-O-X,3,1.0,0.0
2.0,cap,Hajek-O-X,4,-1.0,0.0
2.0,cap,Hajek-O-X,4,-0.6667,0.0
2.0,cap,Hajek-O-X,4,-0.3333,0.0
2.0,cap,Hajek-O-X,4,0.0,0.0
2.0,cap,Hajek-O-X,4,0.3333,0.0
2.0,cap,Hajek-O-X,4,0.6667,0.0
2.0,cap,Hajek-O-X,4,1.0,0.0
2.0,cap,Hajek-O-X,5,-1.0,0.0
2.0,cap,Hajek-O-X,5,-0.6667,0.0
2.0,cap,Hajek-O-X,5,-0.3333,0.0
2.0,cap,Hajek-O-X,5,0.0,0.0
2.0,cap,Hajek-O-X,5,0.3333,0.0
2.0,cap,Hajek-O-X,5,0.6667,0.0
2.0,cap,Hajek-O-X,5,1.0,0.0
2.0,cap,Hajek-O-X,6,-1.0,0.0
2.0,cap,Hajek-O-X,6,-0.6667,0.0
2.0,cap,Hajek-O-X,6,-0.3333,0.0
2.0,cap,Hajek-O-X,6,0.0,0.0
2.0,cap,Hajek-O-X,6,0.3333,0.0
2.0,cap,Hajek-O-X,6,0.6667,0.0
2.0,cap,Hajek-O-X,6,1.0,0.0
2.0,cap,Hajek-O-X,8,-1.0,0.0
2.0,cap,Hajek-O-X,8,-0.6667,0.0
2.0,cap,Hajek-O-X,8,-0.3333,0.0
2.0,cap,Hajek-O-X,8,0.0,0.0
2.0,cap,Hajek-O-X,8,0.3333,0.0
2.0,cap,Hajek-O-X,8,0.6667,0.0
2.0,cap,Hajek-O-X,8,1.0,0.0
2.0,cap,IPW-O-W,1,-1.0,0.0
2.0,cap,IPW-O-W,1,-0.6667,0.0
2.0,cap,IPW-O-W,1,-0.3333,0.6047
2.0,cap,IPW-O-W,1,0.0,1.0
2.0,cap,IPW-O-W,1,0.3333,1.0
2.0,cap,IPW-O-W,1,0.6667,0.6128
2.0,cap,IPW-O-W,1,1.0,0.2216
2.0,cap,IPW-O-W,1.5,-1.0,0.0
2.0,cap,IPW-O-W,1.5,-0.6667,0.0
2.0,cap,IPW-O-W,1.5,-0.3333,0.5773
2.0,cap,IPW-O-W,1.5,0.0,1.0
2.0,cap,IPW-O-W,1.5,0.3333,1.0
2.0,cap,IPW-O-W,1.5,0.6667,0.5353
2.0,cap,IPW-O-W,1.5,1.0,0.3285
2.0,cap,IPW-O-W,2,-1.0,0.0
2.0,cap,IPW-O-W,2,-0.6667,0.0
2.0,cap,IPW-O-W,2,-0.3333,0.2844
2.0,cap,IPW-O-W,2,0.0,0.9146
2.0,cap,IPW-O-W,2,0.3333,1.0
2.0,cap,IPW-O-W,2,0.6667,0.5879
2.0,cap,IPW-O-W,2,1.0,0.6559
2.0,cap,IPW-O-W,2.5,-1.0,0.0
2.0,cap,IPW-O-W,2.5,-0.6667,0.0
2.0,cap,IPW-O-W,2.5,-0.3333,0.242
2.0,cap,IPW-O-W,2.5,0.0,0.7584
2.0,cap,IPW-O-W,2.5,0.3333,1.0
2.0,cap,IPW-O-W,2.5,0.6667,0.6674
2.0,cap,IPW-O-W,2.5,1.0,0.7751
2.0,cap,IPW-O-W,3,-1.0,0.0
2.0,cap,IPW-O-W,3,-0.6667,0.0
2.0,cap,IPW-O-W,3,-0.3333,0.1762
2.0,cap,IPW-O-W,3,0.0,0.6494
2.0,cap,IPW-O-W,3,0.3333,0.9098
2.0,cap,IPW-O-W,3,0.6667,0.7795
2.0,cap,IPW-O-W,3,1.0,0.9249
2.0,cap,IPW-O-W,4,-1.0,0.0
2.0,cap,IPW-O-W,4,-0.6667,0.0
2.0,cap,IPW-O-W,4,-0.3333,0.1613
2.0,cap,IPW-O-W,4,0.0,0.5175
2.0,cap,IPW-O-W,4,0.3333,1.0
2.0,cap,IPW-O-W,4,0.6667,0.7893
2.0,cap,IPW-O-W,4,1.0,0.987
2.0,cap,IPW-O-W,5,-1.0,0.0
2.0,cap,IPW-O-W,5,-0.6667,0.0
2.0,cap,IPW-O-W,5,-0.3333,0.1577
2.0,cap,IPW-O-W,5,0.0,0.4916
2.0,cap,IPW-O-W,5,0.3333,1.0
2.0,cap,IPW-O-W,5,0.6667,0.8073
2.0,cap,IPW-O-W,5,1.0,1.0
2.0,cap,IPW-O-W,6,-1.0,0.0
2.0,cap,IPW-O-W,6,-0.6667,0.0
2.0,cap,IPW-O-W,6,-0.3333,0.1422
2.0,cap,IPW-O-W,6,0.0,0.4424
2.0,cap,IPW-O-W,6,0.3333,1.0
2.0,cap,IPW-O-W,6,0.6667,0.8163
2.0,cap,IPW-O-W,6,1.0,1.0
2.0,cap,IPW-O-W,8,-1.0,0.0
2.0,cap,IPW-O-W,8,-0.6667,0.0
2.0,cap,IPW-O-W,8,-0.3333,0.1771
2.0,cap,IPW-O-W,8,0.0,0.4009
2.0,cap,IPW-O-W,8,0.3333,1.0
2.0,cap,IPW-O-W,8,0.6667,0.7722
2.0,cap,IPW-O-W,8,1.0,1.0
2.0,cap,DoublyRobust-O-W,1,-1.0,0.0
2.0,cap,DoublyRobust-O-W,1,-0.6667,0.0
2.0,cap,DoublyRobust-O-W,1,-0.3333,0.0
2.0,cap,DoublyRobust-O-W,1,0.0,1.0
2.0,cap,DoublyRobust-O-W,1,0.3333,1.0
2.0,cap,DoublyRobust-O-W,1,0.6667,0.4671
2.0,cap,DoublyRobust-O-W,1,1.0,1.0
2.0,cap,DoublyRobust-O-W,1.5,-1.0,0.0
2.0,cap,DoublyRobust-O-W,1.5,-0.6667,0.0
2.0,cap,DoublyRobust-O-W,1.5,-0.3333,0.2515
2.0,cap,DoublyRobust-O-W,1.5,0.0,0.9766
2.0,cap,DoublyRobust-O-W,1.5,0.3333,0.9859
2.0,cap,DoublyRobust-O-W,1.5,0.6667,0.4889
2.0,cap,DoublyRobust-O-W,1.5,1.0,0.75
2.0,cap,DoublyRobust-O-W,2,-1.0,0.0
2.0,cap,DoublyRobust-O-W,2,-0.6667,0.0
2.0,cap,DoublyRobust-O-W,2,-0.3333,0.314
2.0,cap,DoublyRobust-O-W,2,0.0,0.9276
2.0,cap,DoublyRobust-O-W,2,0.3333,0.9645
2.0,cap,DoublyRobust-O-W,2,0.6667,0.9931
2.0,cap,DoublyRobust-O-W,2,1.0,0.2362
2.0,cap,DoublyRobust-O-W,2.5,-1.0,0.0
2.0,cap,DoublyRobust-O-W,2.5,-0.6667,0.0
2.0,cap,DoublyRobust-O-W,2.5,-0.3333,0.3236
2.0,cap,DoublyRobust-O-W,2.5,0.0,0.9214
2.0,cap,DoublyRobust-O-W,2.5,0.3333,0.9744
2.0,cap,DoublyRobust-O-W,2.5,0.6667,1.0
2.0,cap,DoublyRobust-O-W,2.5,1.0,0.2193
2.0,cap,DoublyRobust-O-W,3,-1.0,0.0
2.0,cap,DoublyRobust-O-W,3,-0.6667,0.0
2.0,cap,DoublyRobust-O-W,3,-0.3333,0.2929
2.0,cap,DoublyRobust-O-W,3,0.0,0.9176
2.0,cap,DoublyRobust-O-W,3,0.3333,1.0
2.0,cap,DoublyRobust-O-W,3,0.6667,1.0
2.0,cap,DoublyRobust-O-W,3,1.0,0.2347
2.0,cap,DoublyRobust-O-W,4,-1.0,0.0
2.0,cap,DoublyRobust-O-W,4,-0.6667,0.0
2.0,cap,DoublyRobust-O-W,4,-0.3333,0.2163
2.0,cap,DoublyRobust-O-W,4,0.0,0.8646
2.0,cap,DoublyRobust-O-W,4,0.3333,1.0
2.0,cap,DoublyRobust-O-W,4,0.6667,1.0
2.0,cap,DoublyRobust-O-W,4,1.0,0.3631
2.0,cap,DoublyRobust-O-W,5,-1.0,0.0
2.0,cap,DoublyRobust-O-W,5,-0.6667,0.0
2.0,cap,DoublyRobust-O-W,5,-0.3333,0.2576
2.0,cap,DoublyRobust-O-W,5,0.0,0.7825
2.0,cap,DoublyRobust-O-W,5,0.3333,1.0
2.0,cap,DoublyRobust-O-W,5,0.6667,1.0
2.0,cap,DoublyRobust-O-W,5,1.0,0.4076
2.0,cap,DoublyRobust-O-W,6,-1.0,0.0
2.0,cap,DoublyRobust-O-W,6,-0.6667,0.0
2.0,cap,DoublyRobust-O-W,6,-0.3333,0.2647
2.0,cap,DoublyRobust-O-W,6,0.0,0.6754
2.0,cap,DoublyRobust-O-W,6,0.3333,1.0
2.0,cap,DoublyRobust-O-W,6,0.6667,1.0
2.0,cap,DoublyRobust-O-W,6,1.0,0.5002
2.0,cap,DoublyRobust-O-W,8,-1.0,0.0
2.0,cap,DoublyRobust-O-W,8,-0.6667,0.0
2.0,cap,DoublyRobust-O-W,8,-0.3333,0.2555
2.0,cap,DoublyRobust-O-W,8,0.0,0.4395
2.0,cap,DoublyRobust-O-W,8,0.3333,1.0
2.0,cap,DoublyRobust-O-W,8,0.6667,1.0
2.0,cap,DoublyRobust-O-W,8,1.0,0.6141
