gender_n,ethnicity_n,birth_n,lunchk_n,schoolk_n,degreek_n,ladderk_n,experiencek_n,tethnicityk_n,T,Y_factual,Y0,Y1,which_imputed
0.0,0.0,0.0,0.0,0.0,0.0,0.0,7.0,0.0,1,920.0,849.0,920.0,Y0
0.0,1.0,1.0,0.0,1.0,0.0,0.0,21.0,0.0,1,986.0,905.0,986.0,Y0
1.0,1.0,0.0,1.0,2.0,0.0,1.0,0.0,0.0,0,902.0,902.0,893.0,Y1
1.0,0.0,2.0,0.0,0.0,0.0,0.0,16.0,0.0,0,1007.0,1007.0,857.0,Y1
1.0,0.0,2.0,1.0,0.0,0.0,0.0,5.0,0.0,1,936.0,863.0,936.0,Y0
1.0,0.0,2.0,1.0,0.0,0.0,0.0,8.0,0.0,0,885.0,885.0,821.0,Y1
0.0,1.0,2.0,1.0,2.0,1.0,0.0,17.0,0.0,0,818.0,818.0,940.0,Y1
0.0,0.0,0.0,0.0,0.0,0.0,2.0,3.0,1.0,0,951.0,951.0,840.0,Y1
0.0,1.0,3.0,0.0,0.0,0.0,0.0,11.0,0.0,1,917.0,871.0,917.0,Y0
0.0,0.0,3.0,0.0,0.0,0.0,0.0,10.0,0.0,1,983.0,962.0,983.0,Y0
1.0,0.0,0.0,0.0,0.0,1.0,0.0,13.0,0.0,0,903.0,903.0,859.0,Y1
1.0,0.0,3.0,0.0,0.0,1.0,0.0,6.0,0.0,0,905.0,905.0,1036.0,Y1
1.0,0.0,0.0,0.0,1.0,0.0,1.0,0.0,0.0,1,1033.0,852.0,1033.0,Y0
1.0,0.0,0.0,0.0,0.0,0.0,0.0,6.0,0.0,1,918.0,911.0,918.0,Y0
1.0,0.0,4.0,0.0,1.0,0.0,0.0,18.0,0.0,0,1018.0,1018.0,940.0,Y1
1.0,0.0,3.0,0.0,1.0,1.0,0.0,13.0,0.0,0,923.0,923.0,845.0,Y1
0.0,0.0,1.0,1.0,0.0,0.0,0.0,12.0,0.0,0,883.0,883.0,899.0,Y1
0.0,1.0,3.0,1.0,1.0,0.0,2.0,1.0,1.0,0,965.0,965.0,902.0,Y1
0.0,0.0,2.0,0.0,0.0,1.0,0.0,8.0,0.0,1,900.0,892.0,900.0,Y0
1.0,0.0,1.0,1.0,0.0,0.0,0.0,13.0,0.0,0,983.0,983.0,927.0,Y1
1.0,0.0,2.0,0.0,0.0,1.0,0.0,13.0,0.0,0,885.0,885.0,864.0,Y1
1.0,0.0,0.0,0.0,0.0,0.0,0.0,3.0,0.0,0,924.0,924.0,1203.0,Y1
1.0,0.0,0.0,1.0,3.0,1.0,0.0,14.0,0.0,1,1058.0,809.0,1058.0,Y0
0.0,1.0,2.0,1.0,2.0,0.0,0.0,11.0,0.0,0,880.0,880.0,857.0,Y1
1.0,1.0,2.0,1.0,2.0,0.0,0.0,10.0,1.0,0,1039.0,1039.0,946.0,Y1
0.0,1.0,0.0,0.0,1.0,0.0,0.0,8.0,1.0,0,945.0,945.0,1026.0,Y1
0.0,0.0,1.0,0.0,3.0,0.0,0.0,8.0,0.0,0,1081.0,1081.0,987.0,Y1
0.0,0.0,2.0,0.0,0.0,1.0,0.0,5.0,0.0,0,872.0,872.0,867.0,Y1
1.0,0.0,3.0,0.0,0.0,1.0,0.0,13.0,0.0,0,929.0,929.0,879.0,Y1
0.0,1.0,5.0,1.0,2.0,0.0,1.0,0.0,1.0,0,842.0,842.0,949.0,Y1
0.0,0.0,3.0,0.0,1.0,0.0,0.0,3.0,0.0,0,925.0,925.0,979.0,Y1
1.0,0.0,3.0,0.0,0.0,0.0,0.0,8.0,0.0,1,857.0,785.0,857.0,Y0
0.0,1.0,0.0,1.0,0.0,1.0,0.0,15.0,0.0,0,856.0,856.0,960.0,Y1
0.0,1.0,0.0,1.0,0.0,0.0,0.0,8.0,0.0,1,848.0,962.0,848.0,Y0
1.0,1.0,1.0,1.0,3.0,0.0,-1.0,11.0,0.0,0,887.0,887.0,948.0,Y1
0.0,0.0,0.0,0.0,0.0,0.0,0.0,10.0,0.0,0,934.0,934.0,989.0,Y1
0.0,0.0,0.0,1.0,0.0,0.0,0.0,4.0,0.0,1,1017.0,940.0,1017.0,Y0
0.0,0.0,2.0,0.0,3.0,1.0,0.0,7.0,0.0,1,904.0,1038.0,904.0,Y0
1.0,0.0,0.0,0.0,3.0,1.0,0.0,17.0,0.0,1,945.0,1003.0,945.0,Y0
1.0,0.0,4.0,0.0,3.0,2.0,0.0,12.0,0.0,1,1052.0,902.0,1052.0,Y0
0.0,0.0,5.0,0.0,0.0,1.0,0.0,4.0,0.0,0,951.0,951.0,820.0,Y1
0.0,1.0,1.0,1.0,2.0,1.0,0.0,10.0,1.0,0,850.0,850.0,844.0,Y1
1.0,0.0,2.0,0.0,1.0,0.0,1.0,0.0,0.0,1,1008.0,862.0,1008.0,Y0
0.0,0.0,3.0,0.0,1.0,0.0,0.0,16.0,0.0,0,915.0,915.0,1050.0,Y1
1.0,0.0,0.0,0.0,1.0,1.0,0.0,18.0,0.0,1,1067.0,984.0,1067.0,Y0
0.0,0.0,1.0,1.0,0.0,0.0,0.0,4.0,0.0,1,846.0,959.0,846.0,Y0
0.0,1.0,2.0,0.0,2.0,0.0,0.0,12.0,1.0,0,1034.0,1034.0,890.0,Y1
1.0,0.0,2.0,0.0,1.0,1.0,0.0,8.0,0.0,0,914.0,914.0,915.0,Y1
0.0,0.0,2.0,0.0,1.0,1.0,0.0,14.0,1.0,1,947.0,917.0,947.0,Y0
0.0,0.0,3.0,0.0,0.0,1.0,0.0,13.0,0.0,1,898.0,897.0,898.0,Y0
0.0,0.0,0.0,0.0,1.0,1.0,0.0,14.0,1.0,1,1027.0,949.0,1027.0,Y0
0.0,0.0,1.0,0.0,0.0,1.0,0.0,5.0,0.0,0,953.0,953.0,1083.0,Y1
1.0,1.0,2.0,0.0,0.0,0.0,0.0,13.0,0.0,0,815.0,815.0,784.0,Y1
0.0,0.0,0.0,0.0,0.0,1.0,0.0,5.0,0.0,1,919.0,924.0,919.0,Y0
0.0,1.0,3.0,1.0,1.0,0.0,2.0,1.0,1.0,0,935.0,935.0,902.0,Y1
0.0,1.0,3.0,0.0,1.0,0.0,2.0,5.0,1.0,1,1001.0,1044.0,1001.0,Y0
0.0,1.0,0.0,1.0,2.0,0.0,0.0,10.0,1.0,0,1008.0,1008.0,857.0,Y1
1.0,1.0,3.0,1.0,2.0,1.0,0.0,22.0,0.0,0,875.0,875.0,916.0,Y1
0.0,1.0,2.0,1.0,2.0,0.0,2.0,2.0,0.0,1,904.0,945.0,904.0,Y0
0.0,1.0,1.0,0.0,2.0,0.0,2.0,2.0,0.0,1,1091.0,986.0,1091.0,Y0
1.0,0.0,3.0,0.0,0.0,0.0,0.0,11.0,0.0,0,936.0,936.0,1028.0,Y1
1.0,0.0,1.0,1.0,0.0,1.0,0.0,5.0,0.0,0,847.0,847.0,906.0,Y1
0.0,0.0,1.0,0.0,1.0,1.0,0.0,8.0,0.0,0,970.0,970.0,842.0,Y1
1.0,0.0,2.0,0.0,3.0,0.0,0.0,11.0,0.0,0,961.0,961.0,820.0,Y1
1.0,0.0,1.0,1.0,0.0,1.0,0.0,13.0,0.0,0,942.0,942.0,948.0,Y1
1.0,0.0,1.0,0.0,1.0,0.0,-1.0,5.0,0.0,1,901.0,850.0,901.0,Y0
1.0,1.0,1.0,1.0,2.0,0.0,1.0,0.0,0.0,0,855.0,855.0,893.0,Y1
1.0,0.0,2.0,0.0,0.0,1.0,0.0,5.0,0.0,0,895.0,895.0,916.0,Y1
0.0,0.0,2.0,0.0,1.0,1.0,0.0,4.0,0.0,1,899.0,1017.0,899.0,Y0
1.0,0.0,3.0,0.0,0.0,0.0,0.0,12.0,0.0,0,987.0,987.0,916.0,Y1
1.0,0.0,3.0,0.0,0.0,0.0,-1.0,5.0,0.0,0,1008.0,1008.0,931.0,Y1
1.0,1.0,2.0,1.0,2.0,0.0,0.0,11.0,0.0,0,907.0,907.0,962.0,Y1
1.0,0.0,1.0,0.0,0.0,2.0,0.0,8.0,0.0,1,943.0,947.0,943.0,Y0
1.0,0.0,2.0,1.0,0.0,0.0,0.0,2.0,0.0,1,944.0,933.0,944.0,Y0
1.0,1.0,3.0,1.0,2.0,1.0,0.0,22.0,0.0,0,891.0,891.0,916.0,Y1
1.0,1.0,0.0,1.0,2.0,0.0,0.0,11.0,0.0,0,928.0,928.0,896.0,Y1
1.0,1.0,0.0,1.0,2.0,0.0,0.0,14.0,0.0,1,908.0,917.0,908.0,Y0
1.0,0.0,2.0,0.0,1.0,0.0,0.0,7.0,0.0,0,949.0,949.0,979.0,Y1
1.0,1.0,2.0,0.0,2.0,1.0,0.0,13.0,1.0,1,939.0,872.0,939.0,Y0
1.0,0.0,2.0,0.0,1.0,0.0,0.0,8.0,1.0,0,921.0,921.0,976.0,Y1
1.0,1.0,3.0,1.0,1.0,0.0,-1.0,3.0,0.0,1,980.0,883.0,980.0,Y0
1.0,1.0,0.0,1.0,0.0,1.0,0.0,15.0,0.0,0,898.0,898.0,952.0,Y1
0.0,0.0,3.0,0.0,0.0,0.0,0.0,20.0,0.0,1,879.0,906.0,879.0,Y0
0.0,1.0,3.0,0.0,1.0,0.0,0.0,11.0,1.0,1,890.0,885.0,890.0,Y0
0.0,0.0,0.0,0.0,0.0,0.0,0.0,20.0,0.0,1,807.0,1005.0,807.0,Y0
0.0,1.0,2.0,1.0,1.0,0.0,0.0,6.0,0.0,0,866.0,866.0,881.0,Y1
0.0,0.0,2.0,0.0,0.0,0.0,0.0,11.0,0.0,0,978.0,978.0,1015.0,Y1
0.0,0.0,2.0,1.0,3.0,1.0,0.0,12.0,0.0,1,865.0,887.0,865.0,Y0
0.0,0.0,3.0,0.0,0.0,0.0,0.0,6.0,0.0,0,928.0,928.0,914.0,Y1
1.0,0.0,3.0,0.0,0.0,1.0,0.0,12.0,0.0,0,876.0,876.0,891.0,Y1
1.0,0.0,2.0,1.0,1.0,0.0,-1.0,18.0,1.0,0,911.0,911.0,903.0,Y1
1.0,0.0,6.0,1.0,3.0,0.0,0.0,14.0,0.0,0,852.0,852.0,837.0,Y1
1.0,0.0,3.0,1.0,0.0,0.0,0.0,2.0,0.0,1,821.0,906.0,821.0,Y0
0.0,0.0,0.0,1.0,1.0,0.0,0.0,11.0,0.0,1,926.0,871.0,926.0,Y0
0.0,1.0,0.0,1.0,2.0,0.0,2.0,1.0,1.0,1,971.0,863.0,971.0,Y0
1.0,1.0,2.0,0.0,3.0,0.0,0.0,17.0,0.0,0,904.0,904.0,883.0,Y1
0.0,1.0,2.0,1.0,2.0,0.0,1.0,0.0,0.0,0,842.0,842.0,927.0,Y1
1.0,0.0,0.0,1.0,3.0,1.0,0.0,17.0,0.0,1,922.0,809.0,922.0,Y0
1.0,0.0,0.0,0.0,0.0,0.0,1.0,0.0,0.0,0,950.0,950.0,1033.0,Y1
1.0,0.0,1.0,0.0,0.0,0.0,3.0,27.0,0.0,0,970.0,970.0,1026.0,Y1
0.0,1.0,3.0,1.0,1.0,0.0,3.0,13.0,0.0,1,901.0,994.0,901.0,Y0
0.0,0.0,1.0,0.0,3.0,1.0,0.0,17.0,0.0,1,999.0,1056.0,999.0,Y0
1.0,0.0,4.0,0.0,0.0,0.0,0.0,20.0,0.0,0,1020.0,1020.0,870.0,Y1
0.0,0.0,0.0,0.0,1.0,0.0,0.0,17.0,0.0,0,872.0,872.0,1021.0,Y1
1.0,0.0,2.0,1.0,0.0,0.0,0.0,4.0,0.0,1,1004.0,879.0,1004.0,Y0
1.0,0.0,1.0,0.0,1.0,0.0,2.0,3.0,0.0,0,1043.0,1043.0,1022.0,Y1
0.0,0.0,3.0,0.0,0.0,0.0,0.0,15.0,0.0,1,1066.0,857.0,1066.0,Y0
0.0,0.0,2.0,0.0,0.0,1.0,0.0,6.0,0.0,0,987.0,987.0,867.0,Y1
0.0,0.0,2.0,0.0,0.0,1.0,0.0,10.0,0.0,0,1010.0,1010.0,924.0,Y1
1.0,1.0,2.0,1.0,2.0,1.0,0.0,22.0,0.0,0,843.0,843.0,916.0,Y1
1.0,0.0,4.0,0.0,0.0,0.0,0.0,4.0,0.0,1,823.0,870.0,823.0,Y0
0.0,0.0,0.0,0.0,0.0,0.0,0.0,16.0,0.0,0,957.0,957.0,1043.0,Y1
1.0,0.0,3.0,0.0,0.0,0.0,0.0,8.0,0.0,0,785.0,785.0,857.0,Y1
1.0,1.0,0.0,1.0,2.0,0.0,0.0,6.0,1.0,0,902.0,902.0,827.0,Y1
0.0,0.0,2.0,1.0,0.0,1.0,0.0,8.0,0.0,0,903.0,903.0,954.0,Y1
0.0,0.0,0.0,1.0,0.0,1.0,0.0,15.0,0.0,0,973.0,973.0,881.0,Y1
1.0,1.0,3.0,0.0,2.0,0.0,0.0,10.0,1.0,0,984.0,984.0,956.0,Y1
1.0,0.0,1.0,0.0,0.0,0.0,0.0,15.0,0.0,1,1027.0,918.0,1027.0,Y0
0.0,0.0,2.0,0.0,0.0,1.0,0.0,8.0,0.0,1,924.0,892.0,924.0,Y0
0.0,0.0,1.0,1.0,0.0,3.0,0.0,10.0,0.0,1,904.0,1008.0,904.0,Y0
0.0,0.0,2.0,0.0,1.0,1.0,0.0,14.0,0.0,0,913.0,913.0,992.0,Y1
0.0,0.0,2.0,1.0,0.0,1.0,0.0,9.0,0.0,0,870.0,870.0,947.0,Y1
0.0,0.0,3.0,0.0,0.0,1.0,0.0,12.0,0.0,0,898.0,898.0,876.0,Y1
0.0,0.0,1.0,0.0,1.0,0.0,-1.0,3.0,0.0,0,899.0,899.0,942.0,Y1
0.0,1.0,0.0,1.0,2.0,0.0,0.0,6.0,1.0,1,857.0,919.0,857.0,Y0
0.0,1.0,0.0,1.0,2.0,0.0,2.0,1.0,0.0,0,847.0,847.0,879.0,Y1
1.0,1.0,0.0,1.0,2.0,0.0,0.0,6.0,1.0,1,827.0,902.0,827.0,Y0
0.0,0.0,1.0,0.0,3.0,0.0,2.0,1.0,0.0,1,963.0,976.0,963.0,Y0
0.0,0.0,5.0,0.0,3.0,1.0,0.0,8.0,0.0,0,913.0,913.0,917.0,Y1
1.0,0.0,2.0,1.0,1.0,2.0,0.0,13.0,0.0,0,924.0,924.0,851.0,Y1
0.0,0.0,2.0,0.0,0.0,0.0,0.0,10.0,0.0,0,967.0,967.0,1053.0,Y1
1.0,0.0,0.0,0.0,0.0,1.0,0.0,13.0,0.0,1,859.0,903.0,859.0,Y0
0.0,0.0,2.0,1.0,0.0,1.0,0.0,9.0,0.0,1,947.0,870.0,947.0,Y0
0.0,0.0,0.0,1.0,0.0,1.0,0.0,5.0,0.0,0,808.0,808.0,876.0,Y1
0.0,0.0,3.0,0.0,0.0,1.0,0.0,13.0,0.0,0,889.0,889.0,898.0,Y1
0.0,0.0,0.0,1.0,0.0,0.0,0.0,8.0,0.0,0,874.0,874.0,959.0,Y1
0.0,1.0,1.0,1.0,2.0,0.0,-1.0,6.0,1.0,0,933.0,933.0,920.0,Y1
0.0,0.0,0.0,1.0,0.0,1.0,3.0,11.0,0.0,0,931.0,931.0,842.0,Y1
1.0,0.0,0.0,0.0,0.0,0.0,0.0,8.0,0.0,0,956.0,956.0,929.0,Y1
1.0,0.0,4.0,-1.0,0.0,0.0,0.0,19.0,-1.0,1,895.0,930.0,895.0,Y0
0.0,1.0,3.0,1.0,2.0,0.0,0.0,20.0,1.0,0,959.0,959.0,857.0,Y1
1.0,0.0,1.0,1.0,0.0,0.0,0.0,8.0,0.0,0,998.0,998.0,997.0,Y1
0.0,0.0,0.0,0.0,0.0,1.0,0.0,5.0,0.0,0,924.0,924.0,919.0,Y1
1.0,1.0,1.0,0.0,0.0,1.0,0.0,9.0,0.0,0,973.0,973.0,896.0,Y1
0.0,0.0,0.0,1.0,0.0,1.0,0.0,10.0,0.0,0,1006.0,1006.0,868.0,Y1
0.0,1.0,0.0,1.0,1.0,0.0,-1.0,18.0,1.0,0,928.0,928.0,877.0,Y1
1.0,1.0,0.0,0.0,1.0,1.0,0.0,10.0,0.0,0,918.0,918.0,896.0,Y1
1.0,1.0,3.0,1.0,2.0,0.0,-1.0,3.0,0.0,1,809.0,870.0,809.0,Y0
1.0,0.0,2.0,0.0,0.0,0.0,0.0,12.0,0.0,1,1004.0,973.0,1004.0,Y0
0.0,0.0,0.0,0.0,1.0,0.0,0.0,3.0,0.0,0,927.0,927.0,998.0,Y1
0.0,1.0,3.0,1.0,2.0,0.0,0.0,5.0,0.0,1,897.0,854.0,897.0,Y0
1.0,0.0,1.0,0.0,0.0,0.0,0.0,9.0,0.0,0,1112.0,1112.0,874.0,Y1
0.0,0.0,3.0,0.0,0.0,1.0,0.0,6.0,0.0,1,928.0,988.0,928.0,Y0
0.0,1.0,3.0,0.0,1.0,0.0,-1.0,12.0,1.0,0,863.0,863.0,920.0,Y1
0.0,0.0,4.0,1.0,0.0,1.0,0.0,8.0,1.0,0,839.0,839.0,1024.0,Y1
0.0,0.0,3.0,0.0,1.0,0.0,0.0,10.0,0.0,1,936.0,821.0,936.0,Y0
1.0,0.0,2.0,1.0,0.0,2.0,0.0,8.0,0.0,1,851.0,891.0,851.0,Y0
0.0,1.0,3.0,1.0,2.0,1.0,0.0,22.0,0.0,0,832.0,832.0,940.0,Y1
1.0,0.0,0.0,0.0,0.0,0.0,0.0,2.0,0.0,0,923.0,923.0,939.0,Y1
0.0,1.0,0.0,1.0,2.0,0.0,0.0,11.0,0.0,0,1032.0,1032.0,994.0,Y1
1.0,1.0,0.0,1.0,2.0,0.0,1.0,0.0,1.0,0,881.0,881.0,974.0,Y1
0.0,0.0,0.0,1.0,1.0,0.0,1.0,14.0,0.0,0,906.0,906.0,926.0,Y1
0.0,1.0,2.0,1.0,2.0,0.0,0.0,20.0,1.0,0,954.0,954.0,872.0,Y1
1.0,1.0,3.0,1.0,1.0,0.0,2.0,1.0,1.0,0,893.0,893.0,891.0,Y1
1.0,0.0,1.0,0.0,3.0,0.0,1.0,0.0,0.0,0,947.0,947.0,874.0,Y1
0.0,1.0,0.0,1.0,2.0,0.0,0.0,7.0,0.0,0,921.0,921.0,756.0,Y1
1.0,0.0,1.0,0.0,0.0,0.0,0.0,7.0,0.0,1,1016.0,847.0,1016.0,Y0
1.0,1.0,3.0,1.0,2.0,1.0,0.0,7.0,0.0,0,910.0,910.0,947.0,Y1
1.0,1.0,7.0,1.0,1.0,1.0,0.0,15.0,1.0,0,892.0,892.0,854.0,Y1
1.0,1.0,3.0,0.0,1.0,0.0,0.0,7.0,0.0,0,839.0,839.0,784.0,Y1
0.0,1.0,2.0,1.0,2.0,0.0,1.0,0.0,0.0,0,934.0,934.0,927.0,Y1
0.0,0.0,2.0,0.0,0.0,0.0,0.0,21.0,0.0,1,937.0,980.0,937.0,Y0
1.0,1.0,1.0,1.0,2.0,0.0,1.0,0.0,0.0,0,1026.0,1026.0,893.0,Y1
0.0,1.0,3.0,0.0,3.0,1.0,0.0,12.0,0.0,0,884.0,884.0,876.0,Y1
1.0,0.0,1.0,1.0,0.0,1.0,0.0,12.0,0.0,1,948.0,831.0,948.0,Y0
0.0,0.0,0.0,1.0,0.0,1.0,0.0,20.0,0.0,0,1032.0,1032.0,881.0,Y1
1.0,0.0,0.0,0.0,0.0,1.0,0.0,5.0,0.0,0,1164.0,1164.0,1072.0,Y1
0.0,1.0,3.0,1.0,2.0,1.0,0.0,10.0,1.0,0,828.0,828.0,873.0,Y1
1.0,0.0,3.0,1.0,0.0,1.0,0.0,11.0,0.0,0,884.0,884.0,981.0,Y1
0.0,1.0,2.0,1.0,2.0,0.0,0.0,12.0,1.0,0,995.0,995.0,842.0,Y1
1.0,1.0,2.0,1.0,2.0,0.0,0.0,9.0,0.0,0,834.0,834.0,962.0,Y1
1.0,2.0,2.0,0.0,1.0,0.0,0.0,0.0,0.0,0,867.0,867.0,1104.0,Y1
0.0,1.0,0.0,0.0,1.0,0.0,2.0,1.0,1.0,0,940.0,940.0,840.0,Y1
1.0,0.0,2.0,0.0,0.0,0.0,2.0,1.0,0.0,1,854.0,930.0,854.0,Y0
0.0,0.0,1.0,1.0,0.0,1.0,0.0,9.0,0.0,0,923.0,923.0,964.0,Y1
1.0,0.0,1.0,0.0,1.0,0.0,0.0,5.0,0.0,1,989.0,934.0,989.0,Y0
0.0,0.0,0.0,-1.0,0.0,0.0,0.0,15.0,-1.0,0,1008.0,1008.0,910.0,Y1
0.0,1.0,1.0,1.0,1.0,0.0,0.0,3.0,0.0,1,996.0,872.0,996.0,Y0
0.0,1.0,3.0,0.0,1.0,0.0,0.0,8.0,1.0,0,885.0,885.0,890.0,Y1
0.0,1.0,0.0,1.0,2.0,0.0,2.0,1.0,0.0,1,879.0,847.0,879.0,Y0
1.0,0.0,0.0,1.0,0.0,0.0,2.0,2.0,0.0,0,860.0,860.0,914.0,Y1
1.0,2.0,2.0,0.0,1.0,0.0,0.0,17.0,0.0,0,1002.0,1002.0,1004.0,Y1
0.0,0.0,3.0,0.0,0.0,1.0,0.0,13.0,0.0,0,897.0,897.0,898.0,Y1
0.0,0.0,2.0,1.0,2.0,0.0,0.0,9.0,0.0,0,875.0,875.0,902.0,Y1
1.0,0.0,0.0,0.0,0.0,0.0,0.0,8.0,0.0,0,870.0,870.0,929.0,Y1
0.0,0.0,2.0,1.0,3.0,0.0,0.0,13.0,0.0,0,873.0,873.0,989.0,Y1
0.0,0.0,0.0,1.0,0.0,1.0,0.0,9.0,0.0,0,929.0,929.0,876.0,Y1
1.0,0.0,1.0,1.0,0.0,0.0,0.0,10.0,0.0,0,899.0,899.0,821.0,Y1
0.0,0.0,3.0,0.0,1.0,0.0,1.0,14.0,0.0,0,1113.0,1113.0,1050.0,Y1
0.0,1.0,1.0,1.0,1.0,1.0,0.0,10.0,0.0,0,923.0,923.0,954.0,Y1
1.0,1.0,1.0,1.0,2.0,0.0,-1.0,2.0,0.0,0,860.0,860.0,831.0,Y1
1.0,1.0,1.0,0.0,2.0,0.0,2.0,1.0,0.0,1,879.0,933.0,879.0,Y0
1.0,1.0,0.0,0.0,1.0,0.0,0.0,7.0,0.0,0,905.0,905.0,1059.0,Y1
1.0,0.0,3.0,0.0,0.0,0.0,-1.0,9.0,0.0,0,893.0,893.0,889.0,Y1
1.0,0.0,2.0,0.0,0.0,0.0,0.0,4.0,0.0,1,942.0,937.0,942.0,Y0
0.0,0.0,3.0,0.0,0.0,0.0,0.0,9.0,0.0,0,914.0,914.0,908.0,Y1
1.0,1.0,3.0,1.0,2.0,1.0,0.0,11.0,1.0,0,862.0,862.0,968.0,Y1
0.0,1.0,0.0,1.0,3.0,0.0,1.0,1.0,0.0,1,836.0,895.0,836.0,Y0
1.0,0.0,3.0,1.0,0.0,0.0,1.0,0.0,0.0,0,946.0,946.0,933.0,Y1
1.0,0.0,1.0,1.0,0.0,0.0,1.0,0.0,0.0,0,909.0,909.0,991.0,Y1
0.0,1.0,1.0,0.0,0.0,0.0,2.0,3.0,0.0,1,841.0,986.0,841.0,Y0
0.0,1.0,1.0,1.0,2.0,1.0,0.0,15.0,1.0,0,906.0,906.0,1164.0,Y1
0.0,1.0,2.0,1.0,1.0,0.0,0.0,3.0,0.0,1,881.0,866.0,881.0,Y0
0.0,0.0,2.0,0.0,0.0,1.0,0.0,13.0,0.0,0,878.0,878.0,879.0,Y1
0.0,0.0,0.0,1.0,0.0,1.0,0.0,10.0,0.0,0,867.0,867.0,868.0,Y1
1.0,1.0,0.0,0.0,2.0,1.0,1.0,3.0,1.0,0,911.0,911.0,986.0,Y1
1.0,0.0,3.0,0.0,0.0,0.0,0.0,3.0,0.0,0,834.0,834.0,960.0,Y1
1.0,0.0,1.0,0.0,0.0,0.0,0.0,10.0,0.0,0,1062.0,1062.0,886.0,Y1
0.0,0.0,2.0,1.0,0.0,1.0,3.0,11.0,0.0,0,912.0,912.0,842.0,Y1
0.0,0.0,0.0,0.0,1.0,0.0,2.0,3.0,0.0,0,851.0,851.0,923.0,Y1
1.0,0.0,3.0,0.0,0.0,1.0,0.0,5.0,0.0,0,863.0,863.0,957.0,Y1
1.0,0.0,3.0,0.0,0.0,1.0,0.0,11.0,0.0,0,849.0,849.0,891.0,Y1
1.0,0.0,8.0,1.0,3.0,1.0,0.0,12.0,0.0,1,867.0,904.0,867.0,Y0
1.0,0.0,3.0,1.0,1.0,1.0,0.0,14.0,0.0,0,964.0,964.0,934.0,Y1
1.0,1.0,3.0,1.0,2.0,0.0,0.0,6.0,0.0,0,839.0,839.0,1065.0,Y1
1.0,1.0,0.0,0.0,1.0,0.0,0.0,11.0,1.0,1,989.0,1010.0,989.0,Y0
0.0,0.0,3.0,1.0,0.0,0.0,0.0,8.0,0.0,0,822.0,822.0,1006.0,Y1
0.0,0.0,2.0,0.0,1.0,0.0,0.0,18.0,0.0,0,912.0,912.0,971.0,Y1
0.0,0.0,1.0,0.0,0.0,0.0,0.0,16.0,0.0,0,943.0,943.0,984.0,Y1
1.0,1.0,2.0,1.0,2.0,0.0,2.0,1.0,1.0,0,896.0,896.0,927.0,Y1
1.0,0.0,4.0,0.0,1.0,0.0,0.0,15.0,0.0,0,854.0,854.0,940.0,Y1
0.0,0.0,0.0,1.0,0.0,0.0,0.0,10.0,0.0,0,937.0,937.0,1098.0,Y1
1.0,1.0,3.0,0.0,2.0,0.0,0.0,20.0,1.0,0,967.0,967.0,884.0,Y1
1.0,0.0,3.0,1.0,1.0,0.0,2.0,1.0,1.0,0,1000.0,1000.0,891.0,Y1
1.0,1.0,5.0,1.0,2.0,0.0,1.0,9.0,1.0,1,940.0,1007.0,940.0,Y0
1.0,0.0,3.0,0.0,0.0,1.0,0.0,15.0,0.0,1,866.0,879.0,866.0,Y0
1.0,0.0,1.0,1.0,0.0,0.0,0.0,8.0,0.0,0,1012.0,1012.0,997.0,Y1
0.0,1.0,2.0,1.0,1.0,0.0,-1.0,4.0,0.0,0,896.0,896.0,1068.0,Y1
0.0,0.0,2.0,1.0,0.0,0.0,0.0,4.0,0.0,0,939.0,939.0,900.0,Y1
1.0,1.0,2.0,0.0,1.0,0.0,0.0,16.0,1.0,1,947.0,1015.0,947.0,Y0
0.0,0.0,2.0,0.0,1.0,1.0,0.0,13.0,0.0,0,921.0,921.0,931.0,Y1
1.0,0.0,2.0,1.0,0.0,0.0,0.0,4.0,0.0,0,879.0,879.0,1004.0,Y1
1.0,0.0,0.0,1.0,0.0,1.0,0.0,9.0,0.0,1,962.0,981.0,962.0,Y0
0.0,1.0,0.0,0.0,3.0,2.0,0.0,13.0,0.0,0,872.0,872.0,993.0,Y1
0.0,1.0,0.0,1.0,1.0,0.0,2.0,1.0,1.0,0,962.0,962.0,971.0,Y1
0.0,1.0,3.0,0.0,2.0,0.0,0.0,9.0,1.0,0,857.0,857.0,890.0,Y1
1.0,0.0,0.0,1.0,0.0,0.0,0.0,4.0,0.0,0,1022.0,1022.0,1124.0,Y1
1.0,1.0,3.0,1.0,1.0,0.0,0.0,12.0,1.0,1,1046.0,1019.0,1046.0,Y0
1.0,0.0,0.0,0.0,0.0,0.0,0.0,11.0,0.0,0,850.0,850.0,1012.0,Y1
0.0,1.0,0.0,1.0,2.0,0.0,1.0,1.0,0.0,1,913.0,966.0,913.0,Y0
0.0,0.0,1.0,0.0,0.0,1.0,0.0,8.0,0.0,0,960.0,960.0,1013.0,Y1
0.0,1.0,1.0,1.0,2.0,0.0,-1.0,2.0,0.0,0,854.0,854.0,858.0,Y1
1.0,0.0,0.0,0.0,3.0,0.0,0.0,11.0,0.0,1,923.0,997.0,923.0,Y0
1.0,0.0,0.0,0.0,1.0,1.0,0.0,13.0,0.0,0,1020.0,1020.0,953.0,Y1
0.0,0.0,2.0,1.0,1.0,1.0,0.0,14.0,1.0,1,1024.0,937.0,1024.0,Y0
0.0,0.0,2.0,1.0,0.0,1.0,0.0,6.0,0.0,1,921.0,1048.0,921.0,Y0
1.0,0.0,0.0,0.0,1.0,0.0,0.0,11.0,0.0,0,816.0,816.0,979.0,Y1
0.0,0.0,0.0,0.0,0.0,1.0,0.0,12.0,0.0,0,1120.0,1120.0,909.0,Y1
1.0,0.0,1.0,1.0,0.0,1.0,0.0,6.0,0.0,1,906.0,930.0,906.0,Y0
1.0,0.0,1.0,0.0,0.0,0.0,0.0,4.0,0.0,1,1017.0,918.0,1017.0,Y0
1.0,1.0,0.0,1.0,1.0,1.0,0.0,15.0,1.0,0,927.0,927.0,876.0,Y1
0.0,0.0,3.0,1.0,0.0,1.0,0.0,5.0,0.0,0,877.0,877.0,997.0,Y1
1.0,1.0,3.0,1.0,2.0,0.0,0.0,9.0,0.0,1,851.0,842.0,851.0,Y0
1.0,0.0,0.0,0.0,0.0,0.0,2.0,1.0,0.0,1,849.0,939.0,849.0,Y0
1.0,1.0,0.0,1.0,2.0,0.0,2.0,1.0,0.0,0,891.0,891.0,833.0,Y1
1.0,1.0,1.0,1.0,0.0,0.0,3.0,10.0,0.0,0,954.0,954.0,890.0,Y1
0.0,0.0,0.0,1.0,0.0,0.0,0.0,3.0,0.0,0,944.0,944.0,782.0,Y1
0.0,1.0,0.0,0.0,0.0,0.0,0.0,12.0,0.0,1,1116.0,905.0,1116.0,Y0
0.0,0.0,2.0,0.0,1.0,1.0,0.0,8.0,0.0,1,934.0,1017.0,934.0,Y0
0.0,1.0,3.0,0.0,1.0,0.0,0.0,21.0,1.0,0,946.0,946.0,890.0,Y1
0.0,0.0,3.0,0.0,0.0,1.0,0.0,12.0,0.0,1,876.0,898.0,876.0,Y0
1.0,0.0,1.0,0.0,1.0,0.0,-1.0,15.0,0.0,1,881.0,1038.0,881.0,Y0
0.0,0.0,0.0,1.0,0.0,1.0,0.0,8.0,0.0,0,894.0,894.0,876.0,Y1
0.0,1.0,0.0,1.0,2.0,0.0,2.0,1.0,1.0,0,927.0,927.0,971.0,Y1
1.0,0.0,4.0,0.0,1.0,1.0,0.0,20.0,0.0,1,880.0,905.0,880.0,Y0
1.0,0.0,1.0,0.0,0.0,0.0,0.0,6.0,0.0,1,978.0,881.0,978.0,Y0
0.0,0.0,2.0,1.0,0.0,0.0,0.0,9.0,0.0,0,952.0,952.0,857.0,Y1
1.0,1.0,2.0,0.0,2.0,0.0,0.0,9.0,1.0,0,905.0,905.0,956.0,Y1
1.0,0.0,3.0,0.0,0.0,0.0,-1.0,5.0,0.0,0,944.0,944.0,931.0,Y1
1.0,1.0,3.0,1.0,2.0,0.0,0.0,6.0,0.0,0,815.0,815.0,1065.0,Y1
0.0,1.0,2.0,1.0,2.0,0.0,1.0,0.0,1.0,0,889.0,889.0,845.0,Y1
1.0,1.0,3.0,1.0,1.0,0.0,-1.0,4.0,0.0,0,883.0,883.0,980.0,Y1
0.0,0.0,3.0,0.0,0.0,0.0,0.0,14.0,0.0,1,1136.0,1004.0,1136.0,Y0
1.0,1.0,0.0,1.0,2.0,0.0,0.0,12.0,0.0,0,841.0,841.0,896.0,Y1
0.0,1.0,3.0,1.0,2.0,1.0,0.0,22.0,0.0,0,852.0,852.0,940.0,Y1
0.0,0.0,3.0,0.0,0.0,0.0,2.0,2.0,0.0,1,967.0,929.0,967.0,Y0
1.0,0.0,3.0,1.0,0.0,0.0,0.0,13.0,0.0,0,868.0,868.0,1065.0,Y1
1.0,0.0,3.0,0.0,1.0,0.0,0.0,8.0,0.0,0,904.0,904.0,891.0,Y1
0.0,1.0,0.0,1.0,0.0,1.0,0.0,6.0,0.0,0,983.0,983.0,960.0,Y1
1.0,0.0,3.0,0.0,1.0,0.0,-1.0,3.0,0.0,1,962.0,859.0,962.0,Y0
0.0,0.0,2.0,0.0,0.0,0.0,0.0,15.0,0.0,1,903.0,981.0,903.0,Y0
1.0,1.0,0.0,1.0,0.0,2.0,0.0,12.0,0.0,0,842.0,842.0,877.0,Y1
0.0,0.0,3.0,1.0,1.0,0.0,-1.0,2.0,0.0,0,871.0,871.0,899.0,Y1
1.0,0.0,3.0,0.0,0.0,1.0,0.0,9.0,0.0,0,887.0,887.0,852.0,Y1
0.0,0.0,2.0,0.0,0.0,1.0,0.0,17.0,0.0,0,931.0,931.0,999.0,Y1
1.0,0.0,1.0,0.0,1.0,0.0,0.0,14.0,0.0,1,847.0,1038.0,847.0,Y0
0.0,0.0,1.0,0.0,1.0,0.0,0.0,17.0,0.0,0,901.0,901.0,971.0,Y1
0.0,0.0,2.0,0.0,1.0,1.0,4.0,15.0,0.0,0,1021.0,1021.0,971.0,Y1
1.0,1.0,3.0,1.0,2.0,0.0,0.0,6.0,1.0,0,875.0,875.0,946.0,Y1
0.0,0.0,1.0,0.0,1.0,0.0,0.0,8.0,1.0,0,931.0,931.0,868.0,Y1
1.0,0.0,2.0,1.0,0.0,0.0,0.0,9.0,0.0,0,932.0,932.0,821.0,Y1
0.0,1.0,0.0,1.0,1.0,0.0,-1.0,4.0,0.0,0,997.0,997.0,1030.0,Y1
0.0,0.0,0.0,0.0,0.0,1.0,0.0,13.0,0.0,0,1001.0,1001.0,908.0,Y1
1.0,0.0,3.0,0.0,0.0,0.0,2.0,3.0,1.0,0,862.0,862.0,950.0,Y1
0.0,0.0,2.0,0.0,0.0,0.0,0.0,13.0,0.0,0,894.0,894.0,1003.0,Y1
1.0,1.0,3.0,1.0,2.0,1.0,0.0,5.0,0.0,0,907.0,907.0,947.0,Y1
0.0,0.0,0.0,0.0,1.0,0.0,0.0,11.0,0.0,1,923.0,939.0,923.0,Y0
0.0,0.0,2.0,1.0,0.0,0.0,0.0,7.0,0.0,1,993.0,899.0,993.0,Y0
0.0,1.0,3.0,1.0,2.0,0.0,0.0,10.0,1.0,0,896.0,896.0,900.0,Y1
0.0,0.0,0.0,0.0,0.0,1.0,0.0,12.0,0.0,1,909.0,1120.0,909.0,Y0
1.0,1.0,0.0,0.0,2.0,0.0,0.0,9.0,1.0,0,866.0,866.0,989.0,Y1
0.0,1.0,2.0,1.0,2.0,1.0,1.0,6.0,0.0,0,680.0,680.0,782.0,Y1
1.0,0.0,1.0,0.0,0.0,0.0,2.0,1.0,0.0,0,871.0,871.0,1022.0,Y1
1.0,1.0,3.0,1.0,2.0,0.0,0.0,3.0,1.0,1,1120.0,868.0,1120.0,Y0
0.0,0.0,0.0,0.0,0.0,0.0,2.0,1.0,0.0,0,936.0,936.0,894.0,Y1
1.0,1.0,3.0,1.0,1.0,0.0,0.0,0.0,0.0,0,847.0,847.0,879.0,Y1
0.0,0.0,1.0,0.0,0.0,1.0,0.0,8.0,0.0,1,1013.0,960.0,1013.0,Y0
1.0,0.0,0.0,0.0,0.0,0.0,0.0,6.0,0.0,1,984.0,911.0,984.0,Y0
1.0,0.0,1.0,0.0,0.0,0.0,0.0,11.0,0.0,0,1003.0,1003.0,933.0,Y1
0.0,1.0,2.0,1.0,2.0,1.0,0.0,15.0,1.0,0,901.0,901.0,890.0,Y1
1.0,1.0,3.0,1.0,2.0,0.0,-1.0,10.0,1.0,0,978.0,978.0,931.0,Y1
0.0,0.0,0.0,0.0,0.0,1.0,0.0,3.0,0.0,0,1005.0,1005.0,1011.0,Y1
1.0,0.0,3.0,0.0,3.0,0.0,0.0,5.0,0.0,0,799.0,799.0,894.0,Y1
1.0,0.0,2.0,1.0,2.0,0.0,0.0,9.0,1.0,0,832.0,832.0,906.0,Y1
0.0,0.0,0.0,0.0,0.0,0.0,0.0,11.0,0.0,0,990.0,990.0,989.0,Y1
1.0,0.0,1.0,0.0,0.0,1.0,0.0,5.0,0.0,0,930.0,930.0,1006.0,Y1
0.0,0.0,0.0,0.0,0.0,0.0,0.0,13.0,0.0,0,1206.0,1206.0,1043.0,Y1
0.0,0.0,0.0,1.0,0.0,1.0,0.0,13.0,0.0,1,889.0,889.0,889.0,Y0
0.0,1.0,3.0,1.0,2.0,0.0,0.0,24.0,1.0,0,997.0,997.0,857.0,Y1
1.0,0.0,3.0,0.0,1.0,2.0,0.0,13.0,0.0,0,886.0,886.0,940.0,Y1
1.0,0.0,1.0,0.0,1.0,1.0,0.0,7.0,0.0,1,916.0,888.0,916.0,Y0
0.0,1.0,0.0,1.0,2.0,0.0,0.0,11.0,0.0,0,1044.0,1044.0,994.0,Y1
1.0,0.0,4.0,0.0,0.0,1.0,0.0,8.0,0.0,1,945.0,833.0,945.0,Y0
0.0,0.0,4.0,0.0,0.0,1.0,0.0,5.0,0.0,1,820.0,854.0,820.0,Y0
0.0,0.0,0.0,0.0,1.0,0.0,0.0,7.0,0.0,0,963.0,963.0,998.0,Y1
0.0,0.0,0.0,1.0,0.0,0.0,0.0,14.0,0.0,0,976.0,976.0,869.0,Y1
1.0,0.0,1.0,1.0,0.0,0.0,0.0,4.0,0.0,1,933.0,891.0,933.0,Y0
1.0,0.0,3.0,0.0,1.0,0.0,0.0,17.0,0.0,0,962.0,962.0,940.0,Y1
1.0,1.0,2.0,0.0,2.0,0.0,1.0,9.0,1.0,1,954.0,905.0,954.0,Y0
0.0,0.0,0.0,0.0,0.0,1.0,0.0,17.0,0.0,0,908.0,908.0,908.0,Y1
1.0,0.0,0.0,0.0,0.0,1.0,0.0,8.0,0.0,1,902.0,879.0,902.0,Y0
0.0,0.0,8.0,1.0,1.0,0.0,0.0,11.0,0.0,1,900.0,887.0,900.0,Y0
1.0,0.0,3.0,0.0,0.0,0.0,0.0,15.0,0.0,1,883.0,903.0,883.0,Y0
1.0,0.0,2.0,0.0,0.0,1.0,0.0,13.0,0.0,0,888.0,888.0,864.0,Y1
0.0,1.0,3.0,1.0,2.0,0.0,2.0,2.0,1.0,1,895.0,890.0,895.0,Y0
1.0,0.0,1.0,0.0,0.0,1.0,0.0,8.0,0.0,1,909.0,903.0,909.0,Y0
1.0,0.0,1.0,0.0,0.0,1.0,0.0,10.0,0.0,0,1054.0,1054.0,909.0,Y1
1.0,0.0,0.0,0.0,0.0,0.0,0.0,4.0,0.0,1,976.0,924.0,976.0,Y0
1.0,0.0,3.0,0.0,1.0,0.0,1.0,0.0,0.0,1,966.0,886.0,966.0,Y0
1.0,0.0,3.0,0.0,1.0,0.0,0.0,18.0,0.0,0,996.0,996.0,940.0,Y1
1.0,1.0,1.0,0.0,1.0,0.0,-1.0,0.0,0.0,0,931.0,931.0,1059.0,Y1
1.0,1.0,2.0,0.0,1.0,0.0,-1.0,4.0,0.0,0,892.0,892.0,784.0,Y1
0.0,1.0,1.0,1.0,2.0,1.0,4.0,12.0,0.0,1,906.0,959.0,906.0,Y0
1.0,0.0,0.0,0.0,0.0,0.0,0.0,5.0,0.0,0,981.0,981.0,933.0,Y1
0.0,0.0,2.0,0.0,0.0,1.0,0.0,4.0,0.0,1,972.0,981.0,972.0,Y0
1.0,1.0,3.0,1.0,2.0,0.0,0.0,3.0,1.0,1,983.0,868.0,983.0,Y0
1.0,1.0,0.0,0.0,1.0,0.0,0.0,21.0,0.0,1,927.0,882.0,927.0,Y0
1.0,0.0,3.0,0.0,0.0,0.0,0.0,12.0,0.0,0,959.0,959.0,916.0,Y1
1.0,0.0,2.0,0.0,0.0,1.0,0.0,5.0,0.0,0,885.0,885.0,916.0,Y1
1.0,1.0,1.0,1.0,2.0,1.0,0.0,22.0,0.0,0,901.0,901.0,892.0,Y1
1.0,0.0,1.0,0.0,3.0,0.0,0.0,14.0,0.0,0,1061.0,1061.0,1253.0,Y1
1.0,0.0,3.0,0.0,3.0,0.0,0.0,3.0,0.0,0,942.0,942.0,894.0,Y1
0.0,1.0,3.0,1.0,2.0,1.0,4.0,12.0,0.0,1,870.0,834.0,870.0,Y0
0.0,1.0,2.0,1.0,2.0,1.0,0.0,15.0,1.0,0,890.0,890.0,890.0,Y1
1.0,0.0,1.0,1.0,1.0,1.0,0.0,7.0,0.0,1,830.0,998.0,830.0,Y0
1.0,0.0,3.0,1.0,0.0,0.0,1.0,0.0,0.0,0,875.0,875.0,933.0,Y1
0.0,1.0,1.0,1.0,3.0,1.0,0.0,4.0,0.0,0,939.0,939.0,943.0,Y1
0.0,1.0,3.0,1.0,2.0,0.0,0.0,3.0,1.0,0,885.0,885.0,923.0,Y1
1.0,1.0,3.0,1.0,2.0,1.0,0.0,17.0,0.0,0,762.0,762.0,916.0,Y1
1.0,0.0,1.0,1.0,1.0,1.0,0.0,14.0,0.0,0,897.0,897.0,918.0,Y1
0.0,0.0,1.0,0.0,0.0,1.0,0.0,13.0,0.0,1,933.0,897.0,933.0,Y0
0.0,1.0,0.0,1.0,2.0,0.0,2.0,2.0,1.0,1,867.0,863.0,867.0,Y0
0.0,0.0,3.0,0.0,0.0,1.0,0.0,8.0,0.0,0,876.0,876.0,968.0,Y1
0.0,0.0,3.0,1.0,0.0,1.0,0.0,21.0,0.0,0,908.0,908.0,917.0,Y1
0.0,0.0,1.0,1.0,0.0,0.0,2.0,2.0,0.0,0,968.0,968.0,905.0,Y1
1.0,1.0,5.0,0.0,1.0,0.0,-1.0,4.0,0.0,0,816.0,816.0,811.0,Y1
1.0,1.0,0.0,1.0,2.0,0.0,0.0,10.0,1.0,0,996.0,996.0,827.0,Y1
0.0,0.0,3.0,0.0,0.0,1.0,0.0,17.0,0.0,0,903.0,903.0,906.0,Y1
1.0,0.0,2.0,1.0,0.0,1.0,0.0,8.0,0.0,0,789.0,789.0,909.0,Y1
1.0,0.0,2.0,0.0,0.0,0.0,-1.0,6.0,0.0,1,931.0,952.0,931.0,Y0
1.0,0.0,2.0,0.0,0.0,0.0,0.0,11.0,0.0,0,845.0,845.0,1039.0,Y1
0.0,1.0,1.0,1.0,1.0,1.0,0.0,24.0,0.0,0,909.0,909.0,835.0,Y1
1.0,0.0,0.0,1.0,0.0,1.0,0.0,6.0,0.0,1,873.0,950.0,873.0,Y0
1.0,1.0,0.0,1.0,2.0,1.0,2.0,24.0,0.0,0,1054.0,1054.0,892.0,Y1
0.0,0.0,1.0,0.0,0.0,1.0,0.0,21.0,0.0,0,1031.0,1031.0,902.0,Y1
1.0,1.0,2.0,1.0,2.0,0.0,2.0,2.0,1.0,1,912.0,896.0,912.0,Y0
1.0,0.0,4.0,0.0,1.0,1.0,0.0,18.0,0.0,1,1099.0,917.0,1099.0,Y0
1.0,0.0,4.0,0.0,0.0,1.0,0.0,8.0,0.0,1,925.0,833.0,925.0,Y0
1.0,0.0,0.0,1.0,0.0,0.0,2.0,2.0,0.0,0,900.0,900.0,914.0,Y1
1.0,0.0,2.0,0.0,1.0,0.0,0.0,12.0,0.0,0,936.0,936.0,888.0,Y1
0.0,1.0,0.0,1.0,0.0,2.0,0.0,12.0,0.0,0,940.0,940.0,960.0,Y1
1.0,1.0,3.0,1.0,2.0,0.0,2.0,1.0,1.0,0,902.0,902.0,851.0,Y1
1.0,0.0,7.0,1.0,3.0,0.0,0.0,5.0,0.0,0,852.0,852.0,857.0,Y1
1.0,0.0,1.0,0.0,3.0,0.0,0.0,5.0,0.0,0,914.0,914.0,1038.0,Y1
1.0,0.0,1.0,1.0,0.0,0.0,-1.0,4.0,0.0,0,855.0,855.0,809.0,Y1
1.0,0.0,3.0,1.0,0.0,1.0,0.0,8.0,0.0,1,954.0,847.0,954.0,Y0
0.0,1.0,3.0,1.0,2.0,0.0,1.0,0.0,0.0,0,953.0,953.0,927.0,Y1
0.0,0.0,7.0,1.0,0.0,0.0,0.0,13.0,0.0,0,805.0,805.0,986.0,Y1
1.0,1.0,0.0,1.0,2.0,0.0,-1.0,2.0,0.0,0,828.0,828.0,831.0,Y1
1.0,0.0,3.0,1.0,0.0,1.0,0.0,6.0,0.0,1,857.0,962.0,857.0,Y0
1.0,1.0,0.0,0.0,2.0,0.0,0.0,9.0,1.0,0,923.0,923.0,989.0,Y1
0.0,0.0,1.0,1.0,0.0,0.0,0.0,27.0,0.0,1,859.0,1027.0,859.0,Y0
1.0,0.0,1.0,0.0,0.0,0.0,0.0,19.0,0.0,0,983.0,983.0,961.0,Y1
1.0,1.0,3.0,1.0,2.0,1.0,0.0,7.0,0.0,0,908.0,908.0,947.0,Y1
1.0,1.0,5.0,1.0,2.0,0.0,0.0,3.0,1.0,1,1096.0,837.0,1096.0,Y0
1.0,0.0,1.0,0.0,0.0,3.0,0.0,14.0,0.0,1,1191.0,947.0,1191.0,Y0
0.0,0.0,0.0,0.0,0.0,0.0,2.0,1.0,0.0,1,894.0,936.0,894.0,Y0
1.0,0.0,2.0,0.0,0.0,0.0,0.0,10.0,0.0,0,1051.0,1051.0,1039.0,Y1
0.0,1.0,4.0,1.0,2.0,1.0,1.0,6.0,0.0,0,815.0,815.0,981.0,Y1
0.0,0.0,3.0,0.0,3.0,1.0,0.0,6.0,0.0,0,864.0,864.0,917.0,Y1
0.0,0.0,0.0,0.0,0.0,1.0,0.0,9.0,0.0,1,1057.0,949.0,1057.0,Y0
0.0,0.0,1.0,0.0,0.0,0.0,0.0,15.0,0.0,0,870.0,870.0,984.0,Y1
1.0,0.0,2.0,0.0,0.0,0.0,0.0,13.0,0.0,0,1069.0,1069.0,1004.0,Y1
1.0,1.0,2.0,1.0,2.0,0.0,0.0,11.0,0.0,1,962.0,907.0,962.0,Y0
1.0,0.0,2.0,0.0,0.0,1.0,0.0,9.0,0.0,0,918.0,918.0,1051.0,Y1
1.0,0.0,7.0,0.0,0.0,0.0,0.0,16.0,0.0,0,939.0,939.0,1105.0,Y1
1.0,1.0,1.0,1.0,2.0,0.0,2.0,2.0,0.0,1,1008.0,903.0,1008.0,Y0
1.0,1.0,0.0,0.0,2.0,1.0,2.0,24.0,0.0,0,1077.0,1077.0,891.0,Y1
0.0,0.0,1.0,0.0,1.0,0.0,-1.0,15.0,0.0,1,940.0,950.0,940.0,Y0
0.0,0.0,0.0,0.0,0.0,0.0,3.0,27.0,0.0,0,924.0,924.0,992.0,Y1
1.0,0.0,0.0,0.0,0.0,0.0,0.0,12.0,0.0,1,878.0,978.0,878.0,Y0
1.0,1.0,3.0,1.0,0.0,1.0,0.0,10.0,0.0,0,818.0,818.0,1002.0,Y1
0.0,1.0,1.0,1.0,2.0,0.0,0.0,3.0,1.0,0,889.0,889.0,963.0,Y1
0.0,0.0,1.0,1.0,0.0,0.0,0.0,2.0,0.0,0,881.0,881.0,846.0,Y1
0.0,0.0,0.0,1.0,0.0,1.0,0.0,12.0,0.0,0,811.0,811.0,868.0,Y1
1.0,0.0,0.0,0.0,1.0,1.0,4.0,15.0,0.0,0,987.0,987.0,887.0,Y1
0.0,1.0,1.0,1.0,2.0,0.0,-1.0,2.0,0.0,0,867.0,867.0,858.0,Y1
1.0,1.0,1.0,1.0,2.0,0.0,2.0,1.0,0.0,0,903.0,903.0,896.0,Y1
0.0,0.0,3.0,1.0,0.0,0.0,0.0,16.0,0.0,0,839.0,839.0,896.0,Y1
1.0,0.0,2.0,1.0,0.0,0.0,0.0,12.0,0.0,1,882.0,910.0,882.0,Y0
0.0,0.0,3.0,0.0,1.0,1.0,0.0,13.0,0.0,0,947.0,947.0,953.0,Y1
1.0,0.0,0.0,1.0,0.0,0.0,0.0,8.0,0.0,0,990.0,990.0,962.0,Y1
0.0,1.0,0.0,1.0,2.0,0.0,0.0,9.0,0.0,1,756.0,847.0,756.0,Y0
1.0,0.0,7.0,0.0,3.0,0.0,1.0,0.0,0.0,0,1031.0,1031.0,861.0,Y1
1.0,0.0,0.0,0.0,0.0,1.0,0.0,11.0,0.0,0,846.0,846.0,947.0,Y1
1.0,0.0,2.0,0.0,1.0,0.0,5.0,3.0,0.0,0,904.0,904.0,872.0,Y1
1.0,0.0,8.0,0.0,0.0,0.0,0.0,5.0,0.0,0,888.0,888.0,935.0,Y1
0.0,1.0,1.0,1.0,2.0,0.0,2.0,1.0,0.0,0,931.0,931.0,843.0,Y1
1.0,1.0,3.0,1.0,2.0,0.0,0.0,11.0,0.0,1,994.0,779.0,994.0,Y0
1.0,0.0,2.0,0.0,0.0,0.0,2.0,3.0,0.0,1,822.0,1083.0,822.0,Y0
1.0,0.0,0.0,0.0,0.0,0.0,0.0,13.0,0.0,0,1099.0,1099.0,878.0,Y1
0.0,0.0,1.0,1.0,0.0,0.0,3.0,27.0,0.0,0,1033.0,1033.0,910.0,Y1
1.0,0.0,3.0,0.0,0.0,0.0,-1.0,5.0,0.0,0,952.0,952.0,931.0,Y1
1.0,0.0,1.0,1.0,0.0,0.0,0.0,20.0,0.0,0,742.0,742.0,955.0,Y1
1.0,0.0,2.0,0.0,0.0,1.0,0.0,5.0,0.0,0,842.0,842.0,916.0,Y1
1.0,0.0,7.0,1.0,1.0,0.0,0.0,7.0,0.0,0,860.0,860.0,857.0,Y1
1.0,0.0,0.0,0.0,1.0,0.0,0.0,17.0,0.0,0,900.0,900.0,847.0,Y1
0.0,0.0,2.0,0.0,1.0,0.0,2.0,1.0,1.0,0,931.0,931.0,865.0,Y1
1.0,0.0,0.0,0.0,0.0,1.0,0.0,6.0,0.0,0,961.0,961.0,1089.0,Y1
1.0,0.0,3.0,0.0,0.0,0.0,1.0,0.0,0.0,0,939.0,939.0,966.0,Y1
1.0,0.0,0.0,1.0,1.0,0.0,0.0,12.0,1.0,1,906.0,956.0,906.0,Y0
0.0,0.0,0.0,0.0,0.0,0.0,0.0,15.0,0.0,0,842.0,842.0,1043.0,Y1
1.0,0.0,2.0,0.0,0.0,1.0,0.0,12.0,0.0,0,1006.0,1006.0,949.0,Y1
0.0,0.0,0.0,0.0,1.0,0.0,0.0,8.0,0.0,0,942.0,942.0,944.0,Y1
0.0,1.0,0.0,1.0,2.0,0.0,-1.0,14.0,1.0,1,877.0,910.0,877.0,Y0
1.0,0.0,1.0,0.0,1.0,2.0,0.0,12.0,0.0,0,921.0,921.0,943.0,Y1
1.0,0.0,1.0,0.0,0.0,1.0,0.0,10.0,0.0,0,964.0,964.0,909.0,Y1
1.0,0.0,1.0,0.0,3.0,0.0,0.0,3.0,0.0,0,1004.0,1004.0,874.0,Y1
1.0,0.0,2.0,1.0,3.0,1.0,0.0,12.0,0.0,0,809.0,809.0,1049.0,Y1
0.0,1.0,0.0,0.0,1.0,0.0,-1.0,10.0,1.0,1,907.0,869.0,907.0,Y0
1.0,0.0,1.0,0.0,0.0,0.0,3.0,9.0,0.0,0,963.0,963.0,822.0,Y1
0.0,0.0,0.0,1.0,0.0,0.0,2.0,1.0,0.0,0,937.0,937.0,905.0,Y1
1.0,1.0,0.0,1.0,2.0,1.0,0.0,11.0,0.0,0,868.0,868.0,810.0,Y1
1.0,0.0,1.0,1.0,0.0,0.0,2.0,2.0,0.0,1,868.0,1091.0,868.0,Y0
1.0,0.0,3.0,1.0,0.0,0.0,2.0,2.0,0.0,0,841.0,841.0,933.0,Y1
0.0,0.0,3.0,1.0,1.0,0.0,-1.0,2.0,0.0,0,945.0,945.0,899.0,Y1
1.0,1.0,3.0,1.0,2.0,0.0,0.0,11.0,0.0,0,779.0,779.0,994.0,Y1
0.0,1.0,3.0,1.0,2.0,0.0,2.0,1.0,1.0,1,829.0,890.0,829.0,Y0
1.0,0.0,2.0,0.0,1.0,0.0,-1.0,0.0,0.0,1,939.0,959.0,939.0,Y0
0.0,0.0,2.0,1.0,0.0,0.0,0.0,4.0,0.0,1,900.0,961.0,900.0,Y0
1.0,1.0,0.0,1.0,2.0,0.0,0.0,20.0,1.0,0,945.0,945.0,873.0,Y1
1.0,0.0,0.0,1.0,1.0,0.0,0.0,12.0,1.0,1,983.0,956.0,983.0,Y0
1.0,0.0,3.0,0.0,0.0,0.0,0.0,16.0,0.0,1,992.0,976.0,992.0,Y0
0.0,0.0,3.0,0.0,0.0,1.0,4.0,16.0,0.0,0,947.0,947.0,859.0,Y1
1.0,0.0,3.0,0.0,1.0,0.0,-1.0,3.0,0.0,0,880.0,880.0,962.0,Y1
0.0,0.0,0.0,0.0,1.0,0.0,0.0,15.0,0.0,0,881.0,881.0,1021.0,Y1
1.0,1.0,0.0,1.0,2.0,0.0,0.0,12.0,0.0,0,917.0,917.0,896.0,Y1
0.0,0.0,3.0,1.0,0.0,1.0,0.0,6.0,0.0,1,997.0,837.0,997.0,Y0
1.0,1.0,0.0,0.0,2.0,0.0,1.0,0.0,1.0,0,983.0,983.0,986.0,Y1
0.0,0.0,0.0,0.0,0.0,0.0,0.0,11.0,0.0,0,920.0,920.0,989.0,Y1
0.0,0.0,3.0,0.0,0.0,1.0,0.0,11.0,0.0,0,931.0,931.0,876.0,Y1
0.0,1.0,3.0,0.0,2.0,0.0,1.0,0.0,1.0,0,881.0,881.0,1001.0,Y1
0.0,0.0,3.0,0.0,1.0,0.0,2.0,3.0,0.0,0,832.0,832.0,809.0,Y1
1.0,1.0,0.0,1.0,1.0,0.0,0.0,5.0,1.0,0,898.0,898.0,827.0,Y1
1.0,0.0,0.0,1.0,0.0,0.0,0.0,3.0,0.0,0,829.0,829.0,1124.0,Y1
0.0,1.0,2.0,1.0,1.0,0.0,2.0,1.0,1.0,0,975.0,975.0,876.0,Y1
1.0,0.0,1.0,0.0,0.0,2.0,0.0,12.0,0.0,0,947.0,947.0,943.0,Y1
0.0,1.0,3.0,1.0,2.0,0.0,0.0,5.0,0.0,0,854.0,854.0,897.0,Y1
1.0,1.0,3.0,1.0,1.0,1.0,0.0,20.0,0.0,1,916.0,947.0,916.0,Y0
1.0,0.0,3.0,0.0,0.0,1.0,0.0,6.0,0.0,0,965.0,965.0,1036.0,Y1
0.0,0.0,0.0,0.0,0.0,0.0,0.0,9.0,0.0,0,918.0,918.0,929.0,Y1
1.0,0.0,0.0,0.0,0.0,1.0,0.0,13.0,0.0,0,876.0,876.0,859.0,Y1
0.0,0.0,9.0,1.0,1.0,1.0,0.0,14.0,0.0,0,868.0,868.0,891.0,Y1
1.0,1.0,2.0,1.0,2.0,0.0,0.0,24.0,1.0,0,968.0,968.0,873.0,Y1
0.0,0.0,1.0,0.0,0.0,1.0,0.0,12.0,0.0,0,949.0,949.0,1059.0,Y1
0.0,1.0,3.0,1.0,2.0,0.0,0.0,6.0,1.0,0,873.0,873.0,900.0,Y1
0.0,0.0,2.0,0.0,1.0,1.0,0.0,14.0,0.0,0,1053.0,1053.0,992.0,Y1
1.0,1.0,0.0,1.0,1.0,0.0,2.0,1.0,0.0,0,921.0,921.0,833.0,Y1
0.0,0.0,2.0,0.0,0.0,1.0,0.0,8.0,1.0,0,909.0,909.0,947.0,Y1
1.0,0.0,2.0,0.0,1.0,1.0,0.0,13.0,0.0,0,961.0,961.0,980.0,Y1
1.0,0.0,0.0,0.0,0.0,0.0,0.0,7.0,0.0,0,878.0,878.0,984.0,Y1
1.0,1.0,2.0,1.0,1.0,0.0,-1.0,0.0,0.0,0,879.0,879.0,1144.0,Y1
0.0,0.0,3.0,0.0,1.0,0.0,-1.0,3.0,0.0,0,875.0,875.0,890.0,Y1
0.0,0.0,4.0,1.0,0.0,0.0,-1.0,9.0,0.0,0,820.0,820.0,802.0,Y1
1.0,0.0,2.0,1.0,3.0,1.0,0.0,14.0,0.0,1,1049.0,809.0,1049.0,Y0
0.0,0.0,3.0,1.0,3.0,1.0,0.0,17.0,0.0,1,883.0,857.0,883.0,Y0
0.0,1.0,1.0,1.0,2.0,0.0,0.0,24.0,1.0,0,915.0,915.0,855.0,Y1
1.0,0.0,3.0,0.0,0.0,0.0,0.0,11.0,0.0,0,1022.0,1022.0,1028.0,Y1
1.0,1.0,1.0,0.0,1.0,0.0,0.0,11.0,1.0,1,879.0,868.0,879.0,Y0
1.0,0.0,8.0,1.0,0.0,0.0,0.0,7.0,0.0,0,800.0,800.0,914.0,Y1
0.0,0.0,0.0,1.0,0.0,1.0,0.0,13.0,0.0,0,889.0,889.0,889.0,Y1
1.0,1.0,2.0,1.0,2.0,1.0,0.0,22.0,0.0,0,899.0,899.0,916.0,Y1
0.0,1.0,2.0,1.0,2.0,0.0,0.0,14.0,0.0,1,857.0,851.0,857.0,Y0
1.0,0.0,0.0,1.0,0.0,1.0,0.0,21.0,0.0,0,857.0,857.0,891.0,Y1
1.0,0.0,3.0,0.0,0.0,1.0,0.0,6.0,0.0,0,971.0,971.0,1036.0,Y1
0.0,1.0,4.0,1.0,3.0,0.0,0.0,17.0,0.0,0,920.0,920.0,942.0,Y1
1.0,1.0,2.0,1.0,2.0,1.0,0.0,7.0,0.0,0,877.0,877.0,789.0,Y1
0.0,0.0,2.0,1.0,0.0,0.0,-1.0,4.0,0.0,0,807.0,807.0,953.0,Y1
1.0,1.0,2.0,1.0,2.0,0.0,-1.0,2.0,0.0,0,905.0,905.0,862.0,Y1
0.0,1.0,1.0,1.0,2.0,0.0,0.0,21.0,1.0,1,855.0,996.0,855.0,Y0
1.0,1.0,3.0,0.0,2.0,0.0,0.0,7.0,0.0,0,887.0,887.0,862.0,Y1
0.0,0.0,0.0,1.0,0.0,1.0,0.0,6.0,0.0,1,876.0,808.0,876.0,Y0
0.0,0.0,0.0,0.0,1.0,0.0,0.0,16.0,1.0,1,935.0,863.0,935.0,Y0
1.0,0.0,2.0,1.0,0.0,0.0,0.0,2.0,0.0,0,933.0,933.0,944.0,Y1
0.0,0.0,3.0,1.0,0.0,0.0,3.0,9.0,0.0,0,851.0,851.0,874.0,Y1
1.0,0.0,7.0,0.0,1.0,0.0,0.0,12.0,0.0,0,946.0,946.0,921.0,Y1
1.0,1.0,4.0,0.0,3.0,0.0,0.0,17.0,0.0,0,870.0,870.0,883.0,Y1
0.0,0.0,0.0,0.0,1.0,0.0,0.0,0.0,0.0,0,987.0,987.0,998.0,Y1
1.0,1.0,0.0,0.0,1.0,0.0,2.0,1.0,0.0,0,933.0,933.0,998.0,Y1
1.0,0.0,1.0,0.0,0.0,1.0,0.0,6.0,0.0,0,949.0,949.0,895.0,Y1
1.0,0.0,0.0,1.0,0.0,1.0,0.0,12.0,0.0,1,866.0,878.0,866.0,Y0
1.0,0.0,2.0,0.0,1.0,0.0,-1.0,0.0,0.0,1,955.0,959.0,955.0,Y0
1.0,0.0,0.0,0.0,0.0,1.0,0.0,13.0,0.0,1,937.0,903.0,937.0,Y0
0.0,1.0,0.0,1.0,2.0,0.0,-1.0,3.0,0.0,1,827.0,857.0,827.0,Y0
1.0,0.0,0.0,0.0,0.0,0.0,2.0,3.0,1.0,0,846.0,846.0,956.0,Y1
1.0,1.0,4.0,1.0,2.0,0.0,0.0,6.0,0.0,0,836.0,836.0,1065.0,Y1
1.0,0.0,3.0,0.0,0.0,0.0,2.0,1.0,0.0,0,986.0,986.0,897.0,Y1
1.0,0.0,2.0,0.0,1.0,0.0,0.0,16.0,1.0,1,907.0,1066.0,907.0,Y0
0.0,1.0,1.0,1.0,2.0,1.0,0.0,17.0,0.0,0,906.0,906.0,835.0,Y1
0.0,0.0,1.0,0.0,1.0,1.0,0.0,13.0,0.0,0,858.0,858.0,954.0,Y1
1.0,1.0,1.0,1.0,2.0,0.0,0.0,5.0,0.0,0,831.0,831.0,926.0,Y1
0.0,0.0,2.0,0.0,1.0,1.0,0.0,12.0,0.0,1,931.0,854.0,931.0,Y0
0.0,1.0,2.0,1.0,2.0,0.0,0.0,20.0,1.0,0,960.0,960.0,872.0,Y1
0.0,1.0,2.0,1.0,2.0,0.0,0.0,12.0,0.0,0,851.0,851.0,857.0,Y1
0.0,0.0,3.0,0.0,0.0,0.0,0.0,8.0,0.0,1,897.0,911.0,897.0,Y0
1.0,1.0,2.0,1.0,1.0,1.0,0.0,24.0,0.0,0,1063.0,1063.0,916.0,Y1
0.0,0.0,3.0,1.0,3.0,0.0,0.0,14.0,0.0,0,972.0,972.0,847.0,Y1
1.0,0.0,0.0,0.0,3.0,0.0,0.0,14.0,0.0,1,966.0,971.0,966.0,Y0
0.0,0.0,0.0,1.0,0.0,0.0,0.0,14.0,0.0,0,964.0,964.0,869.0,Y1
1.0,0.0,1.0,1.0,0.0,0.0,0.0,12.0,0.0,1,927.0,1005.0,927.0,Y0
1.0,1.0,4.0,1.0,3.0,0.0,0.0,11.0,0.0,1,854.0,779.0,854.0,Y0
0.0,0.0,1.0,1.0,0.0,1.0,0.0,12.0,0.0,0,893.0,893.0,994.0,Y1
1.0,0.0,3.0,0.0,3.0,0.0,0.0,14.0,0.0,1,993.0,949.0,993.0,Y0
0.0,0.0,3.0,1.0,0.0,0.0,2.0,1.0,0.0,0,918.0,918.0,912.0,Y1
0.0,0.0,3.0,0.0,1.0,1.0,0.0,15.0,0.0,1,782.0,956.0,782.0,Y0
1.0,1.0,0.0,1.0,2.0,0.0,2.0,1.0,1.0,0,916.0,916.0,974.0,Y1
1.0,0.0,3.0,0.0,0.0,0.0,0.0,14.0,0.0,0,989.0,989.0,883.0,Y1
0.0,0.0,3.0,1.0,1.0,0.0,-1.0,18.0,1.0,0,882.0,882.0,872.0,Y1
0.0,1.0,3.0,1.0,0.0,1.0,3.0,11.0,0.0,0,834.0,834.0,901.0,Y1
1.0,1.0,3.0,1.0,3.0,1.0,0.0,6.0,0.0,0,809.0,809.0,947.0,Y1
1.0,0.0,3.0,0.0,0.0,1.0,0.0,5.0,0.0,0,816.0,816.0,957.0,Y1
0.0,0.0,1.0,0.0,1.0,0.0,0.0,12.0,0.0,0,1054.0,1054.0,890.0,Y1
1.0,0.0,4.0,0.0,0.0,0.0,0.0,10.0,0.0,0,997.0,997.0,950.0,Y1
1.0,0.0,2.0,0.0,1.0,1.0,0.0,7.0,0.0,1,841.0,914.0,841.0,Y0
0.0,0.0,0.0,1.0,0.0,0.0,0.0,6.0,0.0,1,959.0,874.0,959.0,Y0
1.0,0.0,0.0,0.0,0.0,0.0,0.0,13.0,0.0,0,912.0,912.0,878.0,Y1
0.0,0.0,0.0,1.0,0.0,0.0,0.0,12.0,0.0,1,931.0,992.0,931.0,Y0
0.0,1.0,1.0,0.0,3.0,0.0,1.0,0.0,0.0,0,971.0,971.0,831.0,Y1
0.0,0.0,1.0,0.0,0.0,0.0,0.0,19.0,0.0,0,1003.0,1003.0,950.0,Y1
0.0,0.0,3.0,1.0,1.0,0.0,0.0,3.0,0.0,1,988.0,939.0,988.0,Y0
1.0,0.0,0.0,0.0,3.0,0.0,0.0,5.0,0.0,0,956.0,956.0,923.0,Y1
0.0,1.0,1.0,1.0,1.0,0.0,-1.0,18.0,1.0,0,875.0,875.0,915.0,Y1
1.0,0.0,3.0,0.0,0.0,0.0,0.0,8.0,0.0,1,847.0,785.0,847.0,Y0
0.0,0.0,3.0,0.0,0.0,0.0,0.0,8.0,0.0,0,839.0,839.0,844.0,Y1
1.0,0.0,0.0,1.0,0.0,1.0,0.0,12.0,0.0,1,871.0,878.0,871.0,Y0
0.0,0.0,0.0,0.0,0.0,0.0,0.0,8.0,0.0,0,994.0,994.0,929.0,Y1
1.0,0.0,0.0,1.0,0.0,1.0,0.0,8.0,0.0,1,924.0,883.0,924.0,Y0
1.0,0.0,1.0,0.0,0.0,1.0,0.0,8.0,0.0,0,903.0,903.0,909.0,Y1
0.0,0.0,2.0,0.0,0.0,0.0,0.0,13.0,0.0,0,952.0,952.0,1003.0,Y1
0.0,0.0,3.0,0.0,0.0,1.0,0.0,9.0,0.0,0,875.0,875.0,968.0,Y1
0.0,0.0,3.0,1.0,0.0,0.0,3.0,10.0,0.0,0,1046.0,1046.0,874.0,Y1
0.0,0.0,1.0,1.0,0.0,0.0,0.0,10.0,0.0,0,889.0,889.0,900.0,Y1
0.0,1.0,2.0,0.0,1.0,0.0,0.0,21.0,1.0,0,908.0,908.0,890.0,Y1
1.0,0.0,3.0,0.0,1.0,0.0,-1.0,15.0,0.0,1,870.0,871.0,870.0,Y0
0.0,0.0,3.0,0.0,0.0,0.0,0.0,13.0,0.0,0,1082.0,1082.0,1136.0,Y1
1.0,0.0,2.0,0.0,0.0,1.0,0.0,6.0,0.0,0,875.0,875.0,1100.0,Y1
0.0,0.0,4.0,1.0,0.0,0.0,1.0,0.0,0.0,0,910.0,910.0,871.0,Y1
1.0,0.0,4.0,0.0,0.0,1.0,0.0,13.0,0.0,0,967.0,967.0,897.0,Y1
1.0,0.0,2.0,0.0,3.0,0.0,0.0,11.0,0.0,0,905.0,905.0,820.0,Y1
1.0,1.0,3.0,1.0,1.0,0.0,0.0,6.0,0.0,0,830.0,830.0,879.0,Y1
0.0,0.0,2.0,1.0,0.0,1.0,0.0,15.0,0.0,0,959.0,959.0,917.0,Y1
0.0,1.0,0.0,0.0,1.0,0.0,0.0,20.0,1.0,0,884.0,884.0,1026.0,Y1
0.0,1.0,3.0,1.0,2.0,0.0,2.0,1.0,1.0,0,890.0,890.0,829.0,Y1
0.0,0.0,2.0,1.0,0.0,0.0,2.0,3.0,0.0,1,889.0,914.0,889.0,Y0
1.0,1.0,8.0,1.0,2.0,0.0,1.0,0.0,0.0,0,942.0,942.0,925.0,Y1
1.0,0.0,0.0,1.0,0.0,0.0,0.0,10.0,0.0,0,869.0,869.0,903.0,Y1
1.0,1.0,0.0,1.0,3.0,0.0,0.0,11.0,0.0,0,916.0,916.0,896.0,Y1
1.0,1.0,0.0,1.0,2.0,1.0,0.0,11.0,1.0,0,826.0,826.0,831.0,Y1
0.0,0.0,1.0,1.0,0.0,3.0,3.0,8.0,0.0,1,950.0,1005.0,950.0,Y0
0.0,0.0,3.0,0.0,0.0,0.0,3.0,10.0,0.0,0,1023.0,1023.0,992.0,Y1
1.0,0.0,0.0,1.0,0.0,0.0,0.0,2.0,0.0,1,905.0,756.0,905.0,Y0
1.0,0.0,2.0,0.0,3.0,0.0,0.0,5.0,0.0,0,881.0,881.0,820.0,Y1
1.0,0.0,7.0,0.0,0.0,0.0,0.0,4.0,0.0,0,921.0,921.0,921.0,Y1
1.0,1.0,2.0,1.0,2.0,0.0,0.0,5.0,0.0,0,876.0,876.0,1032.0,Y1
0.0,0.0,2.0,0.0,3.0,0.0,2.0,5.0,0.0,0,976.0,976.0,1105.0,Y1
1.0,0.0,7.0,0.0,0.0,0.0,0.0,14.0,0.0,1,1105.0,987.0,1105.0,Y0
1.0,0.0,3.0,0.0,1.0,1.0,0.0,22.0,0.0,0,905.0,905.0,940.0,Y1
1.0,0.0,0.0,0.0,0.0,1.0,5.0,11.0,0.0,1,887.0,986.0,887.0,Y0
0.0,0.0,2.0,0.0,0.0,1.0,0.0,10.0,0.0,0,847.0,847.0,924.0,Y1
1.0,1.0,0.0,0.0,3.0,0.0,0.0,17.0,0.0,0,919.0,919.0,883.0,Y1
1.0,0.0,3.0,0.0,0.0,1.0,0.0,10.0,0.0,0,856.0,856.0,852.0,Y1
0.0,0.0,0.0,1.0,0.0,0.0,0.0,20.0,0.0,0,956.0,956.0,931.0,Y1
1.0,1.0,1.0,1.0,2.0,0.0,0.0,5.0,0.0,1,926.0,831.0,926.0,Y0
1.0,0.0,3.0,1.0,0.0,0.0,0.0,10.0,0.0,0,958.0,958.0,903.0,Y1
1.0,0.0,3.0,0.0,0.0,0.0,0.0,9.0,0.0,1,1017.0,911.0,1017.0,Y0
1.0,0.0,3.0,0.0,3.0,1.0,0.0,12.0,0.0,0,956.0,956.0,817.0,Y1
1.0,0.0,2.0,0.0,1.0,0.0,0.0,14.0,0.0,1,966.0,932.0,966.0,Y0
1.0,1.0,3.0,1.0,2.0,0.0,0.0,16.0,1.0,0,912.0,912.0,931.0,Y1
1.0,0.0,3.0,1.0,1.0,0.0,0.0,16.0,1.0,1,903.0,911.0,903.0,Y0
0.0,0.0,2.0,0.0,0.0,0.0,0.0,21.0,0.0,1,823.0,980.0,823.0,Y0
1.0,0.0,1.0,0.0,1.0,2.0,0.0,12.0,0.0,0,978.0,978.0,943.0,Y1
1.0,0.0,7.0,0.0,1.0,0.0,0.0,17.0,0.0,0,1061.0,1061.0,1105.0,Y1
1.0,1.0,3.0,0.0,1.0,0.0,-1.0,18.0,1.0,0,796.0,796.0,947.0,Y1
0.0,1.0,3.0,1.0,1.0,0.0,0.0,6.0,0.0,0,907.0,907.0,850.0,Y1
1.0,1.0,1.0,1.0,2.0,0.0,-1.0,9.0,1.0,0,893.0,893.0,936.0,Y1
0.0,0.0,2.0,0.0,0.0,0.0,-1.0,2.0,0.0,0,870.0,870.0,879.0,Y1
1.0,0.0,3.0,0.0,0.0,1.0,0.0,13.0,0.0,0,805.0,805.0,879.0,Y1
0.0,0.0,1.0,0.0,0.0,1.0,0.0,20.0,0.0,0,1045.0,1045.0,999.0,Y1
1.0,0.0,1.0,0.0,1.0,0.0,0.0,0.0,0.0,0,956.0,956.0,914.0,Y1
0.0,0.0,3.0,0.0,1.0,1.0,0.0,14.0,0.0,0,956.0,956.0,782.0,Y1
1.0,1.0,3.0,1.0,2.0,0.0,2.0,2.0,0.0,1,996.0,927.0,996.0,Y0
1.0,0.0,3.0,1.0,0.0,1.0,0.0,8.0,0.0,1,869.0,847.0,869.0,Y0
1.0,0.0,4.0,0.0,1.0,0.0,0.0,17.0,0.0,0,884.0,884.0,940.0,Y1
1.0,1.0,4.0,1.0,2.0,0.0,0.0,5.0,1.0,0,837.0,837.0,873.0,Y1
0.0,1.0,3.0,0.0,1.0,0.0,3.0,13.0,0.0,1,917.0,994.0,917.0,Y0
0.0,1.0,2.0,1.0,2.0,0.0,0.0,10.0,1.0,0,1036.0,1036.0,872.0,Y1
0.0,0.0,0.0,1.0,0.0,0.0,0.0,3.0,0.0,0,888.0,888.0,782.0,Y1
1.0,0.0,2.0,1.0,0.0,0.0,0.0,3.0,0.0,0,899.0,899.0,913.0,Y1
0.0,0.0,3.0,0.0,3.0,0.0,0.0,14.0,0.0,0,845.0,845.0,1063.0,Y1
0.0,0.0,3.0,0.0,0.0,0.0,0.0,15.0,0.0,0,857.0,857.0,1066.0,Y1
1.0,0.0,2.0,1.0,0.0,1.0,0.0,20.0,0.0,0,908.0,908.0,955.0,Y1
1.0,0.0,2.0,0.0,1.0,0.0,0.0,11.0,0.0,1,888.0,902.0,888.0,Y0
0.0,0.0,2.0,0.0,0.0,0.0,0.0,8.0,0.0,1,993.0,997.0,993.0,Y0
1.0,0.0,2.0,0.0,0.0,1.0,0.0,8.0,0.0,0,906.0,906.0,960.0,Y1
1.0,0.0,3.0,0.0,0.0,0.0,0.0,4.0,0.0,1,1074.0,930.0,1074.0,Y0
0.0,0.0,0.0,0.0,3.0,1.0,0.0,4.0,0.0,0,963.0,963.0,967.0,Y1
1.0,0.0,1.0,1.0,0.0,1.0,0.0,10.0,0.0,0,834.0,834.0,1047.0,Y1
0.0,0.0,1.0,0.0,3.0,0.0,0.0,11.0,0.0,1,987.0,954.0,987.0,Y0
0.0,0.0,3.0,0.0,0.0,0.0,0.0,15.0,0.0,1,903.0,857.0,903.0,Y0
0.0,0.0,2.0,0.0,0.0,0.0,0.0,14.0,0.0,0,936.0,936.0,1003.0,Y1
1.0,0.0,1.0,1.0,0.0,1.0,0.0,5.0,0.0,0,958.0,958.0,906.0,Y1
1.0,1.0,4.0,1.0,1.0,0.0,-1.0,5.0,0.0,1,811.0,883.0,811.0,Y0
1.0,0.0,1.0,0.0,1.0,0.0,0.0,7.0,0.0,0,884.0,884.0,989.0,Y1
1.0,0.0,2.0,0.0,2.0,1.0,0.0,11.0,0.0,0,976.0,976.0,915.0,Y1
1.0,0.0,2.0,0.0,0.0,1.0,0.0,13.0,0.0,0,766.0,766.0,864.0,Y1
0.0,0.0,0.0,1.0,0.0,0.0,0.0,11.0,0.0,0,879.0,879.0,1098.0,Y1
1.0,0.0,3.0,0.0,0.0,3.0,3.0,8.0,0.0,1,876.0,921.0,876.0,Y0
1.0,0.0,0.0,1.0,0.0,1.0,0.0,5.0,0.0,0,863.0,863.0,873.0,Y1
0.0,0.0,1.0,0.0,0.0,0.0,0.0,20.0,0.0,0,914.0,914.0,917.0,Y1
1.0,1.0,1.0,1.0,1.0,0.0,0.0,3.0,0.0,1,1007.0,899.0,1007.0,Y0
0.0,1.0,3.0,1.0,2.0,0.0,2.0,1.0,1.0,0,853.0,853.0,829.0,Y1
1.0,0.0,2.0,1.0,0.0,2.0,0.0,6.0,0.0,1,810.0,891.0,810.0,Y0
0.0,1.0,0.0,0.0,2.0,1.0,0.0,15.0,1.0,0,902.0,902.0,985.0,Y1
0.0,1.0,1.0,1.0,2.0,0.0,0.0,5.0,0.0,0,939.0,939.0,975.0,Y1
0.0,0.0,1.0,0.0,0.0,0.0,0.0,4.0,0.0,1,1036.0,921.0,1036.0,Y0
1.0,1.0,2.0,1.0,2.0,0.0,2.0,1.0,1.0,1,927.0,896.0,927.0,Y0
1.0,1.0,3.0,1.0,2.0,0.0,2.0,1.0,1.0,0,952.0,952.0,851.0,Y1
1.0,0.0,2.0,0.0,3.0,0.0,0.0,13.0,0.0,1,934.0,909.0,934.0,Y0
1.0,0.0,2.0,0.0,0.0,1.0,0.0,9.0,0.0,0,902.0,902.0,1051.0,Y1
0.0,1.0,0.0,1.0,2.0,1.0,0.0,7.0,0.0,0,1048.0,1048.0,943.0,Y1
0.0,0.0,2.0,0.0,1.0,1.0,0.0,7.0,0.0,1,929.0,1017.0,929.0,Y0
1.0,0.0,1.0,0.0,3.0,0.0,0.0,3.0,0.0,0,1042.0,1042.0,874.0,Y1
1.0,1.0,0.0,1.0,2.0,1.0,0.0,5.0,0.0,0,882.0,882.0,810.0,Y1
0.0,0.0,1.0,1.0,1.0,0.0,0.0,11.0,0.0,0,871.0,871.0,926.0,Y1
0.0,0.0,0.0,1.0,0.0,0.0,0.0,10.0,0.0,0,981.0,981.0,1098.0,Y1
0.0,1.0,1.0,1.0,2.0,0.0,1.0,0.0,1.0,0,1007.0,1007.0,942.0,Y1
1.0,0.0,2.0,1.0,2.0,1.0,0.0,10.0,1.0,1,948.0,924.0,948.0,Y0
1.0,0.0,3.0,0.0,1.0,1.0,0.0,17.0,0.0,1,928.0,886.0,928.0,Y0
0.0,0.0,3.0,1.0,1.0,0.0,0.0,10.0,0.0,1,853.0,939.0,853.0,Y0
1.0,0.0,7.0,1.0,0.0,0.0,0.0,15.0,0.0,1,911.0,823.0,911.0,Y0
0.0,1.0,0.0,0.0,1.0,0.0,0.0,5.0,1.0,0,1109.0,1109.0,1026.0,Y1
1.0,1.0,3.0,1.0,2.0,1.0,0.0,17.0,0.0,0,927.0,927.0,916.0,Y1
0.0,1.0,2.0,1.0,2.0,0.0,2.0,1.0,0.0,1,869.0,945.0,869.0,Y0
1.0,0.0,3.0,1.0,0.0,1.0,4.0,16.0,0.0,0,1068.0,1068.0,857.0,Y1
0.0,0.0,0.0,0.0,1.0,0.0,0.0,17.0,0.0,0,1001.0,1001.0,1021.0,Y1
1.0,0.0,7.0,1.0,0.0,0.0,0.0,6.0,0.0,0,863.0,863.0,878.0,Y1
0.0,0.0,3.0,1.0,0.0,0.0,0.0,3.0,0.0,0,997.0,997.0,950.0,Y1
1.0,1.0,3.0,1.0,2.0,1.0,0.0,17.0,0.0,0,862.0,862.0,916.0,Y1
0.0,0.0,1.0,0.0,3.0,2.0,0.0,13.0,0.0,0,908.0,908.0,961.0,Y1
0.0,0.0,0.0,0.0,3.0,2.0,0.0,12.0,0.0,1,961.0,937.0,961.0,Y0
0.0,0.0,2.0,0.0,0.0,0.0,-1.0,4.0,0.0,0,902.0,902.0,971.0,Y1
0.0,0.0,1.0,1.0,3.0,0.0,2.0,5.0,0.0,0,944.0,944.0,886.0,Y1
0.0,1.0,2.0,1.0,0.0,0.0,-1.0,4.0,0.0,0,842.0,842.0,747.0,Y1
1.0,0.0,1.0,0.0,1.0,0.0,0.0,11.0,0.0,1,1003.0,912.0,1003.0,Y0
0.0,0.0,3.0,0.0,1.0,1.0,0.0,8.0,0.0,0,915.0,915.0,967.0,Y1
0.0,0.0,3.0,0.0,0.0,0.0,0.0,8.0,0.0,1,844.0,911.0,844.0,Y0
1.0,0.0,3.0,1.0,0.0,1.0,0.0,12.0,0.0,0,887.0,887.0,981.0,Y1
0.0,0.0,3.0,0.0,0.0,0.0,1.0,0.0,0.0,0,1043.0,1043.0,967.0,Y1
0.0,0.0,1.0,1.0,0.0,1.0,4.0,16.0,0.0,0,1028.0,1028.0,842.0,Y1
0.0,0.0,0.0,0.0,0.0,3.0,0.0,10.0,0.0,1,1002.0,847.0,1002.0,Y0
1.0,0.0,3.0,1.0,0.0,2.0,0.0,6.0,0.0,1,801.0,917.0,801.0,Y0
0.0,1.0,3.0,1.0,1.0,1.0,0.0,15.0,1.0,0,979.0,979.0,884.0,Y1
1.0,0.0,1.0,0.0,0.0,0.0,2.0,3.0,1.0,0,903.0,903.0,950.0,Y1
0.0,0.0,1.0,0.0,3.0,0.0,0.0,13.0,0.0,0,883.0,883.0,953.0,Y1
1.0,1.0,3.0,1.0,1.0,0.0,0.0,5.0,1.0,0,989.0,989.0,946.0,Y1
0.0,1.0,3.0,1.0,2.0,1.0,0.0,5.0,0.0,0,853.0,853.0,981.0,Y1
0.0,1.0,3.0,1.0,2.0,0.0,0.0,11.0,0.0,0,800.0,800.0,893.0,Y1
0.0,0.0,2.0,0.0,0.0,1.0,0.0,5.0,0.0,1,867.0,872.0,867.0,Y0
0.0,0.0,1.0,0.0,1.0,0.0,0.0,11.0,0.0,0,926.0,926.0,890.0,Y1
1.0,0.0,2.0,1.0,0.0,0.0,0.0,22.0,0.0,1,908.0,858.0,908.0,Y0
1.0,0.0,3.0,0.0,0.0,0.0,0.0,9.0,0.0,1,991.0,911.0,991.0,Y0
1.0,0.0,2.0,1.0,0.0,2.0,0.0,12.0,0.0,0,891.0,891.0,851.0,Y1
0.0,0.0,4.0,0.0,0.0,1.0,0.0,8.0,0.0,0,971.0,971.0,820.0,Y1
0.0,0.0,3.0,1.0,0.0,1.0,0.0,5.0,0.0,0,837.0,837.0,997.0,Y1
0.0,0.0,1.0,0.0,3.0,0.0,0.0,3.0,0.0,0,932.0,932.0,865.0,Y1
0.0,1.0,3.0,0.0,1.0,1.0,0.0,15.0,0.0,1,1015.0,910.0,1015.0,Y0
1.0,0.0,0.0,1.0,3.0,2.0,0.0,13.0,0.0,0,796.0,796.0,883.0,Y1
0.0,0.0,0.0,0.0,0.0,0.0,0.0,13.0,0.0,0,1005.0,1005.0,1043.0,Y1
1.0,0.0,4.0,1.0,3.0,2.0,0.0,13.0,0.0,0,870.0,870.0,883.0,Y1
1.0,1.0,3.0,1.0,2.0,0.0,0.0,6.0,1.0,1,946.0,875.0,946.0,Y0
0.0,1.0,3.0,1.0,2.0,1.0,0.0,13.0,1.0,1,884.0,856.0,884.0,Y0
0.0,0.0,2.0,0.0,0.0,0.0,0.0,8.0,0.0,0,997.0,997.0,993.0,Y1
1.0,1.0,3.0,1.0,2.0,0.0,1.0,0.0,0.0,0,925.0,925.0,847.0,Y1
0.0,0.0,0.0,1.0,0.0,1.0,0.0,11.0,0.0,0,1114.0,1114.0,868.0,Y1
0.0,0.0,2.0,0.0,0.0,0.0,0.0,8.0,0.0,1,964.0,997.0,964.0,Y0
1.0,0.0,2.0,0.0,1.0,1.0,0.0,4.0,0.0,1,965.0,914.0,965.0,Y0
0.0,0.0,1.0,0.0,0.0,1.0,0.0,15.0,0.0,0,1100.0,1100.0,933.0,Y1
0.0,0.0,2.0,0.0,0.0,1.0,0.0,20.0,0.0,0,949.0,949.0,999.0,Y1
1.0,1.0,2.0,1.0,2.0,0.0,2.0,2.0,1.0,1,803.0,896.0,803.0,Y0
1.0,1.0,2.0,1.0,2.0,0.0,1.0,9.0,1.0,1,953.0,813.0,953.0,Y0
0.0,0.0,1.0,0.0,0.0,1.0,0.0,8.0,0.0,0,989.0,989.0,1013.0,Y1
0.0,1.0,3.0,1.0,2.0,0.0,0.0,16.0,1.0,0,823.0,823.0,857.0,Y1
1.0,1.0,3.0,1.0,2.0,0.0,0.0,3.0,1.0,1,929.0,868.0,929.0,Y0
0.0,0.0,3.0,1.0,2.0,0.0,0.0,9.0,0.0,0,846.0,846.0,945.0,Y1
1.0,1.0,0.0,1.0,2.0,0.0,2.0,1.0,1.0,1,974.0,916.0,974.0,Y0
1.0,0.0,0.0,0.0,0.0,1.0,0.0,9.0,0.0,0,921.0,921.0,902.0,Y1
1.0,1.0,0.0,0.0,2.0,0.0,1.0,0.0,0.0,0,989.0,989.0,1015.0,Y1
0.0,0.0,1.0,0.0,0.0,0.0,2.0,2.0,0.0,0,942.0,942.0,923.0,Y1
1.0,0.0,2.0,1.0,0.0,1.0,0.0,13.0,0.0,0,874.0,874.0,987.0,Y1
0.0,0.0,3.0,1.0,1.0,1.0,0.0,15.0,1.0,0,928.0,928.0,1024.0,Y1
1.0,0.0,2.0,0.0,0.0,0.0,-1.0,12.0,0.0,1,805.0,953.0,805.0,Y0
1.0,0.0,0.0,1.0,3.0,1.0,0.0,6.0,0.0,0,878.0,878.0,790.0,Y1
0.0,1.0,2.0,1.0,1.0,1.0,0.0,10.0,0.0,0,831.0,831.0,881.0,Y1
1.0,0.0,3.0,0.0,0.0,0.0,0.0,12.0,0.0,0,924.0,924.0,916.0,Y1
0.0,0.0,1.0,0.0,3.0,1.0,0.0,7.0,0.0,1,967.0,919.0,967.0,Y0
1.0,0.0,3.0,1.0,0.0,1.0,0.0,13.0,0.0,0,979.0,979.0,823.0,Y1
1.0,0.0,3.0,0.0,0.0,0.0,0.0,13.0,-1.0,0,888.0,888.0,910.0,Y1
1.0,0.0,0.0,0.0,0.0,0.0,1.0,0.0,0.0,0,943.0,943.0,1033.0,Y1
0.0,0.0,0.0,0.0,0.0,1.0,0.0,11.0,0.0,0,1052.0,1052.0,909.0,Y1
1.0,1.0,3.0,1.0,2.0,1.0,0.0,10.0,1.0,0,789.0,789.0,968.0,Y1
0.0,1.0,0.0,1.0,2.0,0.0,0.0,3.0,1.0,1,1046.0,908.0,1046.0,Y0
0.0,1.0,0.0,1.0,2.0,1.0,0.0,13.0,1.0,1,1164.0,893.0,1164.0,Y0
1.0,0.0,1.0,0.0,0.0,1.0,0.0,11.0,0.0,0,975.0,975.0,923.0,Y1
1.0,0.0,3.0,1.0,0.0,0.0,2.0,1.0,0.0,0,811.0,811.0,933.0,Y1
0.0,0.0,3.0,0.0,0.0,1.0,0.0,12.0,0.0,0,894.0,894.0,876.0,Y1
1.0,1.0,2.0,1.0,2.0,2.0,0.0,8.0,0.0,0,844.0,844.0,789.0,Y1
1.0,0.0,0.0,0.0,1.0,0.0,0.0,3.0,0.0,0,932.0,932.0,927.0,Y1
0.0,0.0,1.0,0.0,0.0,0.0,0.0,11.0,0.0,0,1019.0,1019.0,1003.0,Y1
0.0,0.0,3.0,1.0,0.0,0.0,0.0,2.0,0.0,1,913.0,997.0,913.0,Y0
0.0,0.0,1.0,1.0,0.0,1.0,0.0,8.0,0.0,1,967.0,852.0,967.0,Y0
1.0,1.0,2.0,1.0,2.0,0.0,1.0,0.0,0.0,0,852.0,852.0,944.0,Y1
1.0,0.0,0.0,1.0,0.0,0.0,0.0,11.0,0.0,0,841.0,841.0,1020.0,Y1
1.0,1.0,3.0,1.0,2.0,0.0,0.0,12.0,0.0,0,802.0,802.0,994.0,Y1
1.0,0.0,3.0,1.0,0.0,0.0,0.0,19.0,0.0,1,829.0,867.0,829.0,Y0
1.0,0.0,1.0,1.0,3.0,1.0,0.0,7.0,0.0,1,790.0,878.0,790.0,Y0
1.0,1.0,2.0,0.0,2.0,1.0,0.0,6.0,0.0,1,806.0,807.0,806.0,Y0
1.0,1.0,1.0,1.0,3.0,0.0,0.0,17.0,0.0,0,924.0,924.0,924.0,Y1
0.0,0.0,1.0,0.0,1.0,0.0,0.0,17.0,0.0,0,888.0,888.0,971.0,Y1
1.0,1.0,4.0,1.0,1.0,0.0,0.0,0.0,0.0,0,783.0,783.0,879.0,Y1
0.0,1.0,0.0,1.0,2.0,0.0,0.0,11.0,0.0,1,994.0,1032.0,994.0,Y0
1.0,0.0,0.0,0.0,0.0,1.0,0.0,8.0,0.0,0,879.0,879.0,902.0,Y1
1.0,0.0,1.0,0.0,1.0,0.0,0.0,11.0,1.0,1,976.0,976.0,976.0,Y0
0.0,0.0,1.0,0.0,3.0,0.0,0.0,5.0,0.0,0,945.0,945.0,987.0,Y1
1.0,0.0,1.0,0.0,0.0,1.0,0.0,11.0,0.0,0,917.0,917.0,923.0,Y1
0.0,0.0,1.0,0.0,0.0,1.0,0.0,13.0,0.0,0,897.0,897.0,933.0,Y1
1.0,1.0,2.0,0.0,1.0,1.0,0.0,10.0,0.0,0,946.0,946.0,937.0,Y1
1.0,0.0,0.0,1.0,0.0,1.0,3.0,11.0,0.0,0,928.0,928.0,937.0,Y1
1.0,1.0,0.0,1.0,2.0,0.0,1.0,9.0,1.0,1,1027.0,996.0,1027.0,Y0
0.0,1.0,1.0,1.0,2.0,0.0,-1.0,10.0,1.0,0,884.0,884.0,915.0,Y1
0.0,1.0,0.0,1.0,2.0,0.0,-1.0,6.0,1.0,0,969.0,969.0,857.0,Y1
1.0,1.0,0.0,1.0,2.0,0.0,-1.0,2.0,0.0,0,856.0,856.0,831.0,Y1
1.0,0.0,3.0,0.0,1.0,0.0,0.0,15.0,0.0,0,871.0,871.0,940.0,Y1
0.0,0.0,1.0,0.0,0.0,1.0,0.0,11.0,0.0,0,900.0,900.0,1059.0,Y1
1.0,3.0,3.0,0.0,1.0,0.0,0.0,10.0,0.0,1,768.0,981.0,768.0,Y0
1.0,1.0,1.0,1.0,2.0,0.0,0.0,14.0,0.0,1,948.0,927.0,948.0,Y0
0.0,0.0,1.0,1.0,0.0,0.0,-1.0,2.0,0.0,0,859.0,859.0,953.0,Y1
0.0,1.0,2.0,1.0,2.0,0.0,0.0,20.0,1.0,0,957.0,957.0,872.0,Y1
0.0,0.0,0.0,0.0,1.0,0.0,0.0,17.0,0.0,0,919.0,919.0,1021.0,Y1
1.0,1.0,2.0,1.0,2.0,0.0,0.0,6.0,0.0,1,1032.0,878.0,1032.0,Y0
0.0,0.0,3.0,1.0,0.0,1.0,0.0,6.0,0.0,0,837.0,837.0,997.0,Y1
1.0,0.0,1.0,1.0,0.0,0.0,-1.0,6.0,0.0,1,809.0,855.0,809.0,Y0
1.0,0.0,1.0,1.0,0.0,0.0,0.0,5.0,0.0,1,946.0,884.0,946.0,Y0
0.0,0.0,2.0,1.0,0.0,0.0,0.0,3.0,0.0,1,930.0,961.0,930.0,Y0
1.0,0.0,2.0,1.0,0.0,0.0,0.0,8.0,0.0,0,832.0,832.0,821.0,Y1
1.0,0.0,3.0,0.0,0.0,0.0,0.0,5.0,0.0,0,912.0,912.0,848.0,Y1
0.0,0.0,2.0,1.0,0.0,3.0,0.0,14.0,0.0,1,986.0,1008.0,986.0,Y0
0.0,0.0,2.0,0.0,1.0,1.0,0.0,8.0,0.0,1,944.0,1017.0,944.0,Y0
1.0,1.0,1.0,1.0,2.0,0.0,0.0,3.0,1.0,0,784.0,784.0,892.0,Y1
1.0,1.0,3.0,1.0,2.0,0.0,-1.0,3.0,0.0,1,861.0,870.0,861.0,Y0
0.0,0.0,6.0,1.0,0.0,1.0,0.0,7.0,0.0,0,853.0,853.0,944.0,Y1
0.0,1.0,3.0,0.0,2.0,0.0,2.0,1.0,0.0,1,786.0,905.0,786.0,Y0
0.0,0.0,0.0,0.0,0.0,0.0,-1.0,4.0,0.0,0,936.0,936.0,1133.0,Y1
1.0,0.0,1.0,1.0,0.0,0.0,0.0,4.0,0.0,0,891.0,891.0,933.0,Y1
1.0,0.0,1.0,0.0,0.0,0.0,0.0,13.0,-1.0,0,919.0,919.0,910.0,Y1
1.0,1.0,3.0,1.0,0.0,0.0,0.0,21.0,0.0,1,921.0,851.0,921.0,Y0
1.0,1.0,3.0,1.0,2.0,0.0,0.0,5.0,1.0,0,829.0,829.0,946.0,Y1
1.0,0.0,0.0,0.0,0.0,0.0,0.0,2.0,0.0,0,922.0,922.0,939.0,Y1
1.0,0.0,3.0,0.0,0.0,1.0,0.0,17.0,0.0,0,866.0,866.0,866.0,Y1
0.0,1.0,3.0,1.0,1.0,0.0,0.0,6.0,0.0,0,873.0,873.0,850.0,Y1
1.0,1.0,0.0,1.0,1.0,0.0,-1.0,0.0,0.0,0,876.0,876.0,963.0,Y1
0.0,0.0,5.0,0.0,0.0,0.0,2.0,1.0,0.0,0,911.0,911.0,887.0,Y1
0.0,0.0,1.0,0.0,0.0,1.0,0.0,11.0,0.0,0,979.0,979.0,1059.0,Y1
1.0,0.0,0.0,0.0,1.0,1.0,0.0,12.0,0.0,1,953.0,999.0,953.0,Y0
1.0,1.0,0.0,1.0,0.0,1.0,0.0,5.0,0.0,1,861.0,878.0,861.0,Y0
0.0,0.0,0.0,1.0,0.0,0.0,0.0,11.0,0.0,0,845.0,845.0,1098.0,Y1
0.0,1.0,2.0,1.0,2.0,0.0,0.0,11.0,0.0,0,1028.0,1028.0,857.0,Y1
1.0,0.0,2.0,0.0,1.0,0.0,0.0,5.0,1.0,0,848.0,848.0,976.0,Y1
1.0,0.0,0.0,0.0,0.0,1.0,0.0,13.0,0.0,0,820.0,820.0,859.0,Y1
1.0,1.0,2.0,0.0,1.0,1.0,0.0,20.0,0.0,1,891.0,906.0,891.0,Y0
0.0,0.0,4.0,0.0,0.0,0.0,3.0,9.0,0.0,0,1039.0,1039.0,992.0,Y1
1.0,0.0,3.0,1.0,0.0,0.0,0.0,8.0,0.0,1,854.0,860.0,854.0,Y0
1.0,1.0,3.0,1.0,1.0,0.0,-1.0,0.0,0.0,0,878.0,878.0,980.0,Y1
0.0,0.0,2.0,1.0,3.0,0.0,0.0,13.0,0.0,0,856.0,856.0,989.0,Y1
0.0,1.0,1.0,1.0,2.0,0.0,0.0,20.0,1.0,0,996.0,996.0,855.0,Y1
1.0,0.0,0.0,0.0,1.0,1.0,0.0,13.0,0.0,0,910.0,910.0,953.0,Y1
0.0,4.0,0.0,0.0,0.0,1.0,0.0,3.0,0.0,0,890.0,890.0,981.0,Y1
0.0,1.0,3.0,1.0,0.0,0.0,0.0,21.0,0.0,1,780.0,931.0,780.0,Y0
0.0,1.0,2.0,1.0,2.0,0.0,0.0,3.0,1.0,0,792.0,792.0,1140.0,Y1
0.0,0.0,0.0,1.0,0.0,1.0,0.0,13.0,0.0,0,933.0,933.0,889.0,Y1
1.0,1.0,0.0,0.0,1.0,0.0,3.0,13.0,0.0,1,945.0,877.0,945.0,Y0
0.0,1.0,2.0,1.0,2.0,0.0,0.0,11.0,0.0,0,942.0,942.0,857.0,Y1
1.0,0.0,2.0,0.0,0.0,0.0,0.0,8.0,0.0,1,928.0,954.0,928.0,Y0
1.0,0.0,3.0,0.0,0.0,1.0,0.0,13.0,0.0,1,879.0,929.0,879.0,Y0
0.0,0.0,0.0,0.0,3.0,2.0,0.0,13.0,0.0,0,937.0,937.0,961.0,Y1
1.0,0.0,0.0,0.0,0.0,3.0,0.0,10.0,0.0,1,1072.0,896.0,1072.0,Y0
0.0,0.0,2.0,1.0,0.0,0.0,0.0,4.0,0.0,0,961.0,961.0,900.0,Y1
1.0,4.0,3.0,0.0,0.0,0.0,0.0,5.0,0.0,1,955.0,844.0,955.0,Y0
0.0,0.0,2.0,1.0,0.0,1.0,0.0,21.0,0.0,0,876.0,876.0,917.0,Y1
0.0,1.0,2.0,1.0,2.0,0.0,0.0,12.0,1.0,0,1037.0,1037.0,842.0,Y1
1.0,0.0,0.0,0.0,1.0,1.0,0.0,20.0,0.0,1,910.0,902.0,910.0,Y0
1.0,0.0,2.0,0.0,0.0,0.0,0.0,13.0,0.0,0,918.0,918.0,1004.0,Y1
1.0,0.0,2.0,0.0,1.0,1.0,0.0,18.0,0.0,1,991.0,1203.0,991.0,Y0
0.0,0.0,2.0,0.0,0.0,1.0,0.0,6.0,0.0,0,917.0,917.0,867.0,Y1
1.0,1.0,2.0,1.0,2.0,0.0,2.0,1.0,0.0,0,904.0,904.0,870.0,Y1
0.0,0.0,0.0,0.0,1.0,0.0,5.0,3.0,0.0,0,948.0,948.0,859.0,Y1
0.0,1.0,2.0,1.0,2.0,1.0,0.0,7.0,0.0,0,887.0,887.0,782.0,Y1
1.0,1.0,3.0,0.0,2.0,0.0,0.0,5.0,1.0,0,902.0,902.0,956.0,Y1
0.0,0.0,2.0,1.0,0.0,0.0,0.0,8.0,0.0,0,899.0,899.0,993.0,Y1
0.0,1.0,3.0,1.0,2.0,1.0,0.0,8.0,0.0,1,913.0,943.0,913.0,Y0
1.0,0.0,1.0,0.0,0.0,0.0,0.0,10.0,0.0,0,984.0,984.0,886.0,Y1
0.0,0.0,3.0,1.0,0.0,0.0,0.0,6.0,0.0,1,898.0,816.0,898.0,Y0
0.0,0.0,1.0,1.0,0.0,1.0,0.0,6.0,0.0,1,889.0,954.0,889.0,Y0
1.0,0.0,2.0,0.0,0.0,0.0,-1.0,5.0,0.0,0,952.0,952.0,931.0,Y1
1.0,0.0,2.0,1.0,3.0,0.0,0.0,13.0,0.0,0,930.0,930.0,939.0,Y1
1.0,0.0,3.0,1.0,0.0,0.0,2.0,1.0,0.0,0,849.0,849.0,933.0,Y1
0.0,0.0,9.0,0.0,0.0,1.0,0.0,5.0,0.0,0,894.0,894.0,1051.0,Y1
1.0,1.0,2.0,1.0,2.0,0.0,1.0,0.0,0.0,0,963.0,963.0,944.0,Y1
0.0,1.0,3.0,1.0,2.0,0.0,-1.0,9.0,1.0,0,854.0,854.0,891.0,Y1
0.0,1.0,3.0,0.0,1.0,0.0,0.0,5.0,1.0,0,828.0,828.0,890.0,Y1
0.0,0.0,1.0,0.0,0.0,0.0,0.0,13.0,-1.0,0,920.0,920.0,984.0,Y1
0.0,0.0,0.0,1.0,0.0,0.0,0.0,2.0,0.0,1,950.0,1087.0,950.0,Y0
0.0,1.0,5.0,1.0,2.0,0.0,-1.0,2.0,0.0,1,805.0,825.0,805.0,Y0
0.0,0.0,3.0,1.0,0.0,0.0,0.0,11.0,0.0,0,856.0,856.0,941.0,Y1
0.0,0.0,0.0,0.0,0.0,0.0,0.0,19.0,0.0,1,927.0,947.0,927.0,Y0
0.0,0.0,3.0,0.0,1.0,2.0,0.0,12.0,0.0,0,944.0,944.0,906.0,Y1
1.0,1.0,0.0,1.0,1.0,0.0,-1.0,12.0,1.0,0,847.0,847.0,936.0,Y1
1.0,0.0,1.0,1.0,0.0,1.0,0.0,8.0,0.0,0,905.0,905.0,1181.0,Y1
1.0,0.0,3.0,0.0,0.0,0.0,0.0,12.0,0.0,1,916.0,959.0,916.0,Y0
0.0,1.0,3.0,1.0,2.0,0.0,2.0,1.0,0.0,0,952.0,952.0,842.0,Y1
0.0,0.0,1.0,0.0,0.0,0.0,0.0,8.0,0.0,1,1080.0,828.0,1080.0,Y0
1.0,0.0,2.0,1.0,0.0,0.0,0.0,8.0,0.0,0,826.0,826.0,821.0,Y1
1.0,0.0,3.0,0.0,0.0,1.0,0.0,6.0,0.0,1,1036.0,965.0,1036.0,Y0
0.0,0.0,0.0,1.0,0.0,0.0,0.0,13.0,-1.0,0,861.0,861.0,931.0,Y1
1.0,1.0,0.0,1.0,2.0,2.0,0.0,8.0,0.0,0,879.0,879.0,810.0,Y1
1.0,0.0,1.0,0.0,1.0,2.0,0.0,13.0,0.0,0,976.0,976.0,943.0,Y1
0.0,0.0,0.0,0.0,3.0,0.0,0.0,5.0,0.0,0,853.0,853.0,897.0,Y1
0.0,0.0,0.0,0.0,3.0,0.0,-1.0,11.0,0.0,0,947.0,947.0,897.0,Y1
1.0,1.0,0.0,1.0,2.0,0.0,0.0,5.0,1.0,0,883.0,883.0,827.0,Y1
1.0,0.0,3.0,1.0,3.0,1.0,0.0,6.0,0.0,0,898.0,898.0,874.0,Y1
0.0,0.0,0.0,0.0,3.0,1.0,0.0,14.0,0.0,1,985.0,999.0,985.0,Y0
0.0,0.0,1.0,1.0,3.0,0.0,0.0,11.0,0.0,1,902.0,887.0,902.0,Y0
0.0,0.0,4.0,0.0,3.0,0.0,0.0,11.0,0.0,1,908.0,933.0,908.0,Y0
0.0,1.0,0.0,1.0,2.0,1.0,0.0,15.0,1.0,0,893.0,893.0,1164.0,Y1
1.0,0.0,2.0,1.0,0.0,0.0,0.0,15.0,0.0,0,961.0,961.0,836.0,Y1
1.0,0.0,1.0,0.0,1.0,1.0,1.0,8.0,0.0,1,1043.0,888.0,1043.0,Y0
0.0,0.0,2.0,0.0,1.0,0.0,0.0,7.0,0.0,0,889.0,889.0,979.0,Y1
1.0,0.0,3.0,0.0,0.0,1.0,0.0,11.0,0.0,0,886.0,886.0,891.0,Y1
1.0,0.0,0.0,0.0,1.0,0.0,0.0,11.0,0.0,0,907.0,907.0,979.0,Y1
0.0,1.0,0.0,0.0,2.0,0.0,0.0,9.0,0.0,1,870.0,1003.0,870.0,Y0
1.0,1.0,3.0,1.0,2.0,0.0,0.0,6.0,1.0,0,837.0,837.0,946.0,Y1
1.0,0.0,2.0,0.0,1.0,0.0,0.0,10.0,0.0,1,831.0,902.0,831.0,Y0
1.0,1.0,0.0,1.0,2.0,0.0,-1.0,2.0,0.0,0,865.0,865.0,831.0,Y1
0.0,0.0,3.0,0.0,0.0,1.0,0.0,12.0,0.0,0,908.0,908.0,876.0,Y1
0.0,0.0,0.0,0.0,0.0,0.0,0.0,19.0,0.0,1,1054.0,947.0,1054.0,Y0
1.0,0.0,0.0,0.0,0.0,1.0,0.0,3.0,0.0,0,879.0,879.0,1072.0,Y1
1.0,1.0,2.0,1.0,2.0,2.0,0.0,8.0,0.0,0,852.0,852.0,789.0,Y1
1.0,0.0,0.0,0.0,1.0,0.0,0.0,10.0,0.0,1,921.0,816.0,921.0,Y0
1.0,1.0,2.0,1.0,1.0,0.0,1.0,0.0,0.0,0,812.0,812.0,923.0,Y1
0.0,0.0,0.0,0.0,0.0,1.0,0.0,13.0,0.0,0,891.0,891.0,908.0,Y1
1.0,0.0,4.0,1.0,1.0,0.0,0.0,12.0,0.0,0,877.0,877.0,1065.0,Y1
1.0,0.0,2.0,0.0,0.0,1.0,0.0,8.0,0.0,1,960.0,906.0,960.0,Y0
0.0,1.0,1.0,1.0,2.0,1.0,0.0,22.0,0.0,0,898.0,898.0,835.0,Y1
1.0,0.0,4.0,0.0,1.0,0.0,0.0,8.0,0.0,0,812.0,812.0,1041.0,Y1
1.0,0.0,0.0,0.0,0.0,1.0,0.0,13.0,0.0,0,942.0,942.0,859.0,Y1
1.0,0.0,2.0,0.0,0.0,1.0,0.0,5.0,0.0,0,928.0,928.0,916.0,Y1
1.0,0.0,1.0,0.0,0.0,0.0,1.0,0.0,0.0,0,837.0,837.0,1034.0,Y1
1.0,0.0,3.0,0.0,0.0,0.0,0.0,19.0,0.0,1,1121.0,1004.0,1121.0,Y0
1.0,1.0,0.0,1.0,2.0,1.0,0.0,10.0,1.0,1,831.0,933.0,831.0,Y0
0.0,1.0,1.0,1.0,2.0,0.0,0.0,21.0,1.0,1,917.0,996.0,917.0,Y0
0.0,1.0,0.0,0.0,1.0,0.0,0.0,6.0,0.0,0,953.0,953.0,920.0,Y1
0.0,0.0,3.0,0.0,0.0,0.0,0.0,3.0,0.0,0,908.0,908.0,892.0,Y1
0.0,0.0,2.0,0.0,1.0,0.0,0.0,18.0,0.0,0,966.0,966.0,971.0,Y1
1.0,0.0,1.0,1.0,3.0,0.0,0.0,17.0,0.0,0,856.0,856.0,1042.0,Y1
1.0,0.0,0.0,0.0,1.0,0.0,-1.0,0.0,0.0,1,887.0,850.0,887.0,Y0
0.0,0.0,1.0,0.0,0.0,0.0,0.0,11.0,0.0,1,1003.0,1019.0,1003.0,Y0
1.0,0.0,2.0,0.0,0.0,0.0,3.0,27.0,0.0,0,816.0,816.0,1026.0,Y1
1.0,1.0,0.0,1.0,2.0,0.0,-1.0,2.0,0.0,1,831.0,828.0,831.0,Y0
1.0,0.0,2.0,0.0,1.0,0.0,0.0,3.0,0.0,1,914.0,889.0,914.0,Y0
1.0,0.0,1.0,1.0,0.0,0.0,0.0,11.0,0.0,1,1028.0,884.0,1028.0,Y0
0.0,0.0,0.0,0.0,3.0,1.0,0.0,4.0,0.0,0,983.0,983.0,967.0,Y1
1.0,0.0,0.0,1.0,3.0,1.0,0.0,12.0,0.0,1,918.0,878.0,918.0,Y0
1.0,0.0,2.0,1.0,0.0,0.0,0.0,13.0,0.0,0,998.0,998.0,882.0,Y1
0.0,1.0,0.0,1.0,2.0,0.0,0.0,7.0,0.0,0,839.0,839.0,756.0,Y1
0.0,0.0,3.0,0.0,0.0,0.0,0.0,8.0,0.0,0,911.0,911.0,844.0,Y1
1.0,0.0,3.0,0.0,0.0,1.0,0.0,4.0,0.0,0,837.0,837.0,957.0,Y1
0.0,0.0,3.0,0.0,0.0,0.0,0.0,3.0,0.0,0,991.0,991.0,892.0,Y1
1.0,0.0,3.0,0.0,1.0,1.0,0.0,8.0,0.0,0,845.0,845.0,967.0,Y1
1.0,0.0,1.0,1.0,0.0,1.0,0.0,12.0,0.0,0,831.0,831.0,948.0,Y1
0.0,0.0,0.0,1.0,0.0,1.0,0.0,13.0,0.0,0,891.0,891.0,889.0,Y1
0.0,0.0,1.0,0.0,1.0,0.0,2.0,3.0,0.0,0,893.0,893.0,837.0,Y1
0.0,0.0,2.0,1.0,3.0,0.0,0.0,11.0,0.0,0,820.0,820.0,989.0,Y1
0.0,1.0,2.0,1.0,2.0,0.0,0.0,3.0,1.0,1,1140.0,792.0,1140.0,Y0
0.0,1.0,0.0,1.0,2.0,0.0,0.0,11.0,0.0,0,839.0,839.0,994.0,Y1
1.0,0.0,1.0,0.0,1.0,0.0,0.0,17.0,0.0,0,850.0,850.0,847.0,Y1
0.0,1.0,3.0,1.0,2.0,0.0,-1.0,2.0,0.0,1,913.0,826.0,913.0,Y0
1.0,0.0,3.0,0.0,0.0,1.0,0.0,10.0,0.0,0,981.0,981.0,852.0,Y1
0.0,0.0,3.0,1.0,0.0,0.0,0.0,12.0,0.0,0,960.0,960.0,941.0,Y1
1.0,0.0,0.0,0.0,1.0,0.0,1.0,14.0,0.0,0,1020.0,1020.0,928.0,Y1
0.0,1.0,2.0,1.0,2.0,1.0,0.0,5.0,0.0,0,855.0,855.0,782.0,Y1
1.0,0.0,2.0,0.0,0.0,1.0,0.0,13.0,0.0,0,857.0,857.0,864.0,Y1
1.0,0.0,0.0,1.0,1.0,0.0,0.0,5.0,1.0,0,956.0,956.0,906.0,Y1
1.0,0.0,3.0,1.0,0.0,0.0,0.0,8.0,0.0,0,860.0,860.0,854.0,Y1
0.0,0.0,3.0,0.0,1.0,0.0,0.0,5.0,0.0,1,979.0,925.0,979.0,Y0
1.0,0.0,1.0,0.0,3.0,0.0,0.0,8.0,0.0,0,928.0,928.0,923.0,Y1
1.0,0.0,2.0,0.0,0.0,0.0,2.0,2.0,0.0,0,1083.0,1083.0,901.0,Y1
0.0,0.0,2.0,0.0,0.0,0.0,0.0,6.0,0.0,0,957.0,957.0,931.0,Y1
0.0,0.0,3.0,1.0,3.0,0.0,0.0,11.0,0.0,0,866.0,866.0,847.0,Y1
1.0,0.0,4.0,0.0,0.0,0.0,0.0,10.0,0.0,0,956.0,956.0,950.0,Y1
1.0,0.0,9.0,1.0,3.0,0.0,0.0,17.0,0.0,0,880.0,880.0,867.0,Y1
0.0,1.0,2.0,1.0,2.0,0.0,1.0,0.0,1.0,0,908.0,908.0,845.0,Y1
1.0,0.0,3.0,1.0,0.0,0.0,0.0,8.0,0.0,1,933.0,860.0,933.0,Y0
0.0,0.0,2.0,1.0,3.0,0.0,0.0,11.0,0.0,1,989.0,820.0,989.0,Y0
1.0,0.0,0.0,0.0,0.0,1.0,0.0,15.0,0.0,0,927.0,927.0,921.0,Y1
1.0,0.0,3.0,0.0,0.0,0.0,0.0,10.0,0.0,0,830.0,830.0,868.0,Y1
0.0,1.0,2.0,1.0,2.0,0.0,2.0,1.0,0.0,0,953.0,953.0,869.0,Y1
1.0,0.0,3.0,0.0,0.0,0.0,-1.0,4.0,0.0,0,851.0,851.0,931.0,Y1
0.0,0.0,5.0,1.0,0.0,1.0,0.0,8.0,0.0,1,944.0,1087.0,944.0,Y0
0.0,0.0,2.0,0.0,1.0,1.0,0.0,18.0,0.0,1,1079.0,913.0,1079.0,Y0
1.0,0.0,2.0,1.0,0.0,0.0,0.0,14.0,0.0,0,973.0,973.0,836.0,Y1
1.0,0.0,1.0,0.0,0.0,1.0,0.0,21.0,0.0,0,901.0,901.0,951.0,Y1
1.0,0.0,2.0,1.0,0.0,0.0,0.0,15.0,0.0,1,836.0,961.0,836.0,Y0
0.0,1.0,0.0,0.0,0.0,1.0,0.0,13.0,0.0,0,846.0,846.0,821.0,Y1
0.0,0.0,0.0,0.0,3.0,0.0,1.0,0.0,0.0,0,951.0,951.0,956.0,Y1
1.0,1.0,0.0,0.0,0.0,1.0,0.0,10.0,0.0,0,862.0,862.0,896.0,Y1
0.0,0.0,0.0,0.0,0.0,1.0,0.0,3.0,0.0,0,906.0,906.0,1011.0,Y1
0.0,1.0,1.0,1.0,2.0,0.0,0.0,5.0,1.0,0,987.0,987.0,920.0,Y1
0.0,1.0,3.0,1.0,2.0,0.0,-1.0,3.0,1.0,0,813.0,813.0,923.0,Y1
1.0,0.0,0.0,1.0,0.0,1.0,0.0,10.0,0.0,0,981.0,981.0,962.0,Y1
1.0,1.0,2.0,1.0,2.0,1.0,0.0,5.0,0.0,0,730.0,730.0,796.0,Y1
1.0,0.0,0.0,0.0,0.0,1.0,0.0,3.0,0.0,0,871.0,871.0,1072.0,Y1
0.0,0.0,0.0,1.0,0.0,0.0,0.0,4.0,0.0,1,832.0,940.0,832.0,Y0
0.0,0.0,2.0,1.0,1.0,0.0,0.0,11.0,0.0,0,880.0,880.0,853.0,Y1
1.0,0.0,2.0,0.0,0.0,0.0,0.0,2.0,0.0,1,848.0,937.0,848.0,Y0
0.0,0.0,1.0,1.0,0.0,0.0,0.0,4.0,0.0,0,959.0,959.0,846.0,Y1
1.0,1.0,2.0,1.0,0.0,1.0,0.0,13.0,0.0,0,853.0,853.0,952.0,Y1
1.0,0.0,3.0,0.0,1.0,0.0,0.0,8.0,0.0,0,907.0,907.0,891.0,Y1
1.0,0.0,0.0,0.0,0.0,1.0,0.0,13.0,0.0,0,979.0,979.0,859.0,Y1
1.0,0.0,4.0,0.0,3.0,0.0,0.0,5.0,0.0,0,909.0,909.0,894.0,Y1
1.0,0.0,3.0,0.0,1.0,0.0,-1.0,0.0,0.0,1,916.0,859.0,916.0,Y0
1.0,1.0,1.0,1.0,2.0,1.0,4.0,12.0,0.0,1,960.0,974.0,960.0,Y0
0.0,0.0,0.0,0.0,1.0,0.0,0.0,5.0,0.0,1,998.0,927.0,998.0,Y0
1.0,1.0,3.0,1.0,2.0,0.0,2.0,1.0,0.0,1,852.0,927.0,852.0,Y0
0.0,0.0,1.0,1.0,0.0,0.0,0.0,6.0,0.0,1,1033.0,1116.0,1033.0,Y0
0.0,0.0,1.0,0.0,0.0,3.0,3.0,8.0,0.0,1,964.0,1024.0,964.0,Y0
1.0,1.0,1.0,1.0,2.0,0.0,2.0,1.0,0.0,1,896.0,903.0,896.0,Y0
1.0,0.0,2.0,0.0,0.0,1.0,0.0,10.0,0.0,0,944.0,944.0,1051.0,Y1
1.0,1.0,0.0,0.0,2.0,0.0,0.0,10.0,1.0,0,1010.0,1010.0,989.0,Y1
0.0,0.0,1.0,0.0,1.0,1.0,0.0,8.0,0.0,0,909.0,909.0,842.0,Y1
0.0,1.0,0.0,1.0,2.0,0.0,2.0,1.0,1.0,0,863.0,863.0,971.0,Y1
1.0,0.0,0.0,0.0,1.0,0.0,-1.0,0.0,0.0,1,1114.0,850.0,1114.0,Y0
1.0,0.0,3.0,0.0,1.0,0.0,-1.0,3.0,0.0,0,859.0,859.0,962.0,Y1
1.0,0.0,3.0,1.0,1.0,0.0,0.0,12.0,0.0,0,921.0,921.0,789.0,Y1
0.0,0.0,2.0,1.0,0.0,0.0,0.0,5.0,0.0,0,852.0,852.0,917.0,Y1
1.0,0.0,2.0,0.0,1.0,0.0,-1.0,0.0,0.0,1,852.0,959.0,852.0,Y0
1.0,1.0,2.0,1.0,2.0,0.0,0.0,10.0,1.0,0,1016.0,1016.0,946.0,Y1
1.0,1.0,2.0,0.0,3.0,1.0,0.0,13.0,0.0,1,925.0,807.0,925.0,Y0
0.0,1.0,9.0,1.0,2.0,0.0,2.0,1.0,1.0,0,881.0,881.0,949.0,Y1
1.0,0.0,3.0,0.0,1.0,1.0,0.0,14.0,1.0,1,949.0,981.0,949.0,Y0
1.0,0.0,1.0,0.0,1.0,0.0,0.0,8.0,1.0,0,976.0,976.0,976.0,Y1
1.0,0.0,0.0,0.0,1.0,0.0,1.0,0.0,0.0,1,924.0,852.0,924.0,Y0
1.0,0.0,4.0,1.0,3.0,0.0,0.0,14.0,0.0,1,837.0,1017.0,837.0,Y0
0.0,0.0,3.0,1.0,0.0,0.0,3.0,27.0,0.0,0,876.0,876.0,953.0,Y1
1.0,0.0,3.0,0.0,1.0,1.0,0.0,15.0,0.0,1,1020.0,886.0,1020.0,Y0
1.0,1.0,3.0,0.0,1.0,1.0,0.0,14.0,1.0,1,924.0,872.0,924.0,Y0
0.0,0.0,3.0,1.0,0.0,0.0,0.0,2.0,0.0,1,834.0,997.0,834.0,Y0
0.0,0.0,0.0,0.0,0.0,1.0,0.0,13.0,0.0,0,999.0,999.0,908.0,Y1
1.0,1.0,2.0,1.0,2.0,1.0,0.0,15.0,1.0,0,888.0,888.0,861.0,Y1
1.0,1.0,3.0,1.0,1.0,0.0,0.0,21.0,0.0,1,888.0,851.0,888.0,Y0
0.0,0.0,1.0,0.0,1.0,0.0,0.0,5.0,1.0,0,963.0,963.0,868.0,Y1
0.0,1.0,2.0,1.0,2.0,0.0,2.0,1.0,1.0,0,949.0,949.0,845.0,Y1
0.0,0.0,1.0,0.0,1.0,1.0,0.0,22.0,0.0,0,948.0,948.0,902.0,Y1
1.0,0.0,3.0,0.0,1.0,0.0,0.0,7.0,0.0,0,912.0,912.0,992.0,Y1
0.0,1.0,1.0,0.0,2.0,0.0,0.0,10.0,1.0,0,1015.0,1015.0,1026.0,Y1
1.0,0.0,2.0,1.0,3.0,0.0,0.0,21.0,0.0,1,944.0,873.0,944.0,Y0
0.0,1.0,0.0,0.0,1.0,0.0,2.0,1.0,1.0,0,1008.0,1008.0,840.0,Y1
1.0,1.0,4.0,1.0,2.0,2.0,0.0,8.0,0.0,0,860.0,860.0,855.0,Y1
1.0,0.0,0.0,1.0,3.0,0.0,0.0,8.0,0.0,0,901.0,901.0,872.0,Y1
1.0,0.0,0.0,0.0,0.0,0.0,0.0,13.0,0.0,0,939.0,939.0,878.0,Y1
0.0,1.0,2.0,1.0,0.0,1.0,0.0,12.0,0.0,0,928.0,928.0,881.0,Y1
0.0,0.0,8.0,0.0,0.0,0.0,0.0,12.0,0.0,1,963.0,959.0,963.0,Y0
0.0,0.0,0.0,0.0,0.0,1.0,0.0,11.0,0.0,0,946.0,946.0,909.0,Y1
0.0,0.0,0.0,0.0,1.0,0.0,0.0,17.0,0.0,0,957.0,957.0,1021.0,Y1
0.0,0.0,2.0,0.0,0.0,0.0,0.0,4.0,0.0,0,929.0,929.0,1094.0,Y1
1.0,1.0,2.0,1.0,1.0,0.0,0.0,0.0,0.0,0,834.0,834.0,1007.0,Y1
0.0,1.0,0.0,1.0,2.0,0.0,2.0,2.0,0.0,1,919.0,847.0,919.0,Y0
0.0,1.0,3.0,1.0,2.0,1.0,0.0,17.0,0.0,0,799.0,799.0,940.0,Y1
0.0,0.0,1.0,0.0,1.0,1.0,0.0,22.0,0.0,0,905.0,905.0,902.0,Y1
1.0,0.0,1.0,0.0,0.0,0.0,3.0,10.0,0.0,0,947.0,947.0,822.0,Y1
1.0,1.0,0.0,1.0,2.0,0.0,0.0,3.0,1.0,1,916.0,868.0,916.0,Y0
1.0,1.0,0.0,1.0,2.0,0.0,2.0,1.0,0.0,0,925.0,925.0,833.0,Y1
0.0,0.0,4.0,0.0,1.0,0.0,0.0,18.0,0.0,0,996.0,996.0,1050.0,Y1
0.0,0.0,3.0,1.0,0.0,0.0,0.0,4.0,0.0,1,950.0,887.0,950.0,Y0
1.0,0.0,0.0,1.0,0.0,1.0,0.0,12.0,0.0,0,878.0,878.0,866.0,Y1
1.0,1.0,0.0,0.0,2.0,1.0,1.0,3.0,1.0,0,849.0,849.0,986.0,Y1
0.0,0.0,2.0,0.0,0.0,0.0,0.0,11.0,0.0,1,1015.0,978.0,1015.0,Y0
0.0,0.0,4.0,1.0,0.0,0.0,0.0,11.0,0.0,0,897.0,897.0,868.0,Y1
1.0,0.0,2.0,0.0,0.0,1.0,0.0,15.0,0.0,0,1019.0,1019.0,864.0,Y1
1.0,0.0,0.0,0.0,0.0,0.0,0.0,6.0,0.0,1,997.0,911.0,997.0,Y0
0.0,0.0,3.0,0.0,0.0,1.0,0.0,8.0,0.0,0,903.0,903.0,968.0,Y1
0.0,0.0,2.0,1.0,0.0,0.0,0.0,10.0,0.0,0,824.0,824.0,857.0,Y1
1.0,1.0,2.0,1.0,2.0,1.0,0.0,10.0,1.0,0,889.0,889.0,968.0,Y1
1.0,0.0,3.0,0.0,0.0,2.0,0.0,6.0,0.0,1,1004.0,862.0,1004.0,Y0
1.0,0.0,0.0,0.0,3.0,0.0,0.0,3.0,0.0,0,884.0,884.0,874.0,Y1
0.0,0.0,3.0,0.0,1.0,1.0,0.0,17.0,0.0,1,899.0,956.0,899.0,Y0
1.0,1.0,1.0,1.0,1.0,0.0,0.0,8.0,1.0,0,927.0,927.0,892.0,Y1
1.0,0.0,4.0,0.0,0.0,0.0,3.0,9.0,0.0,0,839.0,839.0,897.0,Y1
1.0,0.0,10.0,1.0,0.0,0.0,1.0,0.0,0.0,0,811.0,811.0,947.0,Y1
1.0,0.0,3.0,0.0,0.0,0.0,2.0,1.0,0.0,0,926.0,926.0,897.0,Y1
0.0,0.0,3.0,0.0,1.0,1.0,0.0,14.0,1.0,1,1044.0,980.0,1044.0,Y0
0.0,0.0,3.0,0.0,1.0,0.0,0.0,7.0,0.0,0,1058.0,1058.0,979.0,Y1
1.0,1.0,3.0,1.0,1.0,0.0,0.0,12.0,1.0,1,803.0,1019.0,803.0,Y0
0.0,1.0,1.0,0.0,2.0,0.0,0.0,9.0,0.0,1,895.0,1003.0,895.0,Y0
1.0,1.0,3.0,1.0,2.0,0.0,0.0,12.0,0.0,0,835.0,835.0,994.0,Y1
1.0,1.0,2.0,1.0,2.0,0.0,2.0,1.0,0.0,1,870.0,904.0,870.0,Y0
1.0,0.0,0.0,0.0,3.0,0.0,1.0,0.0,0.0,0,914.0,914.0,874.0,Y1
0.0,0.0,1.0,0.0,3.0,1.0,0.0,12.0,0.0,0,1056.0,1056.0,1028.0,Y1
1.0,0.0,2.0,0.0,0.0,0.0,-1.0,2.0,0.0,0,947.0,947.0,931.0,Y1
0.0,0.0,2.0,0.0,0.0,0.0,-1.0,9.0,0.0,0,924.0,924.0,971.0,Y1
1.0,0.0,1.0,0.0,0.0,1.0,0.0,11.0,0.0,0,1017.0,1017.0,923.0,Y1
0.0,0.0,2.0,0.0,3.0,0.0,0.0,11.0,0.0,0,922.0,922.0,912.0,Y1
0.0,1.0,0.0,1.0,2.0,0.0,1.0,0.0,1.0,0,994.0,994.0,971.0,Y1
1.0,0.0,1.0,0.0,1.0,0.0,0.0,5.0,1.0,0,861.0,861.0,976.0,Y1
1.0,1.0,2.0,1.0,2.0,1.0,0.0,10.0,1.0,1,968.0,889.0,968.0,Y0
1.0,1.0,1.0,1.0,2.0,1.0,1.0,6.0,0.0,0,857.0,857.0,927.0,Y1
1.0,0.0,2.0,0.0,1.0,0.0,0.0,17.0,0.0,0,1002.0,1002.0,966.0,Y1
1.0,1.0,1.0,1.0,2.0,0.0,0.0,5.0,1.0,0,918.0,918.0,892.0,Y1
0.0,1.0,0.0,1.0,2.0,0.0,0.0,11.0,0.0,0,887.0,887.0,994.0,Y1
1.0,0.0,1.0,0.0,0.0,1.0,0.0,13.0,0.0,0,1050.0,1050.0,923.0,Y1
1.0,0.0,2.0,0.0,1.0,1.0,0.0,8.0,0.0,1,915.0,914.0,915.0,Y0
0.0,1.0,3.0,0.0,1.0,0.0,1.0,0.0,0.0,1,916.0,905.0,916.0,Y0
1.0,0.0,2.0,0.0,1.0,1.0,0.0,17.0,0.0,1,998.0,1203.0,998.0,Y0
0.0,0.0,1.0,1.0,0.0,0.0,0.0,16.0,0.0,0,862.0,862.0,939.0,Y1
0.0,0.0,3.0,0.0,0.0,0.0,0.0,4.0,0.0,0,847.0,847.0,1058.0,Y1
1.0,0.0,2.0,0.0,3.0,0.0,0.0,5.0,0.0,0,1000.0,1000.0,820.0,Y1
1.0,0.0,1.0,0.0,1.0,1.0,0.0,14.0,1.0,1,959.0,981.0,959.0,Y0
0.0,0.0,0.0,0.0,0.0,0.0,1.0,0.0,0.0,0,949.0,949.0,894.0,Y1
1.0,0.0,3.0,0.0,1.0,0.0,0.0,5.0,1.0,0,955.0,955.0,1074.0,Y1
1.0,0.0,3.0,0.0,1.0,0.0,0.0,12.0,0.0,0,944.0,944.0,891.0,Y1
0.0,0.0,2.0,0.0,1.0,0.0,-1.0,3.0,0.0,0,893.0,893.0,820.0,Y1
0.0,0.0,3.0,0.0,0.0,0.0,-1.0,2.0,0.0,0,831.0,831.0,914.0,Y1
1.0,1.0,3.0,1.0,2.0,0.0,0.0,6.0,1.0,0,900.0,900.0,946.0,Y1
0.0,0.0,3.0,0.0,0.0,1.0,0.0,8.0,0.0,1,968.0,876.0,968.0,Y0
1.0,1.0,1.0,1.0,1.0,0.0,-1.0,3.0,0.0,1,963.0,891.0,963.0,Y0
0.0,1.0,1.0,1.0,2.0,0.0,0.0,6.0,0.0,1,975.0,939.0,975.0,Y0
1.0,0.0,0.0,1.0,0.0,0.0,0.0,10.0,0.0,1,903.0,869.0,903.0,Y0
0.0,1.0,3.0,1.0,2.0,0.0,0.0,5.0,1.0,0,802.0,802.0,900.0,Y1
1.0,0.0,2.0,0.0,1.0,0.0,0.0,8.0,1.0,0,989.0,989.0,976.0,Y1
0.0,0.0,0.0,0.0,1.0,1.0,0.0,12.0,0.0,1,878.0,1074.0,878.0,Y0
1.0,0.0,2.0,1.0,0.0,1.0,0.0,6.0,0.0,0,789.0,789.0,1104.0,Y1
1.0,0.0,3.0,1.0,0.0,0.0,0.0,20.0,0.0,0,867.0,867.0,886.0,Y1
1.0,0.0,1.0,1.0,0.0,0.0,0.0,12.0,0.0,1,972.0,1005.0,972.0,Y0
0.0,1.0,2.0,1.0,2.0,1.0,0.0,15.0,1.0,0,914.0,914.0,890.0,Y1
1.0,0.0,0.0,0.0,1.0,0.0,5.0,3.0,0.0,0,1097.0,1097.0,887.0,Y1
0.0,1.0,2.0,1.0,1.0,0.0,2.0,5.0,1.0,1,876.0,975.0,876.0,Y0
0.0,1.0,1.0,1.0,2.0,0.0,0.0,10.0,1.0,0,999.0,999.0,920.0,Y1
1.0,0.0,3.0,0.0,1.0,1.0,0.0,8.0,0.0,0,839.0,839.0,967.0,Y1
0.0,1.0,0.0,0.0,1.0,0.0,2.0,1.0,0.0,0,964.0,964.0,1016.0,Y1
0.0,0.0,2.0,1.0,0.0,0.0,0.0,12.0,0.0,1,839.0,937.0,839.0,Y0
1.0,0.0,3.0,0.0,0.0,0.0,0.0,5.0,0.0,0,878.0,878.0,848.0,Y1
0.0,0.0,2.0,0.0,0.0,1.0,0.0,12.0,0.0,0,908.0,908.0,879.0,Y1
1.0,0.0,1.0,0.0,1.0,0.0,0.0,16.0,0.0,0,1038.0,1038.0,847.0,Y1
0.0,0.0,4.0,0.0,0.0,1.0,0.0,6.0,0.0,0,854.0,854.0,820.0,Y1
1.0,0.0,2.0,0.0,0.0,1.0,0.0,13.0,0.0,1,864.0,885.0,864.0,Y0
1.0,1.0,2.0,1.0,2.0,0.0,0.0,5.0,1.0,0,910.0,910.0,946.0,Y1
0.0,0.0,3.0,1.0,0.0,0.0,0.0,8.0,0.0,0,800.0,800.0,1006.0,Y1
1.0,0.0,0.0,0.0,0.0,1.0,0.0,8.0,0.0,0,936.0,936.0,902.0,Y1
0.0,1.0,3.0,1.0,2.0,1.0,0.0,6.0,0.0,1,981.0,943.0,981.0,Y0
0.0,0.0,3.0,0.0,0.0,1.0,0.0,13.0,0.0,0,954.0,954.0,898.0,Y1
0.0,0.0,1.0,0.0,1.0,0.0,0.0,7.0,0.0,0,931.0,931.0,890.0,Y1
1.0,0.0,1.0,0.0,3.0,0.0,0.0,13.0,0.0,1,978.0,1061.0,978.0,Y0
0.0,0.0,1.0,0.0,0.0,0.0,0.0,22.0,0.0,1,892.0,961.0,892.0,Y0
0.0,0.0,0.0,0.0,0.0,0.0,0.0,11.0,0.0,0,887.0,887.0,989.0,Y1
0.0,0.0,3.0,0.0,1.0,0.0,0.0,11.0,0.0,0,821.0,821.0,936.0,Y1
0.0,0.0,3.0,0.0,3.0,0.0,0.0,11.0,0.0,1,962.0,933.0,962.0,Y0
0.0,0.0,2.0,0.0,0.0,1.0,0.0,8.0,0.0,1,1031.0,892.0,1031.0,Y0
1.0,0.0,2.0,1.0,0.0,0.0,0.0,12.0,0.0,0,910.0,910.0,882.0,Y1
0.0,1.0,2.0,1.0,1.0,0.0,-1.0,2.0,0.0,0,845.0,845.0,1068.0,Y1
0.0,1.0,3.0,1.0,2.0,0.0,0.0,11.0,0.0,0,802.0,802.0,893.0,Y1
0.0,1.0,2.0,1.0,2.0,0.0,-1.0,2.0,0.0,0,880.0,880.0,807.0,Y1
0.0,1.0,2.0,1.0,2.0,0.0,2.0,1.0,0.0,0,945.0,945.0,869.0,Y1
0.0,1.0,0.0,1.0,2.0,0.0,0.0,10.0,1.0,0,1092.0,1092.0,857.0,Y1
1.0,0.0,0.0,0.0,1.0,1.0,4.0,15.0,0.0,0,926.0,926.0,887.0,Y1
0.0,0.0,3.0,0.0,0.0,0.0,0.0,13.0,0.0,0,1044.0,1044.0,1136.0,Y1
1.0,0.0,0.0,0.0,1.0,1.0,0.0,4.0,0.0,1,947.0,865.0,947.0,Y0
0.0,0.0,3.0,0.0,0.0,3.0,3.0,8.0,0.0,1,877.0,992.0,877.0,Y0
1.0,0.0,3.0,0.0,0.0,0.0,0.0,4.0,0.0,1,1029.0,930.0,1029.0,Y0
0.0,0.0,1.0,1.0,0.0,0.0,0.0,11.0,0.0,0,989.0,989.0,899.0,Y1
1.0,0.0,2.0,1.0,0.0,0.0,0.0,4.0,0.0,0,920.0,920.0,1004.0,Y1
0.0,0.0,3.0,0.0,1.0,1.0,0.0,13.0,0.0,0,937.0,937.0,953.0,Y1
0.0,0.0,3.0,1.0,0.0,0.0,2.0,2.0,0.0,0,908.0,908.0,912.0,Y1
1.0,0.0,0.0,1.0,0.0,0.0,0.0,20.0,0.0,0,1065.0,1065.0,764.0,Y1
0.0,0.0,1.0,0.0,1.0,1.0,0.0,7.0,0.0,1,842.0,970.0,842.0,Y0
0.0,0.0,2.0,0.0,0.0,0.0,-1.0,6.0,0.0,1,971.0,1013.0,971.0,Y0
1.0,1.0,3.0,1.0,2.0,1.0,1.0,3.0,1.0,0,827.0,827.0,968.0,Y1
1.0,1.0,10.0,1.0,2.0,0.0,0.0,6.0,1.0,0,867.0,867.0,1060.0,Y1
0.0,0.0,1.0,0.0,0.0,0.0,0.0,13.0,0.0,0,924.0,924.0,984.0,Y1
1.0,0.0,1.0,0.0,1.0,0.0,2.0,3.0,0.0,0,916.0,916.0,1022.0,Y1
1.0,0.0,4.0,0.0,3.0,0.0,1.0,0.0,0.0,0,964.0,964.0,915.0,Y1
1.0,0.0,3.0,0.0,0.0,1.0,0.0,12.0,0.0,0,962.0,962.0,891.0,Y1
1.0,0.0,2.0,0.0,3.0,0.0,0.0,13.0,0.0,0,909.0,909.0,934.0,Y1
1.0,1.0,0.0,1.0,3.0,0.0,1.0,0.0,0.0,0,961.0,961.0,856.0,Y1
1.0,0.0,0.0,0.0,0.0,0.0,-1.0,12.0,0.0,1,841.0,946.0,841.0,Y0
1.0,0.0,0.0,0.0,0.0,0.0,0.0,20.0,0.0,1,942.0,958.0,942.0,Y0
1.0,0.0,0.0,0.0,0.0,0.0,0.0,8.0,0.0,0,866.0,866.0,929.0,Y1
1.0,1.0,2.0,1.0,2.0,0.0,1.0,1.0,0.0,1,944.0,852.0,944.0,Y0
1.0,0.0,3.0,0.0,3.0,1.0,0.0,4.0,0.0,0,931.0,931.0,969.0,Y1
0.0,0.0,3.0,0.0,0.0,0.0,0.0,4.0,0.0,1,940.0,847.0,940.0,Y0
1.0,0.0,3.0,1.0,0.0,1.0,0.0,6.0,0.0,1,862.0,962.0,862.0,Y0
1.0,0.0,2.0,0.0,0.0,0.0,0.0,6.0,0.0,1,917.0,952.0,917.0,Y0
1.0,0.0,1.0,1.0,0.0,0.0,0.0,13.0,0.0,0,866.0,866.0,927.0,Y1
1.0,1.0,2.0,1.0,2.0,1.0,1.0,6.0,0.0,0,777.0,777.0,796.0,Y1
1.0,0.0,8.0,0.0,0.0,0.0,0.0,8.0,0.0,0,895.0,895.0,819.0,Y1
0.0,0.0,3.0,0.0,0.0,0.0,0.0,16.0,0.0,0,880.0,880.0,1116.0,Y1
0.0,1.0,3.0,1.0,2.0,2.0,0.0,8.0,0.0,0,856.0,856.0,913.0,Y1
0.0,0.0,2.0,0.0,0.0,1.0,0.0,13.0,0.0,0,924.0,924.0,879.0,Y1
1.0,0.0,1.0,1.0,0.0,0.0,0.0,10.0,0.0,0,979.0,979.0,821.0,Y1
1.0,0.0,0.0,1.0,0.0,0.0,-1.0,9.0,0.0,0,922.0,922.0,960.0,Y1
1.0,0.0,1.0,1.0,0.0,0.0,0.0,9.0,0.0,1,821.0,1012.0,821.0,Y0
0.0,1.0,3.0,1.0,3.0,1.0,0.0,12.0,0.0,0,848.0,848.0,809.0,Y1
1.0,0.0,1.0,0.0,0.0,1.0,0.0,20.0,0.0,0,1016.0,1016.0,951.0,Y1
0.0,0.0,0.0,1.0,2.0,1.0,0.0,11.0,0.0,0,903.0,903.0,814.0,Y1
0.0,0.0,2.0,0.0,1.0,0.0,0.0,12.0,0.0,0,935.0,935.0,890.0,Y1
0.0,0.0,3.0,1.0,0.0,1.0,0.0,21.0,0.0,0,867.0,867.0,917.0,Y1
1.0,0.0,3.0,1.0,1.0,0.0,0.0,11.0,0.0,0,785.0,785.0,789.0,Y1
1.0,1.0,2.0,1.0,2.0,0.0,0.0,16.0,1.0,0,988.0,988.0,857.0,Y1
1.0,1.0,0.0,1.0,2.0,0.0,2.0,0.0,0.0,0,817.0,817.0,833.0,Y1
0.0,1.0,0.0,1.0,2.0,0.0,0.0,9.0,1.0,0,857.0,857.0,857.0,Y1
1.0,0.0,0.0,0.0,0.0,0.0,0.0,8.0,0.0,1,929.0,956.0,929.0,Y0
0.0,1.0,1.0,1.0,0.0,1.0,3.0,11.0,0.0,0,851.0,851.0,948.0,Y1
0.0,0.0,2.0,0.0,0.0,0.0,3.0,27.0,0.0,0,937.0,937.0,992.0,Y1
1.0,1.0,0.0,1.0,2.0,0.0,0.0,5.0,0.0,0,836.0,836.0,968.0,Y1
0.0,0.0,0.0,1.0,0.0,1.0,0.0,5.0,0.0,0,937.0,937.0,876.0,Y1
0.0,0.0,8.0,1.0,0.0,0.0,2.0,3.0,0.0,1,886.0,861.0,886.0,Y0
0.0,0.0,2.0,1.0,0.0,1.0,0.0,13.0,0.0,1,999.0,886.0,999.0,Y0
0.0,0.0,2.0,0.0,0.0,0.0,-1.0,5.0,0.0,0,1013.0,1013.0,971.0,Y1
1.0,0.0,3.0,0.0,0.0,2.0,0.0,8.0,0.0,1,940.0,862.0,940.0,Y0
1.0,0.0,2.0,0.0,1.0,1.0,0.0,22.0,0.0,0,912.0,912.0,1020.0,Y1
1.0,0.0,2.0,1.0,0.0,0.0,-1.0,2.0,0.0,0,889.0,889.0,808.0,Y1
1.0,0.0,0.0,0.0,1.0,1.0,0.0,14.0,0.0,0,984.0,984.0,953.0,Y1
1.0,0.0,4.0,1.0,0.0,1.0,0.0,12.0,0.0,0,914.0,914.0,989.0,Y1
0.0,0.0,3.0,1.0,3.0,2.0,0.0,13.0,0.0,0,976.0,976.0,901.0,Y1
0.0,0.0,7.0,1.0,0.0,0.0,-1.0,6.0,0.0,1,958.0,858.0,958.0,Y0
1.0,1.0,1.0,1.0,2.0,0.0,1.0,1.0,0.0,1,893.0,1026.0,893.0,Y0
0.0,0.0,0.0,0.0,0.0,0.0,0.0,8.0,0.0,0,797.0,797.0,929.0,Y1
0.0,1.0,3.0,1.0,2.0,0.0,0.0,3.0,1.0,1,923.0,885.0,923.0,Y0
0.0,1.0,3.0,1.0,2.0,0.0,0.0,11.0,0.0,0,839.0,839.0,893.0,Y1
0.0,0.0,1.0,0.0,0.0,0.0,0.0,19.0,0.0,0,1037.0,1037.0,950.0,Y1
0.0,0.0,2.0,0.0,0.0,1.0,0.0,13.0,0.0,0,870.0,870.0,879.0,Y1
0.0,1.0,3.0,1.0,2.0,0.0,0.0,9.0,1.0,0,834.0,834.0,900.0,Y1
1.0,0.0,3.0,0.0,0.0,1.0,0.0,10.0,0.0,0,848.0,848.0,852.0,Y1
0.0,1.0,0.0,1.0,2.0,0.0,2.0,2.0,0.0,1,848.0,847.0,848.0,Y0
0.0,1.0,4.0,1.0,2.0,1.0,2.0,24.0,0.0,0,1082.0,1082.0,901.0,Y1
1.0,1.0,3.0,1.0,2.0,1.0,0.0,5.0,0.0,0,906.0,906.0,947.0,Y1
0.0,0.0,2.0,1.0,0.0,0.0,0.0,6.0,0.0,1,953.0,813.0,953.0,Y0
0.0,0.0,0.0,0.0,0.0,0.0,0.0,11.0,0.0,0,1042.0,1042.0,989.0,Y1
0.0,0.0,2.0,0.0,0.0,2.0,0.0,6.0,0.0,1,961.0,898.0,961.0,Y0
0.0,0.0,2.0,0.0,0.0,0.0,0.0,3.0,0.0,0,903.0,903.0,1008.0,Y1
1.0,0.0,3.0,0.0,0.0,1.0,0.0,4.0,0.0,0,820.0,820.0,957.0,Y1
0.0,0.0,1.0,0.0,2.0,1.0,1.0,3.0,1.0,0,903.0,903.0,1027.0,Y1
1.0,0.0,1.0,1.0,1.0,1.0,0.0,15.0,1.0,0,1063.0,1063.0,998.0,Y1
1.0,0.0,3.0,1.0,0.0,1.0,0.0,12.0,0.0,0,910.0,910.0,981.0,Y1
0.0,0.0,2.0,1.0,0.0,0.0,0.0,27.0,0.0,1,995.0,909.0,995.0,Y0
1.0,0.0,2.0,0.0,1.0,1.0,0.0,20.0,0.0,1,1020.0,912.0,1020.0,Y0
0.0,0.0,3.0,0.0,0.0,1.0,0.0,13.0,0.0,0,908.0,908.0,898.0,Y1
1.0,0.0,3.0,0.0,0.0,1.0,0.0,5.0,0.0,0,826.0,826.0,957.0,Y1
1.0,0.0,3.0,0.0,0.0,0.0,0.0,13.0,-1.0,0,912.0,912.0,910.0,Y1
1.0,1.0,2.0,1.0,2.0,1.0,0.0,17.0,0.0,0,855.0,855.0,952.0,Y1
1.0,0.0,1.0,0.0,0.0,1.0,0.0,10.0,0.0,0,938.0,938.0,909.0,Y1
0.0,0.0,3.0,0.0,0.0,0.0,0.0,11.0,0.0,0,954.0,954.0,923.0,Y1
0.0,1.0,0.0,1.0,1.0,0.0,1.0,0.0,0.0,1,922.0,966.0,922.0,Y0
0.0,0.0,0.0,0.0,3.0,0.0,0.0,13.0,0.0,1,1058.0,987.0,1058.0,Y0
0.0,0.0,2.0,1.0,0.0,0.0,0.0,10.0,0.0,1,857.0,824.0,857.0,Y0
1.0,1.0,3.0,0.0,1.0,0.0,-1.0,12.0,1.0,0,865.0,865.0,945.0,Y1
0.0,0.0,0.0,1.0,0.0,1.0,0.0,3.0,0.0,0,864.0,864.0,876.0,Y1
1.0,0.0,1.0,1.0,3.0,0.0,0.0,3.0,0.0,0,943.0,943.0,907.0,Y1
1.0,0.0,3.0,0.0,3.0,1.0,0.0,8.0,0.0,0,856.0,856.0,969.0,Y1
1.0,1.0,0.0,1.0,2.0,0.0,-1.0,3.0,1.0,0,839.0,839.0,916.0,Y1
0.0,1.0,3.0,1.0,2.0,0.0,0.0,11.0,0.0,0,852.0,852.0,893.0,Y1
1.0,1.0,2.0,1.0,2.0,1.0,0.0,8.0,0.0,1,789.0,877.0,789.0,Y0
1.0,0.0,1.0,0.0,0.0,0.0,0.0,6.0,0.0,1,1018.0,881.0,1018.0,Y0
1.0,0.0,0.0,0.0,1.0,0.0,0.0,7.0,0.0,0,983.0,983.0,927.0,Y1
1.0,1.0,0.0,1.0,2.0,0.0,0.0,11.0,0.0,0,789.0,789.0,896.0,Y1
0.0,1.0,2.0,1.0,2.0,0.0,0.0,6.0,1.0,1,872.0,897.0,872.0,Y0
1.0,0.0,5.0,0.0,0.0,0.0,0.0,14.0,0.0,0,934.0,934.0,919.0,Y1
0.0,1.0,0.0,1.0,3.0,0.0,0.0,5.0,0.0,0,931.0,931.0,1097.0,Y1
0.0,0.0,5.0,0.0,1.0,0.0,-1.0,0.0,0.0,1,858.0,906.0,858.0,Y0
0.0,1.0,0.0,1.0,2.0,0.0,0.0,5.0,0.0,1,1097.0,849.0,1097.0,Y0
1.0,1.0,3.0,1.0,1.0,0.0,3.0,13.0,0.0,1,880.0,954.0,880.0,Y0
0.0,0.0,3.0,0.0,0.0,1.0,0.0,9.0,0.0,0,920.0,920.0,968.0,Y1
1.0,1.0,0.0,0.0,2.0,0.0,0.0,9.0,0.0,0,973.0,973.0,862.0,Y1
1.0,0.0,3.0,0.0,0.0,0.0,2.0,2.0,0.0,1,897.0,986.0,897.0,Y0
0.0,0.0,2.0,0.0,0.0,1.0,0.0,3.0,0.0,0,800.0,800.0,972.0,Y1
1.0,0.0,1.0,0.0,1.0,1.0,1.0,8.0,0.0,1,933.0,888.0,933.0,Y0
1.0,1.0,2.0,1.0,2.0,0.0,0.0,11.0,0.0,0,867.0,867.0,962.0,Y1
0.0,0.0,1.0,0.0,0.0,3.0,0.0,10.0,0.0,1,965.0,898.0,965.0,Y0
1.0,0.0,3.0,1.0,0.0,0.0,0.0,8.0,0.0,1,873.0,860.0,873.0,Y0
0.0,1.0,1.0,1.0,1.0,0.0,0.0,6.0,0.0,0,898.0,898.0,996.0,Y1
0.0,0.0,4.0,1.0,3.0,0.0,1.0,0.0,0.0,0,886.0,886.0,842.0,Y1
1.0,0.0,1.0,0.0,0.0,0.0,2.0,2.0,0.0,0,879.0,879.0,1022.0,Y1
1.0,0.0,1.0,1.0,0.0,0.0,0.0,4.0,0.0,1,1078.0,891.0,1078.0,Y0
1.0,0.0,7.0,0.0,0.0,0.0,0.0,3.0,0.0,1,921.0,921.0,921.0,Y0
1.0,0.0,0.0,0.0,0.0,0.0,0.0,6.0,0.0,1,1007.0,911.0,1007.0,Y0
1.0,0.0,2.0,1.0,0.0,1.0,0.0,21.0,0.0,0,868.0,868.0,955.0,Y1
1.0,1.0,3.0,1.0,2.0,0.0,2.0,1.0,0.0,0,927.0,927.0,852.0,Y1
1.0,0.0,2.0,0.0,0.0,0.0,0.0,6.0,0.0,0,952.0,952.0,917.0,Y1
1.0,0.0,0.0,0.0,1.0,0.0,5.0,3.0,0.0,0,913.0,913.0,887.0,Y1
1.0,0.0,3.0,1.0,0.0,0.0,0.0,16.0,0.0,0,933.0,933.0,829.0,Y1
0.0,1.0,3.0,1.0,0.0,1.0,0.0,17.0,0.0,0,911.0,911.0,881.0,Y1
0.0,0.0,3.0,1.0,0.0,1.0,0.0,13.0,0.0,0,872.0,872.0,846.0,Y1
0.0,0.0,2.0,1.0,0.0,0.0,3.0,27.0,0.0,0,881.0,881.0,929.0,Y1
1.0,0.0,1.0,0.0,0.0,0.0,0.0,13.0,0.0,0,1099.0,1099.0,1133.0,Y1
1.0,0.0,3.0,0.0,1.0,1.0,0.0,17.0,0.0,1,921.0,886.0,921.0,Y0
1.0,0.0,1.0,0.0,0.0,0.0,0.0,7.0,0.0,0,847.0,847.0,1016.0,Y1
0.0,1.0,1.0,1.0,2.0,0.0,2.0,1.0,1.0,1,942.0,949.0,942.0,Y0
1.0,1.0,1.0,1.0,2.0,1.0,1.0,6.0,0.0,0,779.0,779.0,927.0,Y1
0.0,1.0,2.0,1.0,1.0,0.0,0.0,21.0,1.0,0,846.0,846.0,872.0,Y1
1.0,1.0,3.0,0.0,1.0,0.0,0.0,5.0,1.0,0,926.0,926.0,956.0,Y1
0.0,1.0,3.0,1.0,2.0,1.0,0.0,17.0,0.0,0,852.0,852.0,940.0,Y1
1.0,0.0,4.0,0.0,0.0,1.0,0.0,4.0,0.0,1,1007.0,837.0,1007.0,Y0
1.0,1.0,0.0,1.0,2.0,0.0,0.0,6.0,0.0,0,847.0,847.0,896.0,Y1
1.0,0.0,0.0,0.0,0.0,1.0,0.0,5.0,0.0,0,892.0,892.0,1072.0,Y1
0.0,0.0,1.0,1.0,0.0,0.0,0.0,14.0,0.0,0,831.0,831.0,899.0,Y1
1.0,0.0,5.0,1.0,0.0,0.0,3.0,10.0,0.0,0,900.0,900.0,834.0,Y1
0.0,1.0,1.0,0.0,1.0,1.0,0.0,20.0,0.0,1,932.0,892.0,932.0,Y0
0.0,0.0,3.0,1.0,0.0,0.0,-1.0,4.0,0.0,0,830.0,830.0,957.0,Y1
1.0,1.0,8.0,1.0,2.0,0.0,0.0,21.0,1.0,1,854.0,891.0,854.0,Y0
1.0,0.0,0.0,0.0,1.0,0.0,0.0,11.0,0.0,1,979.0,816.0,979.0,Y0
0.0,0.0,0.0,0.0,0.0,0.0,0.0,8.0,0.0,0,1000.0,1000.0,929.0,Y1
0.0,0.0,2.0,0.0,0.0,0.0,0.0,14.0,0.0,1,1003.0,936.0,1003.0,Y0
1.0,0.0,1.0,0.0,0.0,0.0,2.0,1.0,0.0,0,974.0,974.0,1022.0,Y1
1.0,0.0,3.0,0.0,0.0,2.0,0.0,12.0,0.0,0,862.0,862.0,940.0,Y1
0.0,1.0,5.0,1.0,2.0,1.0,0.0,22.0,0.0,0,851.0,851.0,809.0,Y1
1.0,0.0,0.0,0.0,1.0,0.0,0.0,16.0,1.0,1,936.0,1066.0,936.0,Y0
1.0,0.0,3.0,0.0,0.0,0.0,0.0,2.0,0.0,0,872.0,872.0,960.0,Y1
0.0,1.0,3.0,1.0,2.0,0.0,1.0,0.0,0.0,0,1067.0,1067.0,927.0,Y1
0.0,0.0,3.0,1.0,0.0,0.0,0.0,14.0,0.0,0,854.0,854.0,864.0,Y1
0.0,0.0,3.0,0.0,1.0,0.0,0.0,17.0,0.0,0,862.0,862.0,1050.0,Y1
0.0,0.0,3.0,0.0,3.0,0.0,0.0,8.0,0.0,0,967.0,967.0,962.0,Y1
1.0,0.0,0.0,1.0,0.0,0.0,0.0,4.0,0.0,1,1124.0,1022.0,1124.0,Y0
0.0,0.0,2.0,0.0,0.0,1.0,0.0,13.0,0.0,0,947.0,947.0,879.0,Y1
1.0,0.0,2.0,0.0,0.0,1.0,0.0,13.0,0.0,0,799.0,799.0,864.0,Y1
0.0,0.0,5.0,1.0,0.0,0.0,0.0,15.0,0.0,0,890.0,890.0,868.0,Y1
0.0,0.0,0.0,0.0,0.0,0.0,0.0,8.0,0.0,0,919.0,919.0,929.0,Y1
0.0,1.0,3.0,0.0,2.0,0.0,0.0,10.0,1.0,0,998.0,998.0,890.0,Y1
0.0,0.0,1.0,1.0,0.0,0.0,3.0,10.0,0.0,0,908.0,908.0,889.0,Y1
1.0,0.0,2.0,0.0,1.0,1.0,0.0,14.0,0.0,0,1203.0,1203.0,980.0,Y1
0.0,0.0,3.0,0.0,1.0,0.0,0.0,5.0,1.0,0,915.0,915.0,878.0,Y1
1.0,0.0,3.0,1.0,0.0,1.0,0.0,6.0,0.0,0,962.0,962.0,857.0,Y1
1.0,1.0,0.0,1.0,2.0,0.0,0.0,12.0,0.0,0,819.0,819.0,896.0,Y1
1.0,1.0,1.0,1.0,2.0,0.0,0.0,16.0,1.0,0,867.0,867.0,873.0,Y1
0.0,0.0,3.0,1.0,3.0,1.0,0.0,7.0,0.0,1,996.0,946.0,996.0,Y0
1.0,0.0,3.0,0.0,3.0,0.0,0.0,5.0,0.0,0,956.0,956.0,894.0,Y1
0.0,0.0,1.0,0.0,0.0,1.0,0.0,12.0,0.0,0,912.0,912.0,1059.0,Y1
0.0,1.0,2.0,1.0,2.0,0.0,-1.0,2.0,0.0,0,956.0,956.0,807.0,Y1
1.0,1.0,3.0,1.0,2.0,0.0,0.0,20.0,1.0,0,1021.0,1021.0,931.0,Y1
1.0,0.0,1.0,0.0,3.0,0.0,0.0,21.0,0.0,1,1036.0,1061.0,1036.0,Y0
0.0,1.0,4.0,1.0,2.0,1.0,2.0,24.0,0.0,0,1025.0,1025.0,901.0,Y1
1.0,0.0,1.0,1.0,0.0,0.0,0.0,16.0,0.0,0,888.0,888.0,887.0,Y1
1.0,0.0,2.0,0.0,0.0,0.0,2.0,2.0,0.0,1,901.0,1083.0,901.0,Y0
0.0,1.0,0.0,0.0,1.0,0.0,0.0,0.0,0.0,0,864.0,864.0,920.0,Y1
1.0,0.0,3.0,0.0,3.0,0.0,0.0,5.0,0.0,0,885.0,885.0,894.0,Y1
0.0,1.0,0.0,1.0,1.0,0.0,-1.0,4.0,0.0,0,937.0,937.0,1030.0,Y1
0.0,0.0,0.0,0.0,1.0,0.0,0.0,3.0,0.0,0,926.0,926.0,998.0,Y1
0.0,1.0,2.0,1.0,3.0,1.0,0.0,14.0,0.0,1,940.0,848.0,940.0,Y0
1.0,0.0,0.0,0.0,0.0,0.0,3.0,9.0,0.0,0,1014.0,1014.0,855.0,Y1
1.0,1.0,4.0,1.0,1.0,2.0,0.0,13.0,0.0,0,836.0,836.0,916.0,Y1
1.0,1.0,2.0,1.0,2.0,0.0,0.0,6.0,0.0,0,878.0,878.0,1032.0,Y1
1.0,0.0,3.0,0.0,1.0,1.0,0.0,8.0,0.0,1,967.0,845.0,967.0,Y0
1.0,0.0,0.0,0.0,3.0,1.0,0.0,12.0,0.0,0,1003.0,1003.0,940.0,Y1
1.0,1.0,2.0,0.0,1.0,1.0,0.0,10.0,0.0,0,854.0,854.0,937.0,Y1
0.0,0.0,2.0,1.0,0.0,0.0,0.0,11.0,0.0,0,917.0,917.0,969.0,Y1
0.0,0.0,2.0,1.0,0.0,0.0,0.0,13.0,0.0,0,953.0,953.0,852.0,Y1
0.0,0.0,7.0,1.0,0.0,0.0,0.0,5.0,0.0,1,855.0,858.0,855.0,Y0
0.0,1.0,0.0,1.0,0.0,2.0,0.0,12.0,0.0,0,992.0,992.0,960.0,Y1
1.0,0.0,3.0,0.0,3.0,2.0,0.0,13.0,0.0,0,868.0,868.0,1009.0,Y1
1.0,1.0,1.0,1.0,1.0,1.0,0.0,15.0,0.0,1,952.0,941.0,952.0,Y0
0.0,0.0,3.0,0.0,1.0,1.0,4.0,15.0,0.0,0,966.0,966.0,859.0,Y1
1.0,0.0,3.0,0.0,0.0,0.0,0.0,9.0,0.0,0,911.0,911.0,991.0,Y1
1.0,1.0,3.0,1.0,1.0,1.0,0.0,15.0,1.0,0,896.0,896.0,861.0,Y1
1.0,0.0,1.0,1.0,0.0,2.0,0.0,8.0,0.0,1,910.0,891.0,910.0,Y0
1.0,0.0,2.0,0.0,0.0,0.0,0.0,15.0,0.0,0,934.0,934.0,857.0,Y1
0.0,0.0,2.0,0.0,1.0,1.0,0.0,12.0,0.0,1,967.0,854.0,967.0,Y0
0.0,1.0,9.0,1.0,0.0,0.0,3.0,9.0,0.0,0,787.0,787.0,886.0,Y1
0.0,0.0,2.0,0.0,1.0,0.0,0.0,18.0,0.0,0,944.0,944.0,971.0,Y1
1.0,0.0,3.0,0.0,3.0,0.0,0.0,5.0,0.0,0,923.0,923.0,894.0,Y1
0.0,0.0,0.0,0.0,0.0,2.0,0.0,8.0,0.0,1,952.0,847.0,952.0,Y0
0.0,0.0,2.0,1.0,0.0,0.0,-1.0,12.0,0.0,1,926.0,937.0,926.0,Y0
0.0,1.0,1.0,1.0,0.0,1.0,0.0,6.0,0.0,1,1050.0,853.0,1050.0,Y0
1.0,1.0,1.0,1.0,2.0,0.0,0.0,12.0,1.0,0,983.0,983.0,892.0,Y1
1.0,0.0,2.0,0.0,0.0,0.0,0.0,13.0,0.0,0,897.0,897.0,1004.0,Y1
1.0,1.0,3.0,1.0,2.0,1.0,4.0,12.0,0.0,1,839.0,877.0,839.0,Y0
1.0,0.0,0.0,0.0,0.0,1.0,0.0,8.0,0.0,1,914.0,879.0,914.0,Y0
1.0,0.0,3.0,0.0,1.0,2.0,0.0,12.0,0.0,0,954.0,954.0,940.0,Y1
0.0,0.0,1.0,0.0,3.0,0.0,0.0,13.0,0.0,0,1014.0,1014.0,953.0,Y1
1.0,0.0,3.0,0.0,1.0,0.0,0.0,11.0,0.0,1,891.0,929.0,891.0,Y0
0.0,0.0,3.0,1.0,0.0,0.0,0.0,27.0,0.0,1,953.0,896.0,953.0,Y0
0.0,0.0,2.0,0.0,0.0,0.0,-1.0,2.0,0.0,0,1089.0,1089.0,879.0,Y1
1.0,1.0,0.0,0.0,1.0,0.0,2.0,1.0,1.0,0,924.0,924.0,956.0,Y1
1.0,1.0,1.0,1.0,2.0,1.0,4.0,12.0,0.0,1,862.0,974.0,862.0,Y0
1.0,0.0,3.0,1.0,2.0,1.0,0.0,11.0,0.0,0,856.0,856.0,934.0,Y1
0.0,0.0,2.0,0.0,1.0,1.0,0.0,15.0,1.0,0,917.0,917.0,947.0,Y1
1.0,0.0,4.0,0.0,0.0,0.0,0.0,11.0,0.0,0,974.0,974.0,950.0,Y1
1.0,1.0,0.0,1.0,2.0,0.0,2.0,2.0,0.0,1,987.0,891.0,987.0,Y0
1.0,1.0,3.0,1.0,2.0,1.0,0.0,22.0,0.0,0,800.0,800.0,916.0,Y1
0.0,1.0,3.0,0.0,1.0,0.0,2.0,1.0,1.0,0,1044.0,1044.0,1001.0,Y1
1.0,0.0,2.0,0.0,1.0,1.0,0.0,7.0,0.0,1,978.0,914.0,978.0,Y0
0.0,0.0,1.0,0.0,0.0,0.0,3.0,9.0,0.0,0,1087.0,1087.0,837.0,Y1
0.0,1.0,3.0,1.0,2.0,0.0,0.0,6.0,1.0,1,900.0,873.0,900.0,Y0
0.0,0.0,2.0,0.0,0.0,0.0,-1.0,1.0,0.0,1,879.0,870.0,879.0,Y0
1.0,0.0,2.0,0.0,0.0,0.0,2.0,2.0,0.0,0,862.0,862.0,901.0,Y1
0.0,1.0,2.0,1.0,2.0,0.0,1.0,0.0,0.0,0,1006.0,1006.0,927.0,Y1
1.0,1.0,4.0,1.0,1.0,0.0,0.0,11.0,0.0,0,896.0,896.0,994.0,Y1
1.0,0.0,2.0,0.0,0.0,1.0,0.0,6.0,0.0,0,873.0,873.0,1100.0,Y1
1.0,0.0,1.0,0.0,3.0,0.0,0.0,21.0,0.0,1,895.0,1061.0,895.0,Y0
0.0,1.0,0.0,0.0,2.0,1.0,0.0,11.0,1.0,0,936.0,936.0,985.0,Y1
0.0,0.0,1.0,1.0,0.0,1.0,0.0,12.0,0.0,1,994.0,893.0,994.0,Y0
0.0,0.0,0.0,1.0,3.0,0.0,2.0,5.0,0.0,0,871.0,871.0,886.0,Y1
1.0,1.0,2.0,1.0,2.0,0.0,0.0,7.0,0.0,0,825.0,825.0,1032.0,Y1
1.0,1.0,0.0,0.0,2.0,0.0,1.0,9.0,1.0,1,986.0,923.0,986.0,Y0
0.0,0.0,2.0,0.0,0.0,0.0,0.0,13.0,-1.0,0,989.0,989.0,1003.0,Y1
1.0,1.0,0.0,0.0,0.0,1.0,0.0,8.0,0.0,0,1136.0,1136.0,896.0,Y1
0.0,0.0,2.0,0.0,1.0,1.0,0.0,8.0,0.0,1,991.0,1017.0,991.0,Y0
1.0,0.0,0.0,1.0,0.0,0.0,0.0,8.0,0.0,0,964.0,964.0,962.0,Y1
0.0,0.0,0.0,0.0,0.0,1.0,0.0,5.0,0.0,1,996.0,924.0,996.0,Y0
1.0,0.0,3.0,-1.0,0.0,0.0,0.0,10.0,-1.0,1,910.0,899.0,910.0,Y0
0.0,0.0,7.0,0.0,1.0,0.0,0.0,15.0,0.0,0,947.0,947.0,900.0,Y1
1.0,1.0,2.0,1.0,1.0,0.0,-1.0,3.0,0.0,1,1144.0,831.0,1144.0,Y0
1.0,0.0,8.0,1.0,0.0,1.0,0.0,13.0,0.0,1,889.0,863.0,889.0,Y0
0.0,0.0,0.0,0.0,0.0,1.0,0.0,6.0,0.0,0,867.0,867.0,995.0,Y1
0.0,0.0,3.0,1.0,0.0,1.0,0.0,8.0,0.0,0,865.0,865.0,881.0,Y1
0.0,1.0,2.0,1.0,2.0,0.0,2.0,1.0,1.0,0,924.0,924.0,845.0,Y1
1.0,0.0,1.0,1.0,0.0,0.0,0.0,12.0,0.0,0,1005.0,1005.0,927.0,Y1
1.0,0.0,1.0,0.0,1.0,0.0,0.0,7.0,0.0,0,902.0,902.0,989.0,Y1
0.0,1.0,0.0,1.0,2.0,1.0,0.0,10.0,1.0,1,844.0,847.0,844.0,Y0
0.0,0.0,0.0,0.0,0.0,1.0,0.0,9.0,0.0,0,949.0,949.0,1057.0,Y1
1.0,0.0,0.0,0.0,0.0,1.0,0.0,6.0,0.0,0,961.0,961.0,1089.0,Y1
1.0,1.0,0.0,1.0,1.0,1.0,0.0,24.0,0.0,0,924.0,924.0,952.0,Y1
0.0,0.0,3.0,0.0,3.0,0.0,1.0,1.0,0.0,1,864.0,900.0,864.0,Y0
0.0,0.0,2.0,0.0,3.0,1.0,0.0,12.0,0.0,1,813.0,1056.0,813.0,Y0
0.0,1.0,0.0,0.0,2.0,1.0,0.0,8.0,0.0,1,825.0,892.0,825.0,Y0
1.0,0.0,1.0,0.0,0.0,0.0,1.0,0.0,0.0,0,973.0,973.0,1034.0,Y1
1.0,0.0,0.0,0.0,0.0,0.0,-1.0,4.0,0.0,0,1069.0,1069.0,921.0,Y1
1.0,0.0,1.0,1.0,0.0,0.0,0.0,13.0,0.0,0,931.0,931.0,927.0,Y1
0.0,1.0,2.0,0.0,1.0,0.0,-1.0,12.0,1.0,0,883.0,883.0,920.0,Y1
0.0,1.0,2.0,0.0,2.0,0.0,0.0,6.0,1.0,0,962.0,962.0,890.0,Y1
1.0,0.0,0.0,0.0,0.0,1.0,0.0,8.0,0.0,0,924.0,924.0,902.0,Y1
0.0,0.0,3.0,1.0,0.0,1.0,0.0,8.0,0.0,0,985.0,985.0,881.0,Y1
0.0,1.0,3.0,1.0,1.0,0.0,-1.0,12.0,1.0,0,900.0,900.0,891.0,Y1
1.0,0.0,2.0,1.0,0.0,1.0,0.0,6.0,0.0,1,1104.0,789.0,1104.0,Y0
0.0,1.0,2.0,1.0,2.0,0.0,0.0,24.0,1.0,0,914.0,914.0,872.0,Y1
0.0,1.0,3.0,1.0,2.0,0.0,0.0,5.0,1.0,0,761.0,761.0,900.0,Y1
0.0,0.0,0.0,0.0,1.0,2.0,0.0,13.0,0.0,0,847.0,847.0,952.0,Y1
1.0,0.0,0.0,1.0,0.0,0.0,0.0,8.0,0.0,1,962.0,990.0,962.0,Y0
0.0,0.0,3.0,1.0,0.0,0.0,-1.0,4.0,0.0,0,829.0,829.0,957.0,Y1
1.0,0.0,3.0,0.0,0.0,1.0,4.0,16.0,0.0,0,892.0,892.0,872.0,Y1
0.0,0.0,0.0,1.0,0.0,1.0,0.0,12.0,0.0,0,916.0,916.0,868.0,Y1
1.0,1.0,1.0,1.0,2.0,0.0,0.0,6.0,0.0,1,962.0,863.0,962.0,Y0
1.0,0.0,2.0,0.0,1.0,1.0,0.0,4.0,0.0,1,942.0,914.0,942.0,Y0
1.0,0.0,1.0,0.0,0.0,0.0,0.0,6.0,0.0,0,881.0,881.0,978.0,Y1
0.0,1.0,1.0,1.0,2.0,0.0,2.0,0.0,0.0,0,795.0,795.0,843.0,Y1
1.0,1.0,3.0,1.0,2.0,0.0,0.0,24.0,1.0,0,967.0,967.0,873.0,Y1
1.0,0.0,3.0,0.0,0.0,0.0,0.0,12.0,0.0,0,877.0,877.0,916.0,Y1
1.0,0.0,0.0,0.0,0.0,0.0,0.0,4.0,0.0,1,1097.0,924.0,1097.0,Y0
0.0,0.0,2.0,0.0,0.0,0.0,0.0,8.0,0.0,0,1087.0,1087.0,993.0,Y1
1.0,1.0,5.0,1.0,2.0,1.0,0.0,11.0,1.0,0,934.0,934.0,968.0,Y1
0.0,1.0,2.0,0.0,1.0,0.0,0.0,21.0,0.0,1,875.0,905.0,875.0,Y0
1.0,1.0,1.0,1.0,2.0,0.0,1.0,1.0,0.0,1,891.0,1026.0,891.0,Y0
0.0,1.0,3.0,1.0,2.0,0.0,1.0,9.0,1.0,1,936.0,834.0,936.0,Y0
1.0,1.0,1.0,1.0,1.0,0.0,0.0,6.0,0.0,0,899.0,899.0,1007.0,Y1
1.0,0.0,3.0,1.0,0.0,1.0,5.0,11.0,0.0,1,857.0,1068.0,857.0,Y0
1.0,0.0,3.0,0.0,0.0,0.0,2.0,1.0,0.0,0,862.0,862.0,897.0,Y1
0.0,0.0,0.0,1.0,0.0,0.0,0.0,20.0,0.0,0,925.0,925.0,931.0,Y1
0.0,0.0,0.0,0.0,0.0,1.0,0.0,9.0,0.0,1,1016.0,949.0,1016.0,Y0
1.0,0.0,2.0,1.0,0.0,0.0,0.0,14.0,0.0,0,837.0,837.0,836.0,Y1
1.0,0.0,2.0,0.0,0.0,0.0,0.0,12.0,0.0,0,973.0,973.0,1004.0,Y1
1.0,1.0,3.0,1.0,1.0,0.0,2.0,5.0,1.0,1,891.0,893.0,891.0,Y0
0.0,0.0,2.0,0.0,1.0,0.0,1.0,14.0,0.0,0,857.0,857.0,971.0,Y1
1.0,0.0,8.0,1.0,0.0,1.0,0.0,12.0,0.0,0,834.0,834.0,889.0,Y1
1.0,1.0,3.0,1.0,2.0,0.0,0.0,10.0,1.0,0,894.0,894.0,946.0,Y1
0.0,1.0,2.0,0.0,1.0,0.0,0.0,20.0,1.0,0,1076.0,1076.0,890.0,Y1
1.0,1.0,0.0,0.0,2.0,0.0,0.0,10.0,1.0,0,928.0,928.0,989.0,Y1
1.0,0.0,0.0,0.0,3.0,0.0,1.0,0.0,0.0,0,935.0,935.0,874.0,Y1
0.0,0.0,0.0,0.0,3.0,0.0,2.0,1.0,0.0,1,924.0,979.0,924.0,Y0
1.0,0.0,1.0,1.0,0.0,1.0,0.0,5.0,0.0,0,930.0,930.0,906.0,Y1
1.0,0.0,2.0,0.0,0.0,0.0,0.0,8.0,0.0,0,954.0,954.0,928.0,Y1
1.0,0.0,0.0,1.0,3.0,0.0,0.0,13.0,0.0,0,849.0,849.0,989.0,Y1
0.0,1.0,3.0,0.0,2.0,0.0,1.0,0.0,1.0,0,933.0,933.0,1001.0,Y1
0.0,0.0,3.0,0.0,0.0,1.0,0.0,5.0,0.0,0,887.0,887.0,990.0,Y1
1.0,1.0,3.0,1.0,2.0,0.0,-1.0,14.0,1.0,1,931.0,978.0,931.0,Y0
0.0,1.0,3.0,1.0,2.0,1.0,0.0,10.0,1.0,0,856.0,856.0,873.0,Y1
1.0,1.0,2.0,1.0,1.0,0.0,-1.0,4.0,0.0,0,831.0,831.0,1144.0,Y1
0.0,1.0,2.0,1.0,1.0,1.0,0.0,10.0,0.0,0,862.0,862.0,881.0,Y1
0.0,0.0,7.0,1.0,0.0,1.0,0.0,12.0,0.0,1,891.0,920.0,891.0,Y0
1.0,0.0,0.0,1.0,1.0,2.0,0.0,12.0,0.0,0,1058.0,1058.0,910.0,Y1
1.0,0.0,2.0,1.0,0.0,0.0,3.0,9.0,0.0,0,993.0,993.0,822.0,Y1
0.0,0.0,4.0,0.0,1.0,1.0,0.0,14.0,1.0,1,923.0,980.0,923.0,Y0
1.0,1.0,2.0,0.0,1.0,1.0,0.0,13.0,0.0,0,842.0,842.0,891.0,Y1
1.0,1.0,2.0,1.0,2.0,0.0,2.0,0.0,0.0,0,861.0,861.0,870.0,Y1
0.0,0.0,1.0,0.0,1.0,0.0,2.0,1.0,1.0,0,1048.0,1048.0,865.0,Y1
0.0,0.0,2.0,0.0,0.0,0.0,0.0,11.0,0.0,0,937.0,937.0,1015.0,Y1
0.0,0.0,3.0,0.0,0.0,1.0,0.0,17.0,0.0,0,841.0,841.0,906.0,Y1
1.0,0.0,1.0,0.0,0.0,1.0,0.0,12.0,0.0,0,962.0,962.0,923.0,Y1
0.0,0.0,4.0,0.0,1.0,0.0,0.0,17.0,0.0,0,907.0,907.0,1050.0,Y1
1.0,0.0,1.0,0.0,1.0,0.0,1.0,0.0,0.0,0,914.0,914.0,1034.0,Y1
0.0,0.0,2.0,0.0,3.0,0.0,2.0,5.0,0.0,0,847.0,847.0,1105.0,Y1
0.0,0.0,3.0,1.0,0.0,1.0,0.0,12.0,0.0,1,870.0,892.0,870.0,Y0
1.0,1.0,2.0,1.0,2.0,0.0,1.0,0.0,0.0,0,981.0,981.0,944.0,Y1
1.0,0.0,1.0,0.0,1.0,0.0,0.0,18.0,0.0,0,971.0,971.0,847.0,Y1
0.0,0.0,0.0,1.0,1.0,1.0,0.0,15.0,1.0,0,936.0,936.0,1024.0,Y1
0.0,0.0,2.0,0.0,1.0,1.0,0.0,22.0,0.0,0,967.0,967.0,902.0,Y1
0.0,1.0,2.0,1.0,1.0,0.0,0.0,11.0,1.0,1,865.0,849.0,865.0,Y0
0.0,0.0,0.0,0.0,1.0,0.0,0.0,10.0,0.0,1,944.0,939.0,944.0,Y0
1.0,0.0,7.0,1.0,0.0,1.0,0.0,15.0,0.0,1,862.0,1043.0,862.0,Y0
1.0,1.0,1.0,0.0,0.0,0.0,0.0,8.0,0.0,0,907.0,907.0,784.0,Y1
1.0,0.0,3.0,0.0,3.0,1.0,0.0,4.0,0.0,0,909.0,909.0,969.0,Y1
1.0,0.0,1.0,1.0,3.0,0.0,2.0,5.0,0.0,0,864.0,864.0,859.0,Y1
1.0,1.0,5.0,1.0,0.0,0.0,0.0,13.0,0.0,0,911.0,911.0,1002.0,Y1
1.0,0.0,1.0,0.0,0.0,1.0,0.0,13.0,0.0,0,917.0,917.0,923.0,Y1
0.0,1.0,1.0,1.0,0.0,0.0,0.0,7.0,0.0,0,782.0,782.0,800.0,Y1
1.0,0.0,2.0,0.0,0.0,0.0,0.0,3.0,0.0,0,937.0,937.0,942.0,Y1
0.0,0.0,3.0,0.0,0.0,0.0,0.0,20.0,0.0,0,906.0,906.0,879.0,Y1
1.0,0.0,1.0,0.0,0.0,1.0,0.0,6.0,0.0,0,885.0,885.0,895.0,Y1
1.0,1.0,4.0,1.0,1.0,0.0,0.0,5.0,1.0,0,899.0,899.0,873.0,Y1
1.0,0.0,1.0,0.0,0.0,1.0,0.0,8.0,0.0,1,877.0,903.0,877.0,Y0
1.0,1.0,2.0,0.0,1.0,0.0,0.0,11.0,1.0,1,943.0,905.0,943.0,Y0
0.0,0.0,3.0,0.0,1.0,2.0,0.0,13.0,0.0,0,1023.0,1023.0,906.0,Y1
0.0,0.0,0.0,0.0,1.0,1.0,0.0,8.0,0.0,1,936.0,914.0,936.0,Y0
0.0,0.0,3.0,1.0,0.0,1.0,0.0,13.0,0.0,1,846.0,834.0,846.0,Y0
0.0,1.0,3.0,1.0,2.0,0.0,0.0,6.0,1.0,0,876.0,876.0,900.0,Y1
0.0,0.0,11.0,0.0,0.0,1.0,0.0,11.0,0.0,0,1180.0,1180.0,1051.0,Y1
1.0,0.0,3.0,1.0,0.0,0.0,0.0,12.0,0.0,0,881.0,881.0,903.0,Y1
1.0,1.0,2.0,1.0,2.0,0.0,2.0,1.0,0.0,1,816.0,904.0,816.0,Y0
0.0,0.0,3.0,0.0,1.0,0.0,0.0,16.0,0.0,0,966.0,966.0,1050.0,Y1
1.0,0.0,3.0,1.0,0.0,0.0,2.0,3.0,1.0,0,635.0,635.0,891.0,Y1
0.0,0.0,0.0,0.0,0.0,3.0,0.0,14.0,0.0,1,1034.0,847.0,1034.0,Y0
0.0,0.0,0.0,0.0,0.0,1.0,0.0,13.0,0.0,0,894.0,894.0,908.0,Y1
0.0,0.0,0.0,0.0,0.0,1.0,0.0,12.0,0.0,0,953.0,953.0,909.0,Y1
0.0,0.0,3.0,1.0,0.0,1.0,0.0,13.0,0.0,0,834.0,834.0,846.0,Y1
0.0,0.0,2.0,0.0,0.0,1.0,0.0,6.0,0.0,0,957.0,957.0,867.0,Y1
1.0,0.0,3.0,0.0,1.0,2.0,0.0,13.0,0.0,0,943.0,943.0,940.0,Y1
0.0,1.0,2.0,1.0,2.0,0.0,0.0,5.0,0.0,0,890.0,890.0,1031.0,Y1
1.0,0.0,2.0,1.0,0.0,0.0,0.0,11.0,0.0,0,855.0,855.0,882.0,Y1
0.0,1.0,0.0,1.0,2.0,0.0,0.0,7.0,0.0,0,886.0,886.0,756.0,Y1
1.0,0.0,0.0,0.0,0.0,0.0,0.0,20.0,0.0,0,958.0,958.0,942.0,Y1
0.0,1.0,3.0,1.0,2.0,0.0,2.0,2.0,1.0,1,809.0,890.0,809.0,Y0
1.0,1.0,2.0,1.0,2.0,0.0,0.0,12.0,1.0,0,995.0,995.0,857.0,Y1
0.0,0.0,2.0,0.0,0.0,0.0,0.0,4.0,0.0,1,1094.0,929.0,1094.0,Y0
1.0,1.0,7.0,1.0,2.0,1.0,0.0,10.0,1.0,0,918.0,918.0,1060.0,Y1
0.0,0.0,2.0,0.0,1.0,1.0,0.0,22.0,0.0,0,966.0,966.0,902.0,Y1
1.0,1.0,1.0,1.0,2.0,0.0,0.0,11.0,0.0,0,967.0,967.0,948.0,Y1
1.0,1.0,0.0,1.0,2.0,0.0,0.0,3.0,1.0,0,868.0,868.0,916.0,Y1
1.0,1.0,3.0,1.0,2.0,0.0,0.0,6.0,0.0,0,825.0,825.0,1065.0,Y1
1.0,0.0,2.0,1.0,0.0,1.0,0.0,9.0,0.0,1,909.0,789.0,909.0,Y0
1.0,0.0,3.0,0.0,0.0,0.0,0.0,8.0,0.0,0,1002.0,1002.0,857.0,Y1
0.0,1.0,0.0,1.0,2.0,0.0,0.0,11.0,0.0,0,859.0,859.0,994.0,Y1
1.0,0.0,7.0,1.0,1.0,1.0,0.0,22.0,0.0,0,898.0,898.0,862.0,Y1
0.0,0.0,2.0,0.0,1.0,0.0,0.0,16.0,0.0,0,933.0,933.0,971.0,Y1
1.0,0.0,0.0,1.0,0.0,0.0,0.0,10.0,0.0,0,925.0,925.0,903.0,Y1
0.0,0.0,3.0,0.0,0.0,0.0,0.0,19.0,0.0,0,1023.0,1023.0,899.0,Y1
1.0,1.0,0.0,1.0,2.0,0.0,0.0,11.0,0.0,0,831.0,831.0,896.0,Y1
1.0,0.0,2.0,1.0,0.0,1.0,0.0,10.0,0.0,0,860.0,860.0,909.0,Y1
0.0,0.0,3.0,0.0,0.0,1.0,0.0,12.0,0.0,0,950.0,950.0,876.0,Y1
1.0,0.0,0.0,0.0,0.0,1.0,0.0,4.0,0.0,0,872.0,872.0,1072.0,Y1
0.0,0.0,2.0,1.0,0.0,0.0,0.0,16.0,0.0,0,949.0,949.0,887.0,Y1
0.0,0.0,0.0,1.0,0.0,0.0,0.0,8.0,0.0,0,903.0,903.0,959.0,Y1
1.0,1.0,3.0,1.0,2.0,0.0,0.0,24.0,1.0,0,858.0,858.0,873.0,Y1
1.0,0.0,2.0,1.0,0.0,0.0,0.0,19.0,0.0,1,852.0,1022.0,852.0,Y0
0.0,0.0,3.0,1.0,3.0,0.0,-1.0,11.0,0.0,0,1008.0,1008.0,847.0,Y1
0.0,0.0,3.0,1.0,3.0,1.0,0.0,7.0,0.0,1,950.0,946.0,950.0,Y0
1.0,0.0,3.0,0.0,1.0,0.0,-1.0,3.0,0.0,0,942.0,942.0,962.0,Y1
1.0,0.0,2.0,0.0,3.0,0.0,0.0,13.0,0.0,1,910.0,909.0,910.0,Y0
1.0,0.0,3.0,0.0,0.0,1.0,0.0,9.0,0.0,0,854.0,854.0,852.0,Y1
0.0,0.0,3.0,0.0,0.0,0.0,-1.0,9.0,0.0,0,905.0,905.0,849.0,Y1
0.0,0.0,0.0,0.0,3.0,0.0,0.0,14.0,0.0,0,1156.0,1156.0,978.0,Y1
1.0,0.0,0.0,0.0,1.0,0.0,0.0,17.0,0.0,0,975.0,975.0,847.0,Y1
1.0,0.0,1.0,0.0,0.0,1.0,0.0,12.0,0.0,0,969.0,969.0,923.0,Y1
1.0,0.0,0.0,0.0,0.0,0.0,0.0,9.0,0.0,1,1012.0,886.0,1012.0,Y0
1.0,1.0,2.0,1.0,1.0,0.0,-1.0,0.0,0.0,0,911.0,911.0,1144.0,Y1
0.0,1.0,0.0,1.0,2.0,0.0,2.0,1.0,1.0,1,897.0,863.0,897.0,Y0
1.0,0.0,0.0,1.0,0.0,1.0,0.0,12.0,0.0,0,944.0,944.0,866.0,Y1
0.0,0.0,3.0,1.0,3.0,2.0,0.0,13.0,0.0,0,939.0,939.0,901.0,Y1
1.0,0.0,2.0,0.0,0.0,2.0,0.0,12.0,0.0,0,984.0,984.0,943.0,Y1
0.0,1.0,0.0,1.0,1.0,0.0,0.0,21.0,1.0,0,891.0,891.0,857.0,Y1
0.0,1.0,2.0,1.0,1.0,0.0,0.0,21.0,1.0,0,886.0,886.0,872.0,Y1
0.0,0.0,1.0,0.0,0.0,0.0,-1.0,9.0,0.0,0,993.0,993.0,969.0,Y1
1.0,0.0,3.0,1.0,3.0,1.0,0.0,6.0,0.0,0,884.0,884.0,874.0,Y1
1.0,1.0,1.0,1.0,2.0,2.0,0.0,8.0,0.0,0,879.0,879.0,927.0,Y1
0.0,0.0,1.0,0.0,3.0,0.0,0.0,3.0,0.0,0,1124.0,1124.0,865.0,Y1
1.0,0.0,2.0,0.0,1.0,1.0,0.0,14.0,0.0,0,971.0,971.0,980.0,Y1
0.0,0.0,3.0,1.0,0.0,1.0,0.0,9.0,0.0,1,881.0,985.0,881.0,Y0
1.0,1.0,3.0,1.0,1.0,1.0,0.0,24.0,0.0,0,947.0,947.0,916.0,Y1
1.0,0.0,2.0,0.0,0.0,1.0,0.0,5.0,0.0,0,871.0,871.0,916.0,Y1
0.0,0.0,2.0,1.0,0.0,1.0,0.0,9.0,0.0,0,897.0,897.0,947.0,Y1
0.0,1.0,0.0,1.0,0.0,0.0,3.0,10.0,0.0,0,974.0,974.0,948.0,Y1
1.0,0.0,1.0,1.0,0.0,1.0,0.0,6.0,0.0,0,930.0,930.0,906.0,Y1
1.0,1.0,0.0,1.0,2.0,0.0,-1.0,3.0,0.0,1,809.0,828.0,809.0,Y0
0.0,1.0,3.0,1.0,1.0,0.0,2.0,1.0,0.0,0,876.0,876.0,842.0,Y1
0.0,1.0,2.0,1.0,2.0,0.0,-1.0,6.0,1.0,0,1074.0,1074.0,872.0,Y1
1.0,0.0,3.0,0.0,1.0,2.0,0.0,12.0,0.0,0,954.0,954.0,940.0,Y1
0.0,1.0,3.0,1.0,2.0,0.0,0.0,3.0,1.0,0,870.0,870.0,923.0,Y1
1.0,1.0,3.0,1.0,2.0,1.0,0.0,6.0,0.0,1,947.0,910.0,947.0,Y0
0.0,1.0,3.0,1.0,1.0,0.0,2.0,3.0,0.0,0,822.0,822.0,878.0,Y1
1.0,1.0,3.0,1.0,2.0,0.0,2.0,2.0,1.0,1,837.0,902.0,837.0,Y0
1.0,0.0,2.0,0.0,0.0,0.0,0.0,6.0,0.0,0,864.0,864.0,917.0,Y1
1.0,0.0,0.0,0.0,3.0,0.0,0.0,5.0,0.0,0,911.0,911.0,923.0,Y1
0.0,0.0,0.0,0.0,0.0,1.0,0.0,13.0,0.0,0,834.0,834.0,908.0,Y1
1.0,0.0,1.0,0.0,0.0,0.0,0.0,11.0,0.0,0,892.0,892.0,933.0,Y1
1.0,1.0,3.0,1.0,2.0,0.0,2.0,1.0,1.0,0,931.0,931.0,851.0,Y1
1.0,1.0,3.0,1.0,2.0,0.0,2.0,1.0,1.0,0,837.0,837.0,851.0,Y1
0.0,0.0,2.0,0.0,1.0,0.0,0.0,8.0,0.0,0,913.0,913.0,936.0,Y1
1.0,1.0,2.0,1.0,2.0,0.0,0.0,12.0,1.0,0,1006.0,1006.0,857.0,Y1
1.0,0.0,2.0,0.0,3.0,0.0,0.0,11.0,0.0,0,889.0,889.0,820.0,Y1
1.0,0.0,2.0,0.0,0.0,0.0,0.0,11.0,0.0,0,934.0,934.0,1039.0,Y1
0.0,1.0,0.0,1.0,2.0,0.0,-1.0,9.0,1.0,0,903.0,903.0,877.0,Y1
1.0,0.0,3.0,0.0,0.0,1.0,0.0,6.0,0.0,0,773.0,773.0,1036.0,Y1
1.0,0.0,3.0,0.0,1.0,1.0,0.0,7.0,0.0,1,947.0,845.0,947.0,Y0
0.0,0.0,2.0,0.0,1.0,0.0,0.0,16.0,0.0,0,968.0,968.0,971.0,Y1
0.0,1.0,0.0,1.0,2.0,1.0,0.0,22.0,0.0,0,855.0,855.0,835.0,Y1
0.0,1.0,3.0,1.0,2.0,0.0,2.0,1.0,1.0,1,873.0,890.0,873.0,Y0
1.0,0.0,0.0,0.0,0.0,0.0,0.0,11.0,0.0,0,883.0,883.0,1012.0,Y1
1.0,1.0,3.0,1.0,2.0,0.0,0.0,6.0,1.0,0,831.0,831.0,946.0,Y1
0.0,1.0,2.0,1.0,2.0,0.0,0.0,12.0,1.0,0,984.0,984.0,842.0,Y1
1.0,0.0,2.0,1.0,0.0,1.0,0.0,6.0,0.0,1,1076.0,789.0,1076.0,Y0
0.0,0.0,3.0,0.0,0.0,1.0,5.0,11.0,0.0,1,859.0,947.0,859.0,Y0
1.0,1.0,1.0,1.0,2.0,0.0,0.0,20.0,1.0,0,1003.0,1003.0,873.0,Y1
0.0,1.0,2.0,1.0,1.0,0.0,0.0,10.0,0.0,1,853.0,866.0,853.0,Y0
1.0,0.0,2.0,0.0,0.0,0.0,0.0,11.0,0.0,0,919.0,919.0,1039.0,Y1
0.0,0.0,2.0,0.0,0.0,0.0,0.0,16.0,0.0,0,939.0,939.0,1042.0,Y1
0.0,0.0,3.0,0.0,1.0,0.0,0.0,16.0,0.0,0,939.0,939.0,1050.0,Y1
0.0,0.0,3.0,0.0,0.0,0.0,-1.0,9.0,0.0,0,971.0,971.0,849.0,Y1
1.0,0.0,0.0,-1.0,3.0,1.0,0.0,14.0,-1.0,1,927.0,879.0,927.0,Y0
1.0,1.0,1.0,0.0,1.0,0.0,0.0,7.0,0.0,0,937.0,937.0,1059.0,Y1
1.0,0.0,3.0,0.0,0.0,0.0,0.0,9.0,0.0,1,957.0,911.0,957.0,Y0
1.0,0.0,4.0,1.0,0.0,1.0,0.0,8.0,0.0,0,887.0,887.0,805.0,Y1
1.0,0.0,0.0,0.0,3.0,0.0,2.0,5.0,0.0,0,1083.0,1083.0,929.0,Y1
1.0,0.0,0.0,0.0,0.0,1.0,0.0,5.0,0.0,0,910.0,910.0,1072.0,Y1
0.0,0.0,5.0,0.0,1.0,0.0,0.0,7.0,0.0,0,836.0,836.0,979.0,Y1
0.0,0.0,3.0,0.0,0.0,2.0,0.0,12.0,0.0,0,966.0,966.0,906.0,Y1
1.0,0.0,1.0,0.0,1.0,0.0,0.0,17.0,0.0,0,961.0,961.0,847.0,Y1
1.0,0.0,1.0,0.0,0.0,1.0,0.0,10.0,0.0,0,878.0,878.0,909.0,Y1
0.0,1.0,0.0,0.0,2.0,1.0,0.0,11.0,0.0,0,892.0,892.0,825.0,Y1
0.0,1.0,2.0,1.0,2.0,1.0,0.0,13.0,1.0,1,890.0,890.0,890.0,Y0
1.0,1.0,1.0,1.0,2.0,0.0,2.0,1.0,0.0,0,934.0,934.0,896.0,Y1
0.0,1.0,1.0,1.0,2.0,0.0,1.0,0.0,1.0,0,845.0,845.0,942.0,Y1
1.0,0.0,7.0,1.0,0.0,0.0,3.0,27.0,0.0,0,891.0,891.0,911.0,Y1
1.0,0.0,2.0,1.0,3.0,0.0,0.0,8.0,0.0,0,847.0,847.0,811.0,Y1
0.0,0.0,0.0,0.0,3.0,0.0,0.0,5.0,0.0,0,936.0,936.0,897.0,Y1
1.0,1.0,1.0,0.0,0.0,2.0,0.0,12.0,0.0,0,898.0,898.0,880.0,Y1
1.0,0.0,8.0,1.0,3.0,1.0,0.0,8.0,0.0,0,904.0,904.0,867.0,Y1
1.0,0.0,1.0,0.0,0.0,0.0,2.0,2.0,0.0,0,1038.0,1038.0,1022.0,Y1
1.0,0.0,3.0,0.0,0.0,1.0,0.0,20.0,0.0,0,1033.0,1033.0,866.0,Y1
1.0,0.0,1.0,0.0,0.0,0.0,0.0,13.0,0.0,0,906.0,906.0,1133.0,Y1
1.0,0.0,3.0,0.0,1.0,0.0,1.0,14.0,0.0,0,948.0,948.0,940.0,Y1
0.0,0.0,0.0,1.0,1.0,0.0,-1.0,18.0,1.0,0,825.0,825.0,956.0,Y1
0.0,2.0,4.0,0.0,1.0,1.0,0.0,18.0,0.0,1,982.0,910.0,982.0,Y0
0.0,0.0,3.0,0.0,1.0,0.0,3.0,13.0,0.0,1,992.0,1023.0,992.0,Y0
1.0,0.0,0.0,0.0,0.0,0.0,0.0,9.0,0.0,0,886.0,886.0,1012.0,Y1
0.0,1.0,0.0,1.0,2.0,0.0,0.0,9.0,1.0,0,857.0,857.0,857.0,Y1
1.0,0.0,3.0,0.0,0.0,1.0,0.0,12.0,0.0,0,865.0,865.0,891.0,Y1
0.0,1.0,3.0,1.0,0.0,0.0,3.0,10.0,0.0,0,994.0,994.0,901.0,Y1
1.0,0.0,1.0,0.0,3.0,0.0,1.0,0.0,0.0,0,1061.0,1061.0,874.0,Y1
0.0,0.0,2.0,1.0,0.0,1.0,0.0,13.0,0.0,0,886.0,886.0,999.0,Y1
1.0,0.0,1.0,1.0,1.0,0.0,-1.0,2.0,0.0,0,992.0,992.0,915.0,Y1
0.0,0.0,1.0,0.0,0.0,1.0,0.0,8.0,0.0,0,1171.0,1171.0,1013.0,Y1
0.0,0.0,3.0,1.0,0.0,0.0,2.0,2.0,0.0,0,959.0,959.0,912.0,Y1
0.0,1.0,2.0,1.0,2.0,0.0,-1.0,2.0,0.0,1,807.0,880.0,807.0,Y0
1.0,1.0,1.0,1.0,2.0,0.0,2.0,2.0,0.0,1,868.0,903.0,868.0,Y0
0.0,0.0,0.0,1.0,1.0,1.0,0.0,4.0,0.0,1,859.0,808.0,859.0,Y0
0.0,0.0,3.0,0.0,0.0,1.0,0.0,20.0,0.0,0,938.0,938.0,906.0,Y1
1.0,0.0,0.0,0.0,0.0,0.0,2.0,1.0,0.0,0,842.0,842.0,849.0,Y1
0.0,0.0,2.0,0.0,3.0,0.0,0.0,5.0,0.0,0,1094.0,1094.0,912.0,Y1
0.0,1.0,2.0,1.0,0.0,0.0,-1.0,5.0,0.0,0,868.0,868.0,747.0,Y1
0.0,0.0,0.0,0.0,0.0,1.0,0.0,20.0,0.0,0,902.0,902.0,942.0,Y1
0.0,0.0,2.0,0.0,1.0,2.0,0.0,12.0,0.0,0,900.0,900.0,917.0,Y1
0.0,1.0,1.0,1.0,1.0,0.0,2.0,1.0,1.0,0,933.0,933.0,876.0,Y1
0.0,1.0,0.0,1.0,2.0,0.0,0.0,7.0,0.0,0,860.0,860.0,756.0,Y1
1.0,0.0,1.0,0.0,0.0,0.0,0.0,10.0,0.0,1,891.0,1062.0,891.0,Y0
0.0,0.0,2.0,0.0,3.0,1.0,0.0,7.0,0.0,1,1009.0,1038.0,1009.0,Y0
0.0,1.0,2.0,0.0,1.0,0.0,3.0,13.0,0.0,1,979.0,961.0,979.0,Y0
1.0,0.0,0.0,1.0,0.0,0.0,0.0,13.0,0.0,0,883.0,883.0,848.0,Y1
1.0,0.0,0.0,0.0,0.0,0.0,0.0,13.0,-1.0,0,869.0,869.0,878.0,Y1
1.0,1.0,1.0,1.0,2.0,1.0,0.0,10.0,1.0,0,842.0,842.0,881.0,Y1
0.0,0.0,9.0,1.0,3.0,2.0,0.0,13.0,0.0,0,832.0,832.0,867.0,Y1
1.0,1.0,1.0,1.0,0.0,0.0,2.0,1.0,0.0,1,873.0,921.0,873.0,Y0
1.0,0.0,3.0,1.0,0.0,1.0,0.0,13.0,0.0,0,824.0,824.0,823.0,Y1
1.0,0.0,0.0,0.0,1.0,1.0,0.0,12.0,0.0,0,999.0,999.0,953.0,Y1
0.0,0.0,3.0,1.0,3.0,0.0,0.0,11.0,0.0,0,924.0,924.0,847.0,Y1
1.0,0.0,2.0,1.0,3.0,0.0,0.0,21.0,0.0,1,961.0,873.0,961.0,Y0
1.0,1.0,3.0,0.0,2.0,0.0,0.0,3.0,1.0,1,987.0,902.0,987.0,Y0
1.0,0.0,1.0,0.0,3.0,2.0,0.0,12.0,0.0,1,1003.0,996.0,1003.0,Y0
1.0,1.0,3.0,0.0,1.0,0.0,5.0,3.0,0.0,0,879.0,879.0,953.0,Y1
1.0,1.0,2.0,1.0,2.0,1.0,0.0,7.0,0.0,0,903.0,903.0,789.0,Y1
0.0,0.0,2.0,1.0,0.0,0.0,0.0,12.0,0.0,0,937.0,937.0,839.0,Y1
0.0,0.0,3.0,1.0,3.0,0.0,0.0,21.0,0.0,1,978.0,863.0,978.0,Y0
1.0,0.0,1.0,0.0,1.0,0.0,0.0,5.0,1.0,0,897.0,897.0,976.0,Y1
0.0,0.0,2.0,0.0,0.0,1.0,0.0,12.0,0.0,0,975.0,975.0,879.0,Y1
0.0,0.0,1.0,1.0,1.0,0.0,0.0,8.0,0.0,0,849.0,849.0,926.0,Y1
1.0,1.0,2.0,0.0,3.0,0.0,0.0,11.0,0.0,1,883.0,837.0,883.0,Y0
0.0,0.0,2.0,0.0,1.0,1.0,4.0,15.0,0.0,0,1206.0,1206.0,971.0,Y1
0.0,0.0,2.0,0.0,0.0,0.0,2.0,2.0,0.0,0,856.0,856.0,924.0,Y1
1.0,0.0,2.0,1.0,0.0,1.0,0.0,12.0,0.0,1,987.0,975.0,987.0,Y0
1.0,1.0,0.0,1.0,0.0,1.0,4.0,16.0,0.0,0,974.0,974.0,960.0,Y1
1.0,0.0,0.0,0.0,0.0,0.0,2.0,2.0,0.0,1,907.0,836.0,907.0,Y0
0.0,0.0,3.0,1.0,0.0,1.0,0.0,12.0,0.0,0,892.0,892.0,870.0,Y1
1.0,0.0,4.0,1.0,3.0,0.0,0.0,11.0,0.0,1,1000.0,1017.0,1000.0,Y0
0.0,1.0,0.0,0.0,1.0,1.0,0.0,10.0,0.0,0,961.0,961.0,825.0,Y1
1.0,1.0,7.0,1.0,2.0,0.0,0.0,11.0,0.0,0,883.0,883.0,925.0,Y1
0.0,0.0,0.0,0.0,1.0,0.0,-1.0,5.0,0.0,1,841.0,934.0,841.0,Y0
1.0,1.0,2.0,0.0,1.0,0.0,0.0,12.0,1.0,1,886.0,888.0,886.0,Y0
1.0,1.0,3.0,1.0,2.0,0.0,0.0,6.0,1.0,0,782.0,782.0,946.0,Y1
0.0,1.0,3.0,0.0,2.0,0.0,-1.0,9.0,1.0,0,1016.0,1016.0,920.0,Y1
1.0,1.0,11.0,0.0,2.0,0.0,0.0,3.0,1.0,1,971.0,867.0,971.0,Y0
0.0,0.0,3.0,0.0,1.0,0.0,0.0,3.0,0.0,0,894.0,894.0,979.0,Y1
1.0,1.0,0.0,1.0,0.0,0.0,-1.0,9.0,0.0,0,902.0,902.0,951.0,Y1
0.0,0.0,1.0,1.0,0.0,1.0,0.0,12.0,0.0,0,805.0,805.0,994.0,Y1
1.0,0.0,2.0,1.0,0.0,0.0,0.0,4.0,0.0,1,892.0,879.0,892.0,Y0
1.0,0.0,1.0,0.0,0.0,0.0,0.0,8.0,0.0,1,959.0,841.0,959.0,Y0
0.0,1.0,2.0,1.0,2.0,0.0,0.0,3.0,1.0,0,957.0,957.0,1140.0,Y1
1.0,1.0,0.0,1.0,2.0,1.0,0.0,11.0,0.0,0,899.0,899.0,810.0,Y1
0.0,1.0,2.0,0.0,2.0,0.0,-1.0,9.0,1.0,0,979.0,979.0,920.0,Y1
1.0,0.0,3.0,0.0,0.0,0.0,0.0,13.0,-1.0,0,955.0,955.0,910.0,Y1
0.0,0.0,0.0,0.0,3.0,0.0,0.0,13.0,0.0,1,978.0,987.0,978.0,Y0
1.0,0.0,1.0,0.0,3.0,1.0,0.0,4.0,0.0,0,1016.0,1016.0,956.0,Y1
1.0,1.0,0.0,1.0,2.0,0.0,0.0,5.0,0.0,1,968.0,836.0,968.0,Y0
1.0,1.0,1.0,1.0,0.0,0.0,0.0,11.0,0.0,0,962.0,962.0,861.0,Y1
0.0,0.0,0.0,1.0,0.0,1.0,0.0,5.0,0.0,0,826.0,826.0,876.0,Y1
1.0,0.0,4.0,1.0,3.0,0.0,2.0,5.0,0.0,0,919.0,919.0,859.0,Y1
1.0,1.0,2.0,1.0,1.0,1.0,0.0,24.0,0.0,0,983.0,983.0,916.0,Y1
1.0,0.0,1.0,0.0,0.0,0.0,0.0,8.0,0.0,1,1052.0,841.0,1052.0,Y0
1.0,0.0,2.0,0.0,3.0,0.0,0.0,11.0,0.0,0,910.0,910.0,820.0,Y1
1.0,0.0,2.0,1.0,3.0,1.0,0.0,7.0,0.0,1,874.0,792.0,874.0,Y0
0.0,0.0,3.0,0.0,0.0,1.0,0.0,15.0,0.0,0,996.0,996.0,906.0,Y1
1.0,0.0,2.0,0.0,0.0,0.0,2.0,3.0,1.0,0,839.0,839.0,950.0,Y1
0.0,0.0,0.0,0.0,0.0,1.0,0.0,13.0,0.0,0,889.0,889.0,908.0,Y1
1.0,0.0,4.0,0.0,0.0,0.0,0.0,12.0,0.0,1,950.0,974.0,950.0,Y0
0.0,0.0,1.0,0.0,0.0,0.0,0.0,16.0,0.0,0,950.0,950.0,984.0,Y1
0.0,0.0,2.0,1.0,1.0,1.0,0.0,15.0,1.0,0,937.0,937.0,1024.0,Y1
1.0,0.0,2.0,0.0,1.0,0.0,0.0,8.0,0.0,0,872.0,872.0,831.0,Y1
1.0,0.0,1.0,0.0,0.0,0.0,2.0,1.0,0.0,0,978.0,978.0,1022.0,Y1
1.0,0.0,0.0,0.0,0.0,0.0,0.0,19.0,0.0,0,1108.0,1108.0,907.0,Y1
1.0,0.0,3.0,0.0,1.0,0.0,-1.0,10.0,1.0,1,1074.0,906.0,1074.0,Y0
0.0,0.0,0.0,1.0,0.0,0.0,-1.0,6.0,0.0,1,938.0,925.0,938.0,Y0
1.0,0.0,3.0,0.0,0.0,1.0,0.0,17.0,0.0,0,875.0,875.0,866.0,Y1
1.0,0.0,0.0,0.0,0.0,1.0,0.0,8.0,0.0,1,832.0,879.0,832.0,Y0
0.0,0.0,0.0,0.0,1.0,0.0,-1.0,10.0,1.0,1,868.0,973.0,868.0,Y0
1.0,0.0,0.0,0.0,0.0,0.0,0.0,8.0,0.0,1,973.0,956.0,973.0,Y0
0.0,1.0,2.0,1.0,2.0,0.0,-1.0,9.0,1.0,0,917.0,917.0,915.0,Y1
0.0,1.0,1.0,0.0,3.0,0.0,-1.0,11.0,0.0,0,881.0,881.0,895.0,Y1
0.0,0.0,3.0,0.0,0.0,0.0,0.0,3.0,0.0,0,870.0,870.0,892.0,Y1
0.0,1.0,1.0,1.0,2.0,0.0,0.0,11.0,0.0,0,964.0,964.0,1020.0,Y1
1.0,0.0,3.0,1.0,0.0,0.0,0.0,10.0,0.0,0,894.0,894.0,903.0,Y1
0.0,-1.0,-1.0,1.0,2.0,0.0,0.0,5.0,0.0,0,936.0,936.0,820.0,Y1
0.0,1.0,1.0,1.0,2.0,0.0,0.0,16.0,1.0,0,883.0,883.0,855.0,Y1
1.0,1.0,0.0,1.0,2.0,1.0,0.0,6.0,0.0,1,810.0,945.0,810.0,Y0
1.0,0.0,3.0,0.0,3.0,0.0,0.0,14.0,0.0,1,962.0,949.0,962.0,Y0
1.0,1.0,2.0,1.0,2.0,0.0,0.0,11.0,0.0,0,856.0,856.0,962.0,Y1
1.0,1.0,0.0,1.0,1.0,0.0,-1.0,18.0,1.0,0,965.0,965.0,936.0,Y1
0.0,0.0,3.0,0.0,0.0,1.0,3.0,11.0,0.0,0,992.0,992.0,992.0,Y1
0.0,1.0,2.0,0.0,2.0,0.0,1.0,0.0,1.0,0,892.0,892.0,865.0,Y1
0.0,0.0,1.0,0.0,0.0,1.0,0.0,13.0,0.0,0,971.0,971.0,933.0,Y1
0.0,0.0,0.0,1.0,0.0,1.0,0.0,9.0,0.0,0,872.0,872.0,876.0,Y1
0.0,1.0,0.0,1.0,2.0,1.0,0.0,13.0,1.0,1,1067.0,893.0,1067.0,Y0
0.0,0.0,0.0,0.0,3.0,0.0,1.0,0.0,0.0,0,979.0,979.0,956.0,Y1
0.0,1.0,3.0,1.0,2.0,0.0,0.0,10.0,1.0,0,939.0,939.0,900.0,Y1
1.0,0.0,1.0,0.0,1.0,1.0,0.0,14.0,0.0,0,951.0,951.0,1074.0,Y1
0.0,0.0,2.0,1.0,0.0,1.0,0.0,9.0,0.0,1,1006.0,870.0,1006.0,Y0
0.0,1.0,2.0,1.0,1.0,1.0,0.0,24.0,0.0,0,967.0,967.0,835.0,Y1
0.0,0.0,3.0,0.0,0.0,1.0,0.0,13.0,0.0,0,1033.0,1033.0,898.0,Y1
0.0,1.0,2.0,1.0,2.0,0.0,0.0,12.0,1.0,0,954.0,954.0,842.0,Y1
0.0,1.0,2.0,1.0,2.0,1.0,0.0,22.0,0.0,0,804.0,804.0,835.0,Y1
0.0,0.0,2.0,0.0,0.0,0.0,1.0,0.0,0.0,0,1005.0,1005.0,789.0,Y1
1.0,1.0,2.0,1.0,1.0,0.0,0.0,5.0,1.0,0,956.0,956.0,946.0,Y1
0.0,0.0,3.0,0.0,0.0,0.0,2.0,3.0,1.0,0,817.0,817.0,1001.0,Y1
1.0,0.0,0.0,0.0,1.0,0.0,-1.0,10.0,1.0,1,960.0,938.0,960.0,Y0
0.0,1.0,3.0,1.0,2.0,0.0,0.0,6.0,1.0,1,1039.0,873.0,1039.0,Y0
1.0,0.0,2.0,1.0,0.0,0.0,2.0,3.0,1.0,0,790.0,790.0,906.0,Y1
0.0,0.0,3.0,1.0,0.0,0.0,1.0,0.0,0.0,0,870.0,870.0,871.0,Y1
1.0,0.0,3.0,0.0,0.0,1.0,0.0,8.0,1.0,0,853.0,853.0,949.0,Y1
0.0,0.0,3.0,0.0,0.0,0.0,3.0,10.0,0.0,0,1181.0,1181.0,992.0,Y1
1.0,1.0,2.0,1.0,2.0,1.0,0.0,6.0,0.0,1,796.0,877.0,796.0,Y0
0.0,0.0,0.0,1.0,0.0,0.0,0.0,4.0,0.0,0,940.0,940.0,832.0,Y1
1.0,1.0,0.0,0.0,1.0,1.0,0.0,10.0,0.0,0,921.0,921.0,896.0,Y1
0.0,0.0,0.0,1.0,1.0,0.0,-1.0,10.0,1.0,1,956.0,825.0,956.0,Y0
0.0,1.0,3.0,1.0,2.0,0.0,0.0,16.0,1.0,0,873.0,873.0,857.0,Y1
0.0,1.0,8.0,1.0,3.0,1.0,0.0,6.0,0.0,0,857.0,857.0,841.0,Y1
0.0,0.0,1.0,0.0,0.0,1.0,0.0,6.0,0.0,0,1031.0,1031.0,1068.0,Y1
1.0,0.0,0.0,0.0,0.0,0.0,0.0,12.0,0.0,0,946.0,946.0,878.0,Y1
1.0,0.0,4.0,1.0,0.0,0.0,0.0,5.0,0.0,1,890.0,868.0,890.0,Y0
1.0,1.0,1.0,0.0,0.0,0.0,0.0,13.0,0.0,0,864.0,864.0,784.0,Y1
1.0,0.0,0.0,1.0,3.0,0.0,0.0,11.0,0.0,1,872.0,849.0,872.0,Y0
1.0,0.0,4.0,0.0,1.0,0.0,0.0,12.0,0.0,0,905.0,905.0,1041.0,Y1
1.0,0.0,1.0,0.0,3.0,0.0,0.0,11.0,0.0,0,831.0,831.0,978.0,Y1
0.0,0.0,12.0,0.0,3.0,0.0,0.0,8.0,0.0,0,976.0,976.0,1051.0,Y1
0.0,0.0,0.0,0.0,0.0,1.0,0.0,20.0,0.0,0,956.0,956.0,942.0,Y1
0.0,0.0,3.0,0.0,3.0,0.0,0.0,8.0,0.0,0,949.0,949.0,962.0,Y1
0.0,0.0,3.0,0.0,3.0,0.0,-1.0,11.0,0.0,0,981.0,981.0,962.0,Y1
1.0,0.0,0.0,1.0,0.0,0.0,-1.0,4.0,0.0,0,870.0,870.0,960.0,Y1
1.0,0.0,1.0,0.0,0.0,1.0,0.0,7.0,0.0,0,913.0,913.0,909.0,Y1
1.0,0.0,2.0,1.0,0.0,0.0,0.0,8.0,0.0,1,821.0,832.0,821.0,Y0
1.0,0.0,1.0,0.0,1.0,0.0,0.0,3.0,0.0,0,934.0,934.0,989.0,Y1
0.0,0.0,2.0,1.0,3.0,0.0,2.0,5.0,0.0,0,816.0,816.0,842.0,Y1
1.0,0.0,2.0,0.0,2.0,0.0,-1.0,10.0,1.0,0,906.0,906.0,1004.0,Y1
0.0,1.0,3.0,0.0,2.0,1.0,0.0,11.0,0.0,0,937.0,937.0,1076.0,Y1
1.0,0.0,1.0,0.0,0.0,2.0,0.0,12.0,0.0,0,915.0,915.0,943.0,Y1
1.0,1.0,2.0,1.0,2.0,0.0,1.0,0.0,0.0,0,968.0,968.0,944.0,Y1
0.0,0.0,3.0,0.0,0.0,1.0,0.0,12.0,0.0,0,1031.0,1031.0,876.0,Y1
1.0,0.0,0.0,1.0,0.0,0.0,0.0,12.0,0.0,0,883.0,883.0,848.0,Y1
1.0,1.0,1.0,1.0,2.0,0.0,2.0,2.0,1.0,1,911.0,934.0,911.0,Y0
1.0,1.0,7.0,1.0,3.0,1.0,0.0,6.0,0.0,0,866.0,866.0,841.0,Y1
1.0,0.0,1.0,0.0,0.0,0.0,0.0,10.0,0.0,1,886.0,1062.0,886.0,Y0
1.0,0.0,5.0,0.0,1.0,0.0,0.0,3.0,0.0,0,969.0,969.0,996.0,Y1
0.0,1.0,0.0,1.0,2.0,1.0,1.0,6.0,0.0,0,813.0,813.0,943.0,Y1
0.0,1.0,2.0,1.0,1.0,0.0,-1.0,2.0,0.0,0,897.0,897.0,1068.0,Y1
0.0,0.0,1.0,0.0,1.0,0.0,-1.0,3.0,0.0,0,960.0,960.0,942.0,Y1
0.0,1.0,0.0,1.0,2.0,0.0,0.0,10.0,1.0,0,868.0,868.0,857.0,Y1
1.0,1.0,2.0,1.0,2.0,1.0,0.0,11.0,0.0,0,780.0,780.0,789.0,Y1
0.0,1.0,2.0,1.0,1.0,0.0,-1.0,0.0,0.0,0,847.0,847.0,1068.0,Y1
1.0,1.0,0.0,0.0,1.0,0.0,0.0,11.0,1.0,1,942.0,1010.0,942.0,Y0
1.0,0.0,3.0,0.0,3.0,2.0,0.0,12.0,0.0,1,1009.0,868.0,1009.0,Y0
0.0,0.0,0.0,0.0,0.0,1.0,0.0,12.0,0.0,0,979.0,979.0,909.0,Y1
0.0,0.0,3.0,0.0,1.0,0.0,0.0,14.0,0.0,1,1050.0,947.0,1050.0,Y0
0.0,0.0,1.0,1.0,0.0,3.0,0.0,10.0,0.0,1,818.0,1008.0,818.0,Y0
0.0,1.0,3.0,1.0,2.0,0.0,2.0,1.0,0.0,1,842.0,952.0,842.0,Y0
0.0,1.0,2.0,1.0,2.0,1.0,4.0,12.0,0.0,1,842.0,851.0,842.0,Y0
1.0,0.0,2.0,0.0,1.0,0.0,-1.0,10.0,1.0,1,1004.0,906.0,1004.0,Y0
1.0,0.0,0.0,0.0,0.0,0.0,0.0,12.0,0.0,0,978.0,978.0,878.0,Y1
1.0,0.0,7.0,1.0,3.0,1.0,0.0,6.0,0.0,0,831.0,831.0,831.0,Y1
0.0,0.0,0.0,0.0,0.0,1.0,0.0,10.0,0.0,0,873.0,873.0,1057.0,Y1
1.0,0.0,2.0,0.0,0.0,0.0,2.0,3.0,1.0,0,834.0,834.0,950.0,Y1
0.0,0.0,0.0,0.0,1.0,0.0,0.0,17.0,0.0,0,842.0,842.0,1021.0,Y1
0.0,0.0,8.0,0.0,1.0,1.0,0.0,14.0,0.0,0,895.0,895.0,963.0,Y1
0.0,1.0,1.0,1.0,1.0,0.0,0.0,5.0,1.0,0,917.0,917.0,920.0,Y1
1.0,1.0,0.0,1.0,2.0,1.0,0.0,10.0,1.0,1,868.0,933.0,868.0,Y0
0.0,1.0,0.0,1.0,2.0,0.0,1.0,0.0,0.0,0,966.0,966.0,913.0,Y1
0.0,1.0,0.0,1.0,2.0,1.0,2.0,24.0,0.0,0,1102.0,1102.0,835.0,Y1
0.0,0.0,3.0,1.0,0.0,1.0,0.0,8.0,0.0,0,893.0,893.0,881.0,Y1
0.0,0.0,3.0,0.0,0.0,0.0,-1.0,12.0,0.0,1,849.0,905.0,849.0,Y0
0.0,0.0,3.0,0.0,1.0,0.0,0.0,0.0,0.0,0,934.0,934.0,979.0,Y1
1.0,1.0,3.0,1.0,2.0,1.0,1.0,6.0,0.0,0,820.0,820.0,947.0,Y1
1.0,0.0,0.0,0.0,0.0,0.0,2.0,2.0,0.0,0,836.0,836.0,907.0,Y1
1.0,1.0,8.0,1.0,2.0,0.0,0.0,12.0,0.0,0,829.0,829.0,925.0,Y1
1.0,0.0,3.0,0.0,0.0,0.0,0.0,5.0,0.0,1,903.0,878.0,903.0,Y0
1.0,0.0,1.0,1.0,0.0,1.0,0.0,13.0,0.0,0,880.0,880.0,948.0,Y1
0.0,0.0,2.0,0.0,0.0,1.0,0.0,10.0,0.0,0,1018.0,1018.0,924.0,Y1
1.0,0.0,0.0,0.0,0.0,0.0,0.0,11.0,0.0,0,1024.0,1024.0,1012.0,Y1
0.0,0.0,0.0,1.0,0.0,1.0,0.0,12.0,0.0,0,901.0,901.0,868.0,Y1
1.0,0.0,1.0,0.0,0.0,1.0,0.0,11.0,0.0,0,896.0,896.0,923.0,Y1
0.0,0.0,2.0,0.0,0.0,0.0,0.0,7.0,0.0,1,1029.0,997.0,1029.0,Y0
1.0,1.0,3.0,1.0,0.0,1.0,0.0,10.0,0.0,0,903.0,903.0,1002.0,Y1
1.0,0.0,2.0,0.0,1.0,1.0,0.0,12.0,0.0,0,923.0,923.0,980.0,Y1
1.0,1.0,3.0,1.0,2.0,0.0,1.0,0.0,0.0,0,928.0,928.0,847.0,Y1
0.0,0.0,2.0,0.0,0.0,1.0,0.0,11.0,0.0,0,1091.0,1091.0,879.0,Y1
0.0,0.0,2.0,0.0,0.0,0.0,0.0,14.0,0.0,0,941.0,941.0,1003.0,Y1
1.0,0.0,1.0,0.0,0.0,1.0,0.0,13.0,0.0,0,952.0,952.0,923.0,Y1
1.0,0.0,2.0,0.0,0.0,0.0,-1.0,2.0,0.0,0,935.0,935.0,931.0,Y1
1.0,0.0,1.0,1.0,0.0,0.0,0.0,27.0,0.0,1,925.0,923.0,925.0,Y0
1.0,0.0,0.0,0.0,0.0,0.0,0.0,4.0,0.0,1,1007.0,924.0,1007.0,Y0
0.0,0.0,2.0,1.0,1.0,1.0,0.0,12.0,0.0,0,994.0,994.0,976.0,Y1
1.0,0.0,3.0,1.0,0.0,0.0,0.0,20.0,0.0,1,886.0,867.0,886.0,Y0
1.0,0.0,2.0,0.0,1.0,2.0,0.0,12.0,0.0,0,944.0,944.0,943.0,Y1
1.0,0.0,2.0,0.0,3.0,0.0,0.0,5.0,0.0,0,942.0,942.0,820.0,Y1
1.0,1.0,3.0,0.0,1.0,0.0,-1.0,2.0,0.0,0,861.0,861.0,980.0,Y1
1.0,1.0,2.0,0.0,2.0,0.0,0.0,11.0,0.0,0,837.0,837.0,862.0,Y1
0.0,0.0,2.0,0.0,0.0,1.0,0.0,12.0,0.0,0,954.0,954.0,879.0,Y1
1.0,1.0,3.0,1.0,2.0,0.0,-1.0,6.0,1.0,0,989.0,989.0,946.0,Y1
1.0,0.0,1.0,0.0,1.0,0.0,1.0,0.0,0.0,1,1034.0,914.0,1034.0,Y0
1.0,0.0,2.0,0.0,0.0,1.0,0.0,12.0,0.0,0,956.0,956.0,949.0,Y1
1.0,0.0,1.0,0.0,0.0,0.0,2.0,1.0,0.0,1,1022.0,871.0,1022.0,Y0
1.0,0.0,3.0,0.0,3.0,1.0,0.0,8.0,0.0,0,1092.0,1092.0,969.0,Y1
1.0,0.0,8.0,0.0,0.0,1.0,0.0,4.0,0.0,0,819.0,819.0,834.0,Y1
1.0,1.0,1.0,1.0,3.0,1.0,0.0,12.0,0.0,1,810.0,872.0,810.0,Y0
0.0,0.0,2.0,0.0,0.0,0.0,0.0,4.0,0.0,0,904.0,904.0,1094.0,Y1
1.0,0.0,2.0,1.0,0.0,1.0,0.0,15.0,0.0,0,1042.0,1042.0,955.0,Y1
1.0,0.0,1.0,0.0,0.0,0.0,0.0,10.0,0.0,0,961.0,961.0,886.0,Y1
0.0,0.0,4.0,0.0,0.0,1.0,0.0,13.0,0.0,0,932.0,932.0,1046.0,Y1
0.0,0.0,2.0,0.0,0.0,0.0,0.0,19.0,0.0,0,983.0,983.0,976.0,Y1
1.0,0.0,2.0,0.0,0.0,0.0,0.0,13.0,0.0,0,1039.0,1039.0,1004.0,Y1
1.0,0.0,3.0,0.0,1.0,0.0,0.0,21.0,1.0,0,935.0,935.0,1032.0,Y1
1.0,0.0,0.0,0.0,3.0,0.0,1.0,0.0,0.0,0,897.0,897.0,874.0,Y1
1.0,0.0,1.0,0.0,0.0,0.0,0.0,3.0,0.0,1,1063.0,1044.0,1063.0,Y0
0.0,0.0,1.0,0.0,1.0,0.0,1.0,0.0,0.0,0,947.0,947.0,789.0,Y1
1.0,1.0,0.0,0.0,1.0,0.0,0.0,3.0,0.0,1,1059.0,916.0,1059.0,Y0
1.0,0.0,3.0,0.0,1.0,0.0,0.0,0.0,0.0,0,992.0,992.0,914.0,Y1
1.0,0.0,3.0,0.0,0.0,1.0,0.0,20.0,0.0,0,957.0,957.0,866.0,Y1
1.0,0.0,3.0,1.0,0.0,1.0,0.0,6.0,0.0,0,899.0,899.0,857.0,Y1
0.0,0.0,3.0,1.0,0.0,0.0,0.0,7.0,0.0,1,1006.0,822.0,1006.0,Y0
0.0,0.0,2.0,0.0,0.0,1.0,0.0,12.0,0.0,0,884.0,884.0,879.0,Y1
1.0,0.0,1.0,1.0,0.0,1.0,0.0,8.0,0.0,0,866.0,866.0,1181.0,Y1
0.0,0.0,2.0,0.0,3.0,0.0,0.0,21.0,0.0,1,1031.0,864.0,1031.0,Y0
1.0,0.0,8.0,0.0,0.0,0.0,0.0,10.0,0.0,1,819.0,895.0,819.0,Y0
0.0,0.0,8.0,1.0,0.0,0.0,2.0,3.0,0.0,1,845.0,861.0,845.0,Y0
1.0,0.0,3.0,0.0,0.0,1.0,0.0,8.0,1.0,0,881.0,881.0,949.0,Y1
1.0,1.0,3.0,1.0,2.0,0.0,1.0,0.0,1.0,0,839.0,839.0,851.0,Y1
1.0,0.0,1.0,0.0,0.0,0.0,0.0,14.0,0.0,0,945.0,945.0,1133.0,Y1
0.0,0.0,0.0,1.0,0.0,1.0,0.0,15.0,0.0,1,881.0,973.0,881.0,Y0
1.0,0.0,0.0,0.0,0.0,0.0,0.0,3.0,0.0,1,1203.0,924.0,1203.0,Y0
1.0,0.0,1.0,1.0,0.0,0.0,0.0,11.0,0.0,0,884.0,884.0,1028.0,Y1
1.0,1.0,0.0,1.0,2.0,0.0,0.0,7.0,0.0,0,873.0,873.0,896.0,Y1
1.0,1.0,1.0,1.0,2.0,1.0,0.0,10.0,1.0,1,881.0,842.0,881.0,Y0
1.0,0.0,4.0,0.0,0.0,0.0,0.0,7.0,0.0,0,881.0,881.0,884.0,Y1
0.0,0.0,2.0,1.0,1.0,1.0,0.0,7.0,0.0,1,877.0,819.0,877.0,Y0
1.0,0.0,0.0,0.0,1.0,1.0,1.0,8.0,0.0,1,882.0,865.0,882.0,Y0
0.0,1.0,2.0,1.0,2.0,1.0,0.0,17.0,0.0,0,831.0,831.0,940.0,Y1
0.0,0.0,3.0,1.0,2.0,0.0,0.0,9.0,0.0,0,919.0,919.0,945.0,Y1
1.0,0.0,3.0,1.0,0.0,0.0,0.0,5.0,0.0,0,866.0,866.0,973.0,Y1
1.0,0.0,2.0,1.0,0.0,0.0,0.0,2.0,0.0,1,860.0,933.0,860.0,Y0
1.0,1.0,0.0,1.0,2.0,1.0,0.0,11.0,1.0,0,877.0,877.0,831.0,Y1
1.0,0.0,3.0,1.0,3.0,0.0,0.0,11.0,0.0,0,939.0,939.0,811.0,Y1
0.0,0.0,0.0,0.0,3.0,0.0,0.0,8.0,0.0,0,1087.0,1087.0,897.0,Y1
0.0,0.0,1.0,0.0,0.0,0.0,0.0,20.0,0.0,0,961.0,961.0,917.0,Y1
0.0,0.0,2.0,0.0,1.0,0.0,-1.0,0.0,0.0,1,870.0,1006.0,870.0,Y0
1.0,0.0,3.0,1.0,0.0,0.0,0.0,11.0,0.0,0,823.0,823.0,903.0,Y1
1.0,1.0,4.0,1.0,2.0,0.0,0.0,24.0,1.0,0,879.0,879.0,854.0,Y1
1.0,0.0,2.0,0.0,0.0,1.0,0.0,9.0,0.0,0,886.0,886.0,1051.0,Y1
0.0,1.0,1.0,1.0,2.0,1.0,0.0,17.0,0.0,0,810.0,810.0,835.0,Y1
0.0,0.0,2.0,0.0,0.0,0.0,0.0,2.0,0.0,0,958.0,958.0,1008.0,Y1
0.0,1.0,1.0,1.0,2.0,1.0,0.0,7.0,0.0,0,952.0,952.0,943.0,Y1
0.0,0.0,0.0,0.0,3.0,0.0,0.0,14.0,0.0,0,987.0,987.0,978.0,Y1
1.0,1.0,3.0,1.0,2.0,0.0,0.0,5.0,1.0,0,830.0,830.0,946.0,Y1
0.0,0.0,3.0,0.0,0.0,0.0,-1.0,9.0,0.0,0,889.0,889.0,849.0,Y1
1.0,0.0,9.0,0.0,0.0,0.0,0.0,13.0,-1.0,0,921.0,921.0,819.0,Y1
0.0,0.0,3.0,1.0,0.0,0.0,2.0,1.0,0.0,0,814.0,814.0,912.0,Y1
1.0,0.0,3.0,0.0,0.0,1.0,0.0,6.0,0.0,0,827.0,827.0,1036.0,Y1
1.0,0.0,0.0,0.0,0.0,1.0,0.0,11.0,0.0,0,826.0,826.0,947.0,Y1
1.0,0.0,3.0,0.0,1.0,0.0,-1.0,5.0,0.0,1,945.0,859.0,945.0,Y0
1.0,1.0,0.0,1.0,2.0,1.0,0.0,17.0,0.0,0,907.0,907.0,892.0,Y1
0.0,0.0,0.0,1.0,0.0,0.0,2.0,2.0,0.0,1,905.0,937.0,905.0,Y0
0.0,0.0,0.0,0.0,0.0,1.0,0.0,6.0,0.0,0,1144.0,1144.0,995.0,Y1
1.0,0.0,0.0,0.0,1.0,2.0,0.0,12.0,0.0,0,1051.0,1051.0,934.0,Y1
0.0,0.0,0.0,0.0,0.0,1.0,0.0,5.0,0.0,0,926.0,926.0,919.0,Y1
1.0,1.0,1.0,1.0,2.0,1.0,0.0,13.0,1.0,1,905.0,831.0,905.0,Y0
1.0,0.0,2.0,1.0,0.0,0.0,2.0,1.0,0.0,0,890.0,890.0,991.0,Y1
1.0,0.0,0.0,0.0,0.0,0.0,3.0,10.0,0.0,0,877.0,877.0,855.0,Y1
0.0,0.0,0.0,0.0,0.0,0.0,0.0,13.0,0.0,0,958.0,958.0,1043.0,Y1
0.0,1.0,3.0,1.0,2.0,0.0,-1.0,3.0,1.0,0,772.0,772.0,923.0,Y1
0.0,1.0,2.0,1.0,2.0,1.0,2.0,24.0,0.0,0,1144.0,1144.0,835.0,Y1
0.0,0.0,1.0,0.0,0.0,1.0,0.0,13.0,0.0,0,989.0,989.0,933.0,Y1
1.0,1.0,1.0,1.0,2.0,0.0,2.0,1.0,1.0,1,961.0,934.0,961.0,Y0
0.0,0.0,2.0,1.0,0.0,0.0,0.0,10.0,0.0,0,961.0,961.0,857.0,Y1
1.0,0.0,3.0,1.0,0.0,1.0,0.0,5.0,0.0,1,870.0,865.0,870.0,Y0
1.0,0.0,2.0,1.0,0.0,1.0,0.0,6.0,0.0,1,911.0,789.0,911.0,Y0
1.0,0.0,2.0,0.0,1.0,0.0,0.0,5.0,1.0,0,975.0,975.0,976.0,Y1
0.0,1.0,2.0,1.0,2.0,0.0,-1.0,9.0,1.0,0,928.0,928.0,915.0,Y1
1.0,1.0,3.0,1.0,2.0,0.0,-1.0,10.0,1.0,0,849.0,849.0,931.0,Y1
1.0,0.0,0.0,0.0,0.0,3.0,0.0,14.0,0.0,1,931.0,896.0,931.0,Y0
0.0,1.0,3.0,0.0,2.0,0.0,0.0,9.0,0.0,0,873.0,873.0,891.0,Y1
1.0,1.0,1.0,1.0,2.0,1.0,0.0,11.0,0.0,0,872.0,872.0,789.0,Y1
0.0,0.0,0.0,0.0,1.0,1.0,0.0,8.0,0.0,0,914.0,914.0,936.0,Y1
0.0,1.0,0.0,1.0,2.0,0.0,-1.0,2.0,0.0,0,857.0,857.0,897.0,Y1
1.0,1.0,0.0,1.0,2.0,0.0,2.0,1.0,1.0,0,891.0,891.0,974.0,Y1
0.0,0.0,1.0,1.0,1.0,0.0,-1.0,3.0,0.0,0,901.0,901.0,1039.0,Y1
1.0,0.0,1.0,1.0,0.0,0.0,0.0,6.0,0.0,0,831.0,831.0,991.0,Y1
1.0,0.0,0.0,0.0,0.0,2.0,0.0,12.0,0.0,0,896.0,896.0,934.0,Y1
0.0,0.0,0.0,0.0,0.0,1.0,0.0,13.0,0.0,0,891.0,891.0,908.0,Y1
1.0,0.0,2.0,1.0,0.0,0.0,0.0,14.0,0.0,0,1031.0,1031.0,836.0,Y1
1.0,1.0,3.0,1.0,2.0,0.0,0.0,6.0,0.0,1,1065.0,815.0,1065.0,Y0
0.0,1.0,2.0,0.0,1.0,0.0,0.0,6.0,0.0,0,873.0,873.0,920.0,Y1
1.0,0.0,2.0,0.0,1.0,0.0,0.0,5.0,0.0,1,979.0,889.0,979.0,Y0
1.0,0.0,1.0,0.0,0.0,1.0,3.0,11.0,0.0,0,952.0,952.0,898.0,Y1
1.0,0.0,0.0,0.0,0.0,0.0,0.0,16.0,0.0,0,898.0,898.0,1062.0,Y1
0.0,0.0,3.0,0.0,1.0,0.0,0.0,15.0,0.0,0,947.0,947.0,1050.0,Y1
1.0,0.0,0.0,0.0,1.0,1.0,0.0,12.0,0.0,0,958.0,958.0,953.0,Y1
1.0,1.0,3.0,1.0,2.0,0.0,0.0,16.0,1.0,0,856.0,856.0,931.0,Y1
0.0,1.0,3.0,1.0,2.0,0.0,2.0,1.0,1.0,1,897.0,890.0,897.0,Y0
0.0,0.0,0.0,1.0,2.0,0.0,0.0,9.0,0.0,0,874.0,874.0,820.0,Y1
1.0,0.0,3.0,0.0,0.0,0.0,0.0,15.0,0.0,1,936.0,903.0,936.0,Y0
1.0,1.0,4.0,1.0,2.0,0.0,0.0,3.0,1.0,1,873.0,837.0,873.0,Y0
0.0,0.0,0.0,0.0,0.0,1.0,0.0,6.0,0.0,0,985.0,985.0,995.0,Y1
1.0,0.0,2.0,0.0,1.0,0.0,0.0,17.0,0.0,0,901.0,901.0,966.0,Y1
0.0,1.0,3.0,1.0,1.0,0.0,-1.0,4.0,0.0,0,893.0,893.0,1000.0,Y1
1.0,1.0,4.0,1.0,2.0,0.0,0.0,6.0,1.0,0,829.0,829.0,873.0,Y1
0.0,0.0,0.0,0.0,3.0,1.0,0.0,8.0,0.0,0,992.0,992.0,967.0,Y1
1.0,0.0,1.0,0.0,0.0,1.0,0.0,6.0,0.0,0,1008.0,1008.0,895.0,Y1
0.0,0.0,3.0,1.0,0.0,1.0,0.0,3.0,0.0,0,926.0,926.0,997.0,Y1
0.0,1.0,3.0,1.0,2.0,0.0,0.0,5.0,1.0,0,879.0,879.0,900.0,Y1
1.0,1.0,0.0,1.0,2.0,0.0,0.0,12.0,0.0,0,885.0,885.0,896.0,Y1
1.0,1.0,3.0,1.0,2.0,0.0,2.0,1.0,0.0,0,856.0,856.0,852.0,Y1
0.0,0.0,7.0,0.0,0.0,0.0,0.0,2.0,0.0,0,865.0,865.0,900.0,Y1
1.0,0.0,0.0,0.0,0.0,1.0,0.0,10.0,0.0,0,1027.0,1027.0,902.0,Y1
1.0,0.0,4.0,1.0,0.0,0.0,0.0,4.0,0.0,0,868.0,868.0,890.0,Y1
0.0,0.0,3.0,0.0,0.0,0.0,0.0,4.0,0.0,1,1058.0,847.0,1058.0,Y0
0.0,0.0,0.0,1.0,0.0,0.0,0.0,15.0,0.0,1,869.0,964.0,869.0,Y0
1.0,1.0,2.0,1.0,2.0,0.0,1.0,0.0,0.0,0,911.0,911.0,944.0,Y1
0.0,0.0,0.0,0.0,0.0,1.0,0.0,13.0,0.0,0,1015.0,1015.0,908.0,Y1
1.0,0.0,3.0,0.0,0.0,0.0,0.0,5.0,0.0,1,848.0,878.0,848.0,Y0
1.0,0.0,3.0,0.0,0.0,0.0,0.0,15.0,0.0,0,903.0,903.0,883.0,Y1
0.0,0.0,0.0,1.0,0.0,1.0,0.0,12.0,0.0,0,824.0,824.0,868.0,Y1
0.0,1.0,3.0,1.0,2.0,0.0,0.0,5.0,0.0,0,859.0,859.0,897.0,Y1
1.0,1.0,3.0,1.0,2.0,0.0,0.0,11.0,0.0,0,974.0,974.0,994.0,Y1
1.0,0.0,2.0,1.0,0.0,1.0,0.0,10.0,0.0,0,825.0,825.0,909.0,Y1
0.0,0.0,0.0,1.0,0.0,1.0,0.0,13.0,0.0,0,889.0,889.0,889.0,Y1
0.0,0.0,1.0,0.0,3.0,0.0,0.0,8.0,0.0,0,988.0,988.0,987.0,Y1
1.0,0.0,3.0,1.0,1.0,0.0,0.0,7.0,0.0,0,886.0,886.0,789.0,Y1
0.0,0.0,2.0,0.0,0.0,1.0,0.0,8.0,0.0,0,892.0,892.0,924.0,Y1
0.0,0.0,4.0,0.0,1.0,0.0,2.0,3.0,0.0,0,853.0,853.0,887.0,Y1
1.0,0.0,2.0,1.0,0.0,0.0,-1.0,2.0,0.0,0,910.0,910.0,808.0,Y1
1.0,0.0,2.0,0.0,0.0,0.0,0.0,15.0,0.0,1,857.0,934.0,857.0,Y0
0.0,0.0,2.0,0.0,2.0,1.0,1.0,3.0,1.0,0,923.0,923.0,947.0,Y1
0.0,1.0,2.0,1.0,2.0,0.0,0.0,10.0,1.0,0,979.0,979.0,872.0,Y1
0.0,1.0,1.0,1.0,2.0,0.0,2.0,1.0,0.0,0,908.0,908.0,843.0,Y1
1.0,0.0,3.0,0.0,0.0,0.0,0.0,6.0,0.0,1,996.0,978.0,996.0,Y0
0.0,0.0,3.0,0.0,0.0,1.0,0.0,8.0,1.0,0,932.0,932.0,1044.0,Y1
0.0,0.0,3.0,1.0,0.0,0.0,2.0,2.0,0.0,1,912.0,908.0,912.0,Y0
1.0,0.0,2.0,0.0,0.0,0.0,0.0,20.0,0.0,1,834.0,916.0,834.0,Y0
0.0,0.0,1.0,0.0,3.0,0.0,2.0,1.0,0.0,1,921.0,976.0,921.0,Y0
1.0,1.0,0.0,1.0,2.0,0.0,0.0,6.0,0.0,0,831.0,831.0,896.0,Y1
0.0,0.0,3.0,0.0,0.0,0.0,-1.0,1.0,0.0,1,914.0,831.0,914.0,Y0
1.0,1.0,1.0,0.0,1.0,0.0,2.0,1.0,1.0,0,973.0,973.0,950.0,Y1
0.0,0.0,2.0,0.0,1.0,1.0,0.0,22.0,0.0,0,983.0,983.0,902.0,Y1
0.0,1.0,2.0,1.0,2.0,1.0,2.0,24.0,0.0,0,1087.0,1087.0,835.0,Y1
0.0,1.0,3.0,0.0,1.0,0.0,2.0,5.0,1.0,1,1010.0,1044.0,1010.0,Y0
1.0,0.0,0.0,0.0,0.0,0.0,0.0,7.0,0.0,0,854.0,854.0,984.0,Y1
1.0,0.0,3.0,1.0,0.0,1.0,3.0,11.0,0.0,0,869.0,869.0,857.0,Y1
0.0,0.0,2.0,1.0,0.0,1.0,0.0,6.0,0.0,0,1048.0,1048.0,921.0,Y1
1.0,0.0,2.0,0.0,0.0,1.0,0.0,12.0,0.0,0,896.0,896.0,949.0,Y1
0.0,1.0,0.0,1.0,1.0,0.0,2.0,1.0,1.0,0,942.0,942.0,971.0,Y1
1.0,1.0,0.0,1.0,0.0,0.0,0.0,9.0,0.0,0,966.0,966.0,951.0,Y1
0.0,1.0,0.0,1.0,2.0,0.0,1.0,0.0,1.0,0,711.0,711.0,971.0,Y1
1.0,0.0,2.0,1.0,0.0,0.0,0.0,20.0,0.0,0,858.0,858.0,920.0,Y1
0.0,1.0,2.0,0.0,1.0,0.0,0.0,20.0,1.0,0,1012.0,1012.0,890.0,Y1
1.0,0.0,3.0,0.0,0.0,0.0,-1.0,2.0,0.0,0,816.0,816.0,931.0,Y1
1.0,0.0,1.0,0.0,1.0,1.0,0.0,17.0,0.0,1,860.0,951.0,860.0,Y0
1.0,0.0,2.0,0.0,0.0,1.0,0.0,6.0,0.0,0,787.0,787.0,1100.0,Y1
0.0,0.0,0.0,0.0,0.0,1.0,0.0,5.0,0.0,0,1012.0,1012.0,919.0,Y1
0.0,0.0,0.0,1.0,0.0,0.0,0.0,14.0,0.0,0,950.0,950.0,869.0,Y1
1.0,0.0,2.0,0.0,0.0,0.0,0.0,8.0,0.0,0,953.0,953.0,928.0,Y1
0.0,0.0,3.0,1.0,3.0,1.0,0.0,4.0,0.0,0,1019.0,1019.0,996.0,Y1
0.0,0.0,1.0,1.0,0.0,0.0,0.0,20.0,0.0,0,1027.0,1027.0,842.0,Y1
0.0,0.0,2.0,1.0,0.0,1.0,5.0,11.0,0.0,1,856.0,1120.0,856.0,Y0
0.0,0.0,0.0,0.0,0.0,1.0,0.0,13.0,0.0,0,1019.0,1019.0,908.0,Y1
1.0,1.0,0.0,1.0,2.0,0.0,0.0,10.0,1.0,0,942.0,942.0,827.0,Y1
1.0,0.0,2.0,0.0,0.0,0.0,0.0,3.0,0.0,0,822.0,822.0,942.0,Y1
1.0,0.0,0.0,1.0,0.0,1.0,0.0,15.0,0.0,1,891.0,916.0,891.0,Y0
1.0,0.0,3.0,1.0,1.0,0.0,0.0,5.0,1.0,0,958.0,958.0,903.0,Y1
1.0,0.0,3.0,0.0,1.0,0.0,0.0,7.0,0.0,0,941.0,941.0,992.0,Y1
1.0,0.0,1.0,0.0,1.0,1.0,0.0,20.0,0.0,1,951.0,973.0,951.0,Y0
0.0,1.0,1.0,1.0,2.0,0.0,0.0,3.0,1.0,1,963.0,889.0,963.0,Y0
0.0,0.0,0.0,0.0,0.0,0.0,0.0,16.0,0.0,0,1008.0,1008.0,1043.0,Y1
1.0,0.0,1.0,1.0,3.0,0.0,0.0,13.0,0.0,1,1042.0,930.0,1042.0,Y0
0.0,1.0,0.0,1.0,2.0,1.0,0.0,17.0,0.0,0,966.0,966.0,835.0,Y1
1.0,0.0,2.0,0.0,1.0,1.0,0.0,15.0,0.0,1,980.0,1203.0,980.0,Y0
0.0,0.0,3.0,0.0,0.0,0.0,0.0,15.0,0.0,1,932.0,857.0,932.0,Y0
0.0,1.0,1.0,1.0,0.0,0.0,0.0,14.0,0.0,1,919.0,861.0,919.0,Y0
0.0,0.0,2.0,0.0,3.0,0.0,0.0,5.0,0.0,0,1044.0,1044.0,912.0,Y1
0.0,0.0,0.0,0.0,1.0,0.0,0.0,15.0,0.0,0,931.0,931.0,1021.0,Y1
1.0,3.0,2.0,1.0,0.0,1.0,0.0,9.0,0.0,0,890.0,890.0,947.0,Y1
0.0,0.0,2.0,0.0,3.0,1.0,0.0,8.0,0.0,0,1038.0,1038.0,904.0,Y1
1.0,0.0,7.0,1.0,0.0,0.0,0.0,15.0,0.0,1,909.0,823.0,909.0,Y0
1.0,0.0,0.0,0.0,0.0,3.0,0.0,14.0,0.0,1,1003.0,896.0,1003.0,Y0
1.0,1.0,3.0,1.0,2.0,0.0,0.0,12.0,0.0,0,812.0,812.0,994.0,Y1
1.0,0.0,0.0,1.0,0.0,0.0,-1.0,6.0,0.0,1,960.0,870.0,960.0,Y0
0.0,0.0,3.0,0.0,3.0,0.0,-1.0,11.0,0.0,0,991.0,991.0,962.0,Y1
0.0,1.0,3.0,1.0,2.0,0.0,-1.0,14.0,1.0,1,891.0,846.0,891.0,Y0
1.0,0.0,0.0,1.0,0.0,0.0,-1.0,4.0,0.0,0,873.0,873.0,960.0,Y1
0.0,1.0,1.0,0.0,1.0,0.0,3.0,13.0,0.0,1,939.0,1087.0,939.0,Y0
0.0,0.0,3.0,0.0,0.0,0.0,0.0,15.0,0.0,0,910.0,910.0,1066.0,Y1
0.0,0.0,0.0,0.0,0.0,0.0,0.0,8.0,0.0,0,917.0,917.0,929.0,Y1
1.0,1.0,3.0,0.0,2.0,0.0,2.0,1.0,1.0,1,858.0,939.0,858.0,Y0
1.0,0.0,1.0,0.0,0.0,0.0,0.0,15.0,0.0,0,918.0,918.0,1027.0,Y1
0.0,0.0,2.0,1.0,1.0,0.0,-1.0,0.0,0.0,0,921.0,921.0,1039.0,Y1
1.0,0.0,4.0,0.0,1.0,0.0,-1.0,3.0,0.0,0,871.0,871.0,957.0,Y1
1.0,0.0,3.0,0.0,0.0,0.0,0.0,10.0,0.0,0,956.0,956.0,868.0,Y1
0.0,1.0,5.0,1.0,2.0,0.0,2.0,1.0,1.0,1,949.0,842.0,949.0,Y0
0.0,0.0,3.0,1.0,1.0,0.0,-1.0,5.0,0.0,1,874.0,871.0,874.0,Y0
1.0,1.0,3.0,1.0,2.0,0.0,0.0,6.0,1.0,0,849.0,849.0,946.0,Y1
0.0,1.0,3.0,1.0,2.0,1.0,0.0,17.0,0.0,0,918.0,918.0,940.0,Y1
0.0,0.0,3.0,1.0,0.0,0.0,2.0,2.0,0.0,0,987.0,987.0,912.0,Y1
0.0,0.0,4.0,1.0,0.0,0.0,0.0,20.0,0.0,0,961.0,961.0,901.0,Y1
1.0,0.0,3.0,0.0,1.0,0.0,-1.0,18.0,1.0,0,878.0,878.0,1032.0,Y1
0.0,0.0,1.0,0.0,0.0,0.0,1.0,0.0,0.0,0,1109.0,1109.0,931.0,Y1
0.0,0.0,0.0,0.0,2.0,0.0,-1.0,10.0,1.0,0,973.0,973.0,868.0,Y1
0.0,1.0,2.0,1.0,2.0,0.0,0.0,24.0,1.0,0,1002.0,1002.0,872.0,Y1
0.0,0.0,2.0,1.0,0.0,0.0,0.0,2.0,0.0,0,888.0,888.0,930.0,Y1
0.0,0.0,3.0,-1.0,1.0,2.0,0.0,12.0,-1.0,0,927.0,927.0,892.0,Y1
0.0,0.0,0.0,0.0,1.0,0.0,0.0,8.0,0.0,0,877.0,877.0,944.0,Y1
0.0,0.0,3.0,0.0,1.0,0.0,0.0,8.0,0.0,0,915.0,915.0,936.0,Y1
1.0,0.0,2.0,0.0,1.0,1.0,1.0,8.0,0.0,1,1156.0,914.0,1156.0,Y0
1.0,0.0,3.0,0.0,1.0,0.0,0.0,15.0,0.0,0,890.0,890.0,940.0,Y1
1.0,0.0,0.0,1.0,0.0,0.0,0.0,8.0,0.0,0,931.0,931.0,962.0,Y1
1.0,0.0,0.0,1.0,0.0,1.0,4.0,16.0,0.0,0,822.0,822.0,937.0,Y1
1.0,1.0,2.0,1.0,1.0,0.0,2.0,1.0,1.0,0,846.0,846.0,906.0,Y1
1.0,0.0,0.0,0.0,0.0,0.0,0.0,6.0,0.0,0,911.0,911.0,984.0,Y1
0.0,1.0,1.0,0.0,2.0,0.0,0.0,5.0,0.0,0,1003.0,1003.0,1023.0,Y1
0.0,1.0,5.0,1.0,2.0,1.0,1.0,6.0,0.0,0,809.0,809.0,981.0,Y1
0.0,1.0,2.0,1.0,0.0,0.0,2.0,2.0,0.0,0,796.0,796.0,1022.0,Y1
1.0,1.0,1.0,1.0,2.0,1.0,0.0,6.0,0.0,1,927.0,872.0,927.0,Y0
1.0,0.0,2.0,0.0,3.0,0.0,0.0,8.0,0.0,0,951.0,951.0,820.0,Y1
1.0,0.0,1.0,0.0,0.0,0.0,0.0,6.0,0.0,0,929.0,929.0,978.0,Y1
1.0,0.0,3.0,0.0,0.0,1.0,0.0,17.0,0.0,0,868.0,868.0,866.0,Y1
1.0,0.0,1.0,0.0,1.0,0.0,0.0,20.0,1.0,0,1066.0,1066.0,987.0,Y1
1.0,0.0,4.0,1.0,3.0,2.0,0.0,13.0,0.0,0,893.0,893.0,883.0,Y1
1.0,0.0,2.0,1.0,0.0,0.0,0.0,13.0,0.0,0,917.0,917.0,882.0,Y1
0.0,0.0,2.0,0.0,0.0,0.0,0.0,9.0,0.0,1,1053.0,970.0,1053.0,Y0
0.0,1.0,2.0,0.0,0.0,1.0,4.0,16.0,0.0,0,951.0,951.0,979.0,Y1
1.0,1.0,0.0,1.0,3.0,0.0,1.0,1.0,0.0,1,856.0,961.0,856.0,Y0
1.0,0.0,2.0,1.0,0.0,1.0,0.0,7.0,0.0,0,1031.0,1031.0,1104.0,Y1
0.0,0.0,0.0,0.0,0.0,1.0,0.0,6.0,0.0,1,995.0,867.0,995.0,Y0
1.0,0.0,2.0,0.0,1.0,0.0,-1.0,15.0,0.0,1,849.0,932.0,849.0,Y0
0.0,1.0,3.0,1.0,1.0,0.0,0.0,5.0,1.0,0,867.0,867.0,900.0,Y1
1.0,0.0,0.0,0.0,0.0,0.0,0.0,15.0,0.0,1,1062.0,925.0,1062.0,Y0
1.0,1.0,3.0,1.0,2.0,0.0,0.0,6.0,0.0,0,829.0,829.0,1065.0,Y1
0.0,1.0,2.0,0.0,1.0,0.0,0.0,6.0,0.0,0,873.0,873.0,920.0,Y1
1.0,0.0,1.0,1.0,2.0,0.0,-1.0,10.0,1.0,0,948.0,948.0,906.0,Y1
1.0,0.0,0.0,0.0,0.0,0.0,0.0,19.0,0.0,0,915.0,915.0,907.0,Y1
0.0,0.0,2.0,0.0,0.0,1.0,0.0,12.0,0.0,1,879.0,908.0,879.0,Y0
1.0,1.0,0.0,0.0,1.0,0.0,0.0,6.0,0.0,0,916.0,916.0,1059.0,Y1
1.0,0.0,3.0,1.0,0.0,3.0,3.0,8.0,0.0,1,883.0,869.0,883.0,Y0
1.0,1.0,3.0,0.0,3.0,1.0,0.0,6.0,0.0,0,844.0,844.0,806.0,Y1
1.0,0.0,2.0,0.0,0.0,1.0,0.0,13.0,0.0,0,934.0,934.0,864.0,Y1
0.0,0.0,2.0,0.0,1.0,1.0,0.0,14.0,0.0,0,971.0,971.0,992.0,Y1
1.0,1.0,0.0,1.0,2.0,0.0,2.0,2.0,1.0,1,937.0,916.0,937.0,Y0
1.0,1.0,2.0,1.0,2.0,1.0,0.0,10.0,1.0,0,923.0,923.0,968.0,Y1
1.0,0.0,3.0,1.0,0.0,0.0,0.0,13.0,0.0,0,933.0,933.0,1065.0,Y1
1.0,1.0,3.0,0.0,2.0,0.0,1.0,0.0,1.0,0,907.0,907.0,858.0,Y1
0.0,0.0,3.0,1.0,0.0,0.0,2.0,1.0,0.0,0,791.0,791.0,912.0,Y1
0.0,1.0,3.0,1.0,0.0,0.0,0.0,12.0,0.0,1,830.0,931.0,830.0,Y0
0.0,1.0,3.0,1.0,3.0,0.0,2.0,5.0,0.0,0,837.0,837.0,853.0,Y1
1.0,0.0,0.0,0.0,0.0,0.0,0.0,13.0,0.0,0,795.0,795.0,878.0,Y1
0.0,0.0,1.0,0.0,0.0,0.0,-1.0,4.0,0.0,0,950.0,950.0,1133.0,Y1
0.0,0.0,2.0,0.0,0.0,0.0,-1.0,2.0,0.0,0,940.0,940.0,879.0,Y1
0.0,0.0,3.0,0.0,1.0,2.0,0.0,13.0,0.0,0,963.0,963.0,906.0,Y1
1.0,0.0,2.0,0.0,0.0,1.0,0.0,8.0,0.0,0,855.0,855.0,960.0,Y1
0.0,0.0,2.0,0.0,0.0,0.0,2.0,1.0,0.0,0,958.0,958.0,924.0,Y1
1.0,0.0,13.0,0.0,1.0,0.0,0.0,8.0,1.0,0,962.0,962.0,971.0,Y1
0.0,0.0,0.0,0.0,1.0,1.0,4.0,15.0,0.0,0,1071.0,1071.0,859.0,Y1
1.0,0.0,2.0,0.0,0.0,1.0,0.0,6.0,0.0,1,1100.0,875.0,1100.0,Y0
1.0,0.0,0.0,1.0,0.0,0.0,0.0,19.0,0.0,1,764.0,1053.0,764.0,Y0
1.0,0.0,0.0,0.0,3.0,0.0,0.0,14.0,0.0,0,971.0,971.0,966.0,Y1
0.0,1.0,2.0,1.0,2.0,0.0,1.0,0.0,0.0,0,975.0,975.0,927.0,Y1
1.0,1.0,3.0,1.0,2.0,2.0,0.0,8.0,0.0,0,834.0,834.0,855.0,Y1
1.0,0.0,3.0,1.0,1.0,2.0,0.0,12.0,0.0,0,910.0,910.0,851.0,Y1
1.0,1.0,2.0,0.0,2.0,1.0,0.0,8.0,0.0,1,937.0,807.0,937.0,Y0
0.0,0.0,2.0,1.0,0.0,1.0,0.0,8.0,0.0,0,810.0,810.0,954.0,Y1
1.0,0.0,0.0,0.0,0.0,0.0,-1.0,5.0,0.0,0,945.0,945.0,921.0,Y1
0.0,0.0,3.0,0.0,0.0,0.0,3.0,10.0,0.0,0,905.0,905.0,992.0,Y1
0.0,0.0,3.0,0.0,1.0,1.0,0.0,12.0,0.0,1,953.0,1101.0,953.0,Y0
0.0,0.0,2.0,0.0,1.0,1.0,0.0,12.0,0.0,1,902.0,854.0,902.0,Y0
0.0,1.0,1.0,0.0,1.0,0.0,2.0,1.0,1.0,0,921.0,921.0,865.0,Y1
0.0,0.0,2.0,0.0,0.0,0.0,0.0,11.0,0.0,0,934.0,934.0,1015.0,Y1
1.0,0.0,1.0,1.0,0.0,0.0,0.0,20.0,0.0,0,923.0,923.0,955.0,Y1
0.0,0.0,1.0,1.0,0.0,0.0,0.0,16.0,0.0,0,872.0,872.0,939.0,Y1
1.0,0.0,2.0,0.0,0.0,0.0,0.0,8.0,0.0,0,983.0,983.0,928.0,Y1
1.0,0.0,0.0,0.0,1.0,1.0,4.0,15.0,0.0,0,933.0,933.0,887.0,Y1
0.0,0.0,2.0,0.0,0.0,0.0,2.0,3.0,0.0,1,837.0,856.0,837.0,Y0
0.0,0.0,3.0,1.0,0.0,1.0,0.0,21.0,0.0,0,924.0,924.0,917.0,Y1
0.0,0.0,1.0,1.0,0.0,0.0,0.0,8.0,0.0,1,978.0,871.0,978.0,Y0
1.0,0.0,3.0,0.0,1.0,0.0,0.0,3.0,0.0,0,903.0,903.0,992.0,Y1
1.0,0.0,0.0,1.0,0.0,0.0,0.0,20.0,0.0,0,906.0,906.0,764.0,Y1
0.0,0.0,2.0,0.0,0.0,0.0,0.0,15.0,0.0,0,981.0,981.0,903.0,Y1
0.0,0.0,1.0,1.0,1.0,0.0,-1.0,3.0,0.0,1,1039.0,901.0,1039.0,Y0
1.0,1.0,3.0,1.0,1.0,0.0,0.0,11.0,1.0,1,810.0,894.0,810.0,Y0
0.0,1.0,3.0,1.0,2.0,0.0,0.0,11.0,0.0,0,915.0,915.0,893.0,Y1
1.0,0.0,3.0,1.0,0.0,1.0,0.0,8.0,0.0,0,847.0,847.0,954.0,Y1
1.0,1.0,1.0,1.0,2.0,0.0,-1.0,2.0,0.0,0,899.0,899.0,831.0,Y1
1.0,0.0,3.0,1.0,1.0,0.0,-1.0,2.0,0.0,0,878.0,878.0,915.0,Y1
1.0,0.0,1.0,0.0,1.0,1.0,4.0,15.0,0.0,0,1116.0,1116.0,898.0,Y1
1.0,0.0,0.0,0.0,0.0,0.0,0.0,13.0,0.0,0,886.0,886.0,878.0,Y1
0.0,0.0,1.0,0.0,0.0,1.0,0.0,13.0,0.0,0,881.0,881.0,933.0,Y1
1.0,0.0,3.0,0.0,1.0,0.0,-1.0,0.0,0.0,1,881.0,859.0,881.0,Y0
1.0,0.0,0.0,0.0,0.0,1.0,0.0,6.0,0.0,0,910.0,910.0,1089.0,Y1
0.0,0.0,3.0,1.0,0.0,1.0,0.0,12.0,0.0,0,825.0,825.0,870.0,Y1
0.0,0.0,0.0,1.0,0.0,0.0,0.0,8.0,0.0,0,916.0,916.0,959.0,Y1
0.0,0.0,1.0,0.0,1.0,0.0,0.0,15.0,0.0,0,950.0,950.0,971.0,Y1
1.0,0.0,1.0,0.0,0.0,1.0,0.0,13.0,0.0,1,923.0,1050.0,923.0,Y0
0.0,0.0,0.0,1.0,0.0,1.0,0.0,5.0,0.0,0,933.0,933.0,876.0,Y1
0.0,1.0,3.0,1.0,1.0,0.0,0.0,21.0,1.0,0,902.0,902.0,857.0,Y1
0.0,1.0,0.0,1.0,2.0,0.0,2.0,1.0,1.0,1,848.0,863.0,848.0,Y0
0.0,0.0,2.0,0.0,1.0,1.0,0.0,7.0,0.0,1,906.0,1017.0,906.0,Y0
1.0,0.0,1.0,1.0,3.0,2.0,0.0,12.0,0.0,1,883.0,796.0,883.0,Y0
0.0,1.0,1.0,0.0,3.0,1.0,0.0,13.0,0.0,1,993.0,1101.0,993.0,Y0
0.0,0.0,2.0,0.0,0.0,0.0,2.0,3.0,1.0,0,814.0,814.0,865.0,Y1
1.0,1.0,3.0,1.0,2.0,0.0,-1.0,10.0,1.0,0,857.0,857.0,931.0,Y1
1.0,1.0,2.0,0.0,0.0,0.0,2.0,3.0,1.0,0,836.0,836.0,950.0,Y1
1.0,0.0,8.0,1.0,0.0,1.0,0.0,13.0,0.0,0,863.0,863.0,889.0,Y1
0.0,0.0,1.0,0.0,1.0,0.0,0.0,14.0,0.0,1,971.0,950.0,971.0,Y0
0.0,1.0,2.0,0.0,1.0,1.0,0.0,20.0,0.0,1,900.0,892.0,900.0,Y0
0.0,0.0,0.0,0.0,0.0,1.0,0.0,13.0,0.0,0,1063.0,1063.0,908.0,Y1
0.0,0.0,2.0,0.0,0.0,0.0,0.0,3.0,0.0,0,964.0,964.0,1008.0,Y1
0.0,0.0,0.0,0.0,0.0,0.0,2.0,2.0,0.0,1,898.0,886.0,898.0,Y0
0.0,1.0,2.0,1.0,2.0,1.0,0.0,10.0,1.0,0,881.0,881.0,887.0,Y1
1.0,1.0,2.0,1.0,2.0,0.0,-1.0,10.0,1.0,0,808.0,808.0,857.0,Y1
1.0,0.0,1.0,0.0,1.0,0.0,-1.0,15.0,0.0,1,866.0,1038.0,866.0,Y0
0.0,1.0,3.0,1.0,2.0,0.0,-1.0,3.0,1.0,0,812.0,812.0,923.0,Y1
0.0,1.0,1.0,1.0,2.0,0.0,1.0,0.0,0.0,0,884.0,884.0,881.0,Y1
0.0,0.0,2.0,0.0,0.0,2.0,0.0,12.0,0.0,0,898.0,898.0,917.0,Y1
1.0,0.0,3.0,1.0,0.0,0.0,0.0,9.0,0.0,1,903.0,958.0,903.0,Y0
0.0,1.0,1.0,1.0,2.0,1.0,0.0,11.0,1.0,0,919.0,919.0,844.0,Y1
1.0,0.0,0.0,0.0,0.0,1.0,4.0,16.0,0.0,0,986.0,986.0,887.0,Y1
0.0,1.0,0.0,1.0,1.0,2.0,0.0,12.0,0.0,0,914.0,914.0,872.0,Y1
1.0,0.0,3.0,0.0,3.0,1.0,0.0,12.0,0.0,0,857.0,857.0,817.0,Y1
0.0,0.0,4.0,0.0,1.0,0.0,0.0,18.0,0.0,0,1012.0,1012.0,1050.0,Y1
1.0,0.0,2.0,1.0,3.0,1.0,0.0,12.0,0.0,0,886.0,886.0,1049.0,Y1
0.0,0.0,6.0,0.0,1.0,0.0,-1.0,10.0,1.0,1,849.0,915.0,849.0,Y0
1.0,0.0,2.0,0.0,1.0,1.0,4.0,15.0,0.0,0,915.0,915.0,872.0,Y1
0.0,0.0,0.0,1.0,3.0,0.0,0.0,11.0,0.0,0,881.0,881.0,820.0,Y1
1.0,0.0,0.0,1.0,0.0,0.0,0.0,4.0,0.0,1,1044.0,1022.0,1044.0,Y0
1.0,0.0,3.0,0.0,0.0,1.0,0.0,13.0,0.0,0,996.0,996.0,879.0,Y1
0.0,0.0,5.0,1.0,0.0,0.0,0.0,4.0,0.0,1,820.0,905.0,820.0,Y0
1.0,2.0,1.0,0.0,1.0,0.0,0.0,11.0,0.0,0,981.0,981.0,784.0,Y1
1.0,1.0,0.0,1.0,2.0,0.0,0.0,16.0,1.0,0,943.0,943.0,873.0,Y1
1.0,1.0,3.0,1.0,0.0,1.0,0.0,9.0,0.0,0,1020.0,1020.0,1002.0,Y1
1.0,1.0,1.0,1.0,2.0,1.0,0.0,7.0,0.0,0,872.0,872.0,927.0,Y1
1.0,1.0,3.0,1.0,2.0,0.0,0.0,3.0,1.0,1,901.0,868.0,901.0,Y0
0.0,1.0,0.0,0.0,1.0,0.0,-1.0,4.0,0.0,0,960.0,960.0,911.0,Y1
1.0,0.0,3.0,0.0,0.0,1.0,0.0,13.0,0.0,0,893.0,893.0,879.0,Y1
0.0,1.0,1.0,1.0,0.0,0.0,0.0,7.0,0.0,0,803.0,803.0,800.0,Y1
1.0,1.0,3.0,1.0,1.0,0.0,0.0,12.0,1.0,1,962.0,1019.0,962.0,Y0
0.0,0.0,2.0,0.0,1.0,1.0,0.0,8.0,0.0,0,1017.0,1017.0,934.0,Y1
0.0,1.0,5.0,0.0,1.0,0.0,3.0,13.0,0.0,1,936.0,1039.0,936.0,Y0
0.0,0.0,2.0,0.0,0.0,0.0,0.0,11.0,0.0,0,921.0,921.0,1015.0,Y1
0.0,0.0,0.0,1.0,0.0,0.0,0.0,12.0,0.0,0,992.0,992.0,931.0,Y1
1.0,0.0,1.0,0.0,0.0,1.0,5.0,11.0,0.0,1,898.0,986.0,898.0,Y0
1.0,1.0,5.0,1.0,2.0,0.0,2.0,1.0,0.0,1,844.0,938.0,844.0,Y0
1.0,0.0,3.0,0.0,0.0,0.0,0.0,6.0,0.0,0,978.0,978.0,996.0,Y1
1.0,0.0,3.0,0.0,3.0,0.0,0.0,14.0,0.0,0,949.0,949.0,993.0,Y1
1.0,0.0,3.0,0.0,0.0,0.0,0.0,16.0,0.0,1,870.0,976.0,870.0,Y0
1.0,1.0,3.0,1.0,3.0,0.0,1.0,0.0,0.0,0,803.0,803.0,832.0,Y1
1.0,1.0,3.0,1.0,2.0,0.0,0.0,14.0,0.0,1,865.0,802.0,865.0,Y0
1.0,3.0,2.0,0.0,1.0,0.0,0.0,10.0,0.0,1,947.0,981.0,947.0,Y0
0.0,0.0,0.0,0.0,3.0,0.0,0.0,3.0,0.0,0,957.0,957.0,956.0,Y1
1.0,0.0,2.0,1.0,0.0,0.0,3.0,9.0,0.0,0,1046.0,1046.0,822.0,Y1
0.0,0.0,3.0,1.0,0.0,1.0,0.0,13.0,0.0,0,836.0,836.0,846.0,Y1
0.0,1.0,3.0,0.0,1.0,0.0,-1.0,12.0,1.0,0,870.0,870.0,920.0,Y1
0.0,0.0,2.0,0.0,0.0,1.0,0.0,9.0,0.0,0,1044.0,1044.0,924.0,Y1
1.0,0.0,0.0,0.0,0.0,0.0,0.0,13.0,0.0,0,855.0,855.0,878.0,Y1
0.0,1.0,0.0,0.0,1.0,0.0,0.0,5.0,1.0,0,1253.0,1253.0,1026.0,Y1
0.0,1.0,2.0,1.0,2.0,0.0,0.0,3.0,1.0,0,945.0,945.0,1140.0,Y1
0.0,0.0,4.0,0.0,0.0,1.0,0.0,8.0,0.0,0,992.0,992.0,820.0,Y1
1.0,0.0,0.0,0.0,0.0,1.0,0.0,13.0,0.0,0,976.0,976.0,859.0,Y1
0.0,0.0,3.0,1.0,3.0,1.0,0.0,4.0,0.0,0,946.0,946.0,996.0,Y1
1.0,1.0,0.0,1.0,2.0,0.0,0.0,3.0,1.0,1,889.0,868.0,889.0,Y0
0.0,0.0,3.0,0.0,3.0,0.0,0.0,17.0,0.0,0,864.0,864.0,1063.0,Y1
0.0,0.0,1.0,0.0,1.0,0.0,0.0,18.0,0.0,0,994.0,994.0,971.0,Y1
1.0,0.0,2.0,1.0,0.0,0.0,0.0,13.0,0.0,0,867.0,867.0,882.0,Y1
0.0,1.0,1.0,1.0,1.0,0.0,2.0,1.0,0.0,0,935.0,935.0,843.0,Y1
1.0,0.0,3.0,0.0,0.0,0.0,0.0,3.0,0.0,1,960.0,834.0,960.0,Y0
0.0,0.0,2.0,1.0,0.0,0.0,0.0,8.0,0.0,0,852.0,852.0,993.0,Y1
1.0,0.0,2.0,1.0,1.0,0.0,-1.0,0.0,0.0,0,875.0,875.0,915.0,Y1
1.0,0.0,3.0,0.0,0.0,0.0,0.0,20.0,0.0,1,870.0,1004.0,870.0,Y0
0.0,0.0,0.0,0.0,0.0,1.0,0.0,12.0,0.0,0,976.0,976.0,909.0,Y1
1.0,1.0,0.0,1.0,0.0,0.0,0.0,10.0,0.0,0,918.0,918.0,951.0,Y1
1.0,0.0,2.0,1.0,0.0,0.0,0.0,6.0,0.0,1,887.0,879.0,887.0,Y0
1.0,0.0,2.0,1.0,1.0,1.0,0.0,22.0,0.0,0,795.0,795.0,955.0,Y1
0.0,0.0,0.0,0.0,0.0,1.0,0.0,8.0,1.0,0,896.0,896.0,1027.0,Y1
1.0,0.0,2.0,0.0,1.0,0.0,0.0,8.0,0.0,0,949.0,949.0,831.0,Y1
0.0,1.0,2.0,1.0,2.0,0.0,2.0,1.0,0.0,0,944.0,944.0,869.0,Y1
0.0,0.0,1.0,0.0,0.0,0.0,0.0,22.0,0.0,1,837.0,961.0,837.0,Y0
1.0,1.0,1.0,1.0,2.0,0.0,0.0,24.0,1.0,0,921.0,921.0,873.0,Y1
0.0,0.0,0.0,0.0,0.0,0.0,0.0,13.0,0.0,0,960.0,960.0,1043.0,Y1
0.0,1.0,3.0,0.0,1.0,0.0,0.0,16.0,1.0,1,890.0,1106.0,890.0,Y0
0.0,0.0,1.0,0.0,0.0,0.0,0.0,10.0,0.0,0,1030.0,1030.0,1003.0,Y1
0.0,1.0,2.0,0.0,1.0,0.0,2.0,5.0,1.0,1,865.0,991.0,865.0,Y0
1.0,0.0,2.0,0.0,3.0,0.0,0.0,11.0,0.0,1,820.0,961.0,820.0,Y0
1.0,0.0,7.0,1.0,0.0,1.0,0.0,13.0,0.0,0,1043.0,1043.0,862.0,Y1
1.0,0.0,0.0,0.0,0.0,1.0,0.0,8.0,1.0,0,847.0,847.0,928.0,Y1
1.0,1.0,3.0,0.0,0.0,2.0,0.0,6.0,0.0,1,880.0,898.0,880.0,Y0
0.0,0.0,0.0,0.0,0.0,0.0,0.0,7.0,0.0,0,849.0,849.0,920.0,Y1
0.0,0.0,2.0,0.0,0.0,0.0,0.0,19.0,0.0,1,1067.0,983.0,1067.0,Y0
0.0,0.0,3.0,0.0,0.0,0.0,0.0,8.0,0.0,0,917.0,917.0,844.0,Y1
1.0,0.0,4.0,1.0,0.0,0.0,0.0,14.0,0.0,1,1065.0,828.0,1065.0,Y0
0.0,0.0,1.0,0.0,1.0,1.0,0.0,13.0,0.0,0,1038.0,1038.0,954.0,Y1
0.0,1.0,2.0,1.0,2.0,2.0,0.0,8.0,0.0,0,855.0,855.0,782.0,Y1
1.0,1.0,2.0,0.0,1.0,0.0,-1.0,12.0,1.0,0,837.0,837.0,945.0,Y1
0.0,0.0,3.0,1.0,0.0,1.0,0.0,10.0,0.0,0,954.0,954.0,881.0,Y1
0.0,1.0,1.0,1.0,2.0,1.0,0.0,17.0,0.0,0,873.0,873.0,835.0,Y1
0.0,0.0,2.0,0.0,0.0,0.0,0.0,9.0,0.0,0,970.0,970.0,1053.0,Y1
0.0,1.0,2.0,1.0,0.0,1.0,0.0,8.0,0.0,1,881.0,928.0,881.0,Y0
0.0,0.0,2.0,1.0,1.0,0.0,0.0,12.0,1.0,1,952.0,979.0,952.0,Y0
0.0,0.0,2.0,1.0,1.0,0.0,0.0,7.0,0.0,0,816.0,816.0,853.0,Y1
1.0,1.0,0.0,0.0,1.0,1.0,0.0,15.0,1.0,0,872.0,872.0,939.0,Y1
1.0,0.0,0.0,0.0,3.0,1.0,0.0,8.0,0.0,0,905.0,905.0,956.0,Y1
0.0,1.0,0.0,1.0,3.0,1.0,0.0,8.0,0.0,0,885.0,885.0,961.0,Y1
0.0,1.0,1.0,0.0,1.0,0.0,0.0,20.0,1.0,0,1092.0,1092.0,890.0,Y1
0.0,1.0,0.0,1.0,2.0,0.0,0.0,10.0,1.0,0,994.0,994.0,857.0,Y1
1.0,1.0,3.0,1.0,2.0,0.0,2.0,1.0,1.0,0,848.0,848.0,851.0,Y1
1.0,0.0,4.0,1.0,0.0,0.0,0.0,12.0,0.0,0,828.0,828.0,1065.0,Y1
1.0,1.0,3.0,1.0,2.0,0.0,0.0,5.0,1.0,0,864.0,864.0,946.0,Y1
1.0,0.0,2.0,0.0,1.0,1.0,0.0,8.0,0.0,0,965.0,965.0,915.0,Y1
0.0,1.0,0.0,1.0,3.0,0.0,1.0,0.0,0.0,0,895.0,895.0,836.0,Y1
1.0,1.0,2.0,0.0,2.0,1.0,0.0,6.0,0.0,1,967.0,807.0,967.0,Y0
0.0,0.0,3.0,0.0,1.0,1.0,1.0,8.0,0.0,1,888.0,915.0,888.0,Y0
0.0,1.0,1.0,1.0,2.0,1.0,1.0,6.0,0.0,0,785.0,785.0,943.0,Y1
1.0,1.0,1.0,1.0,2.0,0.0,2.0,2.0,0.0,1,1026.0,903.0,1026.0,Y0
0.0,0.0,0.0,0.0,3.0,0.0,0.0,17.0,0.0,0,904.0,904.0,978.0,Y1
0.0,0.0,3.0,0.0,3.0,0.0,0.0,3.0,0.0,0,950.0,950.0,864.0,Y1
0.0,1.0,3.0,1.0,2.0,0.0,0.0,5.0,0.0,0,952.0,952.0,897.0,Y1
0.0,0.0,0.0,0.0,1.0,1.0,0.0,8.0,0.0,1,1008.0,914.0,1008.0,Y0
1.0,0.0,8.0,1.0,0.0,1.0,0.0,12.0,0.0,0,880.0,880.0,889.0,Y1
0.0,0.0,3.0,0.0,0.0,0.0,-1.0,5.0,0.0,0,911.0,911.0,971.0,Y1
0.0,0.0,3.0,1.0,0.0,0.0,2.0,2.0,0.0,0,1054.0,1054.0,912.0,Y1
1.0,0.0,1.0,0.0,1.0,0.0,0.0,11.0,1.0,1,1070.0,976.0,1070.0,Y0
0.0,1.0,0.0,1.0,1.0,0.0,-1.0,12.0,1.0,0,949.0,949.0,877.0,Y1
0.0,0.0,2.0,0.0,0.0,1.0,0.0,10.0,0.0,0,936.0,936.0,924.0,Y1
0.0,1.0,3.0,1.0,2.0,0.0,0.0,9.0,0.0,0,931.0,931.0,893.0,Y1
0.0,1.0,3.0,1.0,1.0,1.0,0.0,24.0,0.0,0,924.0,924.0,916.0,Y1
0.0,0.0,1.0,0.0,0.0,0.0,0.0,8.0,0.0,0,828.0,828.0,1080.0,Y1
0.0,0.0,2.0,0.0,0.0,1.0,0.0,5.0,0.0,1,920.0,872.0,920.0,Y0
0.0,0.0,0.0,0.0,0.0,0.0,0.0,10.0,0.0,0,1044.0,1044.0,989.0,Y1
0.0,1.0,1.0,0.0,1.0,0.0,0.0,21.0,0.0,1,1051.0,905.0,1051.0,Y0
1.0,1.0,1.0,1.0,2.0,0.0,0.0,5.0,0.0,1,999.0,831.0,999.0,Y0
0.0,1.0,3.0,1.0,1.0,0.0,2.0,1.0,0.0,0,953.0,953.0,842.0,Y1
1.0,0.0,1.0,0.0,3.0,0.0,0.0,8.0,0.0,0,956.0,956.0,923.0,Y1
1.0,0.0,1.0,0.0,1.0,0.0,-1.0,10.0,1.0,1,1074.0,976.0,1074.0,Y0
0.0,0.0,2.0,1.0,0.0,0.0,2.0,2.0,0.0,0,914.0,914.0,898.0,Y1
0.0,0.0,3.0,0.0,1.0,0.0,-1.0,15.0,0.0,1,912.0,947.0,912.0,Y0
1.0,0.0,0.0,0.0,3.0,0.0,0.0,11.0,0.0,0,997.0,997.0,923.0,Y1
0.0,1.0,0.0,1.0,2.0,0.0,0.0,11.0,0.0,1,996.0,1032.0,996.0,Y0
1.0,0.0,2.0,0.0,1.0,1.0,0.0,17.0,0.0,1,865.0,1203.0,865.0,Y0
0.0,0.0,3.0,0.0,1.0,1.0,4.0,15.0,0.0,0,965.0,965.0,859.0,Y1
1.0,0.0,3.0,1.0,0.0,1.0,0.0,11.0,0.0,0,823.0,823.0,981.0,Y1
0.0,0.0,2.0,0.0,0.0,0.0,0.0,19.0,0.0,1,976.0,983.0,976.0,Y0
1.0,1.0,1.0,1.0,1.0,0.0,-1.0,15.0,0.0,1,785.0,873.0,785.0,Y0
0.0,1.0,3.0,0.0,1.0,0.0,-1.0,12.0,1.0,0,907.0,907.0,920.0,Y1
1.0,0.0,3.0,0.0,0.0,0.0,0.0,16.0,0.0,1,991.0,976.0,991.0,Y0
0.0,0.0,3.0,0.0,0.0,1.0,0.0,6.0,0.0,1,906.0,988.0,906.0,Y0
0.0,0.0,2.0,0.0,3.0,1.0,0.0,13.0,0.0,1,947.0,1056.0,947.0,Y0
1.0,0.0,3.0,0.0,1.0,0.0,0.0,5.0,0.0,1,992.0,903.0,992.0,Y0
1.0,1.0,1.0,1.0,2.0,0.0,0.0,6.0,1.0,1,892.0,891.0,892.0,Y0
1.0,0.0,3.0,0.0,0.0,1.0,0.0,8.0,0.0,1,949.0,929.0,949.0,Y0
0.0,0.0,0.0,0.0,0.0,0.0,2.0,2.0,0.0,1,923.0,886.0,923.0,Y0
0.0,0.0,1.0,0.0,0.0,1.0,0.0,12.0,0.0,0,1027.0,1027.0,1059.0,Y1
1.0,1.0,2.0,1.0,2.0,0.0,-1.0,3.0,0.0,1,815.0,905.0,815.0,Y0
0.0,0.0,1.0,0.0,0.0,0.0,0.0,14.0,0.0,0,966.0,966.0,984.0,Y1
1.0,0.0,1.0,0.0,1.0,1.0,1.0,8.0,0.0,1,945.0,888.0,945.0,Y0
1.0,0.0,0.0,0.0,0.0,1.0,0.0,10.0,0.0,0,907.0,907.0,902.0,Y1
0.0,0.0,1.0,1.0,0.0,0.0,-1.0,6.0,0.0,1,953.0,925.0,953.0,Y0
0.0,0.0,3.0,1.0,0.0,0.0,0.0,15.0,0.0,1,864.0,854.0,864.0,Y0
1.0,1.0,0.0,1.0,2.0,0.0,0.0,6.0,0.0,0,785.0,785.0,896.0,Y1
1.0,0.0,3.0,0.0,0.0,0.0,0.0,5.0,0.0,0,887.0,887.0,848.0,Y1
0.0,1.0,2.0,1.0,2.0,1.0,0.0,15.0,1.0,0,815.0,815.0,890.0,Y1
1.0,1.0,3.0,1.0,2.0,0.0,0.0,6.0,1.0,0,922.0,922.0,946.0,Y1
1.0,0.0,2.0,0.0,0.0,1.0,0.0,8.0,0.0,0,826.0,826.0,960.0,Y1
1.0,0.0,3.0,1.0,0.0,0.0,1.0,0.0,0.0,0,892.0,892.0,933.0,Y1
1.0,1.0,3.0,1.0,2.0,0.0,2.0,1.0,0.0,1,787.0,927.0,787.0,Y0
0.0,0.0,2.0,0.0,0.0,0.0,2.0,3.0,1.0,0,886.0,886.0,865.0,Y1
1.0,0.0,2.0,0.0,1.0,1.0,4.0,15.0,0.0,0,952.0,952.0,872.0,Y1
0.0,0.0,2.0,0.0,1.0,0.0,-1.0,0.0,0.0,1,935.0,1006.0,935.0,Y0
0.0,0.0,3.0,0.0,0.0,1.0,0.0,9.0,0.0,0,911.0,911.0,968.0,Y1
1.0,0.0,2.0,1.0,3.0,0.0,0.0,13.0,0.0,0,914.0,914.0,939.0,Y1
0.0,0.0,1.0,0.0,0.0,0.0,0.0,6.0,0.0,1,1056.0,895.0,1056.0,Y0
0.0,0.0,0.0,0.0,0.0,0.0,0.0,13.0,0.0,0,1057.0,1057.0,1043.0,Y1
1.0,1.0,3.0,0.0,2.0,0.0,0.0,6.0,1.0,1,956.0,902.0,956.0,Y0
1.0,1.0,0.0,1.0,0.0,0.0,0.0,10.0,0.0,0,877.0,877.0,951.0,Y1
1.0,0.0,0.0,0.0,0.0,1.0,0.0,13.0,0.0,0,851.0,851.0,859.0,Y1
1.0,0.0,0.0,0.0,0.0,0.0,0.0,6.0,0.0,1,1019.0,911.0,1019.0,Y0
0.0,0.0,2.0,0.0,0.0,1.0,0.0,9.0,0.0,0,881.0,881.0,924.0,Y1
0.0,0.0,2.0,0.0,1.0,0.0,0.0,5.0,1.0,0,931.0,931.0,878.0,Y1
0.0,0.0,2.0,1.0,0.0,0.0,0.0,4.0,0.0,1,926.0,961.0,926.0,Y0
0.0,1.0,0.0,1.0,2.0,0.0,0.0,12.0,0.0,0,839.0,839.0,994.0,Y1
1.0,0.0,4.0,0.0,0.0,1.0,0.0,8.0,0.0,0,833.0,833.0,945.0,Y1
1.0,0.0,2.0,1.0,0.0,0.0,3.0,27.0,0.0,0,842.0,842.0,875.0,Y1
0.0,0.0,3.0,1.0,0.0,1.0,0.0,13.0,0.0,0,855.0,855.0,846.0,Y1
0.0,0.0,0.0,0.0,0.0,1.0,0.0,12.0,0.0,0,970.0,970.0,909.0,Y1
1.0,1.0,0.0,1.0,2.0,0.0,2.0,1.0,0.0,1,869.0,891.0,869.0,Y0
1.0,1.0,0.0,0.0,0.0,1.0,0.0,8.0,0.0,1,896.0,1136.0,896.0,Y0
1.0,1.0,0.0,1.0,2.0,0.0,0.0,14.0,0.0,1,831.0,917.0,831.0,Y0
0.0,1.0,0.0,1.0,2.0,1.0,0.0,17.0,0.0,0,927.0,927.0,835.0,Y1
0.0,1.0,3.0,1.0,2.0,0.0,0.0,11.0,0.0,1,893.0,800.0,893.0,Y0
0.0,0.0,2.0,0.0,1.0,0.0,0.0,8.0,0.0,0,866.0,866.0,936.0,Y1
1.0,1.0,1.0,1.0,2.0,0.0,-1.0,3.0,1.0,0,742.0,742.0,892.0,Y1
0.0,0.0,3.0,0.0,0.0,1.0,0.0,20.0,0.0,0,952.0,952.0,906.0,Y1
0.0,0.0,2.0,0.0,0.0,1.0,0.0,7.0,0.0,0,1136.0,1136.0,924.0,Y1
0.0,1.0,2.0,1.0,0.0,0.0,0.0,3.0,0.0,0,826.0,826.0,881.0,Y1
1.0,0.0,1.0,0.0,0.0,1.0,0.0,5.0,0.0,0,931.0,931.0,1006.0,Y1
0.0,0.0,3.0,0.0,0.0,1.0,0.0,13.0,0.0,0,877.0,877.0,898.0,Y1
1.0,0.0,1.0,0.0,0.0,0.0,0.0,4.0,0.0,1,1206.0,918.0,1206.0,Y0
0.0,0.0,3.0,0.0,1.0,0.0,0.0,3.0,0.0,0,851.0,851.0,979.0,Y1
0.0,0.0,1.0,0.0,0.0,1.0,0.0,13.0,0.0,0,953.0,953.0,933.0,Y1
0.0,0.0,2.0,1.0,0.0,0.0,0.0,4.0,0.0,1,937.0,961.0,937.0,Y0
1.0,0.0,2.0,1.0,3.0,0.0,0.0,14.0,0.0,1,933.0,930.0,933.0,Y0
1.0,1.0,3.0,1.0,3.0,0.0,1.0,1.0,0.0,1,832.0,803.0,832.0,Y0
0.0,0.0,1.0,0.0,0.0,0.0,0.0,6.0,0.0,1,859.0,895.0,859.0,Y0
0.0,0.0,3.0,1.0,0.0,0.0,-1.0,1.0,0.0,1,861.0,816.0,861.0,Y0
0.0,0.0,1.0,1.0,0.0,0.0,0.0,4.0,0.0,0,807.0,807.0,846.0,Y1
0.0,1.0,0.0,1.0,2.0,0.0,0.0,21.0,1.0,1,857.0,1026.0,857.0,Y0
0.0,1.0,2.0,1.0,2.0,0.0,0.0,3.0,1.0,1,1073.0,792.0,1073.0,Y0
0.0,1.0,1.0,1.0,2.0,0.0,0.0,3.0,1.0,1,1079.0,889.0,1079.0,Y0
0.0,0.0,0.0,0.0,0.0,0.0,0.0,6.0,0.0,0,934.0,934.0,1018.0,Y1
0.0,1.0,2.0,0.0,2.0,1.0,0.0,15.0,1.0,0,882.0,882.0,834.0,Y1
0.0,0.0,1.0,0.0,0.0,0.0,0.0,2.0,0.0,0,1043.0,1043.0,931.0,Y1
1.0,0.0,3.0,0.0,0.0,0.0,0.0,22.0,0.0,1,957.0,1004.0,957.0,Y0
0.0,0.0,2.0,0.0,1.0,1.0,0.0,15.0,0.0,1,992.0,913.0,992.0,Y0
0.0,0.0,1.0,0.0,0.0,0.0,0.0,8.0,0.0,1,1094.0,828.0,1094.0,Y0
0.0,0.0,3.0,0.0,0.0,1.0,0.0,8.0,0.0,0,900.0,900.0,968.0,Y1
1.0,0.0,0.0,0.0,0.0,1.0,0.0,12.0,0.0,0,1024.0,1024.0,947.0,Y1
1.0,0.0,4.0,0.0,0.0,1.0,0.0,8.0,0.0,0,1007.0,1007.0,945.0,Y1
1.0,1.0,0.0,1.0,2.0,1.0,0.0,15.0,1.0,0,946.0,946.0,876.0,Y1
1.0,1.0,0.0,1.0,0.0,1.0,0.0,13.0,0.0,0,770.0,770.0,877.0,Y1
0.0,0.0,3.0,1.0,0.0,0.0,0.0,6.0,0.0,0,816.0,816.0,898.0,Y1
1.0,0.0,1.0,0.0,2.0,1.0,1.0,3.0,1.0,0,859.0,859.0,959.0,Y1
1.0,0.0,3.0,0.0,1.0,0.0,2.0,1.0,1.0,0,948.0,948.0,858.0,Y1
0.0,0.0,4.0,0.0,1.0,0.0,0.0,7.0,0.0,0,924.0,924.0,979.0,Y1
1.0,1.0,3.0,1.0,2.0,1.0,1.0,6.0,0.0,0,727.0,727.0,947.0,Y1
0.0,0.0,2.0,0.0,3.0,2.0,0.0,12.0,0.0,1,1015.0,908.0,1015.0,Y0
1.0,1.0,8.0,1.0,2.0,0.0,0.0,6.0,0.0,1,925.0,829.0,925.0,Y0
0.0,0.0,3.0,0.0,3.0,0.0,1.0,0.0,0.0,0,900.0,900.0,864.0,Y1
0.0,0.0,2.0,0.0,0.0,0.0,0.0,11.0,0.0,0,1073.0,1073.0,1015.0,Y1
1.0,1.0,0.0,1.0,2.0,2.0,0.0,8.0,0.0,0,862.0,862.0,810.0,Y1
0.0,1.0,3.0,1.0,2.0,0.0,0.0,5.0,0.0,0,859.0,859.0,897.0,Y1
1.0,0.0,1.0,1.0,0.0,0.0,0.0,16.0,0.0,0,834.0,834.0,887.0,Y1
1.0,0.0,0.0,0.0,1.0,1.0,0.0,14.0,1.0,1,928.0,981.0,928.0,Y0
0.0,0.0,0.0,0.0,1.0,0.0,1.0,14.0,0.0,0,1066.0,1066.0,1021.0,Y1
0.0,0.0,0.0,0.0,3.0,1.0,0.0,13.0,0.0,1,987.0,999.0,987.0,Y0
1.0,0.0,2.0,0.0,0.0,1.0,3.0,11.0,0.0,0,956.0,956.0,872.0,Y1
1.0,0.0,1.0,0.0,0.0,0.0,-1.0,9.0,0.0,0,933.0,933.0,907.0,Y1
1.0,1.0,2.0,1.0,2.0,0.0,-1.0,2.0,0.0,0,952.0,952.0,862.0,Y1
1.0,1.0,3.0,1.0,2.0,0.0,1.0,0.0,1.0,0,870.0,870.0,851.0,Y1
1.0,0.0,2.0,0.0,0.0,0.0,0.0,13.0,0.0,0,931.0,931.0,1004.0,Y1
0.0,0.0,3.0,0.0,3.0,1.0,0.0,8.0,0.0,0,878.0,878.0,917.0,Y1
0.0,1.0,2.0,1.0,1.0,1.0,0.0,15.0,1.0,0,957.0,957.0,890.0,Y1
0.0,0.0,2.0,1.0,0.0,0.0,0.0,8.0,0.0,0,870.0,870.0,993.0,Y1
1.0,0.0,1.0,0.0,0.0,0.0,0.0,9.0,0.0,1,874.0,1112.0,874.0,Y0
1.0,0.0,2.0,0.0,0.0,0.0,0.0,16.0,0.0,0,979.0,979.0,857.0,Y1
1.0,0.0,3.0,0.0,0.0,0.0,2.0,1.0,0.0,0,873.0,873.0,897.0,Y1
1.0,0.0,0.0,1.0,0.0,0.0,0.0,6.0,0.0,1,884.0,906.0,884.0,Y0
1.0,0.0,3.0,0.0,1.0,0.0,0.0,7.0,0.0,0,877.0,877.0,992.0,Y1
1.0,0.0,2.0,0.0,1.0,0.0,2.0,3.0,0.0,0,939.0,939.0,822.0,Y1
1.0,0.0,1.0,0.0,0.0,0.0,0.0,19.0,0.0,1,961.0,983.0,961.0,Y0
1.0,1.0,1.0,1.0,2.0,1.0,0.0,5.0,0.0,0,931.0,931.0,927.0,Y1
0.0,0.0,1.0,0.0,1.0,0.0,0.0,5.0,1.0,0,1108.0,1108.0,868.0,Y1
1.0,0.0,1.0,0.0,0.0,0.0,0.0,8.0,0.0,0,841.0,841.0,959.0,Y1
1.0,0.0,0.0,1.0,3.0,0.0,0.0,13.0,0.0,1,989.0,849.0,989.0,Y0
0.0,1.0,2.0,1.0,2.0,0.0,0.0,7.0,0.0,0,971.0,971.0,1019.0,Y1
1.0,0.0,0.0,1.0,0.0,0.0,0.0,19.0,0.0,0,1053.0,1053.0,764.0,Y1
0.0,0.0,0.0,0.0,0.0,0.0,0.0,21.0,0.0,1,1253.0,1005.0,1253.0,Y0
1.0,1.0,3.0,1.0,2.0,0.0,-1.0,14.0,1.0,1,854.0,978.0,854.0,Y0
1.0,1.0,2.0,1.0,0.0,0.0,0.0,13.0,0.0,0,854.0,854.0,886.0,Y1
0.0,0.0,3.0,0.0,0.0,0.0,0.0,3.0,0.0,0,954.0,954.0,892.0,Y1
0.0,0.0,1.0,1.0,0.0,0.0,0.0,10.0,0.0,0,881.0,881.0,900.0,Y1
1.0,0.0,0.0,0.0,0.0,0.0,0.0,12.0,0.0,0,876.0,876.0,878.0,Y1
0.0,0.0,3.0,1.0,0.0,0.0,0.0,8.0,0.0,0,877.0,877.0,1006.0,Y1
0.0,1.0,3.0,1.0,3.0,1.0,0.0,12.0,0.0,1,809.0,848.0,809.0,Y0
1.0,1.0,1.0,1.0,1.0,0.0,0.0,21.0,0.0,1,989.0,854.0,989.0,Y0
1.0,0.0,3.0,0.0,0.0,0.0,0.0,13.0,0.0,0,1042.0,1042.0,916.0,Y1
1.0,0.0,3.0,0.0,3.0,0.0,0.0,14.0,0.0,0,909.0,909.0,993.0,Y1
0.0,0.0,2.0,0.0,0.0,0.0,0.0,12.0,0.0,1,1086.0,880.0,1086.0,Y0
0.0,0.0,2.0,0.0,1.0,0.0,0.0,3.0,0.0,0,934.0,934.0,979.0,Y1
0.0,0.0,1.0,0.0,1.0,0.0,5.0,3.0,0.0,0,950.0,950.0,859.0,Y1
0.0,1.0,0.0,1.0,2.0,0.0,0.0,21.0,1.0,1,934.0,1026.0,934.0,Y0
0.0,1.0,0.0,1.0,2.0,0.0,2.0,1.0,1.0,0,900.0,900.0,971.0,Y1
1.0,0.0,3.0,0.0,0.0,1.0,3.0,11.0,0.0,0,921.0,921.0,872.0,Y1
1.0,0.0,0.0,1.0,2.0,1.0,0.0,10.0,1.0,1,785.0,1063.0,785.0,Y0
0.0,0.0,0.0,0.0,1.0,1.0,0.0,18.0,0.0,1,962.0,862.0,962.0,Y0
0.0,0.0,2.0,0.0,0.0,1.0,0.0,7.0,0.0,0,938.0,938.0,924.0,Y1
0.0,0.0,2.0,0.0,1.0,0.0,0.0,3.0,0.0,0,1007.0,1007.0,979.0,Y1
0.0,0.0,3.0,0.0,0.0,1.0,0.0,8.0,0.0,0,896.0,896.0,968.0,Y1
0.0,0.0,0.0,1.0,0.0,0.0,0.0,20.0,0.0,0,799.0,799.0,931.0,Y1
0.0,0.0,0.0,0.0,3.0,0.0,1.0,0.0,0.0,0,954.0,954.0,956.0,Y1
1.0,0.0,1.0,1.0,1.0,0.0,2.0,1.0,1.0,0,989.0,989.0,906.0,Y1
0.0,0.0,2.0,0.0,3.0,0.0,2.0,1.0,0.0,1,1105.0,976.0,1105.0,Y0
1.0,1.0,3.0,1.0,2.0,0.0,2.0,1.0,1.0,0,870.0,870.0,851.0,Y1
1.0,0.0,8.0,1.0,0.0,0.0,-1.0,12.0,0.0,1,881.0,937.0,881.0,Y0
0.0,1.0,1.0,0.0,2.0,0.0,0.0,10.0,1.0,0,921.0,921.0,1026.0,Y1
1.0,1.0,0.0,1.0,2.0,0.0,0.0,6.0,1.0,0,866.0,866.0,827.0,Y1
1.0,1.0,3.0,0.0,1.0,0.0,0.0,21.0,1.0,0,1073.0,1073.0,947.0,Y1
0.0,0.0,2.0,1.0,0.0,0.0,0.0,8.0,0.0,0,881.0,881.0,993.0,Y1
1.0,1.0,2.0,1.0,2.0,0.0,0.0,20.0,1.0,0,924.0,924.0,873.0,Y1
1.0,0.0,1.0,0.0,1.0,0.0,0.0,11.0,0.0,0,912.0,912.0,1003.0,Y1
0.0,0.0,0.0,1.0,0.0,0.0,0.0,6.0,0.0,1,981.0,874.0,981.0,Y0
0.0,0.0,0.0,1.0,0.0,0.0,0.0,21.0,0.0,1,1033.0,956.0,1033.0,Y0
1.0,1.0,1.0,1.0,1.0,0.0,0.0,5.0,1.0,0,991.0,991.0,892.0,Y1
1.0,0.0,2.0,0.0,1.0,0.0,-1.0,18.0,1.0,0,866.0,866.0,907.0,Y1
1.0,1.0,3.0,1.0,2.0,1.0,0.0,10.0,1.0,0,849.0,849.0,968.0,Y1
1.0,1.0,0.0,1.0,2.0,0.0,0.0,6.0,1.0,0,852.0,852.0,827.0,Y1
0.0,1.0,3.0,1.0,0.0,0.0,0.0,7.0,0.0,0,781.0,781.0,830.0,Y1
1.0,1.0,0.0,1.0,2.0,0.0,-1.0,6.0,1.0,0,1031.0,1031.0,827.0,Y1
1.0,0.0,0.0,1.0,0.0,0.0,2.0,2.0,0.0,1,914.0,860.0,914.0,Y0
1.0,1.0,2.0,1.0,2.0,0.0,0.0,6.0,1.0,0,798.0,798.0,946.0,Y1
0.0,0.0,3.0,1.0,1.0,1.0,0.0,13.0,0.0,0,934.0,934.0,976.0,Y1
1.0,1.0,-1.0,1.0,2.0,0.0,0.0,5.0,0.0,1,943.0,884.0,943.0,Y0
0.0,0.0,0.0,0.0,0.0,0.0,0.0,12.0,0.0,0,928.0,928.0,989.0,Y1
1.0,0.0,2.0,0.0,0.0,0.0,0.0,6.0,0.0,1,862.0,952.0,862.0,Y0
1.0,1.0,3.0,0.0,1.0,0.0,0.0,16.0,0.0,0,907.0,907.0,784.0,Y1
0.0,0.0,0.0,0.0,3.0,0.0,-1.0,11.0,0.0,0,908.0,908.0,897.0,Y1
0.0,1.0,2.0,1.0,2.0,1.0,0.0,17.0,0.0,0,920.0,920.0,940.0,Y1
0.0,1.0,1.0,1.0,2.0,1.0,2.0,24.0,0.0,0,1140.0,1140.0,835.0,Y1
1.0,0.0,2.0,0.0,3.0,0.0,0.0,8.0,0.0,0,874.0,874.0,820.0,Y1
0.0,0.0,3.0,0.0,0.0,1.0,0.0,8.0,0.0,0,943.0,943.0,968.0,Y1
1.0,0.0,0.0,0.0,1.0,0.0,-1.0,5.0,0.0,1,1017.0,850.0,1017.0,Y0
0.0,0.0,2.0,0.0,0.0,0.0,0.0,19.0,0.0,1,1139.0,983.0,1139.0,Y0
0.0,0.0,1.0,0.0,0.0,0.0,0.0,13.0,0.0,0,902.0,902.0,984.0,Y1
1.0,0.0,2.0,1.0,0.0,1.0,0.0,12.0,0.0,0,975.0,975.0,987.0,Y1
0.0,0.0,7.0,1.0,0.0,0.0,0.0,13.0,0.0,0,884.0,884.0,986.0,Y1
0.0,0.0,1.0,0.0,1.0,1.0,0.0,8.0,0.0,0,861.0,861.0,842.0,Y1
1.0,0.0,0.0,1.0,0.0,0.0,0.0,2.0,0.0,1,927.0,756.0,927.0,Y0
1.0,0.0,0.0,1.0,2.0,0.0,0.0,9.0,0.0,1,908.0,854.0,908.0,Y0
0.0,0.0,1.0,1.0,0.0,0.0,0.0,12.0,0.0,1,899.0,883.0,899.0,Y0
0.0,1.0,1.0,1.0,2.0,0.0,0.0,12.0,1.0,0,1024.0,1024.0,920.0,Y1
0.0,0.0,3.0,1.0,0.0,1.0,0.0,12.0,0.0,0,842.0,842.0,870.0,Y1
1.0,0.0,7.0,1.0,0.0,1.0,0.0,9.0,0.0,0,847.0,847.0,889.0,Y1
1.0,1.0,4.0,1.0,0.0,1.0,0.0,15.0,0.0,0,925.0,925.0,916.0,Y1
1.0,0.0,5.0,1.0,0.0,1.0,0.0,8.0,0.0,0,973.0,973.0,805.0,Y1
1.0,0.0,3.0,0.0,0.0,1.0,0.0,8.0,1.0,0,858.0,858.0,949.0,Y1
0.0,0.0,1.0,0.0,3.0,1.0,0.0,14.0,0.0,1,1028.0,1056.0,1028.0,Y0
1.0,0.0,0.0,0.0,0.0,0.0,0.0,8.0,0.0,0,925.0,925.0,929.0,Y1
0.0,1.0,5.0,0.0,2.0,0.0,0.0,21.0,1.0,1,911.0,946.0,911.0,Y0
1.0,1.0,3.0,0.0,2.0,0.0,2.0,1.0,1.0,0,939.0,939.0,858.0,Y1
0.0,1.0,0.0,1.0,1.0,0.0,0.0,6.0,0.0,0,809.0,809.0,948.0,Y1
0.0,0.0,2.0,0.0,0.0,0.0,0.0,5.0,0.0,1,918.0,929.0,918.0,Y0
0.0,1.0,3.0,1.0,2.0,0.0,2.0,2.0,1.0,1,870.0,890.0,870.0,Y0
1.0,0.0,3.0,1.0,0.0,0.0,0.0,11.0,0.0,0,883.0,883.0,903.0,Y1
1.0,2.0,0.0,0.0,0.0,0.0,0.0,7.0,0.0,0,823.0,823.0,1059.0,Y1
0.0,0.0,1.0,1.0,0.0,0.0,-1.0,12.0,0.0,1,930.0,883.0,930.0,Y0
0.0,1.0,1.0,1.0,2.0,0.0,-1.0,10.0,1.0,0,862.0,862.0,915.0,Y1
1.0,0.0,1.0,0.0,1.0,1.0,0.0,8.0,0.0,1,976.0,888.0,976.0,Y0
0.0,1.0,2.0,1.0,2.0,0.0,2.0,2.0,0.0,1,825.0,945.0,825.0,Y0
1.0,1.0,2.0,1.0,2.0,2.0,0.0,8.0,0.0,0,821.0,821.0,789.0,Y1
0.0,0.0,3.0,0.0,1.0,0.0,-1.0,3.0,0.0,0,906.0,906.0,890.0,Y1
0.0,0.0,3.0,0.0,3.0,0.0,0.0,13.0,0.0,0,1043.0,1043.0,981.0,Y1
1.0,0.0,2.0,1.0,0.0,0.0,0.0,13.0,-1.0,0,794.0,794.0,882.0,Y1
0.0,0.0,0.0,0.0,0.0,1.0,0.0,13.0,0.0,0,796.0,796.0,908.0,Y1
1.0,0.0,3.0,0.0,0.0,0.0,0.0,14.0,0.0,0,972.0,972.0,883.0,Y1
1.0,0.0,3.0,1.0,0.0,0.0,2.0,2.0,0.0,0,862.0,862.0,933.0,Y1
0.0,0.0,3.0,0.0,3.0,0.0,0.0,3.0,0.0,0,1048.0,1048.0,864.0,Y1
1.0,1.0,0.0,1.0,2.0,0.0,0.0,7.0,0.0,0,870.0,870.0,896.0,Y1
0.0,1.0,2.0,1.0,2.0,0.0,0.0,3.0,1.0,1,897.0,792.0,897.0,Y0
1.0,0.0,0.0,0.0,0.0,0.0,0.0,16.0,0.0,0,978.0,978.0,1062.0,Y1
0.0,0.0,0.0,0.0,0.0,1.0,0.0,13.0,0.0,1,908.0,1001.0,908.0,Y0
0.0,0.0,3.0,0.0,0.0,0.0,0.0,13.0,0.0,0,952.0,952.0,1136.0,Y1
0.0,0.0,2.0,0.0,0.0,1.0,0.0,13.0,0.0,0,1018.0,1018.0,879.0,Y1
1.0,1.0,0.0,1.0,2.0,0.0,0.0,21.0,1.0,1,873.0,945.0,873.0,Y0
1.0,0.0,8.0,1.0,0.0,1.0,0.0,12.0,0.0,0,898.0,898.0,889.0,Y1
0.0,0.0,3.0,0.0,3.0,0.0,0.0,8.0,0.0,0,933.0,933.0,962.0,Y1
0.0,1.0,0.0,1.0,2.0,0.0,0.0,5.0,0.0,1,880.0,849.0,880.0,Y0
0.0,1.0,5.0,0.0,2.0,0.0,0.0,5.0,0.0,1,993.0,833.0,993.0,Y0
1.0,0.0,2.0,1.0,0.0,0.0,0.0,19.0,0.0,0,1022.0,1022.0,852.0,Y1
0.0,1.0,3.0,1.0,2.0,0.0,-1.0,2.0,0.0,1,812.0,826.0,812.0,Y0
0.0,1.0,3.0,1.0,1.0,0.0,1.0,0.0,0.0,1,978.0,953.0,978.0,Y0
0.0,0.0,2.0,0.0,0.0,1.0,0.0,13.0,0.0,0,1052.0,1052.0,879.0,Y1
1.0,0.0,0.0,0.0,3.0,0.0,1.0,0.0,0.0,0,949.0,949.0,874.0,Y1
0.0,0.0,4.0,0.0,0.0,1.0,0.0,8.0,0.0,0,945.0,945.0,820.0,Y1
1.0,0.0,3.0,0.0,1.0,1.0,0.0,7.0,0.0,1,908.0,845.0,908.0,Y0
0.0,0.0,9.0,1.0,0.0,0.0,0.0,8.0,0.0,0,840.0,840.0,783.0,Y1
0.0,1.0,1.0,1.0,1.0,0.0,-1.0,4.0,0.0,0,878.0,878.0,991.0,Y1
1.0,1.0,3.0,1.0,0.0,1.0,0.0,10.0,0.0,0,873.0,873.0,1002.0,Y1
0.0,1.0,2.0,1.0,2.0,0.0,0.0,10.0,1.0,0,934.0,934.0,872.0,Y1
0.0,1.0,3.0,1.0,1.0,0.0,-1.0,2.0,0.0,0,921.0,921.0,1000.0,Y1
0.0,0.0,3.0,1.0,1.0,0.0,0.0,12.0,1.0,1,872.0,979.0,872.0,Y0
1.0,0.0,2.0,1.0,0.0,0.0,0.0,7.0,0.0,1,981.0,832.0,981.0,Y0
1.0,1.0,2.0,1.0,2.0,1.0,4.0,12.0,0.0,1,926.0,877.0,926.0,Y0
1.0,0.0,2.0,1.0,0.0,1.0,0.0,12.0,0.0,0,915.0,915.0,987.0,Y1
0.0,0.0,3.0,0.0,0.0,1.0,4.0,16.0,0.0,0,1069.0,1069.0,859.0,Y1
0.0,1.0,2.0,0.0,1.0,0.0,0.0,20.0,1.0,0,1164.0,1164.0,890.0,Y1
1.0,1.0,2.0,1.0,2.0,1.0,2.0,24.0,0.0,0,1066.0,1066.0,916.0,Y1
0.0,0.0,7.0,1.0,1.0,0.0,0.0,14.0,0.0,1,891.0,805.0,891.0,Y0
0.0,1.0,1.0,0.0,2.0,1.0,0.0,8.0,0.0,1,912.0,949.0,912.0,Y0
0.0,0.0,0.0,0.0,1.0,1.0,4.0,15.0,0.0,0,1056.0,1056.0,859.0,Y1
0.0,1.0,3.0,1.0,2.0,0.0,-1.0,6.0,1.0,0,1063.0,1063.0,900.0,Y1
1.0,0.0,2.0,0.0,1.0,0.0,0.0,3.0,0.0,0,889.0,889.0,914.0,Y1
1.0,1.0,3.0,1.0,2.0,0.0,2.0,1.0,1.0,1,851.0,902.0,851.0,Y0
0.0,1.0,0.0,1.0,2.0,0.0,2.0,1.0,1.0,0,858.0,858.0,971.0,Y1
0.0,0.0,0.0,0.0,0.0,0.0,0.0,22.0,0.0,1,829.0,1005.0,829.0,Y0
1.0,0.0,7.0,0.0,0.0,1.0,0.0,13.0,0.0,1,834.0,975.0,834.0,Y0
0.0,0.0,1.0,0.0,1.0,2.0,0.0,13.0,0.0,0,980.0,980.0,818.0,Y1
1.0,1.0,3.0,1.0,2.0,0.0,2.0,2.0,0.0,1,939.0,927.0,939.0,Y0
0.0,0.0,3.0,1.0,0.0,0.0,0.0,20.0,0.0,0,896.0,896.0,901.0,Y1
1.0,0.0,1.0,0.0,0.0,0.0,0.0,10.0,0.0,1,900.0,1062.0,900.0,Y0
0.0,0.0,7.0,1.0,1.0,0.0,-1.0,15.0,0.0,1,888.0,805.0,888.0,Y0
1.0,0.0,2.0,0.0,1.0,1.0,0.0,14.0,0.0,0,947.0,947.0,980.0,Y1
0.0,1.0,0.0,0.0,0.0,0.0,0.0,7.0,0.0,1,984.0,953.0,984.0,Y0
0.0,0.0,1.0,0.0,1.0,0.0,1.0,0.0,0.0,0,848.0,848.0,789.0,Y1
0.0,1.0,1.0,1.0,2.0,1.0,0.0,7.0,0.0,0,1148.0,1148.0,943.0,Y1
0.0,1.0,0.0,1.0,2.0,1.0,4.0,12.0,0.0,1,899.0,959.0,899.0,Y0
0.0,1.0,3.0,1.0,2.0,0.0,-1.0,2.0,0.0,0,826.0,826.0,913.0,Y1
0.0,0.0,2.0,0.0,1.0,0.0,0.0,15.0,0.0,0,983.0,983.0,971.0,Y1
0.0,0.0,3.0,0.0,1.0,0.0,0.0,16.0,1.0,1,960.0,856.0,960.0,Y0
1.0,1.0,2.0,1.0,2.0,0.0,2.0,1.0,0.0,1,901.0,904.0,901.0,Y0
1.0,1.0,0.0,1.0,2.0,0.0,0.0,11.0,0.0,1,896.0,928.0,896.0,Y0
1.0,0.0,3.0,1.0,3.0,0.0,0.0,17.0,0.0,0,863.0,863.0,872.0,Y1
0.0,1.0,2.0,1.0,2.0,1.0,2.0,24.0,0.0,0,1069.0,1069.0,835.0,Y1
1.0,0.0,3.0,0.0,0.0,0.0,0.0,12.0,0.0,0,883.0,883.0,916.0,Y1
0.0,0.0,9.0,1.0,0.0,1.0,0.0,10.0,0.0,0,899.0,899.0,891.0,Y1
0.0,0.0,3.0,1.0,0.0,0.0,0.0,12.0,0.0,1,941.0,960.0,941.0,Y0
1.0,1.0,2.0,1.0,2.0,1.0,0.0,13.0,1.0,1,861.0,888.0,861.0,Y0
0.0,0.0,1.0,0.0,0.0,1.0,0.0,6.0,0.0,0,950.0,950.0,1068.0,Y1
1.0,1.0,3.0,0.0,1.0,1.0,0.0,24.0,0.0,0,973.0,973.0,891.0,Y1
0.0,1.0,1.0,1.0,2.0,0.0,2.0,1.0,1.0,0,928.0,928.0,942.0,Y1
1.0,0.0,2.0,1.0,0.0,1.0,0.0,21.0,0.0,0,963.0,963.0,955.0,Y1
1.0,1.0,3.0,1.0,0.0,0.0,0.0,13.0,0.0,0,851.0,851.0,1002.0,Y1
1.0,1.0,2.0,0.0,1.0,0.0,-1.0,0.0,0.0,0,888.0,888.0,1059.0,Y1
0.0,1.0,3.0,1.0,2.0,0.0,2.0,1.0,0.0,1,901.0,952.0,901.0,Y0
0.0,0.0,3.0,0.0,0.0,1.0,0.0,8.0,0.0,1,878.0,876.0,878.0,Y0
0.0,1.0,1.0,1.0,2.0,0.0,2.0,1.0,1.0,0,949.0,949.0,942.0,Y1
0.0,0.0,0.0,0.0,3.0,1.0,0.0,4.0,0.0,0,942.0,942.0,967.0,Y1
1.0,0.0,2.0,0.0,1.0,1.0,0.0,7.0,0.0,1,1043.0,914.0,1043.0,Y0
0.0,0.0,2.0,0.0,0.0,0.0,0.0,6.0,0.0,0,980.0,980.0,931.0,Y1
1.0,0.0,0.0,0.0,0.0,0.0,0.0,8.0,0.0,0,866.0,866.0,929.0,Y1
0.0,1.0,3.0,0.0,0.0,1.0,0.0,10.0,0.0,0,881.0,881.0,868.0,Y1
1.0,0.0,4.0,1.0,0.0,0.0,2.0,2.0,0.0,0,986.0,986.0,933.0,Y1
1.0,0.0,2.0,1.0,0.0,1.0,0.0,12.0,0.0,0,886.0,886.0,987.0,Y1
1.0,1.0,4.0,1.0,2.0,0.0,0.0,5.0,1.0,0,905.0,905.0,873.0,Y1
0.0,0.0,9.0,1.0,0.0,0.0,2.0,1.0,0.0,0,861.0,861.0,886.0,Y1
0.0,1.0,0.0,1.0,2.0,0.0,0.0,11.0,0.0,0,795.0,795.0,994.0,Y1
0.0,0.0,5.0,-1.0,3.0,0.0,0.0,5.0,-1.0,0,899.0,899.0,847.0,Y1
0.0,0.0,1.0,0.0,0.0,1.0,0.0,13.0,0.0,0,1065.0,1065.0,933.0,Y1
0.0,0.0,0.0,0.0,0.0,1.0,0.0,6.0,0.0,0,975.0,975.0,995.0,Y1
0.0,0.0,0.0,0.0,3.0,0.0,0.0,5.0,0.0,0,944.0,944.0,897.0,Y1
1.0,1.0,1.0,1.0,2.0,0.0,2.0,1.0,0.0,0,976.0,976.0,896.0,Y1
0.0,0.0,0.0,0.0,1.0,0.0,0.0,12.0,0.0,0,1004.0,1004.0,923.0,Y1
0.0,1.0,2.0,1.0,1.0,0.0,-1.0,4.0,0.0,0,876.0,876.0,1068.0,Y1
1.0,0.0,0.0,1.0,0.0,1.0,0.0,5.0,0.0,0,959.0,959.0,873.0,Y1
1.0,0.0,3.0,0.0,0.0,1.0,0.0,11.0,0.0,0,927.0,927.0,891.0,Y1
0.0,0.0,1.0,0.0,0.0,0.0,0.0,7.0,0.0,0,857.0,857.0,1080.0,Y1
0.0,0.0,1.0,0.0,3.0,0.0,1.0,0.0,0.0,0,1010.0,1010.0,865.0,Y1
0.0,1.0,0.0,1.0,1.0,0.0,0.0,11.0,1.0,1,900.0,902.0,900.0,Y0
1.0,0.0,0.0,1.0,0.0,0.0,0.0,15.0,0.0,1,949.0,906.0,949.0,Y0
1.0,1.0,0.0,0.0,2.0,0.0,0.0,9.0,1.0,0,846.0,846.0,989.0,Y1
0.0,0.0,1.0,0.0,0.0,0.0,0.0,2.0,0.0,1,973.0,1043.0,973.0,Y0
0.0,1.0,3.0,0.0,1.0,0.0,3.0,13.0,0.0,1,889.0,994.0,889.0,Y0
0.0,0.0,2.0,1.0,1.0,2.0,0.0,12.0,0.0,0,960.0,960.0,879.0,Y1
0.0,1.0,3.0,1.0,2.0,1.0,0.0,15.0,1.0,0,856.0,856.0,884.0,Y1
0.0,0.0,1.0,0.0,0.0,0.0,0.0,15.0,0.0,0,1139.0,1139.0,984.0,Y1
1.0,0.0,7.0,1.0,0.0,0.0,0.0,4.0,0.0,0,939.0,939.0,878.0,Y1
0.0,0.0,1.0,0.0,1.0,0.0,0.0,15.0,0.0,0,932.0,932.0,971.0,Y1
0.0,0.0,1.0,1.0,0.0,1.0,3.0,11.0,0.0,0,1005.0,1005.0,842.0,Y1
0.0,1.0,3.0,-1.0,1.0,0.0,0.0,5.0,-1.0,0,908.0,908.0,847.0,Y1
0.0,1.0,2.0,1.0,2.0,1.0,0.0,22.0,0.0,0,884.0,884.0,835.0,Y1
1.0,0.0,3.0,0.0,0.0,1.0,0.0,5.0,0.0,0,912.0,912.0,957.0,Y1
1.0,0.0,0.0,0.0,3.0,2.0,0.0,12.0,0.0,1,1082.0,996.0,1082.0,Y0
1.0,0.0,0.0,0.0,0.0,0.0,0.0,11.0,0.0,1,1012.0,850.0,1012.0,Y0
1.0,0.0,2.0,1.0,0.0,1.0,0.0,13.0,0.0,0,832.0,832.0,987.0,Y1
0.0,0.0,3.0,0.0,0.0,0.0,0.0,8.0,0.0,1,921.0,911.0,921.0,Y0
1.0,1.0,-1.0,1.0,2.0,1.0,0.0,6.0,0.0,1,943.0,945.0,943.0,Y0
0.0,0.0,0.0,0.0,0.0,0.0,0.0,10.0,0.0,0,937.0,937.0,989.0,Y1
1.0,0.0,3.0,0.0,1.0,0.0,0.0,7.0,0.0,0,848.0,848.0,992.0,Y1
1.0,0.0,0.0,0.0,0.0,1.0,0.0,4.0,0.0,1,1072.0,872.0,1072.0,Y0
1.0,0.0,1.0,0.0,0.0,0.0,0.0,13.0,0.0,0,895.0,895.0,1133.0,Y1
0.0,0.0,2.0,1.0,0.0,1.0,0.0,9.0,0.0,0,945.0,945.0,947.0,Y1
0.0,1.0,2.0,1.0,2.0,0.0,1.0,0.0,1.0,0,933.0,933.0,845.0,Y1
1.0,0.0,2.0,0.0,3.0,1.0,0.0,12.0,0.0,0,889.0,889.0,1044.0,Y1
1.0,0.0,0.0,0.0,0.0,1.0,3.0,11.0,0.0,0,1043.0,1043.0,887.0,Y1
0.0,0.0,0.0,0.0,1.0,1.0,0.0,12.0,0.0,1,918.0,1074.0,918.0,Y0
0.0,0.0,3.0,0.0,0.0,0.0,0.0,13.0,-1.0,0,841.0,841.0,1136.0,Y1
0.0,0.0,2.0,0.0,1.0,2.0,0.0,13.0,0.0,0,945.0,945.0,917.0,Y1
0.0,0.0,3.0,0.0,0.0,1.0,0.0,5.0,0.0,0,916.0,916.0,990.0,Y1
1.0,0.0,3.0,0.0,1.0,1.0,0.0,15.0,0.0,1,1144.0,886.0,1144.0,Y0
0.0,0.0,0.0,0.0,1.0,1.0,0.0,13.0,0.0,0,998.0,998.0,878.0,Y1
1.0,0.0,3.0,0.0,3.0,0.0,0.0,3.0,0.0,0,948.0,948.0,894.0,Y1
1.0,1.0,2.0,1.0,2.0,0.0,0.0,11.0,0.0,0,796.0,796.0,962.0,Y1
0.0,0.0,2.0,0.0,0.0,0.0,0.0,20.0,0.0,0,980.0,980.0,937.0,Y1
0.0,1.0,1.0,1.0,2.0,0.0,-1.0,2.0,0.0,0,931.0,931.0,858.0,Y1
0.0,0.0,0.0,0.0,1.0,0.0,0.0,11.0,0.0,0,939.0,939.0,923.0,Y1
0.0,0.0,0.0,0.0,1.0,0.0,2.0,1.0,1.0,0,963.0,963.0,840.0,Y1
0.0,1.0,2.0,1.0,2.0,0.0,0.0,12.0,1.0,0,882.0,882.0,842.0,Y1
1.0,1.0,2.0,0.0,0.0,3.0,0.0,14.0,0.0,1,971.0,898.0,971.0,Y0
1.0,1.0,0.0,0.0,0.0,1.0,0.0,13.0,0.0,0,849.0,849.0,896.0,Y1
0.0,0.0,2.0,1.0,1.0,1.0,0.0,17.0,0.0,1,873.0,904.0,873.0,Y0
1.0,0.0,1.0,1.0,0.0,0.0,-1.0,2.0,0.0,0,871.0,871.0,808.0,Y1
1.0,0.0,1.0,0.0,3.0,0.0,0.0,3.0,0.0,0,923.0,923.0,874.0,Y1
0.0,0.0,2.0,1.0,0.0,0.0,0.0,4.0,0.0,0,962.0,962.0,900.0,Y1
0.0,0.0,0.0,0.0,0.0,0.0,0.0,14.0,0.0,1,1043.0,997.0,1043.0,Y0
0.0,0.0,2.0,0.0,0.0,1.0,0.0,13.0,0.0,0,948.0,948.0,879.0,Y1
1.0,1.0,1.0,0.0,0.0,0.0,2.0,3.0,1.0,0,814.0,814.0,950.0,Y1
1.0,1.0,1.0,1.0,2.0,0.0,-1.0,9.0,1.0,0,891.0,891.0,936.0,Y1
1.0,1.0,2.0,1.0,2.0,1.0,0.0,17.0,0.0,0,868.0,868.0,952.0,Y1
0.0,0.0,2.0,0.0,0.0,1.0,0.0,20.0,0.0,0,933.0,933.0,999.0,Y1
1.0,0.0,2.0,0.0,0.0,1.0,0.0,17.0,0.0,0,875.0,875.0,864.0,Y1
0.0,0.0,0.0,0.0,1.0,0.0,0.0,17.0,0.0,0,964.0,964.0,1021.0,Y1
1.0,0.0,3.0,1.0,1.0,2.0,0.0,13.0,0.0,0,890.0,890.0,851.0,Y1
1.0,0.0,2.0,0.0,0.0,1.0,0.0,7.0,0.0,0,1073.0,1073.0,960.0,Y1
1.0,0.0,3.0,0.0,0.0,0.0,0.0,6.0,0.0,0,933.0,933.0,996.0,Y1
0.0,0.0,3.0,0.0,0.0,0.0,0.0,15.0,0.0,1,829.0,857.0,829.0,Y0
0.0,0.0,3.0,1.0,0.0,0.0,-1.0,6.0,0.0,1,957.0,830.0,957.0,Y0
0.0,0.0,3.0,0.0,1.0,1.0,0.0,7.0,0.0,1,967.0,915.0,967.0,Y0
1.0,0.0,3.0,0.0,1.0,0.0,0.0,17.0,0.0,0,912.0,912.0,940.0,Y1
1.0,0.0,4.0,1.0,0.0,0.0,-1.0,9.0,0.0,0,847.0,847.0,805.0,Y1
1.0,0.0,2.0,0.0,1.0,1.0,0.0,13.0,0.0,0,916.0,916.0,980.0,Y1
1.0,0.0,1.0,1.0,0.0,0.0,0.0,5.0,0.0,0,884.0,884.0,946.0,Y1
0.0,1.0,2.0,1.0,1.0,0.0,-1.0,3.0,0.0,1,1068.0,896.0,1068.0,Y0
1.0,0.0,3.0,0.0,0.0,0.0,0.0,8.0,0.0,0,880.0,880.0,857.0,Y1
0.0,0.0,1.0,1.0,0.0,1.0,0.0,8.0,0.0,0,852.0,852.0,967.0,Y1
1.0,0.0,2.0,1.0,3.0,0.0,0.0,5.0,0.0,0,980.0,980.0,815.0,Y1
1.0,1.0,1.0,1.0,2.0,0.0,1.0,0.0,0.0,0,1006.0,1006.0,893.0,Y1
1.0,0.0,7.0,1.0,3.0,1.0,0.0,12.0,0.0,1,831.0,904.0,831.0,Y0
0.0,0.0,0.0,0.0,1.0,0.0,0.0,10.0,0.0,1,953.0,939.0,953.0,Y0
1.0,1.0,1.0,1.0,2.0,0.0,0.0,10.0,1.0,0,1072.0,1072.0,892.0,Y1
1.0,1.0,3.0,1.0,1.0,0.0,-1.0,12.0,1.0,0,825.0,825.0,931.0,Y1
1.0,0.0,0.0,0.0,0.0,1.0,0.0,17.0,0.0,0,902.0,902.0,921.0,Y1
1.0,0.0,2.0,0.0,1.0,0.0,0.0,5.0,1.0,0,846.0,846.0,976.0,Y1
1.0,0.0,2.0,1.0,0.0,1.0,0.0,4.0,0.0,1,992.0,827.0,992.0,Y0
1.0,0.0,0.0,0.0,0.0,1.0,0.0,12.0,0.0,0,965.0,965.0,947.0,Y1
1.0,0.0,7.0,1.0,1.0,0.0,0.0,15.0,0.0,0,823.0,823.0,911.0,Y1
1.0,1.0,5.0,1.0,2.0,1.0,0.0,7.0,0.0,0,896.0,896.0,855.0,Y1
1.0,1.0,1.0,1.0,2.0,0.0,-1.0,3.0,1.0,0,779.0,779.0,892.0,Y1
0.0,0.0,2.0,1.0,0.0,1.0,0.0,12.0,0.0,0,930.0,930.0,999.0,Y1
0.0,0.0,0.0,0.0,0.0,0.0,0.0,13.0,0.0,0,904.0,904.0,1043.0,Y1
0.0,0.0,3.0,0.0,0.0,0.0,0.0,11.0,0.0,0,944.0,944.0,923.0,Y1
0.0,0.0,0.0,1.0,0.0,0.0,0.0,11.0,0.0,1,1098.0,879.0,1098.0,Y0
1.0,1.0,2.0,1.0,2.0,0.0,2.0,1.0,0.0,1,839.0,904.0,839.0,Y0
1.0,0.0,7.0,0.0,0.0,0.0,0.0,15.0,0.0,0,987.0,987.0,1105.0,Y1
1.0,0.0,0.0,1.0,1.0,0.0,-1.0,18.0,1.0,0,903.0,903.0,906.0,Y1
1.0,1.0,4.0,1.0,0.0,1.0,0.0,4.0,0.0,0,870.0,870.0,960.0,Y1
1.0,0.0,1.0,1.0,0.0,1.0,0.0,13.0,0.0,0,895.0,895.0,948.0,Y1
1.0,0.0,0.0,0.0,0.0,1.0,0.0,13.0,0.0,0,921.0,921.0,859.0,Y1
0.0,0.0,2.0,0.0,1.0,0.0,-1.0,5.0,0.0,1,820.0,893.0,820.0,Y0
0.0,1.0,3.0,1.0,2.0,0.0,2.0,1.0,1.0,1,967.0,890.0,967.0,Y0
1.0,0.0,3.0,0.0,0.0,0.0,-1.0,5.0,0.0,0,950.0,950.0,931.0,Y1
0.0,0.0,1.0,0.0,0.0,1.0,0.0,12.0,0.0,0,919.0,919.0,1059.0,Y1
1.0,1.0,2.0,1.0,0.0,1.0,0.0,13.0,0.0,0,816.0,816.0,952.0,Y1
1.0,0.0,0.0,1.0,3.0,0.0,-1.0,11.0,0.0,0,1007.0,1007.0,872.0,Y1
1.0,0.0,3.0,1.0,0.0,0.0,3.0,9.0,0.0,0,989.0,989.0,834.0,Y1
0.0,0.0,1.0,0.0,0.0,1.0,5.0,11.0,0.0,1,859.0,1004.0,859.0,Y0
0.0,0.0,0.0,0.0,3.0,1.0,0.0,13.0,0.0,1,1074.0,999.0,1074.0,Y0
1.0,0.0,1.0,1.0,0.0,0.0,0.0,6.0,0.0,0,913.0,913.0,991.0,Y1
1.0,0.0,2.0,0.0,0.0,0.0,0.0,8.0,0.0,1,906.0,954.0,906.0,Y0
1.0,0.0,0.0,0.0,0.0,0.0,0.0,10.0,0.0,1,888.0,961.0,888.0,Y0
0.0,0.0,2.0,0.0,3.0,0.0,0.0,21.0,0.0,1,952.0,864.0,952.0,Y0
0.0,1.0,7.0,0.0,1.0,0.0,2.0,5.0,1.0,1,970.0,1044.0,970.0,Y0
0.0,1.0,3.0,1.0,2.0,0.0,-1.0,6.0,1.0,0,842.0,842.0,900.0,Y1
0.0,0.0,2.0,0.0,0.0,1.0,0.0,3.0,0.0,0,917.0,917.0,972.0,Y1
1.0,0.0,3.0,0.0,0.0,0.0,0.0,8.0,0.0,0,886.0,886.0,857.0,Y1
0.0,0.0,0.0,0.0,0.0,3.0,0.0,14.0,0.0,1,1008.0,847.0,1008.0,Y0
0.0,0.0,2.0,0.0,0.0,1.0,0.0,10.0,0.0,0,871.0,871.0,924.0,Y1
1.0,0.0,2.0,1.0,0.0,0.0,-1.0,5.0,0.0,0,942.0,942.0,809.0,Y1
1.0,0.0,0.0,0.0,1.0,1.0,0.0,14.0,0.0,0,936.0,936.0,953.0,Y1
1.0,1.0,0.0,0.0,2.0,0.0,0.0,9.0,1.0,0,961.0,961.0,989.0,Y1
1.0,1.0,2.0,0.0,1.0,0.0,-1.0,12.0,1.0,0,891.0,891.0,945.0,Y1
1.0,1.0,1.0,1.0,2.0,1.0,0.0,10.0,1.0,1,847.0,842.0,847.0,Y0
1.0,0.0,2.0,0.0,0.0,1.0,0.0,13.0,0.0,0,928.0,928.0,864.0,Y1
0.0,0.0,0.0,0.0,0.0,0.0,0.0,4.0,0.0,0,885.0,885.0,911.0,Y1
1.0,0.0,2.0,0.0,0.0,0.0,-1.0,9.0,0.0,0,953.0,953.0,931.0,Y1
0.0,0.0,1.0,0.0,0.0,1.0,0.0,5.0,0.0,0,922.0,922.0,1083.0,Y1
0.0,0.0,2.0,0.0,0.0,1.0,0.0,6.0,0.0,0,971.0,971.0,867.0,Y1
1.0,0.0,1.0,1.0,0.0,0.0,0.0,2.0,0.0,1,909.0,889.0,909.0,Y0
1.0,0.0,2.0,0.0,1.0,0.0,5.0,3.0,0.0,0,971.0,971.0,872.0,Y1
1.0,0.0,1.0,1.0,0.0,1.0,0.0,12.0,0.0,0,949.0,949.0,948.0,Y1
1.0,0.0,4.0,1.0,0.0,0.0,0.0,12.0,0.0,0,796.0,796.0,1065.0,Y1
0.0,0.0,0.0,0.0,1.0,0.0,0.0,18.0,0.0,0,1015.0,1015.0,1021.0,Y1
0.0,0.0,0.0,0.0,0.0,1.0,0.0,13.0,0.0,0,902.0,902.0,908.0,Y1
0.0,0.0,4.0,1.0,0.0,0.0,-1.0,12.0,0.0,1,802.0,820.0,802.0,Y0
0.0,1.0,0.0,1.0,2.0,0.0,2.0,1.0,1.0,1,933.0,863.0,933.0,Y0
0.0,0.0,3.0,1.0,3.0,1.0,0.0,14.0,0.0,1,1000.0,857.0,1000.0,Y0
1.0,1.0,2.0,1.0,2.0,0.0,-1.0,3.0,1.0,0,777.0,777.0,983.0,Y1
0.0,1.0,3.0,1.0,1.0,0.0,-1.0,2.0,0.0,0,883.0,883.0,1000.0,Y1
1.0,1.0,0.0,1.0,2.0,0.0,0.0,11.0,0.0,0,976.0,976.0,896.0,Y1
1.0,0.0,3.0,0.0,0.0,1.0,0.0,11.0,0.0,0,887.0,887.0,891.0,Y1
0.0,0.0,2.0,1.0,1.0,1.0,0.0,15.0,0.0,1,976.0,904.0,976.0,Y0
1.0,1.0,0.0,1.0,0.0,0.0,0.0,9.0,0.0,1,951.0,966.0,951.0,Y0
0.0,0.0,0.0,0.0,1.0,1.0,0.0,15.0,0.0,1,1047.0,998.0,1047.0,Y0
1.0,0.0,1.0,0.0,3.0,2.0,0.0,12.0,0.0,1,1073.0,996.0,1073.0,Y0
0.0,0.0,2.0,1.0,0.0,1.0,0.0,6.0,0.0,0,940.0,940.0,921.0,Y1
0.0,0.0,3.0,1.0,0.0,2.0,0.0,8.0,0.0,1,868.0,837.0,868.0,Y0
0.0,0.0,0.0,0.0,3.0,2.0,0.0,13.0,0.0,0,889.0,889.0,961.0,Y1
1.0,0.0,3.0,0.0,1.0,1.0,1.0,8.0,0.0,1,921.0,845.0,921.0,Y0
1.0,1.0,3.0,0.0,2.0,0.0,0.0,9.0,1.0,0,871.0,871.0,956.0,Y1
0.0,0.0,3.0,1.0,0.0,0.0,0.0,3.0,0.0,0,816.0,816.0,950.0,Y1
1.0,0.0,0.0,0.0,0.0,0.0,0.0,20.0,0.0,0,1015.0,1015.0,942.0,Y1
0.0,0.0,0.0,1.0,0.0,0.0,0.0,2.0,0.0,1,883.0,1087.0,883.0,Y0
1.0,0.0,1.0,0.0,0.0,1.0,0.0,8.0,1.0,0,886.0,886.0,959.0,Y1
0.0,0.0,1.0,-1.0,0.0,0.0,0.0,2.0,-1.0,0,919.0,919.0,910.0,Y1
1.0,1.0,0.0,1.0,2.0,0.0,0.0,6.0,0.0,1,896.0,847.0,896.0,Y0
0.0,1.0,0.0,1.0,1.0,0.0,-1.0,18.0,1.0,0,981.0,981.0,877.0,Y1
1.0,0.0,3.0,1.0,0.0,1.0,0.0,12.0,0.0,0,867.0,867.0,981.0,Y1
0.0,1.0,2.0,1.0,0.0,0.0,3.0,9.0,0.0,0,961.0,961.0,901.0,Y1
0.0,1.0,0.0,1.0,2.0,0.0,0.0,16.0,1.0,0,868.0,868.0,857.0,Y1
1.0,1.0,0.0,1.0,2.0,0.0,1.0,0.0,0.0,0,841.0,841.0,893.0,Y1
1.0,0.0,3.0,0.0,1.0,1.0,0.0,12.0,0.0,1,845.0,941.0,845.0,Y0
1.0,1.0,2.0,0.0,0.0,0.0,0.0,21.0,0.0,1,860.0,815.0,860.0,Y0
0.0,1.0,1.0,0.0,1.0,0.0,0.0,3.0,0.0,1,920.0,953.0,920.0,Y0
0.0,1.0,3.0,1.0,0.0,0.0,-1.0,6.0,0.0,1,747.0,818.0,747.0,Y0
0.0,1.0,0.0,1.0,2.0,1.0,0.0,11.0,1.0,0,952.0,952.0,844.0,Y1
1.0,0.0,0.0,1.0,3.0,0.0,-1.0,11.0,0.0,0,963.0,963.0,872.0,Y1
0.0,0.0,2.0,0.0,1.0,0.0,-1.0,18.0,1.0,0,856.0,856.0,989.0,Y1
0.0,0.0,2.0,0.0,2.0,1.0,1.0,3.0,1.0,0,806.0,806.0,947.0,Y1
1.0,1.0,0.0,1.0,2.0,1.0,0.0,7.0,0.0,0,945.0,945.0,810.0,Y1
0.0,0.0,3.0,1.0,0.0,0.0,0.0,13.0,0.0,0,828.0,828.0,941.0,Y1
1.0,0.0,1.0,1.0,0.0,0.0,0.0,8.0,0.0,1,997.0,1012.0,997.0,Y0
1.0,0.0,1.0,0.0,1.0,0.0,1.0,14.0,0.0,0,963.0,963.0,847.0,Y1
1.0,0.0,3.0,0.0,1.0,1.0,0.0,14.0,0.0,0,886.0,886.0,1020.0,Y1
1.0,0.0,3.0,0.0,0.0,1.0,0.0,15.0,0.0,0,879.0,879.0,866.0,Y1
0.0,1.0,3.0,1.0,2.0,0.0,0.0,6.0,0.0,0,834.0,834.0,967.0,Y1
1.0,0.0,4.0,1.0,0.0,1.0,0.0,4.0,0.0,0,837.0,837.0,805.0,Y1
0.0,0.0,0.0,0.0,0.0,1.0,0.0,9.0,0.0,0,964.0,964.0,1057.0,Y1
1.0,0.0,1.0,0.0,3.0,1.0,0.0,6.0,0.0,0,882.0,882.0,956.0,Y1
1.0,1.0,0.0,1.0,2.0,0.0,0.0,11.0,0.0,0,995.0,995.0,896.0,Y1
1.0,0.0,2.0,1.0,0.0,0.0,0.0,5.0,0.0,0,863.0,863.0,936.0,Y1
1.0,1.0,2.0,0.0,0.0,0.0,0.0,11.0,0.0,0,972.0,972.0,784.0,Y1
1.0,1.0,2.0,1.0,1.0,0.0,-1.0,2.0,0.0,0,917.0,917.0,1144.0,Y1
1.0,0.0,7.0,0.0,3.0,0.0,1.0,1.0,0.0,1,861.0,1031.0,861.0,Y0
1.0,0.0,2.0,0.0,0.0,0.0,0.0,4.0,0.0,1,1024.0,937.0,1024.0,Y0
0.0,0.0,0.0,0.0,0.0,0.0,0.0,8.0,0.0,0,972.0,972.0,929.0,Y1
0.0,0.0,2.0,0.0,1.0,0.0,0.0,8.0,0.0,0,923.0,923.0,936.0,Y1
1.0,0.0,2.0,1.0,3.0,0.0,2.0,5.0,0.0,0,918.0,918.0,859.0,Y1
1.0,0.0,1.0,1.0,0.0,0.0,0.0,8.0,0.0,0,831.0,831.0,997.0,Y1
0.0,0.0,1.0,0.0,1.0,1.0,0.0,12.0,0.0,0,1156.0,1156.0,954.0,Y1
1.0,0.0,0.0,0.0,0.0,0.0,0.0,13.0,0.0,0,1105.0,1105.0,878.0,Y1
1.0,0.0,3.0,0.0,0.0,0.0,0.0,13.0,0.0,0,879.0,879.0,916.0,Y1
0.0,1.0,2.0,1.0,2.0,0.0,0.0,6.0,1.0,0,897.0,897.0,872.0,Y1
1.0,0.0,2.0,0.0,0.0,0.0,0.0,12.0,0.0,1,903.0,973.0,903.0,Y0
1.0,0.0,0.0,0.0,1.0,0.0,1.0,0.0,0.0,0,852.0,852.0,1033.0,Y1
1.0,0.0,3.0,1.0,0.0,1.0,0.0,4.0,0.0,0,874.0,874.0,870.0,Y1
0.0,0.0,3.0,1.0,0.0,1.0,0.0,20.0,0.0,0,928.0,928.0,917.0,Y1
0.0,1.0,0.0,0.0,1.0,0.0,0.0,21.0,1.0,0,948.0,948.0,1026.0,Y1
1.0,0.0,0.0,0.0,2.0,0.0,0.0,9.0,0.0,0,909.0,909.0,1038.0,Y1
0.0,0.0,0.0,0.0,0.0,1.0,0.0,12.0,0.0,0,914.0,914.0,909.0,Y1
1.0,0.0,0.0,0.0,1.0,0.0,0.0,11.0,0.0,1,928.0,816.0,928.0,Y0
1.0,0.0,2.0,0.0,0.0,1.0,0.0,3.0,0.0,0,931.0,931.0,976.0,Y1
1.0,0.0,0.0,0.0,0.0,0.0,3.0,10.0,0.0,0,1090.0,1090.0,855.0,Y1
0.0,0.0,1.0,0.0,1.0,0.0,0.0,8.0,0.0,0,869.0,869.0,890.0,Y1
1.0,0.0,4.0,0.0,0.0,0.0,0.0,11.0,0.0,0,1156.0,1156.0,950.0,Y1
0.0,1.0,0.0,1.0,2.0,0.0,0.0,5.0,0.0,1,957.0,849.0,957.0,Y0
0.0,0.0,0.0,0.0,3.0,0.0,-1.0,11.0,0.0,0,1019.0,1019.0,897.0,Y1
1.0,0.0,2.0,1.0,3.0,0.0,0.0,17.0,0.0,0,873.0,873.0,933.0,Y1
1.0,0.0,4.0,0.0,0.0,0.0,0.0,15.0,0.0,1,919.0,992.0,919.0,Y0
0.0,1.0,3.0,1.0,1.0,0.0,2.0,1.0,0.0,0,948.0,948.0,842.0,Y1
1.0,1.0,1.0,1.0,2.0,0.0,-1.0,2.0,0.0,0,868.0,868.0,831.0,Y1
0.0,1.0,4.0,1.0,2.0,0.0,-1.0,2.0,0.0,0,825.0,825.0,913.0,Y1
0.0,1.0,1.0,0.0,1.0,1.0,0.0,20.0,0.0,1,924.0,892.0,924.0,Y0
1.0,2.0,2.0,0.0,1.0,0.0,-1.0,10.0,1.0,1,926.0,832.0,926.0,Y0
0.0,0.0,0.0,0.0,0.0,0.0,0.0,6.0,0.0,0,842.0,842.0,1018.0,Y1
1.0,0.0,0.0,0.0,3.0,1.0,0.0,14.0,0.0,1,990.0,1003.0,990.0,Y0
1.0,0.0,2.0,0.0,1.0,0.0,0.0,17.0,0.0,0,919.0,919.0,966.0,Y1
0.0,1.0,3.0,1.0,1.0,0.0,-1.0,0.0,0.0,0,865.0,865.0,1000.0,Y1
1.0,0.0,0.0,0.0,0.0,0.0,0.0,16.0,0.0,0,949.0,949.0,1062.0,Y1
0.0,0.0,0.0,0.0,0.0,1.0,0.0,6.0,0.0,0,858.0,858.0,995.0,Y1
1.0,1.0,1.0,0.0,1.0,0.0,0.0,11.0,1.0,1,1014.0,868.0,1014.0,Y0
1.0,0.0,1.0,1.0,0.0,0.0,0.0,21.0,0.0,1,955.0,742.0,955.0,Y0
0.0,0.0,1.0,1.0,0.0,1.0,0.0,12.0,0.0,0,877.0,877.0,994.0,Y1
0.0,0.0,2.0,1.0,0.0,0.0,0.0,11.0,0.0,0,996.0,996.0,969.0,Y1
1.0,0.0,0.0,1.0,0.0,0.0,1.0,0.0,0.0,0,900.0,900.0,914.0,Y1
1.0,1.0,0.0,1.0,0.0,1.0,0.0,8.0,0.0,0,978.0,978.0,877.0,Y1
0.0,0.0,4.0,0.0,3.0,0.0,1.0,1.0,0.0,1,981.0,900.0,981.0,Y0
0.0,0.0,3.0,0.0,1.0,0.0,0.0,18.0,0.0,0,896.0,896.0,1050.0,Y1
0.0,0.0,0.0,0.0,1.0,0.0,0.0,12.0,0.0,0,916.0,916.0,923.0,Y1
0.0,0.0,0.0,0.0,0.0,0.0,-1.0,2.0,0.0,0,923.0,923.0,1133.0,Y1
1.0,0.0,4.0,1.0,0.0,1.0,0.0,6.0,0.0,1,805.0,887.0,805.0,Y0
1.0,1.0,2.0,1.0,2.0,0.0,0.0,6.0,1.0,0,873.0,873.0,946.0,Y1
0.0,1.0,3.0,0.0,2.0,0.0,-1.0,9.0,1.0,0,862.0,862.0,920.0,Y1
1.0,0.0,0.0,1.0,0.0,0.0,0.0,19.0,0.0,1,886.0,1053.0,886.0,Y0
0.0,1.0,3.0,1.0,1.0,0.0,2.0,1.0,0.0,0,944.0,944.0,842.0,Y1
1.0,1.0,2.0,1.0,2.0,0.0,-1.0,3.0,1.0,0,780.0,780.0,983.0,Y1
0.0,1.0,2.0,0.0,2.0,1.0,0.0,15.0,1.0,0,812.0,812.0,834.0,Y1
0.0,1.0,1.0,1.0,2.0,0.0,-1.0,2.0,0.0,0,913.0,913.0,858.0,Y1
1.0,1.0,0.0,1.0,2.0,0.0,-1.0,3.0,1.0,0,808.0,808.0,916.0,Y1
0.0,0.0,3.0,1.0,0.0,0.0,0.0,12.0,0.0,0,898.0,898.0,941.0,Y1
0.0,0.0,2.0,0.0,1.0,0.0,-1.0,0.0,0.0,1,846.0,1006.0,846.0,Y0
0.0,1.0,0.0,1.0,2.0,1.0,0.0,15.0,1.0,0,923.0,923.0,1164.0,Y1
1.0,0.0,3.0,1.0,0.0,1.0,0.0,13.0,0.0,0,944.0,944.0,823.0,Y1
1.0,0.0,0.0,0.0,0.0,1.0,0.0,13.0,0.0,0,878.0,878.0,859.0,Y1
1.0,0.0,2.0,1.0,0.0,0.0,0.0,16.0,0.0,1,1010.0,936.0,1010.0,Y0
0.0,0.0,1.0,0.0,0.0,0.0,0.0,19.0,0.0,0,1140.0,1140.0,950.0,Y1
0.0,0.0,0.0,0.0,0.0,0.0,0.0,13.0,0.0,0,1042.0,1042.0,1043.0,Y1
0.0,0.0,0.0,0.0,0.0,0.0,0.0,7.0,0.0,1,1048.0,849.0,1048.0,Y0
1.0,1.0,7.0,1.0,3.0,1.0,0.0,12.0,0.0,1,841.0,866.0,841.0,Y0
1.0,0.0,2.0,0.0,0.0,0.0,0.0,3.0,0.0,0,863.0,863.0,942.0,Y1
1.0,0.0,1.0,0.0,0.0,1.0,0.0,8.0,0.0,0,1156.0,1156.0,909.0,Y1
1.0,1.0,1.0,0.0,1.0,0.0,1.0,0.0,0.0,1,1007.0,989.0,1007.0,Y0
0.0,1.0,2.0,1.0,0.0,0.0,2.0,3.0,1.0,0,857.0,857.0,876.0,Y1
0.0,1.0,1.0,1.0,2.0,0.0,0.0,16.0,1.0,0,895.0,895.0,855.0,Y1
1.0,1.0,1.0,1.0,2.0,1.0,0.0,10.0,1.0,0,848.0,848.0,881.0,Y1
1.0,0.0,2.0,1.0,0.0,1.0,0.0,8.0,0.0,0,821.0,821.0,909.0,Y1
1.0,0.0,0.0,0.0,3.0,0.0,1.0,1.0,0.0,1,874.0,914.0,874.0,Y0
0.0,0.0,1.0,0.0,0.0,0.0,0.0,12.0,0.0,0,914.0,914.0,1041.0,Y1
0.0,1.0,0.0,1.0,1.0,1.0,0.0,24.0,0.0,0,998.0,998.0,835.0,Y1
1.0,0.0,2.0,1.0,1.0,1.0,0.0,15.0,1.0,0,924.0,924.0,998.0,Y1
0.0,0.0,0.0,0.0,0.0,0.0,0.0,8.0,0.0,1,978.0,994.0,978.0,Y0
1.0,1.0,4.0,1.0,2.0,0.0,-1.0,3.0,1.0,0,886.0,886.0,873.0,Y1
0.0,0.0,2.0,1.0,1.0,0.0,0.0,12.0,1.0,1,950.0,979.0,950.0,Y0
1.0,1.0,3.0,1.0,2.0,0.0,0.0,12.0,1.0,0,1019.0,1019.0,1046.0,Y1
0.0,1.0,0.0,1.0,2.0,0.0,0.0,6.0,1.0,0,919.0,919.0,857.0,Y1
1.0,0.0,3.0,0.0,3.0,0.0,0.0,5.0,0.0,0,892.0,892.0,894.0,Y1
1.0,1.0,2.0,1.0,2.0,0.0,0.0,3.0,1.0,0,887.0,887.0,983.0,Y1
1.0,1.0,1.0,1.0,2.0,0.0,2.0,1.0,0.0,0,829.0,829.0,896.0,Y1
0.0,1.0,3.0,1.0,2.0,0.0,0.0,11.0,0.0,0,826.0,826.0,893.0,Y1
0.0,0.0,3.0,0.0,0.0,1.0,0.0,7.0,0.0,0,939.0,939.0,928.0,Y1
0.0,1.0,2.0,0.0,2.0,0.0,0.0,16.0,1.0,0,923.0,923.0,890.0,Y1
1.0,0.0,4.0,0.0,0.0,1.0,0.0,13.0,0.0,0,944.0,944.0,897.0,Y1
0.0,0.0,0.0,0.0,0.0,1.0,0.0,9.0,0.0,0,846.0,846.0,1057.0,Y1
0.0,0.0,3.0,0.0,0.0,0.0,0.0,8.0,0.0,1,953.0,911.0,953.0,Y0
1.0,0.0,3.0,0.0,0.0,0.0,0.0,6.0,0.0,0,1052.0,1052.0,996.0,Y1
0.0,0.0,0.0,1.0,0.0,1.0,0.0,13.0,0.0,0,947.0,947.0,889.0,Y1
0.0,0.0,1.0,0.0,0.0,0.0,-1.0,12.0,0.0,1,969.0,993.0,969.0,Y0
1.0,1.0,3.0,1.0,2.0,0.0,2.0,1.0,0.0,0,869.0,869.0,852.0,Y1
0.0,0.0,3.0,0.0,0.0,0.0,0.0,4.0,0.0,1,1031.0,847.0,1031.0,Y0
1.0,0.0,2.0,1.0,0.0,1.0,0.0,5.0,0.0,1,885.0,827.0,885.0,Y0
0.0,1.0,3.0,1.0,2.0,0.0,2.0,2.0,0.0,1,878.0,952.0,878.0,Y0
0.0,0.0,3.0,0.0,1.0,0.0,0.0,3.0,0.0,0,914.0,914.0,979.0,Y1
0.0,0.0,2.0,1.0,0.0,1.0,0.0,20.0,0.0,0,923.0,923.0,917.0,Y1
1.0,0.0,2.0,0.0,1.0,1.0,0.0,14.0,0.0,0,941.0,941.0,980.0,Y1
1.0,1.0,0.0,1.0,0.0,0.0,0.0,12.0,0.0,1,861.0,918.0,861.0,Y0
1.0,1.0,2.0,1.0,2.0,0.0,0.0,14.0,0.0,1,815.0,790.0,815.0,Y0
0.0,0.0,1.0,1.0,0.0,0.0,3.0,27.0,0.0,0,969.0,969.0,910.0,Y1
0.0,1.0,3.0,1.0,2.0,1.0,0.0,7.0,0.0,0,943.0,943.0,913.0,Y1
0.0,0.0,2.0,1.0,0.0,0.0,0.0,4.0,0.0,0,929.0,929.0,900.0,Y1
0.0,1.0,0.0,1.0,2.0,1.0,2.0,24.0,0.0,0,1071.0,1071.0,835.0,Y1
1.0,1.0,0.0,1.0,2.0,2.0,0.0,8.0,0.0,0,834.0,834.0,810.0,Y1
1.0,1.0,3.0,1.0,2.0,0.0,0.0,9.0,1.0,0,816.0,816.0,946.0,Y1
1.0,0.0,0.0,1.0,0.0,1.0,0.0,15.0,0.0,1,1015.0,916.0,1015.0,Y0
1.0,0.0,3.0,0.0,0.0,2.0,0.0,8.0,0.0,1,1010.0,862.0,1010.0,Y0
1.0,1.0,0.0,1.0,2.0,1.0,1.0,6.0,0.0,0,752.0,752.0,810.0,Y1
0.0,0.0,0.0,0.0,0.0,0.0,0.0,8.0,0.0,1,929.0,994.0,929.0,Y0
0.0,0.0,2.0,0.0,0.0,1.0,0.0,12.0,0.0,0,886.0,886.0,879.0,Y1
1.0,1.0,2.0,1.0,2.0,0.0,0.0,12.0,0.0,0,790.0,790.0,962.0,Y1
0.0,0.0,2.0,1.0,3.0,0.0,0.0,14.0,0.0,0,944.0,944.0,989.0,Y1
1.0,1.0,0.0,0.0,2.0,0.0,0.0,9.0,1.0,0,918.0,918.0,989.0,Y1
0.0,0.0,1.0,0.0,0.0,1.0,0.0,6.0,0.0,0,1022.0,1022.0,1068.0,Y1
0.0,0.0,2.0,1.0,0.0,0.0,0.0,5.0,0.0,1,917.0,852.0,917.0,Y0
0.0,1.0,2.0,1.0,2.0,0.0,0.0,11.0,0.0,0,962.0,962.0,857.0,Y1
0.0,1.0,2.0,1.0,2.0,0.0,0.0,5.0,0.0,1,1031.0,890.0,1031.0,Y0
0.0,0.0,1.0,0.0,1.0,0.0,0.0,16.0,1.0,1,1019.0,863.0,1019.0,Y0
0.0,0.0,3.0,0.0,0.0,0.0,0.0,8.0,0.0,1,802.0,911.0,802.0,Y0
0.0,1.0,0.0,1.0,2.0,0.0,-1.0,10.0,1.0,0,910.0,910.0,877.0,Y1
1.0,1.0,0.0,1.0,2.0,0.0,1.0,0.0,0.0,0,979.0,979.0,893.0,Y1
1.0,0.0,2.0,0.0,1.0,0.0,0.0,11.0,0.0,0,902.0,902.0,888.0,Y1
0.0,0.0,2.0,0.0,1.0,1.0,0.0,8.0,0.0,1,978.0,1017.0,978.0,Y0
0.0,5.0,9.0,1.0,0.0,1.0,0.0,12.0,0.0,1,863.0,807.0,863.0,Y0
0.0,0.0,1.0,1.0,0.0,1.0,0.0,6.0,0.0,0,954.0,954.0,889.0,Y1
0.0,0.0,2.0,1.0,0.0,0.0,0.0,16.0,0.0,0,940.0,940.0,887.0,Y1
1.0,0.0,1.0,0.0,1.0,0.0,0.0,16.0,0.0,0,981.0,981.0,847.0,Y1
0.0,1.0,3.0,1.0,2.0,1.0,0.0,5.0,0.0,0,864.0,864.0,981.0,Y1
1.0,0.0,2.0,1.0,0.0,0.0,0.0,14.0,0.0,0,872.0,872.0,836.0,Y1
0.0,0.0,0.0,0.0,1.0,0.0,0.0,8.0,1.0,0,942.0,942.0,868.0,Y1
1.0,0.0,2.0,0.0,0.0,0.0,0.0,12.0,0.0,0,949.0,949.0,1004.0,Y1
0.0,0.0,1.0,0.0,0.0,1.0,0.0,13.0,0.0,0,876.0,876.0,933.0,Y1
0.0,0.0,3.0,0.0,3.0,0.0,0.0,8.0,0.0,0,917.0,917.0,962.0,Y1
0.0,0.0,2.0,1.0,2.0,1.0,1.0,3.0,1.0,0,876.0,876.0,1024.0,Y1
0.0,1.0,3.0,1.0,2.0,0.0,0.0,11.0,0.0,0,783.0,783.0,893.0,Y1
1.0,1.0,0.0,1.0,2.0,0.0,0.0,3.0,1.0,0,934.0,934.0,916.0,Y1
0.0,0.0,0.0,0.0,1.0,1.0,0.0,13.0,0.0,0,994.0,994.0,878.0,Y1
1.0,0.0,0.0,0.0,0.0,0.0,0.0,15.0,0.0,0,925.0,925.0,1062.0,Y1
1.0,0.0,0.0,1.0,0.0,1.0,0.0,8.0,0.0,0,883.0,883.0,924.0,Y1
0.0,1.0,2.0,1.0,1.0,1.0,0.0,10.0,0.0,0,834.0,834.0,881.0,Y1
1.0,1.0,0.0,1.0,2.0,0.0,1.0,0.0,1.0,0,874.0,874.0,974.0,Y1
1.0,0.0,4.0,0.0,0.0,0.0,0.0,3.0,0.0,0,870.0,870.0,823.0,Y1
1.0,0.0,1.0,1.0,1.0,0.0,0.0,7.0,0.0,0,846.0,846.0,789.0,Y1
1.0,1.0,3.0,1.0,2.0,0.0,0.0,20.0,1.0,0,874.0,874.0,931.0,Y1
0.0,0.0,1.0,0.0,0.0,1.0,0.0,21.0,0.0,0,941.0,941.0,902.0,Y1
1.0,1.0,0.0,1.0,2.0,0.0,2.0,1.0,0.0,1,833.0,891.0,833.0,Y0
1.0,0.0,3.0,0.0,1.0,0.0,1.0,14.0,0.0,0,1027.0,1027.0,940.0,Y1
0.0,1.0,0.0,1.0,2.0,0.0,-1.0,14.0,1.0,1,887.0,910.0,887.0,Y0
0.0,1.0,0.0,1.0,2.0,0.0,0.0,3.0,1.0,0,908.0,908.0,1046.0,Y1
0.0,0.0,0.0,0.0,0.0,0.0,0.0,10.0,0.0,0,1037.0,1037.0,989.0,Y1
1.0,0.0,2.0,0.0,0.0,1.0,0.0,6.0,0.0,0,931.0,931.0,1100.0,Y1
0.0,2.0,2.0,0.0,0.0,0.0,0.0,11.0,0.0,0,919.0,919.0,917.0,Y1
0.0,0.0,0.0,0.0,0.0,0.0,0.0,6.0,0.0,1,1018.0,934.0,1018.0,Y0
0.0,0.0,0.0,1.0,0.0,0.0,0.0,14.0,0.0,0,880.0,880.0,869.0,Y1
1.0,1.0,2.0,0.0,1.0,0.0,2.0,1.0,1.0,0,846.0,846.0,950.0,Y1
1.0,1.0,1.0,0.0,2.0,0.0,0.0,6.0,0.0,0,802.0,802.0,862.0,Y1
0.0,0.0,3.0,0.0,1.0,1.0,0.0,18.0,0.0,1,940.0,956.0,940.0,Y0
0.0,0.0,0.0,0.0,1.0,0.0,0.0,17.0,0.0,0,939.0,939.0,1021.0,Y1
1.0,0.0,0.0,0.0,1.0,0.0,1.0,0.0,0.0,0,926.0,926.0,1033.0,Y1
1.0,0.0,3.0,0.0,0.0,1.0,0.0,8.0,0.0,0,929.0,929.0,949.0,Y1
0.0,0.0,2.0,0.0,0.0,0.0,0.0,11.0,0.0,0,948.0,948.0,1015.0,Y1
0.0,0.0,1.0,0.0,1.0,1.0,0.0,7.0,0.0,1,894.0,970.0,894.0,Y0
1.0,0.0,3.0,0.0,1.0,1.0,4.0,15.0,0.0,0,964.0,964.0,872.0,Y1
1.0,0.0,2.0,0.0,0.0,1.0,0.0,9.0,0.0,0,918.0,918.0,1051.0,Y1
1.0,0.0,4.0,1.0,1.0,0.0,2.0,1.0,1.0,0,923.0,923.0,891.0,Y1
1.0,0.0,1.0,0.0,0.0,0.0,0.0,11.0,0.0,0,873.0,873.0,933.0,Y1
1.0,1.0,0.0,1.0,2.0,0.0,2.0,2.0,0.0,1,911.0,891.0,911.0,Y0
1.0,1.0,2.0,1.0,2.0,0.0,2.0,1.0,1.0,1,856.0,896.0,856.0,Y0
0.0,0.0,0.0,0.0,0.0,1.0,0.0,4.0,0.0,0,1102.0,1102.0,1011.0,Y1
0.0,1.0,3.0,1.0,2.0,0.0,-1.0,10.0,1.0,0,846.0,846.0,891.0,Y1
0.0,1.0,3.0,1.0,2.0,1.0,0.0,11.0,1.0,0,872.0,872.0,873.0,Y1
1.0,0.0,3.0,0.0,0.0,1.0,0.0,5.0,0.0,0,885.0,885.0,957.0,Y1
1.0,0.0,0.0,0.0,0.0,1.0,0.0,12.0,0.0,0,921.0,921.0,947.0,Y1
1.0,0.0,7.0,0.0,0.0,2.0,0.0,6.0,0.0,1,922.0,962.0,922.0,Y0
0.0,0.0,1.0,0.0,0.0,0.0,-1.0,12.0,0.0,1,876.0,993.0,876.0,Y0
0.0,1.0,3.0,1.0,2.0,0.0,-1.0,9.0,1.0,0,911.0,911.0,891.0,Y1
0.0,0.0,1.0,0.0,1.0,0.0,0.0,7.0,0.0,0,912.0,912.0,890.0,Y1
0.0,1.0,2.0,1.0,2.0,0.0,0.0,16.0,1.0,0,901.0,901.0,872.0,Y1
1.0,0.0,1.0,0.0,0.0,1.0,0.0,6.0,0.0,0,888.0,888.0,895.0,Y1
0.0,0.0,0.0,1.0,0.0,0.0,0.0,4.0,0.0,0,875.0,875.0,832.0,Y1
0.0,0.0,2.0,0.0,0.0,1.0,0.0,17.0,0.0,0,950.0,950.0,999.0,Y1
1.0,1.0,3.0,1.0,1.0,0.0,-1.0,2.0,0.0,0,899.0,899.0,980.0,Y1
0.0,0.0,0.0,0.0,0.0,1.0,0.0,15.0,0.0,0,988.0,988.0,908.0,Y1
1.0,0.0,3.0,0.0,2.0,0.0,0.0,9.0,1.0,0,852.0,852.0,1074.0,Y1
0.0,0.0,1.0,0.0,0.0,0.0,1.0,0.0,0.0,0,1171.0,1171.0,931.0,Y1
0.0,1.0,1.0,1.0,2.0,0.0,-1.0,14.0,1.0,1,915.0,884.0,915.0,Y0
1.0,0.0,1.0,0.0,0.0,1.0,0.0,20.0,0.0,0,989.0,989.0,951.0,Y1
0.0,0.0,3.0,0.0,1.0,0.0,0.0,5.0,1.0,0,808.0,808.0,878.0,Y1
0.0,0.0,2.0,1.0,1.0,0.0,0.0,16.0,0.0,0,979.0,979.0,887.0,Y1
0.0,1.0,2.0,1.0,2.0,0.0,2.0,2.0,0.0,1,862.0,945.0,862.0,Y0
1.0,0.0,2.0,0.0,0.0,0.0,-1.0,9.0,0.0,0,954.0,954.0,931.0,Y1
1.0,1.0,3.0,1.0,2.0,0.0,0.0,14.0,0.0,1,909.0,802.0,909.0,Y0
1.0,0.0,1.0,0.0,0.0,0.0,0.0,13.0,0.0,0,947.0,947.0,1133.0,Y1
0.0,0.0,2.0,0.0,1.0,1.0,0.0,20.0,0.0,1,902.0,983.0,902.0,Y0
1.0,0.0,1.0,0.0,0.0,0.0,0.0,5.0,0.0,0,915.0,915.0,1017.0,Y1
0.0,0.0,3.0,1.0,0.0,0.0,0.0,14.0,0.0,0,862.0,862.0,864.0,Y1
1.0,1.0,2.0,1.0,2.0,0.0,-1.0,2.0,0.0,1,862.0,905.0,862.0,Y0
0.0,0.0,3.0,0.0,0.0,0.0,2.0,1.0,0.0,0,929.0,929.0,967.0,Y1
1.0,1.0,1.0,-1.0,2.0,0.0,0.0,6.0,-1.0,0,879.0,879.0,847.0,Y1
1.0,0.0,2.0,0.0,0.0,0.0,0.0,16.0,0.0,0,911.0,911.0,857.0,Y1
0.0,0.0,0.0,1.0,0.0,0.0,0.0,16.0,0.0,0,987.0,987.0,869.0,Y1
1.0,0.0,0.0,0.0,1.0,0.0,0.0,12.0,1.0,1,986.0,938.0,986.0,Y0
0.0,1.0,3.0,1.0,2.0,0.0,0.0,10.0,1.0,0,879.0,879.0,900.0,Y1
1.0,0.0,2.0,0.0,1.0,0.0,0.0,5.0,1.0,0,905.0,905.0,976.0,Y1
0.0,1.0,1.0,0.0,2.0,0.0,0.0,9.0,1.0,0,920.0,920.0,1026.0,Y1
0.0,0.0,1.0,1.0,0.0,0.0,2.0,2.0,0.0,0,1017.0,1017.0,905.0,Y1
0.0,1.0,3.0,1.0,2.0,0.0,-1.0,3.0,1.0,0,798.0,798.0,923.0,Y1
0.0,0.0,0.0,0.0,1.0,1.0,0.0,20.0,0.0,1,942.0,862.0,942.0,Y0
1.0,1.0,3.0,0.0,0.0,1.0,0.0,8.0,0.0,0,882.0,882.0,880.0,Y1
0.0,0.0,3.0,0.0,1.0,2.0,0.0,13.0,0.0,0,895.0,895.0,906.0,Y1
1.0,0.0,0.0,0.0,3.0,0.0,0.0,14.0,0.0,0,982.0,982.0,966.0,Y1
1.0,0.0,2.0,1.0,0.0,0.0,0.0,2.0,0.0,1,832.0,933.0,832.0,Y0
0.0,0.0,4.0,0.0,0.0,1.0,0.0,12.0,0.0,1,1046.0,932.0,1046.0,Y0
0.0,1.0,3.0,1.0,2.0,0.0,0.0,12.0,1.0,0,997.0,997.0,920.0,Y1
0.0,0.0,0.0,0.0,3.0,0.0,0.0,11.0,0.0,0,911.0,911.0,897.0,Y1
0.0,0.0,1.0,0.0,0.0,0.0,0.0,6.0,0.0,0,895.0,895.0,1056.0,Y1
1.0,1.0,3.0,0.0,0.0,1.0,0.0,8.0,0.0,0,895.0,895.0,880.0,Y1
1.0,0.0,7.0,1.0,0.0,1.0,0.0,5.0,0.0,0,879.0,879.0,829.0,Y1
1.0,1.0,3.0,1.0,1.0,0.0,2.0,1.0,1.0,0,857.0,857.0,891.0,Y1
0.0,0.0,3.0,0.0,0.0,1.0,0.0,12.0,0.0,0,950.0,950.0,876.0,Y1
1.0,0.0,9.0,1.0,3.0,1.0,0.0,6.0,0.0,0,837.0,837.0,867.0,Y1
0.0,1.0,2.0,1.0,2.0,0.0,2.0,2.0,1.0,1,845.0,924.0,845.0,Y0
0.0,1.0,3.0,1.0,2.0,0.0,-1.0,14.0,1.0,1,894.0,846.0,894.0,Y0
1.0,0.0,3.0,1.0,0.0,1.0,0.0,8.0,0.0,0,940.0,940.0,954.0,Y1
0.0,0.0,2.0,0.0,1.0,0.0,-1.0,2.0,0.0,0,1006.0,1006.0,870.0,Y1
0.0,1.0,1.0,1.0,1.0,0.0,-1.0,12.0,1.0,0,877.0,877.0,915.0,Y1
1.0,1.0,3.0,1.0,2.0,1.0,0.0,6.0,0.0,1,922.0,910.0,922.0,Y0
0.0,1.0,3.0,1.0,0.0,1.0,0.0,13.0,0.0,0,881.0,881.0,881.0,Y1
1.0,1.0,2.0,1.0,2.0,0.0,0.0,12.0,1.0,0,1003.0,1003.0,857.0,Y1
0.0,0.0,1.0,0.0,2.0,0.0,0.0,9.0,1.0,0,917.0,917.0,1019.0,Y1
1.0,0.0,2.0,0.0,1.0,0.0,0.0,3.0,0.0,0,925.0,925.0,914.0,Y1
1.0,0.0,1.0,0.0,0.0,1.0,0.0,13.0,0.0,0,900.0,900.0,923.0,Y1
0.0,0.0,0.0,0.0,0.0,0.0,0.0,2.0,0.0,1,915.0,989.0,915.0,Y0
0.0,1.0,3.0,1.0,0.0,1.0,3.0,11.0,0.0,0,871.0,871.0,901.0,Y1
1.0,1.0,3.0,1.0,0.0,0.0,0.0,8.0,0.0,0,863.0,863.0,1002.0,Y1
0.0,0.0,1.0,0.0,0.0,1.0,0.0,8.0,1.0,0,952.0,952.0,1027.0,Y1
1.0,0.0,0.0,1.0,0.0,0.0,0.0,14.0,0.0,0,906.0,906.0,949.0,Y1
1.0,1.0,2.0,1.0,2.0,1.0,0.0,17.0,0.0,0,877.0,877.0,952.0,Y1
0.0,1.0,2.0,1.0,2.0,0.0,0.0,6.0,0.0,0,851.0,851.0,1019.0,Y1
1.0,0.0,4.0,1.0,0.0,2.0,0.0,12.0,0.0,0,917.0,917.0,801.0,Y1
1.0,0.0,1.0,1.0,0.0,1.0,0.0,10.0,0.0,0,993.0,993.0,1047.0,Y1
1.0,0.0,0.0,0.0,0.0,0.0,3.0,10.0,0.0,0,971.0,971.0,855.0,Y1
1.0,1.0,2.0,0.0,1.0,0.0,-1.0,10.0,1.0,1,945.0,888.0,945.0,Y0
1.0,0.0,2.0,0.0,0.0,0.0,0.0,8.0,0.0,0,908.0,908.0,928.0,Y1
1.0,0.0,1.0,0.0,1.0,0.0,0.0,16.0,0.0,0,1171.0,1171.0,847.0,Y1
0.0,0.0,4.0,0.0,0.0,1.0,0.0,15.0,0.0,0,1051.0,1051.0,1046.0,Y1
1.0,1.0,3.0,0.0,1.0,0.0,0.0,6.0,0.0,0,971.0,971.0,784.0,Y1
0.0,0.0,2.0,1.0,0.0,0.0,0.0,14.0,0.0,1,852.0,851.0,852.0,Y0
1.0,1.0,1.0,1.0,2.0,0.0,-1.0,9.0,1.0,0,894.0,894.0,936.0,Y1
1.0,0.0,3.0,0.0,0.0,0.0,0.0,6.0,0.0,0,889.0,889.0,996.0,Y1
0.0,0.0,2.0,1.0,2.0,0.0,0.0,9.0,0.0,1,902.0,875.0,902.0,Y0
0.0,0.0,3.0,1.0,0.0,1.0,0.0,13.0,0.0,0,889.0,889.0,846.0,Y1
0.0,0.0,0.0,1.0,0.0,1.0,0.0,9.0,0.0,0,867.0,867.0,876.0,Y1
1.0,0.0,0.0,0.0,3.0,0.0,0.0,13.0,0.0,0,887.0,887.0,966.0,Y1
1.0,1.0,0.0,0.0,2.0,0.0,2.0,2.0,0.0,1,998.0,933.0,998.0,Y0
0.0,0.0,4.0,0.0,1.0,0.0,0.0,17.0,0.0,0,910.0,910.0,1050.0,Y1
0.0,0.0,0.0,0.0,0.0,1.0,0.0,9.0,0.0,0,1031.0,1031.0,1057.0,Y1
0.0,0.0,0.0,0.0,1.0,0.0,1.0,0.0,0.0,0,950.0,950.0,789.0,Y1
1.0,1.0,0.0,1.0,2.0,0.0,0.0,11.0,0.0,0,951.0,951.0,896.0,Y1
0.0,1.0,3.0,1.0,2.0,0.0,2.0,1.0,0.0,1,907.0,952.0,907.0,Y0
0.0,0.0,3.0,1.0,0.0,0.0,0.0,12.0,0.0,0,901.0,901.0,941.0,Y1
1.0,0.0,0.0,0.0,0.0,0.0,0.0,8.0,0.0,0,990.0,990.0,929.0,Y1
1.0,0.0,7.0,0.0,1.0,0.0,0.0,5.0,0.0,1,928.0,921.0,928.0,Y0
0.0,1.0,3.0,0.0,1.0,0.0,0.0,20.0,1.0,0,1106.0,1106.0,890.0,Y1
1.0,0.0,1.0,0.0,1.0,1.0,0.0,12.0,0.0,0,1002.0,1002.0,1074.0,Y1
1.0,0.0,0.0,0.0,3.0,0.0,0.0,11.0,0.0,0,898.0,898.0,923.0,Y1
0.0,0.0,1.0,0.0,0.0,1.0,0.0,4.0,0.0,1,1083.0,1036.0,1083.0,Y0
1.0,1.0,1.0,1.0,2.0,0.0,2.0,0.0,0.0,0,851.0,851.0,896.0,Y1
1.0,0.0,3.0,0.0,3.0,0.0,0.0,8.0,0.0,0,905.0,905.0,894.0,Y1
1.0,1.0,2.0,1.0,2.0,0.0,0.0,6.0,1.0,0,845.0,845.0,946.0,Y1
0.0,0.0,2.0,0.0,0.0,1.0,0.0,4.0,0.0,1,996.0,981.0,996.0,Y0
1.0,1.0,4.0,1.0,2.0,2.0,0.0,8.0,0.0,0,783.0,783.0,855.0,Y1
1.0,0.0,1.0,1.0,0.0,1.0,0.0,8.0,1.0,0,904.0,904.0,998.0,Y1
1.0,0.0,3.0,1.0,0.0,0.0,0.0,19.0,0.0,1,909.0,867.0,909.0,Y0
1.0,0.0,2.0,1.0,0.0,1.0,0.0,15.0,0.0,1,955.0,1042.0,955.0,Y0
1.0,1.0,8.0,0.0,0.0,1.0,0.0,7.0,0.0,0,832.0,832.0,834.0,Y1
1.0,1.0,2.0,0.0,2.0,0.0,2.0,1.0,0.0,1,913.0,933.0,913.0,Y0
1.0,0.0,2.0,0.0,3.0,0.0,1.0,0.0,0.0,0,826.0,826.0,1010.0,Y1
1.0,0.0,3.0,1.0,3.0,0.0,0.0,13.0,0.0,1,872.0,925.0,872.0,Y0
1.0,0.0,4.0,1.0,0.0,1.0,0.0,13.0,0.0,0,869.0,869.0,823.0,Y1
1.0,1.0,3.0,1.0,2.0,1.0,0.0,8.0,0.0,1,855.0,910.0,855.0,Y0
1.0,0.0,0.0,1.0,0.0,1.0,0.0,8.0,0.0,1,852.0,883.0,852.0,Y0
1.0,0.0,3.0,0.0,0.0,0.0,0.0,11.0,0.0,1,1028.0,936.0,1028.0,Y0
0.0,0.0,3.0,0.0,1.0,1.0,0.0,8.0,0.0,0,948.0,948.0,967.0,Y1
1.0,1.0,0.0,1.0,2.0,0.0,0.0,6.0,0.0,0,881.0,881.0,896.0,Y1
1.0,0.0,3.0,0.0,1.0,0.0,0.0,16.0,1.0,1,1032.0,935.0,1032.0,Y0
0.0,1.0,2.0,0.0,3.0,1.0,0.0,12.0,0.0,1,876.0,884.0,876.0,Y0
0.0,0.0,5.0,1.0,0.0,0.0,0.0,19.0,0.0,0,967.0,967.0,901.0,Y1
1.0,1.0,3.0,1.0,2.0,0.0,0.0,20.0,1.0,0,933.0,933.0,931.0,Y1
1.0,0.0,2.0,0.0,0.0,1.0,0.0,13.0,0.0,0,856.0,856.0,864.0,Y1
0.0,1.0,3.0,1.0,2.0,0.0,1.0,1.0,0.0,1,927.0,953.0,927.0,Y0
0.0,0.0,1.0,0.0,0.0,0.0,1.0,0.0,0.0,0,1014.0,1014.0,931.0,Y1
0.0,0.0,2.0,0.0,1.0,0.0,0.0,7.0,0.0,0,928.0,928.0,979.0,Y1
0.0,0.0,1.0,0.0,1.0,0.0,-1.0,5.0,0.0,1,942.0,899.0,942.0,Y0
0.0,0.0,3.0,0.0,0.0,0.0,0.0,8.0,0.0,1,896.0,911.0,896.0,Y0
0.0,0.0,3.0,0.0,2.0,1.0,1.0,3.0,1.0,0,835.0,835.0,951.0,Y1
0.0,0.0,3.0,0.0,0.0,0.0,0.0,15.0,0.0,1,904.0,857.0,904.0,Y0
1.0,0.0,3.0,0.0,1.0,1.0,0.0,12.0,0.0,1,948.0,941.0,948.0,Y0
1.0,0.0,1.0,0.0,0.0,0.0,0.0,13.0,0.0,0,911.0,911.0,1133.0,Y1
1.0,1.0,3.0,0.0,3.0,1.0,0.0,13.0,0.0,1,879.0,844.0,879.0,Y0
0.0,0.0,1.0,0.0,0.0,1.0,4.0,16.0,0.0,0,1004.0,1004.0,859.0,Y1
1.0,0.0,8.0,0.0,0.0,0.0,0.0,8.0,0.0,0,922.0,922.0,819.0,Y1
1.0,1.0,2.0,1.0,2.0,0.0,1.0,0.0,0.0,0,888.0,888.0,944.0,Y1
1.0,0.0,3.0,0.0,0.0,0.0,0.0,13.0,0.0,0,887.0,887.0,916.0,Y1
1.0,0.0,0.0,0.0,0.0,3.0,0.0,14.0,0.0,1,1032.0,896.0,1032.0,Y0
1.0,1.0,0.0,1.0,2.0,0.0,0.0,12.0,0.0,0,825.0,825.0,896.0,Y1
1.0,1.0,3.0,1.0,2.0,0.0,1.0,0.0,0.0,0,947.0,947.0,847.0,Y1
1.0,0.0,7.0,1.0,0.0,1.0,0.0,13.0,0.0,0,881.0,881.0,862.0,Y1
1.0,0.0,2.0,1.0,1.0,0.0,2.0,1.0,1.0,0,864.0,864.0,906.0,Y1
0.0,0.0,2.0,0.0,0.0,0.0,0.0,14.0,0.0,0,993.0,993.0,1003.0,Y1
1.0,0.0,0.0,0.0,1.0,0.0,0.0,5.0,0.0,1,927.0,932.0,927.0,Y0
0.0,0.0,2.0,1.0,0.0,0.0,0.0,19.0,0.0,1,898.0,909.0,898.0,Y0
0.0,1.0,1.0,1.0,2.0,0.0,0.0,10.0,1.0,0,1034.0,1034.0,920.0,Y1
1.0,0.0,1.0,1.0,0.0,0.0,0.0,5.0,0.0,1,816.0,884.0,816.0,Y0
0.0,0.0,2.0,0.0,0.0,1.0,0.0,17.0,0.0,0,907.0,907.0,999.0,Y1
1.0,0.0,2.0,0.0,0.0,1.0,0.0,5.0,0.0,1,916.0,895.0,916.0,Y0
1.0,0.0,0.0,0.0,0.0,0.0,0.0,15.0,0.0,0,979.0,979.0,1062.0,Y1
0.0,0.0,0.0,1.0,0.0,1.0,0.0,21.0,0.0,0,913.0,913.0,881.0,Y1
0.0,0.0,1.0,0.0,0.0,0.0,0.0,5.0,0.0,0,951.0,951.0,858.0,Y1
0.0,1.0,2.0,1.0,2.0,0.0,2.0,2.0,1.0,1,934.0,924.0,934.0,Y0
0.0,0.0,1.0,1.0,0.0,0.0,0.0,5.0,0.0,1,1021.0,959.0,1021.0,Y0
1.0,1.0,3.0,1.0,2.0,0.0,2.0,1.0,0.0,0,905.0,905.0,852.0,Y1
0.0,1.0,3.0,1.0,1.0,0.0,0.0,21.0,0.0,1,916.0,931.0,916.0,Y0
1.0,1.0,2.0,1.0,2.0,0.0,-1.0,2.0,0.0,0,846.0,846.0,862.0,Y1
0.0,0.0,0.0,0.0,3.0,2.0,0.0,12.0,0.0,1,937.0,937.0,937.0,Y0
1.0,0.0,2.0,0.0,0.0,0.0,0.0,6.0,0.0,1,1017.0,952.0,1017.0,Y0
0.0,0.0,0.0,0.0,3.0,1.0,0.0,13.0,0.0,1,956.0,999.0,956.0,Y0
1.0,0.0,0.0,0.0,1.0,0.0,0.0,16.0,0.0,0,907.0,907.0,847.0,Y1
0.0,1.0,4.0,-1.0,2.0,0.0,-1.0,2.0,-1.0,1,847.0,908.0,847.0,Y0
0.0,1.0,2.0,1.0,1.0,0.0,-1.0,3.0,0.0,1,949.0,896.0,949.0,Y0
0.0,1.0,3.0,1.0,0.0,0.0,0.0,21.0,0.0,1,807.0,931.0,807.0,Y0
1.0,0.0,0.0,0.0,0.0,1.0,0.0,4.0,0.0,0,878.0,878.0,1072.0,Y1
0.0,1.0,0.0,1.0,2.0,1.0,0.0,6.0,0.0,1,943.0,1048.0,943.0,Y0
1.0,1.0,0.0,0.0,2.0,0.0,-1.0,14.0,1.0,1,874.0,867.0,874.0,Y0
1.0,0.0,3.0,1.0,0.0,1.0,0.0,13.0,0.0,0,825.0,825.0,823.0,Y1
0.0,1.0,5.0,0.0,2.0,0.0,0.0,3.0,1.0,1,1124.0,857.0,1124.0,Y0
1.0,1.0,2.0,0.0,1.0,0.0,0.0,21.0,1.0,0,1015.0,1015.0,947.0,Y1
1.0,1.0,1.0,1.0,2.0,0.0,0.0,11.0,0.0,0,773.0,773.0,948.0,Y1
1.0,1.0,0.0,1.0,2.0,0.0,2.0,1.0,0.0,0,915.0,915.0,833.0,Y1
0.0,1.0,3.0,1.0,2.0,0.0,0.0,11.0,0.0,0,807.0,807.0,893.0,Y1
1.0,1.0,3.0,1.0,2.0,1.0,0.0,17.0,0.0,0,934.0,934.0,916.0,Y1
1.0,1.0,0.0,1.0,2.0,0.0,1.0,9.0,1.0,1,901.0,996.0,901.0,Y0
1.0,0.0,3.0,0.0,0.0,0.0,0.0,6.0,0.0,1,847.0,978.0,847.0,Y0
1.0,0.0,1.0,0.0,0.0,0.0,0.0,12.0,0.0,1,933.0,930.0,933.0,Y0
1.0,0.0,1.0,0.0,3.0,0.0,1.0,0.0,0.0,0,906.0,906.0,874.0,Y1
0.0,0.0,2.0,0.0,0.0,0.0,0.0,22.0,0.0,1,937.0,980.0,937.0,Y0
1.0,0.0,2.0,1.0,0.0,0.0,0.0,13.0,0.0,0,797.0,797.0,882.0,Y1
1.0,0.0,0.0,0.0,3.0,0.0,-1.0,11.0,0.0,0,900.0,900.0,923.0,Y1
1.0,0.0,2.0,0.0,1.0,0.0,0.0,15.0,0.0,0,932.0,932.0,966.0,Y1
1.0,0.0,1.0,1.0,0.0,0.0,2.0,1.0,0.0,1,991.0,994.0,991.0,Y0
0.0,0.0,1.0,0.0,0.0,1.0,3.0,11.0,0.0,0,1024.0,1024.0,859.0,Y1
1.0,0.0,4.0,0.0,1.0,0.0,0.0,11.0,0.0,1,1041.0,905.0,1041.0,Y0
0.0,1.0,0.0,1.0,2.0,1.0,0.0,22.0,0.0,0,928.0,928.0,835.0,Y1
1.0,0.0,1.0,0.0,0.0,1.0,0.0,9.0,0.0,0,1181.0,1181.0,909.0,Y1
1.0,0.0,2.0,0.0,3.0,1.0,0.0,17.0,0.0,1,1046.0,889.0,1046.0,Y0
1.0,1.0,2.0,0.0,1.0,0.0,0.0,21.0,1.0,0,942.0,942.0,947.0,Y1
1.0,0.0,1.0,0.0,1.0,0.0,1.0,0.0,0.0,1,914.0,914.0,914.0,Y0
1.0,0.0,1.0,1.0,0.0,0.0,3.0,27.0,0.0,0,898.0,898.0,925.0,Y1
1.0,1.0,2.0,1.0,2.0,1.0,0.0,5.0,0.0,0,889.0,889.0,796.0,Y1
0.0,0.0,1.0,0.0,0.0,3.0,0.0,14.0,0.0,1,1046.0,898.0,1046.0,Y0
1.0,0.0,2.0,0.0,1.0,0.0,0.0,18.0,0.0,0,927.0,927.0,966.0,Y1
0.0,0.0,1.0,0.0,0.0,1.0,0.0,12.0,0.0,0,978.0,978.0,1059.0,Y1
0.0,1.0,2.0,1.0,2.0,0.0,0.0,21.0,1.0,1,872.0,954.0,872.0,Y0
1.0,0.0,0.0,1.0,3.0,2.0,0.0,13.0,0.0,0,898.0,898.0,883.0,Y1
1.0,0.0,1.0,1.0,0.0,0.0,0.0,15.0,0.0,1,887.0,891.0,887.0,Y0
1.0,1.0,3.0,1.0,2.0,0.0,0.0,12.0,0.0,0,796.0,796.0,994.0,Y1
1.0,0.0,2.0,0.0,0.0,1.0,0.0,6.0,0.0,0,909.0,909.0,1100.0,Y1
1.0,0.0,3.0,0.0,0.0,1.0,0.0,3.0,0.0,0,831.0,831.0,957.0,Y1
1.0,1.0,2.0,1.0,2.0,0.0,0.0,9.0,1.0,0,813.0,813.0,946.0,Y1
0.0,1.0,2.0,1.0,2.0,0.0,0.0,6.0,0.0,1,1019.0,851.0,1019.0,Y0
0.0,0.0,3.0,1.0,0.0,0.0,0.0,2.0,0.0,1,882.0,997.0,882.0,Y0
1.0,0.0,0.0,0.0,0.0,0.0,0.0,5.0,0.0,1,933.0,981.0,933.0,Y0
1.0,0.0,8.0,1.0,0.0,0.0,0.0,12.0,0.0,1,962.0,937.0,962.0,Y0
1.0,0.0,1.0,0.0,0.0,0.0,3.0,9.0,0.0,0,1116.0,1116.0,822.0,Y1
1.0,1.0,1.0,1.0,2.0,0.0,0.0,7.0,0.0,0,831.0,831.0,962.0,Y1
0.0,0.0,0.0,0.0,0.0,0.0,2.0,1.0,0.0,1,868.0,936.0,868.0,Y0
0.0,0.0,8.0,0.0,0.0,0.0,-1.0,5.0,0.0,0,998.0,998.0,963.0,Y1
1.0,0.0,1.0,0.0,3.0,1.0,0.0,12.0,0.0,0,1032.0,1032.0,975.0,Y1
1.0,1.0,3.0,1.0,2.0,0.0,-1.0,3.0,1.0,0,817.0,817.0,983.0,Y1
1.0,0.0,2.0,0.0,0.0,0.0,0.0,6.0,0.0,1,1109.0,952.0,1109.0,Y0
0.0,1.0,3.0,0.0,2.0,0.0,2.0,2.0,0.0,1,994.0,905.0,994.0,Y0
0.0,1.0,2.0,1.0,2.0,0.0,0.0,20.0,1.0,0,839.0,839.0,872.0,Y1
1.0,0.0,1.0,0.0,1.0,0.0,1.0,14.0,0.0,0,768.0,768.0,847.0,Y1
1.0,1.0,2.0,1.0,2.0,0.0,-1.0,14.0,1.0,1,857.0,873.0,857.0,Y0
1.0,0.0,3.0,0.0,0.0,1.0,0.0,8.0,0.0,0,810.0,810.0,949.0,Y1
0.0,1.0,1.0,1.0,2.0,1.0,0.0,11.0,0.0,0,859.0,859.0,872.0,Y1
0.0,1.0,2.0,1.0,0.0,0.0,0.0,9.0,0.0,0,920.0,920.0,800.0,Y1
1.0,0.0,2.0,0.0,1.0,0.0,-1.0,3.0,0.0,0,896.0,896.0,939.0,Y1
0.0,0.0,0.0,0.0,0.0,1.0,0.0,4.0,0.0,0,963.0,963.0,1011.0,Y1
0.0,1.0,2.0,1.0,2.0,2.0,0.0,8.0,0.0,0,930.0,930.0,782.0,Y1
0.0,0.0,2.0,0.0,0.0,0.0,0.0,13.0,0.0,0,986.0,986.0,1003.0,Y1
1.0,0.0,3.0,0.0,1.0,1.0,0.0,13.0,0.0,0,968.0,968.0,845.0,Y1
1.0,0.0,1.0,0.0,3.0,0.0,0.0,14.0,0.0,1,1253.0,1061.0,1253.0,Y0
0.0,0.0,3.0,0.0,1.0,0.0,0.0,7.0,0.0,0,842.0,842.0,979.0,Y1
0.0,0.0,2.0,0.0,0.0,0.0,0.0,22.0,0.0,1,914.0,980.0,914.0,Y0
1.0,0.0,1.0,1.0,1.0,0.0,0.0,20.0,1.0,0,958.0,958.0,903.0,Y1
0.0,0.0,0.0,0.0,1.0,1.0,0.0,8.0,0.0,1,963.0,914.0,963.0,Y0
0.0,1.0,3.0,1.0,2.0,0.0,2.0,1.0,0.0,0,873.0,873.0,842.0,Y1
0.0,0.0,1.0,0.0,0.0,0.0,0.0,12.0,0.0,0,894.0,894.0,1041.0,Y1
0.0,1.0,0.0,1.0,2.0,0.0,0.0,3.0,1.0,1,1078.0,908.0,1078.0,Y0
0.0,0.0,2.0,0.0,1.0,1.0,0.0,12.0,0.0,0,854.0,854.0,931.0,Y1
0.0,0.0,0.0,0.0,0.0,0.0,0.0,19.0,0.0,1,914.0,947.0,914.0,Y0
0.0,0.0,1.0,1.0,0.0,0.0,2.0,2.0,0.0,0,1071.0,1071.0,905.0,Y1
0.0,1.0,0.0,1.0,2.0,0.0,1.0,9.0,1.0,1,907.0,857.0,907.0,Y0
0.0,0.0,0.0,0.0,0.0,0.0,0.0,8.0,0.0,0,951.0,951.0,929.0,Y1
0.0,1.0,2.0,1.0,2.0,0.0,0.0,14.0,0.0,1,965.0,851.0,965.0,Y0
1.0,1.0,8.0,1.0,2.0,0.0,0.0,6.0,1.0,0,889.0,889.0,1060.0,Y1
0.0,0.0,0.0,0.0,1.0,0.0,0.0,11.0,0.0,0,841.0,841.0,923.0,Y1
1.0,1.0,2.0,1.0,1.0,0.0,2.0,5.0,1.0,1,906.0,846.0,906.0,Y0
1.0,0.0,3.0,0.0,0.0,0.0,0.0,20.0,0.0,1,859.0,1004.0,859.0,Y0
1.0,0.0,2.0,0.0,0.0,1.0,0.0,6.0,0.0,1,918.0,875.0,918.0,Y0
1.0,1.0,0.0,1.0,2.0,1.0,0.0,10.0,1.0,0,933.0,933.0,831.0,Y1
0.0,0.0,2.0,1.0,0.0,0.0,0.0,11.0,0.0,1,969.0,917.0,969.0,Y0
0.0,1.0,2.0,0.0,1.0,0.0,2.0,1.0,1.0,0,991.0,991.0,865.0,Y1
0.0,0.0,2.0,1.0,0.0,1.0,0.0,6.0,0.0,1,1073.0,1048.0,1073.0,Y0
0.0,0.0,3.0,0.0,1.0,1.0,0.0,14.0,1.0,1,951.0,980.0,951.0,Y0
1.0,0.0,1.0,0.0,1.0,0.0,0.0,17.0,0.0,0,1010.0,1010.0,847.0,Y1
0.0,1.0,3.0,1.0,1.0,0.0,0.0,8.0,1.0,0,899.0,899.0,920.0,Y1
1.0,1.0,3.0,0.0,2.0,0.0,0.0,9.0,1.0,0,920.0,920.0,956.0,Y1
0.0,0.0,7.0,1.0,0.0,1.0,0.0,12.0,0.0,0,920.0,920.0,891.0,Y1
1.0,0.0,0.0,0.0,0.0,0.0,0.0,6.0,0.0,0,924.0,924.0,984.0,Y1
1.0,1.0,0.0,1.0,2.0,0.0,2.0,1.0,1.0,0,824.0,824.0,974.0,Y1
1.0,1.0,3.0,1.0,2.0,1.0,0.0,11.0,1.0,0,883.0,883.0,968.0,Y1
1.0,0.0,0.0,0.0,1.0,0.0,0.0,8.0,1.0,0,938.0,938.0,986.0,Y1
1.0,1.0,1.0,1.0,2.0,0.0,0.0,5.0,0.0,1,864.0,831.0,864.0,Y0
1.0,1.0,2.0,1.0,0.0,1.0,0.0,13.0,0.0,0,913.0,913.0,952.0,Y1
0.0,0.0,2.0,0.0,1.0,0.0,0.0,15.0,0.0,0,921.0,921.0,971.0,Y1
1.0,0.0,3.0,0.0,0.0,1.0,0.0,11.0,0.0,0,1034.0,1034.0,891.0,Y1
0.0,0.0,1.0,0.0,0.0,1.0,0.0,13.0,0.0,0,1019.0,1019.0,933.0,Y1
0.0,0.0,2.0,0.0,0.0,0.0,0.0,8.0,0.0,0,1033.0,1033.0,993.0,Y1
1.0,0.0,0.0,0.0,0.0,0.0,0.0,10.0,0.0,0,961.0,961.0,888.0,Y1
0.0,0.0,0.0,1.0,0.0,0.0,0.0,8.0,0.0,0,858.0,858.0,959.0,Y1
0.0,0.0,1.0,0.0,1.0,1.0,0.0,12.0,0.0,1,954.0,1156.0,954.0,Y0
1.0,1.0,2.0,0.0,1.0,0.0,-1.0,12.0,1.0,0,888.0,888.0,945.0,Y1
0.0,0.0,1.0,1.0,0.0,1.0,0.0,13.0,0.0,0,839.0,839.0,994.0,Y1
0.0,1.0,2.0,1.0,0.0,0.0,0.0,8.0,0.0,0,836.0,836.0,800.0,Y1
0.0,1.0,3.0,0.0,2.0,1.0,0.0,8.0,0.0,1,1076.0,937.0,1076.0,Y0
1.0,0.0,2.0,0.0,0.0,1.0,0.0,10.0,0.0,0,942.0,942.0,1051.0,Y1
1.0,0.0,2.0,1.0,0.0,0.0,0.0,12.0,0.0,0,861.0,861.0,882.0,Y1
1.0,1.0,2.0,1.0,2.0,0.0,0.0,11.0,0.0,1,950.0,907.0,950.0,Y0
0.0,1.0,3.0,1.0,2.0,0.0,0.0,10.0,1.0,0,1014.0,1014.0,900.0,Y1
1.0,0.0,1.0,0.0,1.0,0.0,0.0,11.0,0.0,0,975.0,975.0,1003.0,Y1
1.0,0.0,0.0,0.0,1.0,0.0,1.0,0.0,0.0,1,1048.0,852.0,1048.0,Y0
0.0,0.0,2.0,1.0,3.0,0.0,2.0,5.0,0.0,0,934.0,934.0,842.0,Y1
0.0,0.0,7.0,0.0,0.0,0.0,0.0,12.0,0.0,1,900.0,959.0,900.0,Y0
0.0,0.0,2.0,1.0,0.0,0.0,0.0,8.0,0.0,0,956.0,956.0,993.0,Y1
1.0,1.0,2.0,1.0,2.0,1.0,0.0,5.0,0.0,0,857.0,857.0,796.0,Y1
0.0,0.0,2.0,0.0,2.0,0.0,0.0,9.0,0.0,0,918.0,918.0,912.0,Y1
0.0,1.0,2.0,1.0,2.0,0.0,0.0,6.0,1.0,0,890.0,890.0,872.0,Y1
1.0,0.0,0.0,0.0,1.0,0.0,0.0,7.0,0.0,0,949.0,949.0,927.0,Y1
1.0,1.0,3.0,1.0,2.0,0.0,-1.0,6.0,1.0,0,984.0,984.0,946.0,Y1
1.0,3.0,4.0,0.0,0.0,0.0,0.0,14.0,0.0,1,1078.0,887.0,1078.0,Y0
0.0,0.0,2.0,0.0,0.0,1.0,5.0,11.0,0.0,1,971.0,1004.0,971.0,Y0
0.0,0.0,2.0,0.0,0.0,1.0,0.0,8.0,0.0,1,871.0,892.0,871.0,Y0
0.0,1.0,2.0,1.0,2.0,1.0,2.0,24.0,0.0,0,1062.0,1062.0,835.0,Y1
1.0,1.0,3.0,1.0,3.0,0.0,0.0,5.0,0.0,0,891.0,891.0,1065.0,Y1
0.0,1.0,3.0,1.0,2.0,0.0,2.0,1.0,1.0,1,887.0,890.0,887.0,Y0
0.0,1.0,0.0,0.0,1.0,0.0,0.0,20.0,1.0,0,988.0,988.0,1026.0,Y1
1.0,0.0,1.0,1.0,1.0,1.0,0.0,12.0,0.0,1,918.0,897.0,918.0,Y0
1.0,0.0,2.0,0.0,1.0,1.0,0.0,15.0,0.0,1,955.0,1203.0,955.0,Y0
1.0,0.0,0.0,0.0,0.0,1.0,0.0,13.0,0.0,0,864.0,864.0,859.0,Y1
1.0,0.0,2.0,0.0,1.0,0.0,0.0,5.0,0.0,1,970.0,889.0,970.0,Y0
0.0,0.0,2.0,0.0,0.0,0.0,0.0,4.0,0.0,0,1229.0,1229.0,1094.0,Y1
0.0,1.0,1.0,1.0,2.0,0.0,0.0,6.0,1.0,0,936.0,936.0,920.0,Y1
0.0,1.0,2.0,1.0,2.0,0.0,-1.0,6.0,1.0,0,968.0,968.0,872.0,Y1
0.0,0.0,0.0,0.0,1.0,0.0,0.0,18.0,0.0,0,919.0,919.0,1021.0,Y1
1.0,1.0,3.0,1.0,2.0,2.0,0.0,8.0,0.0,0,804.0,804.0,855.0,Y1
0.0,0.0,2.0,1.0,0.0,0.0,0.0,20.0,0.0,0,909.0,909.0,898.0,Y1
1.0,0.0,1.0,1.0,0.0,0.0,2.0,3.0,0.0,1,822.0,1091.0,822.0,Y0
0.0,1.0,1.0,0.0,2.0,0.0,-1.0,10.0,1.0,0,861.0,861.0,945.0,Y1
1.0,1.0,0.0,1.0,2.0,1.0,0.0,11.0,1.0,0,934.0,934.0,831.0,Y1
0.0,1.0,1.0,0.0,2.0,0.0,-1.0,2.0,0.0,1,931.0,927.0,931.0,Y0
1.0,0.0,3.0,0.0,0.0,1.0,4.0,16.0,0.0,0,1031.0,1031.0,872.0,Y1
1.0,0.0,1.0,0.0,0.0,0.0,0.0,21.0,0.0,1,818.0,1062.0,818.0,Y0
1.0,0.0,0.0,0.0,0.0,1.0,0.0,8.0,0.0,1,852.0,879.0,852.0,Y0
0.0,0.0,1.0,1.0,3.0,1.0,0.0,17.0,0.0,1,902.0,887.0,902.0,Y0
1.0,0.0,2.0,0.0,1.0,1.0,0.0,14.0,0.0,0,899.0,899.0,980.0,Y1
0.0,0.0,2.0,0.0,0.0,0.0,0.0,8.0,0.0,1,949.0,997.0,949.0,Y0
0.0,0.0,1.0,1.0,0.0,0.0,0.0,6.0,0.0,0,1116.0,1116.0,1033.0,Y1
1.0,1.0,0.0,0.0,1.0,2.0,0.0,12.0,0.0,0,955.0,955.0,896.0,Y1
1.0,0.0,2.0,0.0,0.0,0.0,0.0,9.0,0.0,0,952.0,952.0,928.0,Y1
1.0,0.0,2.0,1.0,0.0,1.0,0.0,13.0,0.0,0,802.0,802.0,987.0,Y1
1.0,0.0,0.0,0.0,1.0,2.0,0.0,12.0,0.0,0,939.0,939.0,934.0,Y1
0.0,0.0,2.0,0.0,1.0,0.0,0.0,11.0,0.0,0,949.0,949.0,890.0,Y1
0.0,1.0,0.0,1.0,1.0,0.0,0.0,8.0,1.0,0,902.0,902.0,900.0,Y1
1.0,1.0,0.0,1.0,2.0,0.0,-1.0,14.0,1.0,1,936.0,881.0,936.0,Y0
0.0,0.0,3.0,0.0,1.0,0.0,0.0,18.0,0.0,0,1006.0,1006.0,1050.0,Y1
1.0,0.0,1.0,0.0,0.0,1.0,0.0,8.0,0.0,1,914.0,903.0,914.0,Y0
0.0,0.0,0.0,0.0,0.0,1.0,0.0,11.0,0.0,0,975.0,975.0,909.0,Y1
1.0,0.0,4.0,1.0,1.0,0.0,0.0,8.0,0.0,0,856.0,856.0,813.0,Y1
0.0,0.0,2.0,0.0,0.0,1.0,0.0,6.0,0.0,0,949.0,949.0,867.0,Y1
0.0,2.0,0.0,0.0,1.0,0.0,0.0,0.0,0.0,0,956.0,956.0,920.0,Y1
0.0,0.0,1.0,0.0,0.0,0.0,0.0,2.0,0.0,1,931.0,1043.0,931.0,Y0
0.0,1.0,0.0,1.0,2.0,2.0,0.0,8.0,0.0,0,834.0,834.0,872.0,Y1
1.0,0.0,0.0,1.0,0.0,1.0,0.0,10.0,0.0,0,948.0,948.0,962.0,Y1
1.0,0.0,0.0,1.0,0.0,1.0,0.0,10.0,0.0,0,915.0,915.0,962.0,Y1
0.0,0.0,2.0,0.0,0.0,1.0,0.0,10.0,0.0,0,850.0,850.0,924.0,Y1
0.0,1.0,0.0,1.0,1.0,1.0,0.0,10.0,0.0,0,898.0,898.0,872.0,Y1
0.0,0.0,3.0,0.0,1.0,0.0,0.0,12.0,1.0,1,878.0,915.0,878.0,Y0
1.0,0.0,1.0,0.0,0.0,1.0,0.0,5.0,0.0,1,1006.0,930.0,1006.0,Y0
1.0,1.0,0.0,1.0,2.0,0.0,2.0,1.0,1.0,1,924.0,916.0,924.0,Y0
1.0,1.0,2.0,1.0,1.0,0.0,-1.0,4.0,0.0,0,863.0,863.0,1144.0,Y1
0.0,0.0,0.0,0.0,0.0,1.0,0.0,6.0,0.0,1,939.0,867.0,939.0,Y0
1.0,0.0,8.0,1.0,0.0,0.0,0.0,5.0,0.0,1,844.0,800.0,844.0,Y0
1.0,0.0,0.0,0.0,1.0,0.0,0.0,16.0,0.0,0,1074.0,1074.0,847.0,Y1
0.0,0.0,1.0,0.0,0.0,0.0,1.0,0.0,0.0,0,1042.0,1042.0,931.0,Y1
0.0,1.0,0.0,0.0,2.0,0.0,0.0,11.0,0.0,1,1036.0,1003.0,1036.0,Y0
0.0,0.0,0.0,0.0,0.0,0.0,2.0,2.0,0.0,0,886.0,886.0,923.0,Y1
0.0,0.0,1.0,1.0,0.0,3.0,0.0,10.0,0.0,1,936.0,1008.0,936.0,Y0
0.0,1.0,4.0,1.0,2.0,0.0,0.0,6.0,0.0,1,899.0,834.0,899.0,Y0
0.0,0.0,3.0,0.0,0.0,1.0,0.0,8.0,1.0,0,856.0,856.0,1044.0,Y1
1.0,1.0,0.0,1.0,1.0,0.0,-1.0,0.0,0.0,0,876.0,876.0,963.0,Y1
0.0,0.0,1.0,0.0,0.0,2.0,0.0,8.0,0.0,1,818.0,898.0,818.0,Y0
0.0,1.0,0.0,1.0,2.0,0.0,0.0,6.0,1.0,1,892.0,919.0,892.0,Y0
0.0,0.0,4.0,1.0,0.0,0.0,0.0,12.0,0.0,1,868.0,897.0,868.0,Y0
1.0,1.0,5.0,1.0,2.0,0.0,2.0,1.0,0.0,0,938.0,938.0,844.0,Y1
1.0,0.0,0.0,1.0,0.0,1.0,0.0,5.0,0.0,0,901.0,901.0,873.0,Y1
0.0,0.0,0.0,0.0,0.0,3.0,3.0,8.0,0.0,1,1007.0,966.0,1007.0,Y0
0.0,1.0,3.0,1.0,2.0,1.0,0.0,10.0,1.0,0,884.0,884.0,873.0,Y1
0.0,0.0,0.0,0.0,0.0,1.0,0.0,4.0,0.0,0,976.0,976.0,1011.0,Y1
0.0,0.0,2.0,0.0,3.0,1.0,0.0,17.0,0.0,1,1087.0,1056.0,1087.0,Y0
0.0,0.0,1.0,1.0,0.0,0.0,-1.0,6.0,0.0,1,903.0,925.0,903.0,Y0
0.0,0.0,1.0,1.0,0.0,1.0,0.0,8.0,0.0,1,1008.0,852.0,1008.0,Y0
1.0,0.0,1.0,0.0,1.0,2.0,0.0,12.0,0.0,0,899.0,899.0,943.0,Y1
0.0,0.0,0.0,0.0,0.0,1.0,0.0,13.0,0.0,0,951.0,951.0,908.0,Y1
1.0,0.0,1.0,1.0,0.0,0.0,-1.0,2.0,0.0,0,844.0,844.0,808.0,Y1
1.0,0.0,0.0,1.0,0.0,0.0,0.0,3.0,0.0,0,849.0,849.0,1124.0,Y1
1.0,0.0,2.0,0.0,0.0,0.0,3.0,10.0,0.0,0,1000.0,1000.0,822.0,Y1
1.0,1.0,2.0,0.0,1.0,1.0,0.0,24.0,0.0,0,906.0,906.0,891.0,Y1
1.0,0.0,0.0,0.0,0.0,1.0,0.0,7.0,0.0,0,983.0,983.0,902.0,Y1
1.0,0.0,3.0,0.0,0.0,1.0,5.0,11.0,0.0,1,872.0,892.0,872.0,Y0
0.0,0.0,0.0,0.0,0.0,0.0,0.0,8.0,0.0,1,949.0,994.0,949.0,Y0
1.0,0.0,3.0,0.0,0.0,0.0,0.0,4.0,0.0,0,930.0,930.0,1074.0,Y1
1.0,0.0,0.0,1.0,0.0,0.0,0.0,15.0,0.0,1,897.0,906.0,897.0,Y0
1.0,0.0,1.0,0.0,0.0,0.0,0.0,14.0,0.0,1,1133.0,945.0,1133.0,Y0
0.0,0.0,0.0,0.0,0.0,1.0,0.0,7.0,0.0,0,1124.0,1124.0,995.0,Y1
1.0,0.0,0.0,1.0,0.0,1.0,0.0,13.0,0.0,0,916.0,916.0,866.0,Y1
1.0,0.0,2.0,1.0,3.0,0.0,0.0,13.0,0.0,1,939.0,930.0,939.0,Y0
1.0,0.0,2.0,0.0,1.0,0.0,0.0,11.0,0.0,1,869.0,902.0,869.0,Y0
0.0,0.0,3.0,0.0,1.0,1.0,0.0,12.0,0.0,0,1101.0,1101.0,953.0,Y1
1.0,1.0,2.0,1.0,2.0,0.0,-1.0,10.0,1.0,0,873.0,873.0,857.0,Y1
1.0,1.0,1.0,0.0,1.0,1.0,0.0,10.0,0.0,0,868.0,868.0,896.0,Y1
1.0,0.0,1.0,0.0,0.0,1.0,0.0,13.0,0.0,0,947.0,947.0,923.0,Y1
0.0,0.0,3.0,1.0,0.0,1.0,4.0,16.0,0.0,0,1042.0,1042.0,842.0,Y1
0.0,0.0,1.0,0.0,0.0,0.0,0.0,16.0,0.0,0,881.0,881.0,984.0,Y1
1.0,0.0,4.0,0.0,0.0,0.0,0.0,8.0,0.0,1,884.0,881.0,884.0,Y0
1.0,0.0,2.0,1.0,0.0,1.0,0.0,5.0,0.0,0,827.0,827.0,885.0,Y1
0.0,0.0,1.0,1.0,0.0,1.0,0.0,5.0,0.0,0,919.0,919.0,983.0,Y1
0.0,0.0,0.0,0.0,0.0,0.0,0.0,8.0,0.0,0,960.0,960.0,929.0,Y1
0.0,0.0,0.0,0.0,1.0,0.0,1.0,14.0,0.0,0,882.0,882.0,1021.0,Y1
0.0,0.0,2.0,0.0,0.0,0.0,0.0,21.0,0.0,1,903.0,980.0,903.0,Y0
0.0,1.0,8.0,1.0,2.0,1.0,0.0,7.0,0.0,0,904.0,904.0,841.0,Y1
0.0,1.0,0.0,1.0,0.0,0.0,0.0,16.0,0.0,1,921.0,885.0,921.0,Y0
1.0,0.0,3.0,1.0,2.0,1.0,1.0,3.0,1.0,0,770.0,770.0,948.0,Y1
0.0,1.0,2.0,1.0,2.0,1.0,0.0,13.0,1.0,1,919.0,890.0,919.0,Y0
0.0,0.0,2.0,0.0,0.0,0.0,0.0,8.0,0.0,1,991.0,997.0,991.0,Y0
1.0,0.0,3.0,0.0,0.0,1.0,0.0,13.0,0.0,0,850.0,850.0,879.0,Y1
1.0,0.0,1.0,1.0,0.0,0.0,0.0,8.0,0.0,1,902.0,1012.0,902.0,Y0
1.0,1.0,2.0,1.0,0.0,0.0,0.0,7.0,0.0,0,768.0,768.0,961.0,Y1
0.0,0.0,1.0,0.0,0.0,0.0,2.0,2.0,0.0,0,1073.0,1073.0,923.0,Y1
0.0,0.0,2.0,1.0,0.0,1.0,0.0,8.0,1.0,0,870.0,870.0,1024.0,Y1
1.0,0.0,1.0,0.0,0.0,2.0,0.0,6.0,0.0,1,927.0,947.0,927.0,Y0
1.0,0.0,0.0,0.0,0.0,0.0,0.0,19.0,0.0,1,907.0,1108.0,907.0,Y0
0.0,1.0,3.0,1.0,0.0,0.0,0.0,19.0,0.0,1,878.0,931.0,878.0,Y0
1.0,1.0,0.0,1.0,2.0,0.0,-1.0,6.0,1.0,0,971.0,971.0,827.0,Y1
1.0,0.0,7.0,1.0,1.0,0.0,0.0,3.0,0.0,1,857.0,860.0,857.0,Y0
0.0,0.0,1.0,1.0,0.0,0.0,0.0,9.0,0.0,1,934.0,896.0,934.0,Y0
1.0,1.0,0.0,1.0,1.0,0.0,2.0,1.0,1.0,0,826.0,826.0,974.0,Y1
0.0,1.0,2.0,1.0,2.0,0.0,1.0,9.0,1.0,1,1046.0,1012.0,1046.0,Y0
1.0,0.0,2.0,1.0,0.0,0.0,0.0,6.0,0.0,1,837.0,879.0,837.0,Y0
0.0,0.0,2.0,1.0,0.0,1.0,0.0,12.0,0.0,0,973.0,973.0,999.0,Y1
1.0,0.0,1.0,0.0,0.0,0.0,0.0,13.0,0.0,0,1104.0,1104.0,1133.0,Y1
1.0,0.0,3.0,1.0,3.0,0.0,-1.0,11.0,0.0,0,868.0,868.0,811.0,Y1
1.0,0.0,0.0,0.0,1.0,0.0,-1.0,18.0,1.0,0,841.0,841.0,936.0,Y1
0.0,0.0,0.0,1.0,0.0,0.0,0.0,12.0,0.0,1,1027.0,992.0,1027.0,Y0
0.0,1.0,1.0,1.0,2.0,1.0,0.0,15.0,1.0,0,897.0,897.0,1164.0,Y1
1.0,0.0,0.0,0.0,0.0,0.0,-1.0,4.0,0.0,0,837.0,837.0,921.0,Y1
0.0,0.0,2.0,0.0,0.0,0.0,0.0,3.0,0.0,0,918.0,918.0,1008.0,Y1
0.0,0.0,1.0,0.0,0.0,0.0,0.0,3.0,0.0,0,921.0,921.0,1036.0,Y1
1.0,0.0,1.0,0.0,3.0,2.0,0.0,13.0,0.0,0,996.0,996.0,1003.0,Y1
0.0,1.0,0.0,1.0,2.0,0.0,0.0,3.0,1.0,1,1164.0,908.0,1164.0,Y0
0.0,0.0,0.0,0.0,3.0,0.0,1.0,1.0,0.0,1,956.0,951.0,956.0,Y0
1.0,1.0,0.0,0.0,1.0,0.0,0.0,12.0,0.0,0,936.0,936.0,784.0,Y1
1.0,0.0,3.0,1.0,0.0,1.0,0.0,5.0,0.0,0,865.0,865.0,870.0,Y1
0.0,0.0,3.0,1.0,0.0,1.0,0.0,20.0,0.0,0,901.0,901.0,917.0,Y1
1.0,0.0,3.0,0.0,0.0,1.0,0.0,9.0,0.0,0,936.0,936.0,852.0,Y1
0.0,1.0,2.0,0.0,1.0,1.0,0.0,20.0,0.0,1,911.0,892.0,911.0,Y0
0.0,0.0,2.0,0.0,3.0,1.0,0.0,13.0,0.0,1,966.0,1056.0,966.0,Y0
1.0,1.0,0.0,1.0,0.0,1.0,0.0,6.0,0.0,0,878.0,878.0,861.0,Y1
0.0,0.0,2.0,1.0,0.0,0.0,0.0,12.0,0.0,1,852.0,937.0,852.0,Y0
1.0,1.0,3.0,1.0,2.0,1.0,0.0,17.0,0.0,0,912.0,912.0,916.0,Y1
0.0,0.0,3.0,0.0,0.0,0.0,0.0,8.0,0.0,1,1031.0,911.0,1031.0,Y0
1.0,0.0,0.0,0.0,3.0,0.0,0.0,13.0,0.0,0,870.0,870.0,966.0,Y1
0.0,0.0,3.0,1.0,0.0,0.0,0.0,16.0,0.0,1,896.0,839.0,896.0,Y0
0.0,0.0,1.0,0.0,1.0,1.0,0.0,17.0,0.0,1,1090.0,1012.0,1090.0,Y0
1.0,0.0,3.0,0.0,0.0,0.0,0.0,12.0,0.0,1,984.0,959.0,984.0,Y0
1.0,0.0,1.0,0.0,0.0,0.0,0.0,6.0,0.0,0,918.0,918.0,978.0,Y1
0.0,0.0,3.0,0.0,3.0,1.0,0.0,12.0,0.0,0,962.0,962.0,860.0,Y1
0.0,0.0,4.0,0.0,0.0,0.0,0.0,3.0,0.0,0,829.0,829.0,892.0,Y1
0.0,0.0,1.0,0.0,0.0,0.0,0.0,6.0,0.0,1,939.0,895.0,939.0,Y0
1.0,0.0,1.0,0.0,1.0,0.0,-1.0,15.0,0.0,1,1030.0,1038.0,1030.0,Y0
0.0,0.0,2.0,0.0,3.0,0.0,1.0,0.0,0.0,0,955.0,955.0,865.0,Y1
1.0,1.0,3.0,1.0,2.0,0.0,-1.0,2.0,0.0,0,870.0,870.0,837.0,Y1
0.0,1.0,2.0,1.0,2.0,1.0,0.0,11.0,1.0,0,839.0,839.0,887.0,Y1
0.0,1.0,1.0,1.0,2.0,1.0,0.0,5.0,0.0,0,943.0,943.0,943.0,Y1
1.0,1.0,1.0,0.0,1.0,0.0,0.0,21.0,0.0,1,1004.0,939.0,1004.0,Y0
0.0,0.0,0.0,0.0,0.0,0.0,0.0,4.0,0.0,1,911.0,885.0,911.0,Y0
0.0,1.0,2.0,1.0,2.0,0.0,0.0,14.0,0.0,1,831.0,851.0,831.0,Y0
0.0,0.0,2.0,1.0,0.0,1.0,5.0,11.0,0.0,1,842.0,1120.0,842.0,Y0
1.0,0.0,2.0,0.0,1.0,0.0,0.0,8.0,0.0,0,892.0,892.0,831.0,Y1
0.0,1.0,0.0,1.0,1.0,0.0,0.0,8.0,1.0,0,907.0,907.0,900.0,Y1
1.0,0.0,2.0,0.0,0.0,1.0,0.0,15.0,0.0,0,954.0,954.0,864.0,Y1
1.0,0.0,7.0,0.0,0.0,0.0,2.0,1.0,0.0,1,887.0,1052.0,887.0,Y0
0.0,1.0,3.0,1.0,2.0,0.0,0.0,5.0,0.0,1,999.0,854.0,999.0,Y0
0.0,1.0,1.0,1.0,2.0,1.0,0.0,11.0,0.0,0,867.0,867.0,872.0,Y1
1.0,0.0,2.0,0.0,1.0,0.0,0.0,17.0,0.0,0,970.0,970.0,966.0,Y1
1.0,0.0,3.0,1.0,3.0,0.0,0.0,11.0,0.0,1,811.0,939.0,811.0,Y0
1.0,0.0,4.0,0.0,2.0,0.0,0.0,9.0,1.0,0,860.0,860.0,1074.0,Y1
1.0,0.0,1.0,1.0,0.0,1.0,0.0,13.0,0.0,0,1034.0,1034.0,948.0,Y1
0.0,0.0,14.0,1.0,0.0,0.0,0.0,9.0,0.0,0,902.0,902.0,1051.0,Y1
0.0,0.0,3.0,1.0,3.0,1.0,0.0,4.0,0.0,0,971.0,971.0,996.0,Y1
0.0,0.0,0.0,0.0,0.0,1.0,0.0,12.0,0.0,0,973.0,973.0,909.0,Y1
1.0,1.0,3.0,1.0,2.0,2.0,0.0,8.0,0.0,0,820.0,820.0,855.0,Y1
0.0,0.0,0.0,0.0,3.0,0.0,0.0,5.0,0.0,0,939.0,939.0,897.0,Y1
1.0,1.0,2.0,0.0,2.0,0.0,0.0,6.0,1.0,0,951.0,951.0,956.0,Y1
0.0,1.0,2.0,0.0,0.0,0.0,0.0,6.0,0.0,1,961.0,871.0,961.0,Y0
1.0,0.0,0.0,0.0,0.0,1.0,0.0,8.0,0.0,1,873.0,879.0,873.0,Y0
1.0,0.0,0.0,1.0,1.0,0.0,0.0,12.0,1.0,1,839.0,956.0,839.0,Y0
1.0,0.0,3.0,1.0,1.0,2.0,0.0,13.0,0.0,0,957.0,957.0,851.0,Y1
1.0,0.0,2.0,0.0,0.0,0.0,0.0,6.0,0.0,0,956.0,956.0,917.0,Y1
1.0,0.0,1.0,1.0,0.0,0.0,0.0,4.0,0.0,1,937.0,891.0,937.0,Y0
0.0,0.0,0.0,1.0,1.0,0.0,-1.0,0.0,0.0,1,901.0,927.0,901.0,Y0
1.0,1.0,2.0,1.0,2.0,0.0,1.0,1.0,0.0,1,897.0,852.0,897.0,Y0
1.0,0.0,3.0,0.0,0.0,1.0,0.0,8.0,0.0,0,849.0,849.0,949.0,Y1
1.0,1.0,3.0,1.0,2.0,1.0,4.0,12.0,0.0,1,900.0,877.0,900.0,Y0
1.0,0.0,2.0,0.0,1.0,0.0,0.0,12.0,0.0,0,906.0,906.0,888.0,Y1
0.0,0.0,3.0,0.0,0.0,0.0,0.0,20.0,0.0,1,952.0,906.0,952.0,Y0
1.0,0.0,0.0,1.0,0.0,0.0,0.0,12.0,0.0,1,848.0,883.0,848.0,Y0
1.0,0.0,2.0,1.0,0.0,0.0,0.0,12.0,0.0,0,847.0,847.0,882.0,Y1
0.0,1.0,0.0,0.0,2.0,0.0,1.0,9.0,1.0,1,947.0,864.0,947.0,Y0
1.0,1.0,0.0,1.0,2.0,0.0,0.0,6.0,0.0,1,937.0,847.0,937.0,Y0
1.0,0.0,9.0,0.0,1.0,2.0,0.0,13.0,0.0,0,924.0,924.0,922.0,Y1
0.0,1.0,1.0,0.0,1.0,1.0,0.0,15.0,1.0,0,929.0,929.0,985.0,Y1
1.0,0.0,3.0,1.0,0.0,0.0,0.0,3.0,0.0,0,906.0,906.0,821.0,Y1
0.0,1.0,3.0,1.0,2.0,0.0,1.0,0.0,0.0,0,805.0,805.0,927.0,Y1
0.0,0.0,0.0,0.0,0.0,1.0,0.0,15.0,0.0,0,1054.0,1054.0,908.0,Y1
1.0,0.0,3.0,0.0,1.0,0.0,1.0,0.0,0.0,0,886.0,886.0,966.0,Y1
0.0,1.0,0.0,1.0,0.0,0.0,0.0,6.0,0.0,0,962.0,962.0,848.0,Y1
0.0,0.0,3.0,-1.0,0.0,0.0,0.0,15.0,-1.0,0,930.0,930.0,910.0,Y1
0.0,1.0,2.0,1.0,1.0,0.0,-1.0,3.0,0.0,1,993.0,896.0,993.0,Y0
0.0,0.0,3.0,1.0,1.0,0.0,0.0,8.0,0.0,0,939.0,939.0,853.0,Y1
1.0,1.0,1.0,1.0,2.0,1.0,0.0,22.0,0.0,0,855.0,855.0,892.0,Y1
0.0,0.0,0.0,0.0,0.0,1.0,0.0,17.0,0.0,0,836.0,836.0,908.0,Y1
0.0,0.0,3.0,1.0,0.0,0.0,0.0,7.0,0.0,1,907.0,822.0,907.0,Y0
0.0,1.0,1.0,1.0,1.0,2.0,0.0,12.0,0.0,0,906.0,906.0,853.0,Y1
1.0,0.0,0.0,0.0,0.0,0.0,0.0,8.0,0.0,1,997.0,956.0,997.0,Y0
0.0,0.0,3.0,0.0,0.0,0.0,0.0,9.0,0.0,1,908.0,914.0,908.0,Y0
0.0,2.0,5.0,0.0,3.0,1.0,0.0,12.0,0.0,1,834.0,884.0,834.0,Y0
0.0,0.0,2.0,1.0,0.0,0.0,0.0,5.0,0.0,0,877.0,877.0,917.0,Y1
0.0,0.0,3.0,0.0,0.0,1.0,0.0,10.0,0.0,0,894.0,894.0,876.0,Y1
1.0,1.0,1.0,1.0,2.0,0.0,2.0,1.0,0.0,1,882.0,903.0,882.0,Y0
0.0,1.0,5.0,1.0,2.0,1.0,0.0,7.0,0.0,0,960.0,960.0,913.0,Y1
1.0,0.0,0.0,0.0,0.0,1.0,0.0,13.0,0.0,0,927.0,927.0,859.0,Y1
1.0,0.0,0.0,0.0,0.0,1.0,0.0,8.0,0.0,0,1141.0,1141.0,902.0,Y1
0.0,0.0,3.0,0.0,0.0,0.0,0.0,2.0,0.0,1,848.0,906.0,848.0,Y0
0.0,1.0,1.0,1.0,3.0,1.0,0.0,6.0,0.0,0,861.0,861.0,911.0,Y1
1.0,1.0,2.0,1.0,2.0,0.0,1.0,9.0,1.0,1,824.0,813.0,824.0,Y0
1.0,0.0,0.0,0.0,0.0,1.0,0.0,5.0,0.0,0,931.0,931.0,1072.0,Y1
0.0,0.0,0.0,0.0,0.0,0.0,-1.0,2.0,0.0,0,905.0,905.0,1133.0,Y1
0.0,0.0,0.0,0.0,0.0,1.0,0.0,11.0,0.0,0,887.0,887.0,909.0,Y1
1.0,1.0,0.0,0.0,2.0,1.0,1.0,3.0,1.0,0,849.0,849.0,986.0,Y1
1.0,0.0,0.0,0.0,1.0,0.0,0.0,17.0,0.0,0,871.0,871.0,847.0,Y1
1.0,1.0,0.0,0.0,1.0,0.0,-1.0,4.0,0.0,0,1010.0,1010.0,1059.0,Y1
1.0,1.0,0.0,1.0,2.0,0.0,2.0,2.0,1.0,1,948.0,916.0,948.0,Y0
0.0,0.0,3.0,0.0,1.0,0.0,-1.0,0.0,0.0,1,890.0,875.0,890.0,Y0
1.0,0.0,0.0,0.0,1.0,0.0,5.0,3.0,0.0,0,1106.0,1106.0,887.0,Y1
0.0,0.0,0.0,0.0,0.0,0.0,0.0,8.0,0.0,0,891.0,891.0,929.0,Y1
0.0,0.0,3.0,1.0,3.0,0.0,0.0,11.0,0.0,1,847.0,866.0,847.0,Y0
1.0,0.0,3.0,0.0,1.0,0.0,0.0,12.0,0.0,0,956.0,956.0,891.0,Y1
1.0,0.0,0.0,0.0,0.0,1.0,0.0,13.0,0.0,0,962.0,962.0,859.0,Y1
1.0,0.0,2.0,1.0,0.0,0.0,0.0,5.0,0.0,0,926.0,926.0,936.0,Y1
0.0,1.0,1.0,1.0,2.0,0.0,2.0,0.0,0.0,0,875.0,875.0,843.0,Y1
1.0,1.0,0.0,1.0,2.0,0.0,2.0,2.0,0.0,1,844.0,891.0,844.0,Y0
0.0,0.0,2.0,0.0,0.0,1.0,0.0,11.0,0.0,0,908.0,908.0,879.0,Y1
0.0,0.0,2.0,1.0,0.0,1.0,4.0,16.0,0.0,0,1120.0,1120.0,842.0,Y1
0.0,0.0,2.0,1.0,0.0,0.0,0.0,6.0,0.0,0,813.0,813.0,953.0,Y1
1.0,1.0,1.0,1.0,2.0,0.0,2.0,0.0,0.0,0,850.0,850.0,896.0,Y1
0.0,5.0,3.0,1.0,0.0,1.0,0.0,13.0,0.0,0,807.0,807.0,863.0,Y1
1.0,0.0,3.0,1.0,0.0,1.0,0.0,5.0,0.0,0,862.0,862.0,870.0,Y1
1.0,0.0,9.0,1.0,0.0,0.0,0.0,4.0,0.0,0,889.0,889.0,844.0,Y1
0.0,0.0,3.0,0.0,1.0,0.0,0.0,18.0,0.0,0,969.0,969.0,1050.0,Y1
0.0,1.0,0.0,1.0,2.0,0.0,2.0,0.0,0.0,0,852.0,852.0,879.0,Y1
0.0,0.0,1.0,0.0,0.0,0.0,0.0,2.0,0.0,0,975.0,975.0,931.0,Y1
1.0,0.0,0.0,1.0,0.0,0.0,0.0,5.0,0.0,1,917.0,1022.0,917.0,Y0
1.0,0.0,3.0,0.0,0.0,0.0,0.0,7.0,0.0,0,790.0,790.0,857.0,Y1
0.0,0.0,0.0,1.0,0.0,1.0,0.0,12.0,0.0,0,933.0,933.0,868.0,Y1
0.0,0.0,2.0,0.0,3.0,0.0,1.0,1.0,0.0,1,865.0,955.0,865.0,Y0
1.0,0.0,1.0,0.0,0.0,0.0,2.0,3.0,1.0,0,822.0,822.0,950.0,Y1
0.0,1.0,0.0,1.0,1.0,0.0,0.0,3.0,0.0,1,948.0,809.0,948.0,Y0
1.0,0.0,1.0,0.0,1.0,1.0,0.0,22.0,0.0,0,973.0,973.0,951.0,Y1
0.0,1.0,3.0,1.0,2.0,0.0,0.0,10.0,1.0,0,947.0,947.0,900.0,Y1
0.0,1.0,1.0,1.0,2.0,0.0,0.0,6.0,1.0,0,834.0,834.0,920.0,Y1
1.0,0.0,2.0,0.0,3.0,1.0,0.0,4.0,0.0,0,961.0,961.0,969.0,Y1
1.0,0.0,2.0,0.0,0.0,0.0,2.0,2.0,0.0,0,913.0,913.0,901.0,Y1
0.0,1.0,3.0,1.0,2.0,0.0,0.0,3.0,1.0,0,1015.0,1015.0,923.0,Y1
1.0,0.0,3.0,1.0,0.0,1.0,0.0,10.0,0.0,0,868.0,868.0,981.0,Y1
1.0,0.0,3.0,1.0,0.0,0.0,0.0,6.0,0.0,0,1038.0,1038.0,836.0,Y1
1.0,0.0,3.0,1.0,0.0,1.0,0.0,3.0,0.0,0,816.0,816.0,870.0,Y1
0.0,0.0,1.0,1.0,3.0,0.0,0.0,17.0,0.0,0,949.0,949.0,902.0,Y1
0.0,0.0,1.0,0.0,3.0,0.0,0.0,14.0,0.0,0,1050.0,1050.0,938.0,Y1
1.0,0.0,2.0,0.0,0.0,1.0,0.0,12.0,0.0,0,926.0,926.0,949.0,Y1
1.0,1.0,1.0,1.0,2.0,1.0,0.0,17.0,0.0,0,952.0,952.0,952.0,Y1
0.0,1.0,3.0,1.0,2.0,0.0,-1.0,2.0,0.0,0,869.0,869.0,913.0,Y1
0.0,1.0,2.0,1.0,0.0,0.0,-1.0,5.0,0.0,0,818.0,818.0,747.0,Y1
1.0,0.0,2.0,1.0,0.0,1.0,0.0,12.0,0.0,1,969.0,975.0,969.0,Y0
0.0,1.0,3.0,1.0,2.0,0.0,2.0,1.0,0.0,1,911.0,952.0,911.0,Y0
0.0,1.0,2.0,0.0,0.0,0.0,0.0,11.0,0.0,0,871.0,871.0,917.0,Y1
0.0,0.0,3.0,0.0,1.0,0.0,1.0,0.0,0.0,0,870.0,870.0,789.0,Y1
1.0,0.0,2.0,0.0,0.0,0.0,0.0,3.0,0.0,0,956.0,956.0,942.0,Y1
0.0,0.0,0.0,0.0,0.0,1.0,0.0,12.0,0.0,0,927.0,927.0,909.0,Y1
0.0,1.0,3.0,1.0,2.0,0.0,-1.0,2.0,0.0,0,879.0,879.0,913.0,Y1
1.0,0.0,1.0,1.0,0.0,0.0,1.0,0.0,0.0,0,946.0,946.0,991.0,Y1
1.0,1.0,1.0,1.0,2.0,0.0,-1.0,10.0,1.0,0,894.0,894.0,936.0,Y1
1.0,0.0,1.0,1.0,0.0,0.0,0.0,19.0,0.0,0,967.0,967.0,956.0,Y1
1.0,0.0,3.0,0.0,0.0,1.0,0.0,4.0,0.0,1,957.0,837.0,957.0,Y0
0.0,1.0,1.0,1.0,3.0,0.0,2.0,1.0,0.0,1,932.0,870.0,932.0,Y0
1.0,0.0,3.0,1.0,0.0,1.0,0.0,9.0,0.0,1,981.0,851.0,981.0,Y0
1.0,0.0,2.0,0.0,0.0,1.0,0.0,6.0,0.0,1,973.0,875.0,973.0,Y0
1.0,0.0,1.0,0.0,0.0,0.0,0.0,20.0,0.0,0,1062.0,1062.0,961.0,Y1
1.0,0.0,2.0,1.0,3.0,1.0,0.0,7.0,0.0,1,905.0,792.0,905.0,Y0
0.0,0.0,1.0,0.0,3.0,0.0,0.0,14.0,0.0,1,938.0,1050.0,938.0,Y0
1.0,1.0,0.0,1.0,2.0,0.0,0.0,10.0,1.0,0,990.0,990.0,827.0,Y1
0.0,1.0,2.0,1.0,1.0,1.0,0.0,10.0,0.0,0,876.0,876.0,881.0,Y1
0.0,1.0,0.0,1.0,2.0,1.0,0.0,10.0,1.0,0,847.0,847.0,844.0,Y1
1.0,0.0,0.0,1.0,3.0,1.0,0.0,17.0,0.0,1,961.0,809.0,961.0,Y0
1.0,0.0,1.0,0.0,0.0,1.0,0.0,12.0,0.0,0,877.0,877.0,923.0,Y1
0.0,0.0,3.0,0.0,0.0,2.0,0.0,6.0,0.0,1,1003.0,966.0,1003.0,Y0
1.0,0.0,1.0,0.0,1.0,0.0,0.0,3.0,0.0,0,1004.0,1004.0,989.0,Y1
0.0,1.0,2.0,1.0,1.0,0.0,-1.0,0.0,0.0,0,886.0,886.0,1068.0,Y1
0.0,1.0,1.0,1.0,0.0,0.0,0.0,3.0,0.0,0,870.0,870.0,800.0,Y1
0.0,0.0,0.0,0.0,1.0,0.0,0.0,16.0,0.0,0,1141.0,1141.0,1021.0,Y1
0.0,1.0,4.0,0.0,1.0,0.0,0.0,21.0,0.0,1,957.0,996.0,957.0,Y0
0.0,0.0,3.0,0.0,0.0,1.0,0.0,3.0,0.0,0,821.0,821.0,990.0,Y1
0.0,1.0,3.0,1.0,3.0,0.0,-1.0,11.0,0.0,0,860.0,860.0,942.0,Y1
0.0,0.0,3.0,0.0,2.0,1.0,0.0,11.0,0.0,0,975.0,975.0,860.0,Y1
1.0,0.0,3.0,0.0,1.0,0.0,0.0,17.0,0.0,0,863.0,863.0,940.0,Y1
1.0,0.0,1.0,0.0,0.0,1.0,0.0,11.0,0.0,0,1060.0,1060.0,923.0,Y1
0.0,0.0,2.0,1.0,0.0,0.0,0.0,15.0,0.0,0,917.0,917.0,887.0,Y1
1.0,1.0,3.0,1.0,1.0,0.0,0.0,6.0,0.0,0,865.0,865.0,879.0,Y1
1.0,0.0,0.0,0.0,0.0,1.0,0.0,6.0,0.0,0,1026.0,1026.0,1089.0,Y1
1.0,1.0,3.0,1.0,2.0,0.0,-1.0,2.0,0.0,1,837.0,870.0,837.0,Y0
0.0,0.0,2.0,1.0,0.0,1.0,0.0,8.0,0.0,1,954.0,903.0,954.0,Y0
1.0,1.0,1.0,1.0,1.0,0.0,0.0,21.0,0.0,1,946.0,854.0,946.0,Y0
1.0,0.0,1.0,0.0,1.0,0.0,0.0,5.0,0.0,1,1027.0,934.0,1027.0,Y0
0.0,1.0,3.0,1.0,1.0,0.0,1.0,0.0,0.0,1,1077.0,953.0,1077.0,Y0
1.0,0.0,2.0,1.0,3.0,0.0,1.0,1.0,0.0,1,881.0,886.0,881.0,Y0
1.0,1.0,2.0,1.0,2.0,0.0,0.0,5.0,1.0,0,837.0,837.0,946.0,Y1
1.0,0.0,1.0,1.0,0.0,1.0,0.0,15.0,0.0,1,841.0,942.0,841.0,Y0
0.0,1.0,2.0,0.0,2.0,0.0,0.0,20.0,1.0,0,962.0,962.0,890.0,Y1
1.0,0.0,0.0,1.0,0.0,0.0,0.0,11.0,0.0,1,1020.0,841.0,1020.0,Y0
0.0,0.0,1.0,0.0,3.0,0.0,0.0,3.0,0.0,0,1062.0,1062.0,865.0,Y1
0.0,1.0,1.0,0.0,1.0,0.0,0.0,20.0,1.0,0,1082.0,1082.0,890.0,Y1
1.0,0.0,0.0,-1.0,0.0,1.0,0.0,8.0,-1.0,1,892.0,1043.0,892.0,Y0
1.0,0.0,1.0,1.0,0.0,1.0,0.0,8.0,0.0,1,1181.0,905.0,1181.0,Y0
1.0,0.0,1.0,0.0,0.0,0.0,0.0,3.0,0.0,1,1019.0,1044.0,1019.0,Y0
0.0,0.0,3.0,0.0,0.0,1.0,0.0,12.0,0.0,0,901.0,901.0,876.0,Y1
1.0,0.0,0.0,0.0,0.0,0.0,2.0,3.0,0.0,1,855.0,836.0,855.0,Y0
1.0,0.0,3.0,1.0,0.0,0.0,0.0,3.0,0.0,0,820.0,820.0,821.0,Y1
0.0,1.0,2.0,1.0,1.0,0.0,0.0,3.0,0.0,1,984.0,866.0,984.0,Y0
1.0,0.0,2.0,1.0,0.0,1.0,0.0,8.0,0.0,0,914.0,914.0,909.0,Y1
0.0,1.0,2.0,1.0,2.0,0.0,0.0,14.0,0.0,1,878.0,851.0,878.0,Y0
1.0,1.0,0.0,1.0,2.0,0.0,0.0,14.0,0.0,1,836.0,917.0,836.0,Y0
0.0,0.0,2.0,0.0,0.0,0.0,0.0,11.0,0.0,1,943.0,978.0,943.0,Y0
1.0,0.0,7.0,0.0,1.0,0.0,5.0,3.0,0.0,0,847.0,847.0,814.0,Y1
1.0,0.0,0.0,0.0,0.0,0.0,-1.0,9.0,0.0,0,946.0,946.0,841.0,Y1
0.0,0.0,1.0,0.0,3.0,0.0,0.0,14.0,0.0,1,987.0,1050.0,987.0,Y0
0.0,1.0,0.0,1.0,0.0,0.0,0.0,10.0,0.0,0,921.0,921.0,848.0,Y1
1.0,1.0,0.0,0.0,1.0,2.0,0.0,13.0,0.0,0,931.0,931.0,896.0,Y1
1.0,0.0,0.0,1.0,0.0,0.0,-1.0,1.0,0.0,1,891.0,873.0,891.0,Y0
0.0,1.0,2.0,1.0,3.0,0.0,2.0,5.0,0.0,0,870.0,870.0,853.0,Y1
0.0,1.0,0.0,1.0,2.0,1.0,0.0,11.0,0.0,0,846.0,846.0,872.0,Y1
0.0,0.0,3.0,0.0,1.0,0.0,5.0,3.0,0.0,0,1000.0,1000.0,859.0,Y1
0.0,0.0,2.0,0.0,0.0,1.0,0.0,13.0,0.0,0,920.0,920.0,879.0,Y1
1.0,0.0,2.0,1.0,0.0,0.0,0.0,3.0,0.0,1,913.0,899.0,913.0,Y0
1.0,1.0,1.0,0.0,2.0,0.0,0.0,9.0,1.0,0,868.0,868.0,879.0,Y1
1.0,0.0,0.0,0.0,0.0,2.0,0.0,8.0,0.0,1,934.0,896.0,934.0,Y0
0.0,1.0,0.0,1.0,3.0,0.0,1.0,0.0,0.0,0,893.0,893.0,836.0,Y1
1.0,0.0,3.0,0.0,0.0,0.0,-1.0,12.0,0.0,1,889.0,893.0,889.0,Y0
0.0,0.0,2.0,0.0,3.0,0.0,0.0,5.0,0.0,0,986.0,986.0,912.0,Y1
0.0,1.0,3.0,0.0,1.0,1.0,0.0,4.0,0.0,1,907.0,910.0,907.0,Y0
0.0,1.0,2.0,1.0,1.0,0.0,2.0,5.0,1.0,1,978.0,975.0,978.0,Y0
0.0,0.0,3.0,0.0,3.0,0.0,2.0,5.0,0.0,0,945.0,945.0,986.0,Y1
0.0,1.0,3.0,1.0,2.0,1.0,0.0,13.0,1.0,1,881.0,856.0,881.0,Y0
1.0,0.0,1.0,0.0,1.0,0.0,0.0,16.0,1.0,1,987.0,1066.0,987.0,Y0
0.0,0.0,1.0,1.0,0.0,1.0,0.0,8.0,0.0,1,1011.0,852.0,1011.0,Y0
0.0,1.0,1.0,1.0,2.0,0.0,-1.0,2.0,0.0,0,850.0,850.0,858.0,Y1
0.0,0.0,2.0,1.0,3.0,0.0,0.0,17.0,0.0,0,863.0,863.0,978.0,Y1
0.0,0.0,0.0,0.0,1.0,0.0,0.0,5.0,0.0,1,925.0,927.0,925.0,Y0
0.0,0.0,1.0,1.0,3.0,0.0,0.0,14.0,0.0,0,777.0,777.0,902.0,Y1
1.0,0.0,1.0,0.0,1.0,2.0,0.0,12.0,0.0,0,1071.0,1071.0,943.0,Y1
1.0,0.0,3.0,0.0,1.0,1.0,0.0,7.0,0.0,1,930.0,845.0,930.0,Y0
1.0,0.0,3.0,1.0,0.0,1.0,0.0,8.0,0.0,1,897.0,847.0,897.0,Y0
0.0,0.0,1.0,0.0,0.0,1.0,0.0,4.0,0.0,1,1068.0,1036.0,1068.0,Y0
1.0,0.0,0.0,0.0,0.0,0.0,0.0,4.0,0.0,0,924.0,924.0,976.0,Y1
1.0,0.0,0.0,1.0,3.0,2.0,0.0,13.0,0.0,0,837.0,837.0,883.0,Y1
1.0,0.0,2.0,1.0,0.0,0.0,0.0,4.0,0.0,1,1024.0,879.0,1024.0,Y0
0.0,1.0,1.0,0.0,0.0,1.0,0.0,8.0,0.0,1,821.0,958.0,821.0,Y0
0.0,0.0,0.0,0.0,0.0,0.0,0.0,3.0,0.0,1,1031.0,989.0,1031.0,Y0
0.0,0.0,4.0,1.0,3.0,0.0,0.0,8.0,0.0,0,891.0,891.0,847.0,Y1
0.0,1.0,2.0,1.0,2.0,0.0,0.0,24.0,1.0,0,953.0,953.0,872.0,Y1
0.0,1.0,2.0,1.0,2.0,0.0,-1.0,6.0,1.0,0,917.0,917.0,872.0,Y1
0.0,1.0,1.0,1.0,2.0,0.0,2.0,1.0,0.0,0,990.0,990.0,843.0,Y1
1.0,0.0,1.0,0.0,0.0,0.0,0.0,20.0,0.0,0,919.0,919.0,961.0,Y1
0.0,1.0,3.0,1.0,2.0,0.0,2.0,1.0,0.0,1,884.0,952.0,884.0,Y0
0.0,0.0,1.0,0.0,0.0,0.0,0.0,4.0,0.0,1,942.0,921.0,942.0,Y0
1.0,1.0,3.0,1.0,1.0,0.0,0.0,3.0,0.0,1,879.0,830.0,879.0,Y0
0.0,0.0,9.0,1.0,0.0,1.0,0.0,8.0,0.0,0,881.0,881.0,891.0,Y1
1.0,1.0,0.0,0.0,1.0,0.0,2.0,1.0,0.0,0,1001.0,1001.0,998.0,Y1
1.0,0.0,0.0,0.0,0.0,1.0,0.0,6.0,0.0,1,1089.0,961.0,1089.0,Y0
0.0,1.0,0.0,1.0,2.0,0.0,-1.0,3.0,0.0,1,800.0,857.0,800.0,Y0
1.0,1.0,3.0,1.0,2.0,0.0,-1.0,6.0,1.0,0,943.0,943.0,946.0,Y1
1.0,0.0,0.0,1.0,0.0,0.0,0.0,2.0,0.0,1,894.0,756.0,894.0,Y0
1.0,1.0,1.0,1.0,1.0,0.0,0.0,8.0,1.0,0,837.0,837.0,892.0,Y1
1.0,0.0,1.0,0.0,0.0,0.0,3.0,27.0,0.0,0,877.0,877.0,1026.0,Y1
1.0,1.0,2.0,0.0,2.0,0.0,0.0,9.0,0.0,1,862.0,837.0,862.0,Y0
0.0,0.0,1.0,0.0,1.0,0.0,-1.0,18.0,1.0,0,863.0,863.0,1019.0,Y1
1.0,0.0,2.0,1.0,0.0,1.0,0.0,6.0,0.0,1,902.0,789.0,902.0,Y0
1.0,0.0,2.0,1.0,0.0,0.0,0.0,4.0,0.0,0,885.0,885.0,1004.0,Y1
0.0,0.0,1.0,1.0,0.0,0.0,0.0,27.0,0.0,1,910.0,1027.0,910.0,Y0
1.0,1.0,0.0,1.0,0.0,1.0,0.0,13.0,0.0,0,844.0,844.0,877.0,Y1
1.0,1.0,2.0,1.0,2.0,0.0,2.0,1.0,0.0,1,853.0,904.0,853.0,Y0
1.0,1.0,0.0,1.0,2.0,0.0,1.0,0.0,1.0,0,884.0,884.0,974.0,Y1
0.0,1.0,3.0,1.0,2.0,0.0,0.0,12.0,1.0,0,1019.0,1019.0,920.0,Y1
0.0,0.0,1.0,1.0,0.0,0.0,0.0,8.0,0.0,1,1085.0,871.0,1085.0,Y0
0.0,1.0,2.0,1.0,2.0,1.0,0.0,17.0,0.0,0,842.0,842.0,940.0,Y1
0.0,0.0,2.0,1.0,3.0,2.0,0.0,13.0,0.0,0,893.0,893.0,865.0,Y1
1.0,0.0,0.0,1.0,0.0,0.0,0.0,16.0,0.0,0,1020.0,1020.0,949.0,Y1
0.0,0.0,1.0,0.0,1.0,0.0,0.0,17.0,0.0,0,978.0,978.0,971.0,Y1
1.0,1.0,-1.0,0.0,1.0,0.0,0.0,0.0,0.0,0,834.0,834.0,1059.0,Y1
0.0,0.0,0.0,0.0,0.0,1.0,0.0,13.0,0.0,0,940.0,940.0,908.0,Y1
0.0,0.0,2.0,0.0,1.0,0.0,2.0,3.0,0.0,0,864.0,864.0,837.0,Y1
0.0,1.0,1.0,0.0,2.0,1.0,0.0,11.0,0.0,0,949.0,949.0,912.0,Y1
1.0,2.0,3.0,0.0,3.0,0.0,0.0,5.0,0.0,0,874.0,874.0,883.0,Y1
1.0,0.0,4.0,1.0,3.0,0.0,0.0,11.0,0.0,1,848.0,1017.0,848.0,Y0
0.0,0.0,2.0,1.0,0.0,0.0,3.0,9.0,0.0,0,903.0,903.0,889.0,Y1
1.0,1.0,3.0,1.0,1.0,0.0,0.0,6.0,0.0,0,858.0,858.0,879.0,Y1
0.0,0.0,1.0,0.0,0.0,1.0,0.0,13.0,0.0,0,916.0,916.0,933.0,Y1
1.0,1.0,0.0,1.0,3.0,1.0,0.0,6.0,0.0,0,828.0,828.0,810.0,Y1
1.0,0.0,1.0,0.0,0.0,0.0,0.0,7.0,0.0,1,996.0,847.0,996.0,Y0
0.0,0.0,1.0,1.0,0.0,1.0,0.0,6.0,0.0,0,884.0,884.0,889.0,Y1
1.0,0.0,2.0,1.0,0.0,1.0,0.0,6.0,0.0,0,889.0,889.0,1104.0,Y1
1.0,0.0,2.0,0.0,0.0,0.0,0.0,7.0,0.0,0,759.0,759.0,928.0,Y1
0.0,1.0,1.0,1.0,2.0,0.0,2.0,2.0,1.0,1,841.0,949.0,841.0,Y0
0.0,0.0,3.0,0.0,0.0,0.0,0.0,11.0,0.0,0,931.0,931.0,923.0,Y1
0.0,1.0,1.0,1.0,2.0,0.0,0.0,11.0,0.0,1,1020.0,964.0,1020.0,Y0
0.0,1.0,0.0,1.0,2.0,1.0,2.0,24.0,0.0,0,1147.0,1147.0,835.0,Y1
0.0,0.0,3.0,1.0,1.0,1.0,0.0,24.0,0.0,0,963.0,963.0,873.0,Y1
0.0,0.0,9.0,1.0,1.0,0.0,0.0,12.0,0.0,0,887.0,887.0,900.0,Y1
0.0,0.0,3.0,1.0,3.0,0.0,0.0,5.0,0.0,0,848.0,848.0,847.0,Y1
0.0,0.0,2.0,0.0,3.0,0.0,0.0,14.0,0.0,0,970.0,970.0,912.0,Y1
0.0,0.0,3.0,0.0,0.0,0.0,0.0,13.0,0.0,0,926.0,926.0,1136.0,Y1
1.0,0.0,0.0,0.0,0.0,1.0,0.0,5.0,0.0,0,973.0,973.0,1072.0,Y1
1.0,0.0,0.0,0.0,0.0,0.0,2.0,1.0,0.0,0,841.0,841.0,849.0,Y1
1.0,0.0,0.0,1.0,0.0,1.0,0.0,6.0,0.0,1,897.0,950.0,897.0,Y0
1.0,0.0,8.0,1.0,0.0,0.0,2.0,1.0,0.0,0,908.0,908.0,947.0,Y1
0.0,0.0,1.0,0.0,0.0,0.0,0.0,13.0,0.0,0,1120.0,1120.0,984.0,Y1
0.0,0.0,2.0,1.0,0.0,1.0,0.0,9.0,0.0,1,947.0,870.0,947.0,Y0
1.0,0.0,1.0,0.0,0.0,1.0,0.0,4.0,0.0,1,1062.0,869.0,1062.0,Y0
0.0,1.0,1.0,1.0,2.0,0.0,0.0,11.0,0.0,0,819.0,819.0,1020.0,Y1
1.0,1.0,0.0,0.0,0.0,1.0,0.0,8.0,0.0,0,810.0,810.0,896.0,Y1
1.0,0.0,1.0,0.0,1.0,0.0,2.0,3.0,0.0,0,1191.0,1191.0,1022.0,Y1
0.0,0.0,1.0,0.0,0.0,3.0,0.0,10.0,0.0,1,1036.0,898.0,1036.0,Y0
1.0,0.0,2.0,0.0,0.0,1.0,0.0,4.0,0.0,0,874.0,874.0,976.0,Y1
1.0,0.0,4.0,1.0,0.0,1.0,0.0,13.0,0.0,1,823.0,869.0,823.0,Y0
1.0,1.0,2.0,1.0,2.0,0.0,0.0,6.0,1.0,0,858.0,858.0,946.0,Y1
1.0,1.0,5.0,1.0,0.0,0.0,2.0,3.0,1.0,0,937.0,937.0,891.0,Y1
1.0,1.0,0.0,1.0,2.0,0.0,2.0,1.0,1.0,1,866.0,916.0,866.0,Y0
1.0,0.0,3.0,0.0,1.0,0.0,0.0,12.0,0.0,0,931.0,931.0,891.0,Y1
0.0,0.0,0.0,0.0,0.0,1.0,0.0,6.0,0.0,0,983.0,983.0,995.0,Y1
0.0,1.0,1.0,1.0,2.0,0.0,0.0,5.0,0.0,1,975.0,939.0,975.0,Y0
0.0,0.0,3.0,0.0,0.0,1.0,0.0,5.0,0.0,0,884.0,884.0,990.0,Y1
1.0,1.0,9.0,1.0,2.0,0.0,2.0,1.0,1.0,0,824.0,824.0,1060.0,Y1
1.0,0.0,0.0,0.0,0.0,0.0,-1.0,6.0,0.0,1,921.0,945.0,921.0,Y0
0.0,0.0,3.0,0.0,3.0,0.0,-1.0,11.0,0.0,0,924.0,924.0,962.0,Y1
1.0,0.0,9.0,1.0,0.0,1.0,0.0,12.0,0.0,0,798.0,798.0,889.0,Y1
0.0,0.0,3.0,1.0,0.0,1.0,0.0,5.0,0.0,0,879.0,879.0,997.0,Y1
1.0,0.0,0.0,1.0,0.0,0.0,3.0,10.0,0.0,0,1007.0,1007.0,822.0,Y1
1.0,0.0,4.0,0.0,0.0,0.0,0.0,12.0,0.0,1,1074.0,974.0,1074.0,Y0
0.0,0.0,3.0,1.0,0.0,1.0,0.0,10.0,0.0,0,856.0,856.0,881.0,Y1
0.0,0.0,7.0,1.0,0.0,0.0,0.0,12.0,0.0,1,986.0,805.0,986.0,Y0
0.0,0.0,2.0,0.0,0.0,0.0,0.0,8.0,0.0,1,820.0,997.0,820.0,Y0
1.0,1.0,1.0,1.0,2.0,0.0,0.0,12.0,0.0,0,927.0,927.0,948.0,Y1
1.0,0.0,2.0,0.0,1.0,0.0,2.0,3.0,0.0,0,941.0,941.0,822.0,Y1
0.0,0.0,1.0,1.0,0.0,1.0,0.0,4.0,0.0,0,918.0,918.0,983.0,Y1
1.0,1.0,1.0,1.0,2.0,1.0,0.0,11.0,0.0,0,871.0,871.0,789.0,Y1
0.0,0.0,1.0,0.0,1.0,0.0,0.0,0.0,0.0,0,969.0,969.0,931.0,Y1
0.0,0.0,1.0,1.0,3.0,1.0,0.0,7.0,0.0,1,944.0,968.0,944.0,Y0
0.0,0.0,1.0,0.0,0.0,0.0,0.0,8.0,0.0,1,881.0,828.0,881.0,Y0
0.0,0.0,0.0,1.0,0.0,1.0,0.0,21.0,0.0,0,908.0,908.0,881.0,Y1
0.0,1.0,1.0,0.0,2.0,0.0,0.0,24.0,1.0,0,1076.0,1076.0,855.0,Y1
1.0,0.0,3.0,0.0,0.0,0.0,0.0,7.0,0.0,0,767.0,767.0,857.0,Y1
1.0,1.0,0.0,1.0,3.0,1.0,0.0,17.0,0.0,1,892.0,907.0,892.0,Y0
0.0,1.0,3.0,1.0,2.0,0.0,-1.0,10.0,1.0,0,875.0,875.0,891.0,Y1
1.0,0.0,4.0,1.0,0.0,1.0,0.0,21.0,0.0,0,890.0,890.0,823.0,Y1
1.0,0.0,3.0,0.0,0.0,0.0,-1.0,2.0,0.0,0,949.0,949.0,931.0,Y1
0.0,1.0,1.0,1.0,1.0,0.0,0.0,8.0,1.0,0,1059.0,1059.0,865.0,Y1
1.0,0.0,0.0,0.0,0.0,2.0,0.0,12.0,0.0,0,907.0,907.0,934.0,Y1
1.0,1.0,2.0,1.0,2.0,0.0,2.0,2.0,1.0,1,876.0,896.0,876.0,Y0
1.0,1.0,0.0,0.0,1.0,0.0,1.0,0.0,0.0,1,1015.0,989.0,1015.0,Y0
0.0,0.0,2.0,0.0,0.0,1.0,0.0,15.0,0.0,1,999.0,878.0,999.0,Y0
0.0,0.0,0.0,0.0,3.0,0.0,0.0,5.0,0.0,0,1003.0,1003.0,897.0,Y1
1.0,1.0,2.0,0.0,0.0,0.0,-1.0,4.0,0.0,0,921.0,921.0,784.0,Y1
1.0,1.0,2.0,1.0,2.0,1.0,0.0,17.0,0.0,0,852.0,852.0,952.0,Y1
1.0,0.0,0.0,0.0,2.0,1.0,0.0,11.0,0.0,0,957.0,957.0,953.0,Y1
0.0,0.0,3.0,1.0,0.0,0.0,0.0,15.0,0.0,1,927.0,854.0,927.0,Y0
1.0,0.0,3.0,0.0,3.0,0.0,0.0,11.0,0.0,1,894.0,949.0,894.0,Y0
0.0,0.0,0.0,1.0,0.0,1.0,0.0,5.0,0.0,0,847.0,847.0,876.0,Y1
0.0,0.0,2.0,0.0,1.0,2.0,0.0,12.0,0.0,0,978.0,978.0,917.0,Y1
1.0,0.0,0.0,0.0,0.0,0.0,2.0,1.0,0.0,0,939.0,939.0,849.0,Y1
1.0,0.0,2.0,1.0,0.0,1.0,0.0,12.0,0.0,1,858.0,975.0,858.0,Y0
0.0,0.0,7.0,1.0,0.0,0.0,2.0,1.0,0.0,0,873.0,873.0,886.0,Y1
1.0,1.0,2.0,1.0,1.0,1.0,0.0,15.0,1.0,0,992.0,992.0,861.0,Y1
1.0,0.0,1.0,0.0,0.0,0.0,0.0,14.0,0.0,1,1070.0,945.0,1070.0,Y0
1.0,0.0,2.0,0.0,0.0,1.0,0.0,15.0,0.0,0,1044.0,1044.0,864.0,Y1
1.0,0.0,3.0,0.0,0.0,0.0,0.0,6.0,0.0,1,932.0,978.0,932.0,Y0
1.0,1.0,0.0,0.0,2.0,0.0,0.0,6.0,1.0,0,892.0,892.0,986.0,Y1
0.0,0.0,3.0,1.0,3.0,0.0,0.0,21.0,0.0,1,821.0,863.0,821.0,Y0
0.0,1.0,1.0,0.0,1.0,0.0,2.0,1.0,0.0,0,986.0,986.0,1091.0,Y1
0.0,0.0,3.0,0.0,0.0,3.0,0.0,14.0,0.0,1,973.0,966.0,973.0,Y0
1.0,0.0,2.0,0.0,0.0,0.0,0.0,3.0,0.0,0,902.0,902.0,942.0,Y1
1.0,0.0,0.0,0.0,0.0,0.0,-1.0,2.0,0.0,0,856.0,856.0,936.0,Y1
1.0,1.0,3.0,1.0,2.0,0.0,2.0,1.0,1.0,0,856.0,856.0,851.0,Y1
0.0,0.0,1.0,1.0,0.0,1.0,0.0,13.0,0.0,0,949.0,949.0,994.0,Y1
1.0,1.0,2.0,0.0,1.0,0.0,0.0,11.0,0.0,1,784.0,839.0,784.0,Y0
0.0,0.0,3.0,0.0,0.0,0.0,2.0,3.0,0.0,1,809.0,929.0,809.0,Y0
1.0,0.0,3.0,0.0,0.0,0.0,0.0,8.0,0.0,0,815.0,815.0,857.0,Y1
1.0,0.0,0.0,1.0,0.0,0.0,0.0,11.0,0.0,0,862.0,862.0,1020.0,Y1
0.0,0.0,2.0,1.0,3.0,0.0,0.0,13.0,0.0,0,948.0,948.0,989.0,Y1
0.0,0.0,2.0,1.0,0.0,0.0,0.0,15.0,0.0,0,842.0,842.0,887.0,Y1
1.0,1.0,2.0,1.0,2.0,0.0,0.0,6.0,0.0,1,970.0,878.0,970.0,Y0
0.0,0.0,1.0,1.0,3.0,1.0,0.0,12.0,0.0,0,887.0,887.0,865.0,Y1
0.0,0.0,3.0,0.0,3.0,0.0,2.0,1.0,0.0,1,986.0,945.0,986.0,Y0
0.0,0.0,3.0,0.0,3.0,1.0,0.0,13.0,0.0,1,931.0,962.0,931.0,Y0
0.0,0.0,0.0,0.0,0.0,0.0,0.0,14.0,0.0,0,997.0,997.0,1043.0,Y1
0.0,0.0,2.0,0.0,3.0,0.0,0.0,11.0,0.0,0,997.0,997.0,912.0,Y1
0.0,1.0,2.0,1.0,2.0,1.0,2.0,24.0,0.0,0,1171.0,1171.0,835.0,Y1
0.0,0.0,0.0,0.0,1.0,0.0,0.0,14.0,0.0,1,1021.0,881.0,1021.0,Y0
0.0,0.0,3.0,0.0,1.0,1.0,0.0,22.0,0.0,0,869.0,869.0,940.0,Y1
0.0,1.0,2.0,1.0,1.0,0.0,0.0,20.0,1.0,0,1092.0,1092.0,872.0,Y1
1.0,0.0,1.0,1.0,0.0,0.0,1.0,0.0,0.0,0,990.0,990.0,991.0,Y1
1.0,0.0,4.0,1.0,2.0,0.0,0.0,9.0,0.0,0,920.0,920.0,813.0,Y1
1.0,0.0,3.0,0.0,1.0,0.0,0.0,5.0,0.0,1,963.0,903.0,963.0,Y0
0.0,0.0,2.0,0.0,1.0,2.0,0.0,13.0,0.0,0,1005.0,1005.0,917.0,Y1
0.0,1.0,3.0,1.0,2.0,1.0,0.0,7.0,0.0,0,816.0,816.0,913.0,Y1
0.0,1.0,5.0,0.0,2.0,0.0,0.0,6.0,0.0,0,833.0,833.0,993.0,Y1
1.0,0.0,1.0,0.0,1.0,1.0,0.0,15.0,0.0,1,1074.0,951.0,1074.0,Y0
1.0,0.0,3.0,0.0,1.0,1.0,0.0,12.0,0.0,0,941.0,941.0,845.0,Y1
0.0,1.0,2.0,1.0,2.0,0.0,0.0,11.0,0.0,0,979.0,979.0,857.0,Y1
1.0,0.0,0.0,0.0,0.0,0.0,0.0,22.0,0.0,1,887.0,958.0,887.0,Y0
1.0,0.0,3.0,1.0,0.0,1.0,0.0,5.0,0.0,1,832.0,865.0,832.0,Y0
0.0,0.0,3.0,0.0,0.0,0.0,0.0,2.0,0.0,0,906.0,906.0,848.0,Y1
1.0,0.0,3.0,1.0,0.0,0.0,0.0,8.0,0.0,0,780.0,780.0,854.0,Y1
1.0,1.0,3.0,1.0,1.0,0.0,0.0,21.0,0.0,1,857.0,851.0,857.0,Y0
0.0,0.0,1.0,1.0,0.0,0.0,1.0,0.0,0.0,0,928.0,928.0,846.0,Y1
0.0,1.0,2.0,1.0,2.0,0.0,2.0,1.0,1.0,0,874.0,874.0,845.0,Y1
0.0,0.0,3.0,0.0,0.0,1.0,0.0,13.0,0.0,0,815.0,815.0,898.0,Y1
1.0,0.0,2.0,0.0,0.0,0.0,0.0,15.0,0.0,1,946.0,934.0,946.0,Y0
1.0,0.0,2.0,0.0,1.0,0.0,-1.0,2.0,0.0,0,959.0,959.0,939.0,Y1
0.0,0.0,3.0,0.0,0.0,1.0,0.0,13.0,0.0,0,870.0,870.0,898.0,Y1
1.0,0.0,4.0,0.0,1.0,2.0,0.0,13.0,0.0,0,1024.0,1024.0,940.0,Y1
1.0,0.0,2.0,0.0,0.0,1.0,0.0,13.0,0.0,0,947.0,947.0,864.0,Y1
1.0,0.0,4.0,1.0,0.0,3.0,0.0,10.0,0.0,1,944.0,917.0,944.0,Y0
1.0,0.0,1.0,0.0,3.0,1.0,0.0,13.0,0.0,1,975.0,1032.0,975.0,Y0
1.0,1.0,1.0,1.0,3.0,0.0,0.0,21.0,0.0,1,924.0,924.0,924.0,Y0
0.0,0.0,3.0,0.0,0.0,1.0,0.0,8.0,0.0,0,800.0,800.0,968.0,Y1
0.0,0.0,3.0,1.0,1.0,1.0,0.0,8.0,0.0,0,819.0,819.0,877.0,Y1
0.0,0.0,2.0,0.0,3.0,0.0,-1.0,11.0,0.0,0,957.0,957.0,912.0,Y1
1.0,0.0,3.0,0.0,1.0,0.0,0.0,5.0,1.0,0,899.0,899.0,1074.0,Y1
1.0,0.0,3.0,0.0,0.0,0.0,0.0,21.0,0.0,1,789.0,1004.0,789.0,Y0
0.0,0.0,2.0,0.0,0.0,0.0,0.0,10.0,0.0,0,949.0,949.0,1053.0,Y1
0.0,1.0,1.0,1.0,1.0,0.0,-1.0,2.0,0.0,0,920.0,920.0,991.0,Y1
1.0,0.0,2.0,0.0,1.0,1.0,0.0,15.0,1.0,0,981.0,981.0,959.0,Y1
0.0,0.0,3.0,0.0,1.0,0.0,0.0,0.0,0.0,0,954.0,954.0,979.0,Y1
1.0,0.0,4.0,1.0,0.0,1.0,4.0,16.0,0.0,0,945.0,945.0,857.0,Y1
0.0,0.0,3.0,0.0,1.0,0.0,2.0,1.0,0.0,0,929.0,929.0,967.0,Y1
0.0,0.0,4.0,0.0,0.0,0.0,0.0,3.0,0.0,0,852.0,852.0,892.0,Y1
0.0,1.0,0.0,1.0,2.0,1.0,0.0,17.0,0.0,0,842.0,842.0,835.0,Y1
0.0,1.0,3.0,1.0,2.0,0.0,-1.0,6.0,1.0,0,857.0,857.0,900.0,Y1
0.0,1.0,3.0,1.0,2.0,0.0,0.0,5.0,0.0,0,842.0,842.0,897.0,Y1
1.0,0.0,4.0,1.0,0.0,1.0,0.0,9.0,0.0,0,897.0,897.0,805.0,Y1
0.0,1.0,2.0,1.0,2.0,0.0,0.0,11.0,0.0,0,829.0,829.0,857.0,Y1
0.0,0.0,1.0,0.0,3.0,0.0,0.0,13.0,0.0,0,922.0,922.0,953.0,Y1
1.0,0.0,1.0,1.0,0.0,1.0,3.0,11.0,0.0,0,945.0,945.0,937.0,Y1
0.0,0.0,0.0,1.0,0.0,1.0,0.0,12.0,0.0,0,924.0,924.0,868.0,Y1
1.0,0.0,2.0,0.0,0.0,0.0,2.0,2.0,0.0,0,929.0,929.0,901.0,Y1
1.0,0.0,2.0,0.0,0.0,1.0,0.0,6.0,0.0,1,900.0,875.0,900.0,Y0
1.0,0.0,2.0,0.0,0.0,1.0,0.0,13.0,0.0,0,950.0,950.0,864.0,Y1
1.0,0.0,0.0,0.0,0.0,0.0,0.0,14.0,0.0,0,946.0,946.0,1062.0,Y1
1.0,0.0,3.0,0.0,0.0,1.0,0.0,8.0,0.0,0,898.0,898.0,949.0,Y1
0.0,0.0,2.0,0.0,1.0,1.0,0.0,7.0,0.0,1,971.0,1017.0,971.0,Y0
0.0,1.0,3.0,0.0,0.0,3.0,0.0,10.0,0.0,1,886.0,983.0,886.0,Y0
1.0,0.0,3.0,1.0,3.0,0.0,2.0,5.0,0.0,0,848.0,848.0,859.0,Y1
1.0,0.0,1.0,0.0,1.0,0.0,5.0,3.0,0.0,0,1014.0,1014.0,898.0,Y1
0.0,0.0,3.0,0.0,0.0,0.0,0.0,13.0,-1.0,0,879.0,879.0,1136.0,Y1
0.0,1.0,1.0,1.0,2.0,0.0,-1.0,6.0,1.0,0,1039.0,1039.0,920.0,Y1
0.0,0.0,0.0,0.0,0.0,0.0,0.0,11.0,0.0,1,989.0,990.0,989.0,Y0
1.0,0.0,8.0,0.0,0.0,1.0,0.0,15.0,0.0,1,847.0,835.0,847.0,Y0
1.0,0.0,3.0,0.0,0.0,1.0,0.0,8.0,0.0,0,879.0,879.0,949.0,Y1
0.0,0.0,0.0,1.0,0.0,0.0,0.0,14.0,0.0,0,883.0,883.0,869.0,Y1
1.0,1.0,3.0,1.0,0.0,0.0,0.0,12.0,0.0,0,910.0,910.0,1002.0,Y1
1.0,1.0,3.0,1.0,2.0,0.0,0.0,6.0,1.0,0,846.0,846.0,946.0,Y1
1.0,0.0,0.0,0.0,0.0,0.0,0.0,13.0,-1.0,0,872.0,872.0,878.0,Y1
0.0,0.0,0.0,1.0,0.0,0.0,0.0,14.0,0.0,0,981.0,981.0,869.0,Y1
1.0,1.0,3.0,1.0,2.0,1.0,0.0,17.0,0.0,0,894.0,894.0,916.0,Y1
1.0,1.0,1.0,1.0,2.0,0.0,0.0,7.0,0.0,0,936.0,936.0,962.0,Y1
1.0,0.0,2.0,1.0,0.0,1.0,0.0,13.0,0.0,0,856.0,856.0,987.0,Y1
0.0,0.0,3.0,1.0,0.0,0.0,2.0,2.0,0.0,0,1005.0,1005.0,912.0,Y1
1.0,0.0,1.0,0.0,0.0,1.0,0.0,8.0,0.0,0,970.0,970.0,909.0,Y1
1.0,0.0,3.0,0.0,0.0,0.0,-1.0,4.0,0.0,0,768.0,768.0,931.0,Y1
1.0,0.0,3.0,1.0,0.0,0.0,0.0,8.0,0.0,1,907.0,860.0,907.0,Y0
1.0,0.0,0.0,1.0,0.0,1.0,0.0,10.0,0.0,0,881.0,881.0,962.0,Y1
0.0,0.0,0.0,0.0,0.0,0.0,0.0,12.0,0.0,0,852.0,852.0,989.0,Y1
0.0,0.0,1.0,1.0,1.0,1.0,0.0,22.0,0.0,0,967.0,967.0,873.0,Y1
1.0,0.0,2.0,0.0,0.0,0.0,0.0,6.0,0.0,0,902.0,902.0,917.0,Y1
0.0,1.0,0.0,1.0,1.0,1.0,0.0,24.0,0.0,0,989.0,989.0,835.0,Y1
1.0,0.0,1.0,0.0,0.0,0.0,0.0,3.0,0.0,0,1044.0,1044.0,1063.0,Y1
0.0,0.0,0.0,0.0,0.0,0.0,0.0,13.0,0.0,0,1108.0,1108.0,1043.0,Y1
1.0,1.0,2.0,1.0,2.0,0.0,0.0,24.0,1.0,0,970.0,970.0,873.0,Y1
1.0,0.0,0.0,0.0,0.0,0.0,0.0,6.0,0.0,1,876.0,911.0,876.0,Y0
0.0,0.0,5.0,0.0,0.0,0.0,0.0,12.0,0.0,0,927.0,927.0,900.0,Y1
0.0,0.0,3.0,1.0,1.0,0.0,-1.0,2.0,0.0,0,928.0,928.0,899.0,Y1
1.0,0.0,0.0,0.0,1.0,2.0,0.0,12.0,0.0,0,1009.0,1009.0,934.0,Y1
1.0,0.0,4.0,0.0,3.0,2.0,0.0,12.0,0.0,1,1010.0,902.0,1010.0,Y0
1.0,1.0,3.0,1.0,1.0,0.0,0.0,12.0,1.0,1,837.0,1019.0,837.0,Y0
1.0,1.0,2.0,1.0,2.0,1.0,0.0,13.0,1.0,1,849.0,888.0,849.0,Y0
0.0,0.0,2.0,0.0,2.0,0.0,0.0,9.0,1.0,0,953.0,953.0,878.0,Y1
1.0,0.0,1.0,0.0,1.0,0.0,0.0,17.0,0.0,0,894.0,894.0,847.0,Y1
1.0,0.0,2.0,0.0,0.0,1.0,0.0,13.0,0.0,0,816.0,816.0,864.0,Y1
0.0,0.0,0.0,0.0,3.0,1.0,0.0,13.0,0.0,1,966.0,999.0,966.0,Y0
1.0,1.0,2.0,1.0,2.0,1.0,0.0,11.0,1.0,0,828.0,828.0,968.0,Y1
1.0,1.0,3.0,1.0,2.0,0.0,2.0,1.0,1.0,0,888.0,888.0,851.0,Y1
1.0,0.0,0.0,1.0,0.0,3.0,0.0,14.0,0.0,1,1000.0,1058.0,1000.0,Y0
1.0,1.0,2.0,1.0,2.0,0.0,2.0,1.0,1.0,0,934.0,934.0,927.0,Y1
1.0,0.0,1.0,0.0,0.0,0.0,0.0,4.0,0.0,1,1123.0,918.0,1123.0,Y0
0.0,0.0,2.0,0.0,1.0,1.0,0.0,12.0,0.0,0,917.0,917.0,931.0,Y1
0.0,0.0,0.0,0.0,0.0,1.0,0.0,12.0,0.0,0,980.0,980.0,909.0,Y1
1.0,0.0,3.0,0.0,1.0,0.0,0.0,7.0,0.0,0,1156.0,1156.0,992.0,Y1
0.0,1.0,0.0,1.0,2.0,1.0,0.0,5.0,0.0,0,950.0,950.0,943.0,Y1
1.0,0.0,7.0,0.0,0.0,0.0,2.0,2.0,0.0,1,839.0,1052.0,839.0,Y0
1.0,0.0,0.0,0.0,1.0,1.0,0.0,14.0,1.0,1,971.0,981.0,971.0,Y0
0.0,1.0,3.0,1.0,2.0,1.0,0.0,10.0,1.0,1,873.0,828.0,873.0,Y0
1.0,0.0,0.0,0.0,3.0,0.0,2.0,1.0,0.0,1,929.0,1083.0,929.0,Y0
1.0,0.0,3.0,1.0,0.0,1.0,0.0,5.0,0.0,0,859.0,859.0,870.0,Y1
0.0,1.0,1.0,0.0,2.0,0.0,2.0,2.0,0.0,1,939.0,986.0,939.0,Y0
0.0,0.0,0.0,0.0,1.0,1.0,0.0,20.0,0.0,1,1093.0,862.0,1093.0,Y0
1.0,0.0,3.0,1.0,1.0,0.0,-1.0,2.0,0.0,0,897.0,897.0,915.0,Y1
1.0,0.0,0.0,0.0,0.0,1.0,0.0,13.0,0.0,0,1005.0,1005.0,859.0,Y1
1.0,0.0,3.0,0.0,0.0,0.0,2.0,1.0,0.0,0,859.0,859.0,897.0,Y1
1.0,0.0,2.0,1.0,0.0,0.0,0.0,11.0,0.0,0,884.0,884.0,882.0,Y1
1.0,0.0,3.0,0.0,0.0,0.0,0.0,11.0,0.0,0,945.0,945.0,1028.0,Y1
1.0,0.0,2.0,0.0,0.0,1.0,0.0,5.0,0.0,0,881.0,881.0,916.0,Y1
1.0,0.0,2.0,0.0,0.0,0.0,0.0,13.0,0.0,0,919.0,919.0,1004.0,Y1
0.0,0.0,2.0,0.0,0.0,0.0,0.0,4.0,0.0,0,875.0,875.0,1094.0,Y1
1.0,0.0,2.0,1.0,2.0,0.0,0.0,9.0,0.0,1,815.0,847.0,815.0,Y0
0.0,1.0,0.0,1.0,1.0,0.0,0.0,3.0,0.0,1,1027.0,809.0,1027.0,Y0
1.0,1.0,0.0,0.0,2.0,0.0,0.0,20.0,1.0,0,997.0,997.0,884.0,Y1
1.0,0.0,2.0,1.0,0.0,0.0,0.0,10.0,0.0,0,898.0,898.0,790.0,Y1
0.0,0.0,0.0,1.0,0.0,0.0,0.0,20.0,0.0,0,893.0,893.0,931.0,Y1
0.0,0.0,0.0,0.0,1.0,1.0,0.0,22.0,0.0,0,862.0,862.0,942.0,Y1
1.0,1.0,3.0,1.0,2.0,0.0,0.0,11.0,0.0,0,802.0,802.0,994.0,Y1
1.0,0.0,2.0,0.0,1.0,1.0,1.0,8.0,0.0,1,940.0,914.0,940.0,Y0
0.0,0.0,2.0,1.0,0.0,1.0,0.0,9.0,0.0,1,793.0,870.0,793.0,Y0
1.0,0.0,2.0,0.0,1.0,1.0,0.0,22.0,0.0,0,895.0,895.0,1020.0,Y1
0.0,1.0,0.0,1.0,2.0,0.0,-1.0,2.0,0.0,0,989.0,989.0,897.0,Y1
1.0,0.0,0.0,0.0,3.0,0.0,1.0,0.0,0.0,0,945.0,945.0,874.0,Y1
1.0,0.0,4.0,0.0,1.0,0.0,-1.0,0.0,0.0,1,957.0,871.0,957.0,Y0
0.0,1.0,0.0,0.0,1.0,0.0,0.0,21.0,0.0,1,960.0,905.0,960.0,Y0
0.0,0.0,2.0,0.0,3.0,0.0,0.0,3.0,0.0,0,961.0,961.0,865.0,Y1
0.0,0.0,2.0,1.0,0.0,1.0,0.0,15.0,0.0,1,917.0,959.0,917.0,Y0
1.0,1.0,3.0,0.0,2.0,0.0,0.0,9.0,0.0,0,864.0,864.0,862.0,Y1
1.0,1.0,3.0,1.0,2.0,0.0,0.0,11.0,0.0,0,900.0,900.0,994.0,Y1
1.0,1.0,2.0,1.0,2.0,0.0,2.0,1.0,1.0,0,808.0,808.0,927.0,Y1
1.0,1.0,2.0,1.0,2.0,0.0,0.0,12.0,0.0,0,809.0,809.0,962.0,Y1
0.0,1.0,1.0,1.0,1.0,1.0,0.0,24.0,0.0,0,962.0,962.0,835.0,Y1
0.0,1.0,3.0,1.0,3.0,0.0,0.0,5.0,0.0,0,871.0,871.0,897.0,Y1
0.0,0.0,3.0,0.0,0.0,1.0,0.0,7.0,0.0,0,941.0,941.0,928.0,Y1
1.0,0.0,3.0,0.0,1.0,0.0,-1.0,3.0,0.0,0,866.0,866.0,962.0,Y1
1.0,0.0,0.0,1.0,0.0,0.0,0.0,14.0,0.0,0,944.0,944.0,949.0,Y1
0.0,0.0,2.0,0.0,0.0,1.0,0.0,10.0,0.0,0,937.0,937.0,924.0,Y1
1.0,1.0,3.0,1.0,2.0,1.0,1.0,6.0,0.0,0,810.0,810.0,947.0,Y1
0.0,1.0,3.0,1.0,2.0,1.0,0.0,15.0,1.0,0,843.0,843.0,884.0,Y1
0.0,0.0,1.0,0.0,0.0,0.0,0.0,11.0,0.0,1,1069.0,1019.0,1069.0,Y0
1.0,0.0,3.0,0.0,0.0,1.0,0.0,20.0,0.0,0,918.0,918.0,866.0,Y1
0.0,0.0,0.0,0.0,0.0,0.0,0.0,4.0,0.0,0,922.0,922.0,911.0,Y1
1.0,0.0,3.0,0.0,0.0,0.0,0.0,15.0,0.0,1,839.0,903.0,839.0,Y0
0.0,0.0,1.0,1.0,0.0,0.0,-1.0,12.0,0.0,1,942.0,883.0,942.0,Y0
0.0,1.0,0.0,1.0,2.0,1.0,0.0,7.0,0.0,0,926.0,926.0,943.0,Y1
0.0,0.0,3.0,0.0,1.0,1.0,1.0,8.0,0.0,1,908.0,915.0,908.0,Y0
1.0,0.0,0.0,0.0,0.0,0.0,0.0,10.0,0.0,0,917.0,917.0,888.0,Y1
1.0,0.0,1.0,0.0,0.0,0.0,0.0,10.0,0.0,1,893.0,1062.0,893.0,Y0
0.0,0.0,2.0,1.0,0.0,1.0,0.0,6.0,0.0,0,1002.0,1002.0,921.0,Y1
0.0,0.0,1.0,0.0,0.0,0.0,3.0,27.0,0.0,0,896.0,896.0,992.0,Y1
1.0,0.0,3.0,0.0,1.0,0.0,0.0,11.0,0.0,0,929.0,929.0,891.0,Y1
1.0,0.0,2.0,0.0,0.0,0.0,0.0,8.0,0.0,0,937.0,937.0,928.0,Y1
1.0,0.0,1.0,0.0,0.0,0.0,0.0,4.0,0.0,0,918.0,918.0,1017.0,Y1
0.0,0.0,2.0,0.0,0.0,1.0,0.0,7.0,0.0,0,984.0,984.0,924.0,Y1
1.0,1.0,3.0,1.0,2.0,0.0,0.0,5.0,0.0,0,883.0,883.0,1065.0,Y1
0.0,0.0,0.0,0.0,1.0,0.0,0.0,15.0,0.0,0,874.0,874.0,1021.0,Y1
0.0,1.0,3.0,1.0,2.0,0.0,0.0,11.0,0.0,0,953.0,953.0,893.0,Y1
0.0,0.0,0.0,0.0,1.0,0.0,0.0,16.0,0.0,0,1014.0,1014.0,1021.0,Y1
1.0,0.0,0.0,0.0,0.0,0.0,0.0,20.0,0.0,0,976.0,976.0,942.0,Y1
1.0,1.0,2.0,0.0,0.0,0.0,-1.0,4.0,0.0,0,864.0,864.0,784.0,Y1
1.0,0.0,2.0,1.0,0.0,0.0,0.0,8.0,0.0,1,924.0,832.0,924.0,Y0
1.0,0.0,2.0,1.0,3.0,0.0,2.0,1.0,0.0,1,859.0,918.0,859.0,Y0
1.0,0.0,3.0,0.0,1.0,1.0,0.0,8.0,0.0,0,856.0,856.0,967.0,Y1
1.0,0.0,2.0,1.0,0.0,0.0,0.0,10.0,0.0,1,790.0,898.0,790.0,Y0
0.0,0.0,0.0,0.0,0.0,0.0,2.0,2.0,0.0,0,954.0,954.0,923.0,Y1
1.0,1.0,3.0,0.0,2.0,1.0,0.0,13.0,1.0,1,849.0,984.0,849.0,Y0
1.0,0.0,3.0,1.0,1.0,1.0,0.0,15.0,1.0,0,1019.0,1019.0,998.0,Y1
0.0,0.0,2.0,0.0,0.0,1.0,0.0,6.0,0.0,0,914.0,914.0,867.0,Y1
0.0,0.0,1.0,1.0,0.0,0.0,0.0,8.0,0.0,1,889.0,871.0,889.0,Y0
1.0,0.0,3.0,0.0,1.0,0.0,0.0,11.0,0.0,0,1049.0,1049.0,891.0,Y1
0.0,0.0,2.0,1.0,0.0,0.0,0.0,10.0,0.0,0,1033.0,1033.0,857.0,Y1
0.0,0.0,1.0,0.0,0.0,0.0,0.0,19.0,0.0,0,1063.0,1063.0,950.0,Y1
1.0,0.0,0.0,0.0,1.0,1.0,0.0,8.0,0.0,0,865.0,865.0,955.0,Y1
0.0,0.0,1.0,1.0,0.0,1.0,0.0,12.0,0.0,0,884.0,884.0,994.0,Y1
0.0,0.0,0.0,0.0,1.0,0.0,0.0,17.0,0.0,0,974.0,974.0,1021.0,Y1
0.0,0.0,2.0,0.0,1.0,0.0,0.0,3.0,0.0,0,987.0,987.0,979.0,Y1
0.0,0.0,1.0,1.0,0.0,1.0,0.0,13.0,0.0,0,890.0,890.0,994.0,Y1
1.0,0.0,2.0,1.0,3.0,1.0,0.0,17.0,0.0,1,889.0,809.0,889.0,Y0
1.0,0.0,2.0,0.0,0.0,0.0,3.0,9.0,0.0,0,1000.0,1000.0,822.0,Y1
0.0,0.0,0.0,0.0,0.0,0.0,-1.0,12.0,0.0,1,875.0,993.0,875.0,Y0
1.0,1.0,3.0,1.0,0.0,0.0,0.0,8.0,0.0,1,1002.0,863.0,1002.0,Y0
1.0,0.0,0.0,0.0,1.0,0.0,0.0,15.0,0.0,0,870.0,870.0,847.0,Y1
1.0,1.0,1.0,1.0,0.0,1.0,0.0,15.0,0.0,0,941.0,941.0,952.0,Y1
1.0,0.0,2.0,0.0,0.0,1.0,0.0,21.0,0.0,0,900.0,900.0,1020.0,Y1
1.0,0.0,3.0,1.0,0.0,1.0,0.0,10.0,0.0,0,937.0,937.0,981.0,Y1
0.0,0.0,1.0,1.0,0.0,2.0,0.0,12.0,0.0,0,1008.0,1008.0,879.0,Y1
1.0,0.0,3.0,0.0,0.0,0.0,3.0,10.0,0.0,0,1042.0,1042.0,822.0,Y1
1.0,1.0,0.0,1.0,2.0,1.0,0.0,17.0,0.0,0,904.0,904.0,892.0,Y1
1.0,1.0,1.0,1.0,2.0,0.0,0.0,6.0,0.0,0,863.0,863.0,962.0,Y1
1.0,1.0,3.0,0.0,1.0,1.0,0.0,24.0,0.0,0,916.0,916.0,891.0,Y1
0.0,0.0,0.0,0.0,1.0,0.0,0.0,3.0,0.0,0,1065.0,1065.0,998.0,Y1
0.0,0.0,2.0,0.0,0.0,0.0,0.0,3.0,0.0,1,1008.0,903.0,1008.0,Y0
1.0,0.0,14.0,0.0,0.0,0.0,0.0,8.0,0.0,0,964.0,964.0,1051.0,Y1
0.0,0.0,0.0,0.0,0.0,0.0,1.0,0.0,0.0,0,961.0,961.0,894.0,Y1
1.0,0.0,0.0,0.0,0.0,1.0,0.0,12.0,0.0,0,1027.0,1027.0,947.0,Y1
0.0,0.0,0.0,0.0,0.0,0.0,0.0,3.0,0.0,1,947.0,989.0,947.0,Y0
0.0,1.0,3.0,1.0,2.0,0.0,0.0,24.0,1.0,0,972.0,972.0,857.0,Y1
1.0,0.0,3.0,0.0,3.0,1.0,0.0,7.0,0.0,1,969.0,856.0,969.0,Y0
1.0,1.0,1.0,0.0,1.0,0.0,-1.0,12.0,1.0,0,859.0,859.0,945.0,Y1
1.0,0.0,4.0,1.0,0.0,1.0,0.0,6.0,0.0,1,957.0,887.0,957.0,Y0
0.0,0.0,1.0,1.0,0.0,0.0,0.0,16.0,0.0,0,832.0,832.0,939.0,Y1
1.0,1.0,3.0,1.0,2.0,1.0,2.0,24.0,0.0,0,856.0,856.0,916.0,Y1
0.0,0.0,1.0,0.0,0.0,0.0,0.0,19.0,0.0,1,950.0,1003.0,950.0,Y0
0.0,0.0,0.0,1.0,0.0,0.0,0.0,12.0,0.0,1,996.0,992.0,996.0,Y0
1.0,0.0,0.0,0.0,1.0,0.0,0.0,7.0,0.0,0,876.0,876.0,927.0,Y1
0.0,0.0,1.0,1.0,0.0,1.0,0.0,12.0,0.0,0,1034.0,1034.0,994.0,Y1
1.0,0.0,1.0,0.0,0.0,1.0,0.0,8.0,1.0,0,837.0,837.0,959.0,Y1
1.0,0.0,0.0,0.0,0.0,0.0,0.0,6.0,0.0,0,897.0,897.0,984.0,Y1
0.0,0.0,3.0,0.0,0.0,0.0,-1.0,12.0,0.0,1,854.0,905.0,854.0,Y0
0.0,0.0,2.0,1.0,0.0,1.0,0.0,21.0,0.0,0,929.0,929.0,917.0,Y1
1.0,0.0,0.0,1.0,0.0,1.0,0.0,13.0,0.0,0,1060.0,1060.0,866.0,Y1
1.0,1.0,3.0,1.0,3.0,0.0,1.0,0.0,0.0,0,860.0,860.0,832.0,Y1
1.0,1.0,0.0,1.0,2.0,0.0,0.0,6.0,0.0,1,956.0,847.0,956.0,Y0
1.0,0.0,0.0,1.0,0.0,0.0,0.0,12.0,0.0,1,947.0,883.0,947.0,Y0
1.0,1.0,3.0,0.0,1.0,0.0,0.0,20.0,1.0,0,1126.0,1126.0,947.0,Y1
1.0,0.0,1.0,0.0,0.0,0.0,0.0,3.0,0.0,0,968.0,968.0,1063.0,Y1
1.0,0.0,5.0,0.0,0.0,1.0,0.0,8.0,0.0,1,936.0,833.0,936.0,Y0
1.0,0.0,1.0,1.0,0.0,0.0,-1.0,2.0,0.0,0,851.0,851.0,808.0,Y1
1.0,0.0,8.0,0.0,0.0,1.0,0.0,6.0,0.0,0,962.0,962.0,834.0,Y1
0.0,0.0,3.0,0.0,0.0,0.0,0.0,16.0,0.0,0,921.0,921.0,1116.0,Y1
1.0,0.0,1.0,0.0,0.0,0.0,0.0,7.0,0.0,0,884.0,884.0,1016.0,Y1
0.0,0.0,3.0,1.0,0.0,1.0,0.0,13.0,0.0,0,870.0,870.0,846.0,Y1
0.0,0.0,0.0,1.0,0.0,1.0,0.0,12.0,0.0,0,980.0,980.0,868.0,Y1
0.0,0.0,0.0,0.0,0.0,1.0,0.0,17.0,0.0,0,897.0,897.0,908.0,Y1
1.0,0.0,3.0,1.0,0.0,0.0,0.0,3.0,0.0,0,860.0,860.0,821.0,Y1
0.0,1.0,2.0,1.0,1.0,0.0,-1.0,18.0,1.0,0,892.0,892.0,915.0,Y1
1.0,1.0,0.0,1.0,0.0,0.0,0.0,6.0,0.0,1,1097.0,966.0,1097.0,Y0
1.0,1.0,0.0,1.0,2.0,0.0,0.0,6.0,1.0,0,816.0,816.0,827.0,Y1
1.0,4.0,1.0,0.0,0.0,0.0,0.0,10.0,0.0,1,981.0,890.0,981.0,Y0
1.0,1.0,2.0,1.0,2.0,0.0,2.0,2.0,0.0,1,998.0,904.0,998.0,Y0
1.0,1.0,3.0,-1.0,2.0,0.0,0.0,20.0,-1.0,0,1010.0,1010.0,895.0,Y1
1.0,0.0,0.0,0.0,3.0,0.0,-1.0,11.0,0.0,0,918.0,918.0,923.0,Y1
0.0,0.0,0.0,0.0,1.0,0.0,-1.0,3.0,0.0,0,934.0,934.0,841.0,Y1
1.0,1.0,0.0,1.0,2.0,0.0,0.0,12.0,1.0,0,936.0,936.0,827.0,Y1
1.0,1.0,2.0,1.0,2.0,0.0,1.0,9.0,1.0,1,975.0,813.0,975.0,Y0
0.0,0.0,4.0,0.0,0.0,1.0,0.0,17.0,0.0,0,937.0,937.0,906.0,Y1
1.0,0.0,0.0,0.0,0.0,0.0,0.0,2.0,0.0,1,939.0,923.0,939.0,Y0
0.0,0.0,0.0,1.0,0.0,1.0,0.0,10.0,0.0,0,910.0,910.0,868.0,Y1
0.0,0.0,3.0,0.0,0.0,0.0,0.0,8.0,0.0,1,1113.0,911.0,1113.0,Y0
0.0,1.0,2.0,1.0,1.0,0.0,2.0,1.0,1.0,0,902.0,902.0,876.0,Y1
1.0,0.0,2.0,1.0,1.0,0.0,0.0,11.0,0.0,1,789.0,785.0,789.0,Y0
1.0,0.0,1.0,0.0,1.0,0.0,0.0,3.0,0.0,0,1003.0,1003.0,989.0,Y1
0.0,1.0,2.0,1.0,3.0,0.0,2.0,1.0,0.0,1,853.0,870.0,853.0,Y0
0.0,1.0,3.0,1.0,1.0,0.0,2.0,5.0,1.0,1,902.0,965.0,902.0,Y0
0.0,0.0,3.0,0.0,1.0,0.0,1.0,0.0,0.0,0,901.0,901.0,789.0,Y1
0.0,0.0,2.0,1.0,0.0,0.0,0.0,13.0,0.0,0,970.0,970.0,852.0,Y1
1.0,1.0,0.0,1.0,2.0,1.0,2.0,24.0,0.0,0,1156.0,1156.0,892.0,Y1
1.0,0.0,1.0,1.0,0.0,0.0,0.0,10.0,0.0,0,1008.0,1008.0,821.0,Y1
0.0,0.0,3.0,1.0,0.0,0.0,0.0,6.0,0.0,1,900.0,816.0,900.0,Y0
0.0,0.0,1.0,1.0,0.0,1.0,0.0,9.0,0.0,1,964.0,923.0,964.0,Y0
0.0,1.0,0.0,0.0,1.0,0.0,0.0,20.0,1.0,0,1121.0,1121.0,1026.0,Y1
0.0,1.0,0.0,1.0,0.0,2.0,0.0,12.0,0.0,0,915.0,915.0,960.0,Y1
0.0,0.0,2.0,0.0,0.0,0.0,0.0,11.0,0.0,0,924.0,924.0,1015.0,Y1
1.0,0.0,8.0,0.0,1.0,0.0,0.0,5.0,1.0,0,926.0,926.0,849.0,Y1
1.0,1.0,3.0,1.0,2.0,0.0,0.0,24.0,1.0,0,936.0,936.0,873.0,Y1
0.0,0.0,3.0,1.0,0.0,0.0,-1.0,4.0,0.0,0,927.0,927.0,957.0,Y1
0.0,0.0,0.0,0.0,0.0,1.0,0.0,6.0,0.0,0,878.0,878.0,995.0,Y1
1.0,0.0,3.0,0.0,0.0,0.0,0.0,12.0,0.0,1,890.0,959.0,890.0,Y0
0.0,0.0,2.0,1.0,0.0,2.0,0.0,8.0,0.0,1,879.0,1008.0,879.0,Y0
1.0,0.0,0.0,1.0,0.0,0.0,0.0,8.0,0.0,0,803.0,803.0,962.0,Y1
1.0,0.0,0.0,0.0,1.0,0.0,0.0,17.0,0.0,0,876.0,876.0,847.0,Y1
1.0,0.0,1.0,0.0,1.0,0.0,5.0,3.0,0.0,0,970.0,970.0,898.0,Y1
0.0,0.0,3.0,1.0,0.0,0.0,0.0,13.0,0.0,0,908.0,908.0,941.0,Y1
0.0,0.0,1.0,1.0,0.0,0.0,-1.0,5.0,0.0,0,925.0,925.0,953.0,Y1
1.0,0.0,2.0,0.0,1.0,0.0,0.0,8.0,0.0,0,845.0,845.0,831.0,Y1
1.0,0.0,3.0,1.0,0.0,0.0,0.0,14.0,0.0,0,839.0,839.0,1065.0,Y1
1.0,0.0,3.0,0.0,1.0,0.0,0.0,8.0,0.0,0,924.0,924.0,891.0,Y1
1.0,0.0,2.0,1.0,0.0,0.0,0.0,5.0,0.0,0,901.0,901.0,936.0,Y1
1.0,0.0,2.0,1.0,0.0,1.0,0.0,8.0,0.0,0,882.0,882.0,909.0,Y1
0.0,0.0,3.0,0.0,1.0,1.0,0.0,13.0,0.0,0,976.0,976.0,953.0,Y1
1.0,0.0,1.0,1.0,0.0,1.0,0.0,7.0,0.0,0,998.0,998.0,906.0,Y1
0.0,0.0,2.0,0.0,0.0,0.0,0.0,15.0,0.0,1,983.0,981.0,983.0,Y0
0.0,0.0,0.0,1.0,0.0,1.0,0.0,20.0,0.0,0,968.0,968.0,881.0,Y1
0.0,1.0,0.0,1.0,2.0,0.0,0.0,7.0,0.0,0,889.0,889.0,756.0,Y1
1.0,0.0,7.0,0.0,0.0,0.0,0.0,5.0,0.0,1,935.0,921.0,935.0,Y0
1.0,0.0,4.0,0.0,3.0,2.0,0.0,13.0,0.0,0,902.0,902.0,1052.0,Y1
1.0,0.0,3.0,1.0,0.0,0.0,-1.0,4.0,0.0,0,834.0,834.0,881.0,Y1
0.0,0.0,0.0,1.0,3.0,1.0,0.0,4.0,0.0,0,968.0,968.0,944.0,Y1
0.0,1.0,3.0,1.0,2.0,0.0,-1.0,2.0,0.0,0,773.0,773.0,913.0,Y1
1.0,0.0,3.0,0.0,1.0,0.0,0.0,8.0,0.0,0,851.0,851.0,891.0,Y1
1.0,1.0,1.0,1.0,2.0,0.0,-1.0,2.0,0.0,0,793.0,793.0,831.0,Y1
1.0,1.0,3.0,1.0,2.0,0.0,0.0,6.0,1.0,0,846.0,846.0,946.0,Y1
0.0,1.0,0.0,1.0,2.0,0.0,1.0,0.0,0.0,0,807.0,807.0,913.0,Y1
1.0,0.0,2.0,1.0,3.0,1.0,0.0,12.0,0.0,0,854.0,854.0,1049.0,Y1
0.0,1.0,0.0,0.0,2.0,1.0,1.0,3.0,1.0,0,892.0,892.0,985.0,Y1
1.0,0.0,0.0,0.0,0.0,2.0,0.0,6.0,0.0,1,949.0,896.0,949.0,Y0
0.0,0.0,0.0,0.0,0.0,1.0,0.0,6.0,0.0,0,1003.0,1003.0,995.0,Y1
1.0,0.0,1.0,1.0,0.0,0.0,2.0,2.0,0.0,0,1091.0,1091.0,868.0,Y1
1.0,0.0,0.0,1.0,0.0,0.0,2.0,1.0,0.0,0,861.0,861.0,914.0,Y1
1.0,0.0,1.0,1.0,0.0,0.0,2.0,1.0,0.0,0,994.0,994.0,991.0,Y1
0.0,0.0,1.0,0.0,0.0,0.0,0.0,13.0,0.0,0,910.0,910.0,984.0,Y1
1.0,0.0,8.0,1.0,3.0,0.0,0.0,17.0,0.0,0,878.0,878.0,867.0,Y1
1.0,0.0,3.0,1.0,3.0,1.0,0.0,8.0,0.0,0,826.0,826.0,874.0,Y1
0.0,1.0,0.0,0.0,2.0,0.0,-1.0,6.0,1.0,0,1089.0,1089.0,907.0,Y1
1.0,0.0,1.0,0.0,1.0,0.0,-1.0,3.0,0.0,0,850.0,850.0,901.0,Y1
0.0,0.0,2.0,0.0,3.0,0.0,0.0,3.0,0.0,0,976.0,976.0,865.0,Y1
1.0,0.0,7.0,1.0,0.0,3.0,0.0,10.0,0.0,1,867.0,917.0,867.0,Y0
0.0,0.0,1.0,1.0,0.0,0.0,2.0,1.0,0.0,0,1020.0,1020.0,905.0,Y1
0.0,0.0,1.0,0.0,0.0,1.0,0.0,12.0,0.0,0,1023.0,1023.0,1059.0,Y1
1.0,0.0,2.0,1.0,2.0,0.0,-1.0,10.0,1.0,0,948.0,948.0,903.0,Y1
0.0,1.0,3.0,1.0,0.0,2.0,0.0,6.0,0.0,1,853.0,812.0,853.0,Y0
1.0,0.0,2.0,1.0,0.0,3.0,0.0,10.0,0.0,1,873.0,891.0,873.0,Y0
0.0,0.0,3.0,1.0,2.0,0.0,0.0,9.0,0.0,1,945.0,846.0,945.0,Y0
1.0,0.0,1.0,0.0,0.0,0.0,2.0,1.0,0.0,1,867.0,871.0,867.0,Y0
0.0,0.0,1.0,0.0,1.0,0.0,1.0,14.0,0.0,0,907.0,907.0,971.0,Y1
1.0,0.0,3.0,0.0,1.0,1.0,0.0,18.0,0.0,1,940.0,886.0,940.0,Y0
1.0,0.0,3.0,0.0,0.0,0.0,0.0,10.0,0.0,0,997.0,997.0,868.0,Y1
0.0,0.0,0.0,0.0,0.0,0.0,0.0,6.0,0.0,0,1007.0,1007.0,1018.0,Y1
1.0,0.0,1.0,0.0,0.0,1.0,0.0,9.0,0.0,0,941.0,941.0,909.0,Y1
1.0,1.0,0.0,1.0,2.0,0.0,0.0,20.0,1.0,0,983.0,983.0,873.0,Y1
1.0,1.0,2.0,1.0,0.0,1.0,4.0,16.0,0.0,0,877.0,877.0,926.0,Y1
1.0,0.0,2.0,1.0,0.0,1.0,4.0,16.0,0.0,0,914.0,914.0,857.0,Y1
0.0,0.0,0.0,0.0,0.0,1.0,0.0,8.0,0.0,0,849.0,849.0,934.0,Y1
0.0,1.0,3.0,1.0,2.0,0.0,0.0,6.0,0.0,1,967.0,834.0,967.0,Y0
0.0,0.0,2.0,0.0,1.0,0.0,0.0,5.0,1.0,0,1231.0,1231.0,878.0,Y1
0.0,1.0,2.0,1.0,2.0,1.0,0.0,10.0,1.0,1,887.0,881.0,887.0,Y0
0.0,0.0,3.0,1.0,1.0,0.0,0.0,10.0,0.0,1,893.0,939.0,893.0,Y0
0.0,1.0,3.0,1.0,2.0,0.0,-1.0,2.0,0.0,0,827.0,827.0,913.0,Y1
1.0,0.0,0.0,1.0,0.0,1.0,0.0,20.0,0.0,0,956.0,956.0,891.0,Y1
1.0,0.0,2.0,0.0,3.0,1.0,0.0,14.0,0.0,1,1044.0,889.0,1044.0,Y0
0.0,0.0,3.0,0.0,0.0,1.0,0.0,11.0,0.0,0,939.0,939.0,876.0,Y1
0.0,0.0,0.0,0.0,0.0,0.0,-1.0,4.0,0.0,0,960.0,960.0,1133.0,Y1
1.0,0.0,0.0,0.0,1.0,1.0,0.0,8.0,0.0,1,955.0,865.0,955.0,Y0
0.0,0.0,0.0,1.0,0.0,1.0,0.0,8.0,0.0,0,912.0,912.0,876.0,Y1
0.0,0.0,4.0,1.0,0.0,0.0,0.0,11.0,0.0,0,844.0,844.0,868.0,Y1
1.0,0.0,3.0,0.0,0.0,1.0,0.0,8.0,0.0,0,868.0,868.0,949.0,Y1
1.0,0.0,2.0,1.0,0.0,1.0,0.0,6.0,0.0,0,1028.0,1028.0,1104.0,Y1
0.0,0.0,2.0,1.0,0.0,0.0,0.0,12.0,0.0,0,959.0,959.0,839.0,Y1
0.0,0.0,0.0,0.0,1.0,0.0,0.0,16.0,0.0,0,925.0,925.0,1021.0,Y1
1.0,1.0,2.0,1.0,2.0,1.0,0.0,17.0,0.0,0,813.0,813.0,952.0,Y1
1.0,1.0,3.0,1.0,2.0,0.0,0.0,3.0,1.0,0,868.0,868.0,983.0,Y1
1.0,0.0,3.0,0.0,3.0,1.0,0.0,12.0,0.0,1,817.0,956.0,817.0,Y0
1.0,0.0,2.0,0.0,1.0,0.0,0.0,17.0,0.0,0,986.0,986.0,966.0,Y1
0.0,0.0,0.0,1.0,0.0,1.0,0.0,6.0,0.0,1,963.0,808.0,963.0,Y0
1.0,0.0,3.0,0.0,0.0,1.0,0.0,17.0,0.0,0,931.0,931.0,866.0,Y1
1.0,0.0,1.0,0.0,0.0,1.0,0.0,13.0,0.0,0,922.0,922.0,923.0,Y1
1.0,0.0,3.0,0.0,3.0,0.0,0.0,21.0,0.0,1,832.0,949.0,832.0,Y0
1.0,0.0,2.0,0.0,3.0,0.0,0.0,5.0,0.0,0,915.0,915.0,820.0,Y1
1.0,1.0,3.0,1.0,2.0,0.0,2.0,2.0,0.0,1,810.0,927.0,810.0,Y0
0.0,1.0,3.0,1.0,0.0,0.0,0.0,10.0,0.0,0,931.0,931.0,830.0,Y1
0.0,0.0,0.0,0.0,0.0,0.0,0.0,11.0,0.0,0,955.0,955.0,989.0,Y1
1.0,1.0,3.0,1.0,2.0,1.0,0.0,6.0,0.0,1,904.0,910.0,904.0,Y0
0.0,0.0,9.0,0.0,0.0,1.0,0.0,5.0,0.0,0,895.0,895.0,1051.0,Y1
0.0,0.0,1.0,0.0,1.0,0.0,0.0,11.0,0.0,1,890.0,926.0,890.0,Y0
0.0,1.0,0.0,0.0,2.0,0.0,0.0,5.0,0.0,1,1023.0,1003.0,1023.0,Y0
0.0,0.0,0.0,0.0,0.0,0.0,0.0,11.0,0.0,0,1001.0,1001.0,989.0,Y1
0.0,1.0,2.0,1.0,2.0,1.0,0.0,8.0,0.0,1,782.0,887.0,782.0,Y0
0.0,0.0,2.0,0.0,1.0,1.0,0.0,15.0,1.0,0,941.0,941.0,947.0,Y1
0.0,0.0,0.0,0.0,0.0,1.0,0.0,3.0,0.0,0,847.0,847.0,1011.0,Y1
1.0,0.0,2.0,1.0,0.0,0.0,0.0,6.0,0.0,0,879.0,879.0,887.0,Y1
1.0,1.0,3.0,1.0,1.0,1.0,0.0,13.0,0.0,0,868.0,868.0,916.0,Y1
1.0,0.0,2.0,0.0,1.0,1.0,1.0,8.0,0.0,1,957.0,914.0,957.0,Y0
0.0,0.0,0.0,0.0,0.0,1.0,0.0,11.0,0.0,0,892.0,892.0,909.0,Y1
1.0,0.0,0.0,0.0,1.0,1.0,0.0,8.0,0.0,0,898.0,898.0,955.0,Y1
1.0,0.0,0.0,1.0,2.0,0.0,0.0,9.0,0.0,1,839.0,854.0,839.0,Y0
1.0,1.0,2.0,1.0,2.0,0.0,0.0,6.0,0.0,0,937.0,937.0,1032.0,Y1
0.0,0.0,2.0,0.0,0.0,1.0,0.0,13.0,0.0,0,960.0,960.0,879.0,Y1
0.0,0.0,2.0,1.0,3.0,1.0,0.0,7.0,0.0,1,954.0,946.0,954.0,Y0
0.0,0.0,2.0,0.0,0.0,0.0,1.0,0.0,0.0,0,1033.0,1033.0,789.0,Y1
1.0,0.0,2.0,0.0,0.0,1.0,0.0,8.0,0.0,0,903.0,903.0,960.0,Y1
1.0,1.0,0.0,1.0,2.0,0.0,-1.0,2.0,0.0,0,938.0,938.0,831.0,Y1
1.0,0.0,3.0,1.0,1.0,0.0,1.0,0.0,0.0,0,824.0,824.0,989.0,Y1
1.0,1.0,3.0,0.0,1.0,1.0,0.0,10.0,0.0,0,888.0,888.0,937.0,Y1
1.0,0.0,2.0,0.0,0.0,1.0,0.0,9.0,0.0,1,1051.0,918.0,1051.0,Y0
1.0,1.0,4.0,1.0,2.0,1.0,0.0,22.0,0.0,0,891.0,891.0,916.0,Y1
0.0,0.0,3.0,0.0,0.0,0.0,0.0,19.0,0.0,1,899.0,1023.0,899.0,Y0
0.0,1.0,0.0,1.0,2.0,0.0,-1.0,2.0,0.0,0,847.0,847.0,897.0,Y1
0.0,1.0,2.0,1.0,2.0,0.0,-1.0,2.0,0.0,0,810.0,810.0,807.0,Y1
0.0,1.0,3.0,1.0,2.0,0.0,0.0,5.0,1.0,0,816.0,816.0,900.0,Y1
0.0,1.0,3.0,1.0,2.0,0.0,0.0,3.0,1.0,1,906.0,885.0,906.0,Y0
1.0,0.0,0.0,0.0,0.0,0.0,0.0,8.0,0.0,1,973.0,956.0,973.0,Y0
1.0,0.0,3.0,0.0,0.0,1.0,0.0,6.0,0.0,1,834.0,965.0,834.0,Y0
1.0,0.0,7.0,0.0,3.0,0.0,0.0,11.0,0.0,1,868.0,1066.0,868.0,Y0
1.0,0.0,3.0,0.0,0.0,1.0,0.0,12.0,0.0,0,1002.0,1002.0,891.0,Y1
1.0,0.0,1.0,1.0,0.0,1.0,0.0,8.0,0.0,0,1030.0,1030.0,1181.0,Y1
1.0,0.0,2.0,1.0,0.0,0.0,1.0,0.0,0.0,0,834.0,834.0,832.0,Y1
0.0,1.0,1.0,1.0,1.0,0.0,-1.0,3.0,0.0,1,991.0,878.0,991.0,Y0
1.0,0.0,1.0,0.0,3.0,0.0,0.0,14.0,0.0,0,954.0,954.0,1253.0,Y1
0.0,0.0,3.0,0.0,1.0,0.0,0.0,16.0,0.0,0,944.0,944.0,1050.0,Y1
1.0,0.0,3.0,0.0,0.0,1.0,0.0,13.0,0.0,0,888.0,888.0,879.0,Y1
1.0,0.0,2.0,1.0,0.0,0.0,0.0,20.0,0.0,1,920.0,858.0,920.0,Y0
0.0,1.0,4.0,1.0,2.0,0.0,1.0,0.0,0.0,0,862.0,862.0,927.0,Y1
1.0,0.0,0.0,0.0,0.0,1.0,0.0,12.0,0.0,0,967.0,967.0,947.0,Y1
0.0,0.0,3.0,0.0,0.0,0.0,0.0,9.0,0.0,1,959.0,914.0,959.0,Y0
1.0,0.0,2.0,0.0,1.0,0.0,1.0,0.0,0.0,0,862.0,862.0,1008.0,Y1
1.0,1.0,3.0,1.0,2.0,2.0,0.0,8.0,0.0,0,825.0,825.0,855.0,Y1
0.0,1.0,2.0,1.0,2.0,0.0,2.0,0.0,0.0,0,827.0,827.0,869.0,Y1
1.0,0.0,1.0,0.0,0.0,0.0,0.0,27.0,0.0,1,1026.0,1062.0,1026.0,Y0
0.0,1.0,2.0,1.0,2.0,0.0,2.0,2.0,0.0,1,994.0,945.0,994.0,Y0
0.0,1.0,3.0,1.0,2.0,0.0,0.0,24.0,1.0,0,974.0,974.0,857.0,Y1
0.0,0.0,0.0,0.0,1.0,1.0,0.0,12.0,0.0,0,1074.0,1074.0,878.0,Y1
0.0,0.0,3.0,0.0,0.0,1.0,0.0,8.0,1.0,0,893.0,893.0,1044.0,Y1
1.0,0.0,2.0,1.0,3.0,0.0,0.0,8.0,0.0,0,863.0,863.0,811.0,Y1
1.0,1.0,0.0,1.0,1.0,0.0,0.0,0.0,0.0,0,797.0,797.0,1007.0,Y1
0.0,0.0,1.0,0.0,0.0,0.0,3.0,9.0,0.0,0,1206.0,1206.0,837.0,Y1
1.0,1.0,0.0,1.0,2.0,0.0,0.0,10.0,1.0,0,993.0,993.0,827.0,Y1
0.0,0.0,1.0,1.0,0.0,0.0,0.0,12.0,0.0,0,971.0,971.0,899.0,Y1
1.0,1.0,1.0,1.0,2.0,1.0,0.0,15.0,1.0,0,831.0,831.0,905.0,Y1
1.0,0.0,3.0,0.0,0.0,0.0,-1.0,9.0,0.0,0,935.0,935.0,889.0,Y1
0.0,0.0,0.0,0.0,0.0,0.0,0.0,3.0,0.0,0,989.0,989.0,1031.0,Y1
1.0,0.0,1.0,0.0,1.0,0.0,1.0,14.0,0.0,0,893.0,893.0,847.0,Y1
1.0,1.0,0.0,1.0,2.0,0.0,-1.0,6.0,1.0,0,1092.0,1092.0,827.0,Y1
0.0,0.0,2.0,1.0,0.0,1.0,0.0,10.0,0.0,0,945.0,945.0,947.0,Y1
0.0,1.0,2.0,1.0,2.0,1.0,1.0,3.0,1.0,0,863.0,863.0,887.0,Y1
1.0,0.0,3.0,0.0,2.0,0.0,0.0,9.0,0.0,1,819.0,905.0,819.0,Y0
0.0,0.0,0.0,0.0,1.0,0.0,0.0,12.0,0.0,0,890.0,890.0,923.0,Y1
1.0,0.0,0.0,0.0,1.0,0.0,2.0,1.0,0.0,0,951.0,951.0,849.0,Y1
0.0,1.0,2.0,1.0,2.0,0.0,0.0,6.0,0.0,0,795.0,795.0,1019.0,Y1
1.0,0.0,9.0,0.0,1.0,0.0,2.0,1.0,0.0,0,1052.0,1052.0,887.0,Y1
1.0,1.0,3.0,0.0,1.0,0.0,0.0,11.0,1.0,1,829.0,984.0,829.0,Y0
0.0,0.0,3.0,0.0,0.0,0.0,0.0,15.0,0.0,1,919.0,857.0,919.0,Y0
1.0,0.0,0.0,1.0,0.0,0.0,0.0,10.0,0.0,0,992.0,992.0,903.0,Y1
0.0,0.0,1.0,0.0,0.0,3.0,0.0,10.0,0.0,1,928.0,898.0,928.0,Y0
1.0,0.0,3.0,0.0,1.0,1.0,4.0,15.0,0.0,0,896.0,896.0,872.0,Y1
0.0,1.0,3.0,1.0,2.0,0.0,0.0,7.0,0.0,0,871.0,871.0,967.0,Y1
0.0,1.0,2.0,0.0,2.0,1.0,0.0,17.0,0.0,0,892.0,892.0,900.0,Y1
1.0,0.0,2.0,0.0,0.0,1.0,0.0,13.0,0.0,0,1021.0,1021.0,864.0,Y1
0.0,1.0,3.0,1.0,2.0,0.0,0.0,11.0,0.0,1,934.0,800.0,934.0,Y0
1.0,0.0,0.0,1.0,0.0,1.0,0.0,10.0,0.0,0,849.0,849.0,962.0,Y1
0.0,0.0,0.0,1.0,0.0,1.0,0.0,13.0,0.0,0,865.0,865.0,889.0,Y1
1.0,0.0,3.0,1.0,0.0,1.0,0.0,11.0,0.0,0,841.0,841.0,981.0,Y1
0.0,1.0,0.0,1.0,2.0,0.0,0.0,6.0,1.0,1,1003.0,919.0,1003.0,Y0
0.0,0.0,4.0,1.0,0.0,0.0,2.0,3.0,1.0,0,804.0,804.0,902.0,Y1
0.0,0.0,0.0,0.0,0.0,1.0,0.0,13.0,0.0,0,964.0,964.0,908.0,Y1
0.0,0.0,1.0,0.0,0.0,0.0,0.0,11.0,0.0,0,900.0,900.0,1003.0,Y1
0.0,1.0,2.0,1.0,2.0,1.0,0.0,22.0,0.0,0,863.0,863.0,835.0,Y1
0.0,0.0,0.0,0.0,0.0,0.0,0.0,10.0,0.0,0,899.0,899.0,989.0,Y1
0.0,1.0,2.0,1.0,2.0,0.0,0.0,10.0,1.0,0,971.0,971.0,872.0,Y1
0.0,0.0,3.0,0.0,1.0,1.0,0.0,12.0,0.0,0,928.0,928.0,953.0,Y1
1.0,1.0,0.0,1.0,3.0,0.0,0.0,5.0,0.0,0,929.0,929.0,968.0,Y1
1.0,0.0,0.0,0.0,0.0,0.0,0.0,12.0,0.0,0,850.0,850.0,878.0,Y1
0.0,0.0,3.0,0.0,0.0,0.0,0.0,19.0,0.0,0,1016.0,1016.0,899.0,Y1
1.0,0.0,2.0,1.0,0.0,1.0,0.0,21.0,0.0,0,969.0,969.0,955.0,Y1
1.0,0.0,2.0,0.0,0.0,0.0,0.0,14.0,0.0,0,939.0,939.0,857.0,Y1
0.0,0.0,7.0,0.0,0.0,0.0,0.0,19.0,0.0,1,835.0,959.0,835.0,Y0
0.0,1.0,0.0,0.0,1.0,0.0,1.0,0.0,0.0,1,882.0,864.0,882.0,Y0
1.0,1.0,2.0,1.0,2.0,1.0,1.0,3.0,1.0,0,878.0,878.0,968.0,Y1
0.0,1.0,2.0,1.0,2.0,1.0,0.0,11.0,1.0,0,844.0,844.0,887.0,Y1
0.0,1.0,1.0,1.0,2.0,0.0,0.0,10.0,1.0,0,928.0,928.0,920.0,Y1
1.0,1.0,0.0,1.0,1.0,0.0,-1.0,5.0,0.0,1,847.0,891.0,847.0,Y0
0.0,0.0,0.0,0.0,3.0,0.0,0.0,5.0,0.0,0,1012.0,1012.0,897.0,Y1
0.0,0.0,0.0,1.0,0.0,1.0,0.0,8.0,0.0,0,869.0,869.0,876.0,Y1
0.0,1.0,2.0,0.0,3.0,0.0,1.0,0.0,0.0,0,866.0,866.0,831.0,Y1
1.0,0.0,0.0,0.0,0.0,0.0,0.0,20.0,0.0,1,1017.0,958.0,1017.0,Y0
1.0,1.0,0.0,1.0,0.0,1.0,0.0,15.0,0.0,0,839.0,839.0,952.0,Y1
1.0,0.0,2.0,0.0,0.0,1.0,0.0,11.0,0.0,0,1136.0,1136.0,949.0,Y1
1.0,0.0,3.0,0.0,0.0,1.0,0.0,13.0,0.0,0,936.0,936.0,879.0,Y1
0.0,1.0,3.0,1.0,1.0,0.0,0.0,3.0,0.0,1,850.0,907.0,850.0,Y0
0.0,0.0,2.0,0.0,3.0,0.0,0.0,5.0,0.0,0,1004.0,1004.0,912.0,Y1
1.0,0.0,0.0,1.0,0.0,0.0,0.0,10.0,0.0,0,871.0,871.0,903.0,Y1
1.0,0.0,2.0,1.0,3.0,1.0,0.0,4.0,0.0,0,973.0,973.0,874.0,Y1
1.0,0.0,3.0,1.0,3.0,1.0,0.0,17.0,0.0,1,919.0,886.0,919.0,Y0
1.0,1.0,2.0,1.0,2.0,0.0,-1.0,3.0,0.0,1,907.0,905.0,907.0,Y0
1.0,1.0,0.0,0.0,2.0,0.0,0.0,11.0,0.0,0,915.0,915.0,862.0,Y1
0.0,1.0,1.0,1.0,0.0,0.0,0.0,8.0,0.0,1,800.0,782.0,800.0,Y0
0.0,1.0,0.0,1.0,1.0,0.0,1.0,14.0,0.0,0,899.0,899.0,920.0,Y1
0.0,0.0,3.0,1.0,0.0,0.0,0.0,13.0,0.0,0,879.0,879.0,941.0,Y1
1.0,0.0,1.0,0.0,0.0,1.0,0.0,13.0,0.0,0,892.0,892.0,923.0,Y1
0.0,3.0,1.0,0.0,0.0,2.0,0.0,12.0,0.0,0,1002.0,1002.0,982.0,Y1
1.0,1.0,3.0,1.0,2.0,0.0,0.0,6.0,1.0,1,839.0,875.0,839.0,Y0
0.0,0.0,3.0,0.0,0.0,0.0,0.0,20.0,0.0,0,945.0,945.0,879.0,Y1
0.0,0.0,0.0,0.0,0.0,0.0,-1.0,12.0,0.0,1,836.0,993.0,836.0,Y0
1.0,1.0,2.0,1.0,2.0,0.0,2.0,1.0,0.0,1,923.0,904.0,923.0,Y0
1.0,1.0,3.0,1.0,2.0,0.0,-1.0,9.0,1.0,0,848.0,848.0,931.0,Y1
0.0,0.0,1.0,0.0,0.0,0.0,0.0,3.0,0.0,0,820.0,820.0,1036.0,Y1
0.0,1.0,0.0,1.0,2.0,0.0,0.0,9.0,0.0,0,847.0,847.0,756.0,Y1
0.0,0.0,2.0,1.0,0.0,0.0,0.0,27.0,0.0,1,929.0,909.0,929.0,Y0
0.0,0.0,3.0,0.0,0.0,1.0,0.0,7.0,0.0,0,997.0,997.0,928.0,Y1
0.0,0.0,2.0,0.0,0.0,1.0,0.0,12.0,0.0,0,961.0,961.0,879.0,Y1
1.0,1.0,3.0,1.0,3.0,1.0,0.0,6.0,0.0,0,824.0,824.0,947.0,Y1
0.0,1.0,1.0,1.0,2.0,0.0,0.0,10.0,1.0,0,973.0,973.0,920.0,Y1
1.0,0.0,2.0,0.0,0.0,0.0,0.0,8.0,0.0,1,917.0,954.0,917.0,Y0
1.0,1.0,3.0,1.0,2.0,0.0,-1.0,2.0,0.0,0,857.0,857.0,837.0,Y1
1.0,0.0,7.0,1.0,0.0,0.0,0.0,4.0,0.0,1,878.0,939.0,878.0,Y0
1.0,0.0,4.0,0.0,1.0,0.0,0.0,5.0,1.0,0,904.0,904.0,1074.0,Y1
0.0,1.0,3.0,1.0,2.0,0.0,0.0,12.0,1.0,0,999.0,999.0,920.0,Y1
1.0,1.0,3.0,1.0,2.0,0.0,2.0,0.0,0.0,0,777.0,777.0,852.0,Y1
0.0,0.0,1.0,0.0,0.0,1.0,0.0,13.0,0.0,0,878.0,878.0,933.0,Y1
0.0,0.0,3.0,0.0,0.0,0.0,0.0,16.0,0.0,0,956.0,956.0,1116.0,Y1
1.0,0.0,2.0,0.0,0.0,1.0,0.0,13.0,0.0,1,930.0,885.0,930.0,Y0
0.0,0.0,0.0,0.0,1.0,0.0,0.0,5.0,1.0,0,958.0,958.0,868.0,Y1
1.0,0.0,0.0,0.0,0.0,0.0,0.0,22.0,0.0,1,1017.0,958.0,1017.0,Y0
0.0,1.0,3.0,1.0,2.0,0.0,2.0,2.0,0.0,1,891.0,952.0,891.0,Y0
1.0,0.0,0.0,0.0,0.0,1.0,0.0,6.0,0.0,1,951.0,961.0,951.0,Y0
1.0,0.0,2.0,1.0,1.0,0.0,-1.0,0.0,0.0,1,915.0,875.0,915.0,Y0
0.0,0.0,0.0,0.0,0.0,0.0,0.0,19.0,0.0,0,947.0,947.0,1054.0,Y1
1.0,0.0,3.0,1.0,3.0,0.0,1.0,0.0,0.0,0,940.0,940.0,881.0,Y1
1.0,1.0,2.0,1.0,2.0,1.0,2.0,24.0,0.0,0,1031.0,1031.0,916.0,Y1
1.0,1.0,3.0,1.0,2.0,0.0,0.0,10.0,1.0,0,950.0,950.0,946.0,Y1
0.0,0.0,0.0,0.0,3.0,1.0,0.0,4.0,0.0,0,894.0,894.0,967.0,Y1
1.0,1.0,3.0,1.0,2.0,0.0,-1.0,3.0,0.0,1,842.0,870.0,842.0,Y0
1.0,0.0,2.0,1.0,0.0,0.0,2.0,2.0,0.0,0,912.0,912.0,868.0,Y1
1.0,1.0,1.0,1.0,0.0,1.0,0.0,8.0,0.0,0,926.0,926.0,877.0,Y1
0.0,0.0,2.0,0.0,0.0,0.0,-1.0,1.0,0.0,1,837.0,870.0,837.0,Y0
0.0,1.0,3.0,1.0,2.0,0.0,0.0,11.0,0.0,0,817.0,817.0,893.0,Y1
1.0,1.0,1.0,1.0,2.0,0.0,0.0,14.0,0.0,1,850.0,927.0,850.0,Y0
1.0,1.0,2.0,1.0,2.0,0.0,0.0,12.0,1.0,0,928.0,928.0,857.0,Y1
0.0,0.0,3.0,0.0,3.0,0.0,0.0,14.0,0.0,1,1063.0,845.0,1063.0,Y0
1.0,0.0,0.0,0.0,0.0,0.0,0.0,13.0,0.0,0,921.0,921.0,878.0,Y1
0.0,0.0,15.0,0.0,0.0,0.0,0.0,8.0,0.0,0,903.0,903.0,1051.0,Y1
0.0,1.0,2.0,0.0,1.0,1.0,0.0,12.0,0.0,1,868.0,857.0,868.0,Y0
1.0,1.0,1.0,1.0,3.0,0.0,-1.0,11.0,0.0,0,884.0,884.0,948.0,Y1
1.0,0.0,1.0,1.0,0.0,0.0,0.0,13.0,0.0,0,912.0,912.0,927.0,Y1
0.0,0.0,1.0,1.0,3.0,0.0,0.0,5.0,0.0,0,896.0,896.0,902.0,Y1
0.0,1.0,2.0,1.0,2.0,0.0,2.0,2.0,0.0,1,1014.0,945.0,1014.0,Y0
0.0,0.0,0.0,0.0,3.0,2.0,0.0,13.0,0.0,0,878.0,878.0,961.0,Y1
0.0,0.0,0.0,1.0,3.0,0.0,1.0,0.0,0.0,0,878.0,878.0,886.0,Y1
0.0,0.0,1.0,0.0,3.0,1.0,0.0,4.0,0.0,0,919.0,919.0,967.0,Y1
1.0,0.0,0.0,0.0,3.0,0.0,0.0,5.0,0.0,0,852.0,852.0,923.0,Y1
1.0,0.0,2.0,1.0,0.0,1.0,0.0,12.0,0.0,0,991.0,991.0,987.0,Y1
0.0,1.0,0.0,1.0,2.0,0.0,-1.0,2.0,0.0,0,837.0,837.0,897.0,Y1
1.0,0.0,0.0,0.0,1.0,2.0,0.0,13.0,0.0,0,931.0,931.0,934.0,Y1
1.0,1.0,0.0,1.0,3.0,0.0,-1.0,11.0,0.0,0,998.0,998.0,896.0,Y1
1.0,0.0,3.0,1.0,0.0,1.0,0.0,9.0,0.0,0,851.0,851.0,981.0,Y1
0.0,1.0,1.0,1.0,2.0,1.0,4.0,12.0,0.0,1,837.0,959.0,837.0,Y0
1.0,1.0,2.0,1.0,2.0,0.0,-1.0,10.0,1.0,0,825.0,825.0,857.0,Y1
0.0,0.0,3.0,0.0,3.0,1.0,0.0,12.0,0.0,1,860.0,962.0,860.0,Y0
1.0,0.0,1.0,1.0,0.0,0.0,0.0,13.0,0.0,0,900.0,900.0,927.0,Y1
0.0,1.0,0.0,1.0,2.0,1.0,0.0,5.0,0.0,0,882.0,882.0,943.0,Y1
1.0,1.0,3.0,1.0,2.0,0.0,0.0,6.0,1.0,0,918.0,918.0,946.0,Y1
0.0,1.0,1.0,1.0,2.0,0.0,0.0,7.0,0.0,0,939.0,939.0,975.0,Y1
1.0,0.0,2.0,0.0,0.0,1.0,0.0,11.0,0.0,0,1033.0,1033.0,949.0,Y1
1.0,1.0,2.0,1.0,3.0,2.0,0.0,13.0,0.0,0,865.0,865.0,799.0,Y1
1.0,0.0,0.0,1.0,1.0,0.0,-1.0,0.0,0.0,0,879.0,879.0,844.0,Y1
0.0,1.0,3.0,1.0,2.0,0.0,0.0,5.0,1.0,0,857.0,857.0,900.0,Y1
1.0,0.0,3.0,0.0,0.0,0.0,0.0,14.0,0.0,0,945.0,945.0,883.0,Y1
1.0,0.0,3.0,0.0,3.0,0.0,0.0,11.0,0.0,1,826.0,949.0,826.0,Y0
0.0,1.0,0.0,0.0,0.0,1.0,0.0,8.0,0.0,0,958.0,958.0,821.0,Y1
0.0,0.0,1.0,0.0,0.0,0.0,0.0,11.0,0.0,1,1148.0,1019.0,1148.0,Y0
0.0,0.0,2.0,1.0,0.0,0.0,0.0,9.0,0.0,0,915.0,915.0,857.0,Y1
0.0,0.0,2.0,0.0,0.0,3.0,3.0,8.0,0.0,1,1043.0,1024.0,1043.0,Y0
0.0,1.0,2.0,1.0,3.0,0.0,0.0,17.0,0.0,0,827.0,827.0,942.0,Y1
1.0,1.0,3.0,1.0,2.0,0.0,2.0,1.0,1.0,0,847.0,847.0,851.0,Y1
0.0,1.0,1.0,1.0,2.0,0.0,-1.0,6.0,1.0,0,1026.0,1026.0,920.0,Y1
0.0,0.0,1.0,0.0,2.0,0.0,0.0,9.0,0.0,0,891.0,891.0,987.0,Y1
1.0,0.0,2.0,0.0,1.0,0.0,0.0,11.0,0.0,1,907.0,902.0,907.0,Y0
1.0,0.0,0.0,1.0,0.0,0.0,0.0,20.0,0.0,0,929.0,929.0,764.0,Y1
1.0,0.0,0.0,0.0,1.0,1.0,0.0,8.0,0.0,0,979.0,979.0,955.0,Y1
1.0,1.0,3.0,1.0,1.0,0.0,0.0,5.0,1.0,0,928.0,928.0,946.0,Y1
0.0,0.0,3.0,1.0,1.0,0.0,-1.0,3.0,0.0,1,899.0,871.0,899.0,Y0
0.0,0.0,3.0,1.0,0.0,1.0,0.0,6.0,0.0,1,863.0,837.0,863.0,Y0
0.0,0.0,0.0,0.0,0.0,1.0,0.0,6.0,0.0,0,901.0,901.0,995.0,Y1
0.0,0.0,1.0,0.0,1.0,1.0,0.0,14.0,0.0,0,1012.0,1012.0,1102.0,Y1
0.0,1.0,3.0,1.0,2.0,0.0,-1.0,14.0,1.0,1,868.0,846.0,868.0,Y0
1.0,1.0,0.0,1.0,2.0,1.0,0.0,6.0,0.0,1,817.0,945.0,817.0,Y0
0.0,0.0,0.0,0.0,0.0,1.0,0.0,8.0,0.0,1,934.0,849.0,934.0,Y0
1.0,0.0,1.0,0.0,1.0,1.0,0.0,22.0,0.0,0,920.0,920.0,951.0,Y1
0.0,1.0,0.0,0.0,1.0,0.0,-1.0,12.0,1.0,0,869.0,869.0,907.0,Y1
1.0,0.0,2.0,1.0,0.0,1.0,0.0,5.0,0.0,0,890.0,890.0,885.0,Y1
1.0,0.0,3.0,0.0,1.0,0.0,0.0,16.0,1.0,1,1105.0,935.0,1105.0,Y0
0.0,0.0,1.0,1.0,0.0,0.0,0.0,4.0,0.0,1,1026.0,959.0,1026.0,Y0
1.0,0.0,2.0,0.0,1.0,0.0,1.0,14.0,0.0,0,875.0,875.0,966.0,Y1
1.0,0.0,1.0,1.0,0.0,0.0,0.0,19.0,0.0,1,956.0,967.0,956.0,Y0
1.0,0.0,1.0,1.0,0.0,0.0,0.0,8.0,0.0,1,872.0,1012.0,872.0,Y0
1.0,1.0,2.0,1.0,2.0,0.0,2.0,0.0,0.0,0,855.0,855.0,870.0,Y1
1.0,0.0,3.0,1.0,0.0,0.0,0.0,13.0,0.0,0,868.0,868.0,1065.0,Y1
0.0,1.0,1.0,0.0,2.0,1.0,0.0,8.0,0.0,1,983.0,949.0,983.0,Y0
1.0,0.0,0.0,1.0,0.0,1.0,4.0,16.0,0.0,0,1013.0,1013.0,937.0,Y1
1.0,0.0,0.0,0.0,0.0,1.0,0.0,5.0,0.0,0,889.0,889.0,1072.0,Y1
1.0,0.0,0.0,0.0,0.0,1.0,0.0,6.0,0.0,0,842.0,842.0,1089.0,Y1
1.0,1.0,8.0,1.0,0.0,1.0,0.0,15.0,0.0,0,943.0,943.0,958.0,Y1
0.0,0.0,3.0,0.0,3.0,1.0,0.0,7.0,0.0,1,917.0,864.0,917.0,Y0
0.0,0.0,1.0,0.0,0.0,1.0,0.0,12.0,0.0,0,918.0,918.0,1059.0,Y1
0.0,0.0,2.0,0.0,1.0,1.0,0.0,12.0,0.0,0,905.0,905.0,931.0,Y1
0.0,0.0,1.0,0.0,1.0,0.0,0.0,0.0,0.0,0,943.0,943.0,931.0,Y1
0.0,1.0,0.0,1.0,2.0,0.0,0.0,11.0,0.0,0,848.0,848.0,994.0,Y1
0.0,0.0,1.0,1.0,0.0,0.0,0.0,6.0,0.0,1,861.0,1116.0,861.0,Y0
1.0,1.0,3.0,1.0,1.0,0.0,2.0,1.0,1.0,0,871.0,871.0,891.0,Y1
0.0,1.0,2.0,1.0,2.0,0.0,0.0,16.0,1.0,0,970.0,970.0,872.0,Y1
0.0,0.0,3.0,1.0,0.0,1.0,0.0,12.0,0.0,1,863.0,892.0,863.0,Y0
1.0,0.0,0.0,1.0,0.0,0.0,0.0,4.0,0.0,0,856.0,856.0,1124.0,Y1
1.0,0.0,2.0,0.0,1.0,0.0,0.0,3.0,0.0,0,859.0,859.0,914.0,Y1
0.0,1.0,3.0,1.0,1.0,0.0,-1.0,4.0,0.0,0,958.0,958.0,1000.0,Y1
0.0,0.0,3.0,0.0,1.0,0.0,0.0,17.0,0.0,0,894.0,894.0,1050.0,Y1
0.0,1.0,1.0,1.0,2.0,0.0,0.0,11.0,0.0,0,849.0,849.0,1020.0,Y1
0.0,0.0,3.0,1.0,0.0,0.0,0.0,13.0,0.0,0,815.0,815.0,941.0,Y1
0.0,0.0,3.0,0.0,0.0,1.0,0.0,6.0,0.0,0,988.0,988.0,928.0,Y1
0.0,0.0,3.0,0.0,0.0,0.0,0.0,10.0,0.0,0,962.0,962.0,983.0,Y1
0.0,0.0,9.0,1.0,0.0,1.0,0.0,13.0,0.0,0,892.0,892.0,891.0,Y1
0.0,1.0,0.0,1.0,2.0,1.0,0.0,8.0,0.0,1,872.0,1048.0,872.0,Y0
1.0,0.0,1.0,0.0,1.0,0.0,-1.0,5.0,0.0,1,914.0,850.0,914.0,Y0
1.0,0.0,3.0,0.0,0.0,0.0,0.0,4.0,0.0,1,1104.0,930.0,1104.0,Y0
1.0,0.0,2.0,0.0,0.0,1.0,0.0,3.0,0.0,0,812.0,812.0,976.0,Y1
1.0,0.0,2.0,1.0,0.0,1.0,0.0,8.0,0.0,0,884.0,884.0,909.0,Y1
1.0,1.0,1.0,1.0,0.0,0.0,0.0,15.0,0.0,1,886.0,962.0,886.0,Y0
0.0,0.0,8.0,1.0,0.0,3.0,0.0,14.0,0.0,1,1012.0,832.0,1012.0,Y0
0.0,0.0,1.0,1.0,0.0,1.0,0.0,13.0,0.0,0,915.0,915.0,994.0,Y1
1.0,0.0,1.0,0.0,0.0,1.0,0.0,4.0,0.0,0,869.0,869.0,1062.0,Y1
1.0,0.0,0.0,0.0,0.0,1.0,0.0,12.0,0.0,1,1102.0,965.0,1102.0,Y0
0.0,0.0,2.0,0.0,0.0,0.0,3.0,27.0,0.0,0,869.0,869.0,992.0,Y1
0.0,0.0,0.0,-1.0,0.0,1.0,0.0,13.0,-1.0,0,1043.0,1043.0,892.0,Y1
0.0,1.0,2.0,0.0,1.0,0.0,0.0,6.0,0.0,0,856.0,856.0,920.0,Y1
1.0,0.0,3.0,0.0,0.0,1.0,0.0,12.0,0.0,0,959.0,959.0,891.0,Y1
0.0,0.0,0.0,0.0,0.0,0.0,0.0,8.0,0.0,1,911.0,994.0,911.0,Y0
0.0,1.0,2.0,1.0,2.0,0.0,2.0,0.0,0.0,0,916.0,916.0,869.0,Y1
0.0,1.0,3.0,0.0,1.0,0.0,5.0,3.0,0.0,0,896.0,896.0,917.0,Y1
0.0,0.0,3.0,0.0,3.0,0.0,0.0,8.0,0.0,0,943.0,943.0,962.0,Y1
1.0,1.0,2.0,1.0,2.0,1.0,0.0,7.0,0.0,0,897.0,897.0,789.0,Y1
0.0,1.0,3.0,0.0,1.0,0.0,0.0,21.0,0.0,1,978.0,913.0,978.0,Y0
0.0,0.0,1.0,0.0,0.0,0.0,0.0,14.0,0.0,1,984.0,966.0,984.0,Y0
0.0,0.0,2.0,0.0,0.0,1.0,0.0,8.0,0.0,0,901.0,901.0,924.0,Y1
0.0,0.0,3.0,0.0,0.0,0.0,0.0,12.0,0.0,1,904.0,954.0,904.0,Y0
0.0,0.0,1.0,1.0,0.0,1.0,0.0,12.0,0.0,0,966.0,966.0,994.0,Y1
1.0,0.0,3.0,0.0,0.0,0.0,0.0,8.0,0.0,0,792.0,792.0,857.0,Y1
1.0,1.0,1.0,1.0,2.0,0.0,0.0,11.0,0.0,0,844.0,844.0,948.0,Y1
0.0,1.0,0.0,1.0,1.0,0.0,-1.0,12.0,1.0,0,880.0,880.0,877.0,Y1
1.0,1.0,0.0,1.0,2.0,0.0,-1.0,10.0,1.0,0,881.0,881.0,936.0,Y1
1.0,1.0,2.0,0.0,2.0,0.0,2.0,1.0,1.0,0,855.0,855.0,858.0,Y1
1.0,0.0,1.0,0.0,1.0,0.0,0.0,11.0,0.0,0,941.0,941.0,1003.0,Y1
0.0,1.0,9.0,1.0,2.0,1.0,0.0,10.0,1.0,1,856.0,918.0,856.0,Y0
1.0,0.0,4.0,0.0,0.0,1.0,0.0,11.0,0.0,0,908.0,908.0,897.0,Y1
1.0,0.0,1.0,0.0,0.0,0.0,2.0,1.0,0.0,0,839.0,839.0,1022.0,Y1
1.0,0.0,1.0,0.0,3.0,0.0,0.0,13.0,0.0,1,1014.0,1061.0,1014.0,Y0
1.0,1.0,2.0,1.0,1.0,0.0,-1.0,4.0,0.0,0,787.0,787.0,1144.0,Y1
0.0,1.0,1.0,1.0,2.0,0.0,2.0,1.0,0.0,1,843.0,931.0,843.0,Y0
1.0,0.0,1.0,0.0,0.0,0.0,3.0,27.0,0.0,0,881.0,881.0,1026.0,Y1
1.0,0.0,3.0,1.0,0.0,0.0,0.0,5.0,0.0,1,973.0,866.0,973.0,Y0
0.0,1.0,2.0,1.0,2.0,0.0,-1.0,2.0,0.0,1,782.0,880.0,782.0,Y0
0.0,0.0,1.0,1.0,3.0,0.0,2.0,5.0,0.0,0,928.0,928.0,886.0,Y1
0.0,0.0,0.0,0.0,0.0,3.0,3.0,8.0,0.0,1,970.0,966.0,970.0,Y0
1.0,0.0,2.0,1.0,0.0,1.0,0.0,13.0,0.0,0,836.0,836.0,987.0,Y1
1.0,0.0,1.0,0.0,0.0,1.0,0.0,8.0,0.0,0,931.0,931.0,909.0,Y1
1.0,0.0,1.0,0.0,0.0,0.0,0.0,12.0,0.0,0,930.0,930.0,933.0,Y1
0.0,1.0,3.0,1.0,1.0,1.0,0.0,24.0,0.0,0,908.0,908.0,916.0,Y1
0.0,0.0,2.0,1.0,0.0,0.0,3.0,27.0,0.0,0,931.0,931.0,929.0,Y1
0.0,1.0,3.0,1.0,2.0,1.0,0.0,5.0,0.0,0,853.0,853.0,981.0,Y1
1.0,0.0,3.0,0.0,3.0,1.0,0.0,17.0,0.0,1,978.0,956.0,978.0,Y0
0.0,0.0,3.0,0.0,0.0,0.0,0.0,12.0,0.0,1,923.0,954.0,923.0,Y0
1.0,0.0,0.0,0.0,0.0,0.0,0.0,13.0,0.0,0,1085.0,1085.0,878.0,Y1
1.0,0.0,0.0,0.0,0.0,1.0,0.0,12.0,0.0,1,947.0,965.0,947.0,Y0
1.0,1.0,0.0,1.0,2.0,1.0,0.0,13.0,1.0,1,876.0,946.0,876.0,Y0
0.0,0.0,3.0,1.0,0.0,0.0,0.0,8.0,0.0,0,847.0,847.0,1006.0,Y1
1.0,0.0,2.0,0.0,0.0,0.0,3.0,9.0,0.0,0,967.0,967.0,822.0,Y1
1.0,0.0,4.0,0.0,1.0,0.0,0.0,15.0,0.0,0,950.0,950.0,940.0,Y1
0.0,0.0,3.0,1.0,0.0,0.0,0.0,6.0,0.0,0,905.0,905.0,898.0,Y1
1.0,0.0,3.0,1.0,0.0,0.0,3.0,9.0,0.0,0,1092.0,1092.0,834.0,Y1
1.0,1.0,1.0,1.0,2.0,0.0,-1.0,2.0,0.0,0,858.0,858.0,831.0,Y1
0.0,1.0,3.0,1.0,2.0,1.0,0.0,11.0,1.0,0,854.0,854.0,873.0,Y1
1.0,0.0,3.0,1.0,0.0,1.0,0.0,13.0,0.0,0,905.0,905.0,823.0,Y1
0.0,0.0,3.0,0.0,1.0,1.0,0.0,4.0,0.0,1,884.0,915.0,884.0,Y0
1.0,0.0,2.0,0.0,0.0,0.0,0.0,10.0,0.0,0,885.0,885.0,1039.0,Y1
0.0,0.0,1.0,0.0,0.0,0.0,0.0,20.0,0.0,1,917.0,914.0,917.0,Y0
1.0,0.0,7.0,0.0,0.0,0.0,2.0,3.0,0.0,1,814.0,1052.0,814.0,Y0
0.0,1.0,3.0,1.0,2.0,0.0,0.0,21.0,1.0,1,857.0,959.0,857.0,Y0
1.0,0.0,0.0,0.0,3.0,0.0,0.0,13.0,0.0,0,1052.0,1052.0,966.0,Y1
0.0,0.0,3.0,0.0,1.0,0.0,5.0,3.0,0.0,0,920.0,920.0,859.0,Y1
1.0,0.0,0.0,1.0,0.0,1.0,0.0,8.0,0.0,1,940.0,883.0,940.0,Y0
1.0,0.0,0.0,0.0,1.0,0.0,0.0,8.0,1.0,0,1164.0,1164.0,986.0,Y1
0.0,0.0,0.0,1.0,3.0,0.0,0.0,13.0,0.0,0,922.0,922.0,820.0,Y1
1.0,1.0,5.0,1.0,2.0,1.0,0.0,17.0,0.0,0,907.0,907.0,916.0,Y1
1.0,1.0,5.0,1.0,2.0,0.0,0.0,11.0,0.0,0,914.0,914.0,854.0,Y1
0.0,0.0,0.0,1.0,3.0,0.0,0.0,13.0,0.0,0,914.0,914.0,820.0,Y1
1.0,1.0,3.0,1.0,2.0,0.0,0.0,11.0,0.0,0,1120.0,1120.0,994.0,Y1
0.0,0.0,0.0,1.0,0.0,1.0,0.0,12.0,0.0,0,934.0,934.0,868.0,Y1
1.0,1.0,5.0,1.0,2.0,1.0,0.0,22.0,0.0,0,811.0,811.0,916.0,Y1
1.0,0.0,1.0,0.0,0.0,0.0,0.0,2.0,0.0,0,1033.0,1033.0,897.0,Y1
1.0,0.0,2.0,0.0,0.0,1.0,0.0,13.0,0.0,0,898.0,898.0,864.0,Y1
0.0,0.0,3.0,1.0,0.0,1.0,0.0,13.0,0.0,0,868.0,868.0,846.0,Y1
0.0,0.0,2.0,0.0,1.0,0.0,-1.0,3.0,0.0,0,919.0,919.0,820.0,Y1
0.0,0.0,0.0,0.0,0.0,1.0,0.0,3.0,0.0,0,879.0,879.0,1011.0,Y1
1.0,0.0,3.0,1.0,0.0,1.0,0.0,12.0,0.0,0,923.0,923.0,981.0,Y1
0.0,0.0,0.0,0.0,3.0,1.0,0.0,12.0,0.0,0,999.0,999.0,987.0,Y1
0.0,1.0,3.0,1.0,2.0,2.0,0.0,8.0,0.0,0,801.0,801.0,913.0,Y1
0.0,1.0,3.0,1.0,1.0,0.0,0.0,20.0,1.0,0,978.0,978.0,857.0,Y1
0.0,0.0,3.0,1.0,1.0,0.0,0.0,12.0,1.0,1,934.0,979.0,934.0,Y0
1.0,0.0,0.0,1.0,0.0,1.0,0.0,10.0,0.0,0,873.0,873.0,962.0,Y1
1.0,1.0,6.0,1.0,2.0,0.0,0.0,10.0,1.0,0,891.0,891.0,940.0,Y1
1.0,0.0,0.0,0.0,0.0,1.0,0.0,12.0,0.0,0,1014.0,1014.0,947.0,Y1
0.0,0.0,2.0,0.0,0.0,1.0,0.0,13.0,0.0,0,900.0,900.0,879.0,Y1
0.0,1.0,1.0,0.0,1.0,0.0,3.0,13.0,0.0,1,864.0,1087.0,864.0,Y0
1.0,1.0,3.0,1.0,2.0,0.0,2.0,0.0,0.0,0,825.0,825.0,852.0,Y1
0.0,0.0,3.0,0.0,3.0,1.0,0.0,12.0,0.0,0,885.0,885.0,860.0,Y1
1.0,0.0,3.0,0.0,0.0,0.0,-1.0,5.0,0.0,0,966.0,966.0,931.0,Y1
1.0,1.0,3.0,1.0,2.0,0.0,2.0,2.0,0.0,1,969.0,927.0,969.0,Y0
1.0,1.0,0.0,1.0,2.0,0.0,0.0,12.0,1.0,0,851.0,851.0,827.0,Y1
1.0,1.0,2.0,0.0,1.0,0.0,1.0,0.0,0.0,1,1104.0,989.0,1104.0,Y0
0.0,0.0,0.0,0.0,0.0,0.0,0.0,16.0,0.0,0,872.0,872.0,1043.0,Y1
0.0,0.0,3.0,0.0,0.0,1.0,0.0,13.0,0.0,0,837.0,837.0,898.0,Y1
1.0,0.0,7.0,0.0,0.0,0.0,0.0,16.0,0.0,0,903.0,903.0,1105.0,Y1
0.0,1.0,0.0,1.0,2.0,1.0,4.0,12.0,0.0,1,909.0,959.0,909.0,Y0
1.0,0.0,1.0,1.0,0.0,1.0,3.0,11.0,0.0,0,1105.0,1105.0,937.0,Y1
0.0,0.0,3.0,0.0,0.0,0.0,0.0,22.0,0.0,1,814.0,945.0,814.0,Y0
0.0,0.0,3.0,0.0,0.0,0.0,0.0,3.0,0.0,1,892.0,908.0,892.0,Y0
0.0,1.0,3.0,1.0,2.0,0.0,0.0,7.0,0.0,0,849.0,849.0,967.0,Y1
0.0,0.0,3.0,0.0,3.0,0.0,0.0,5.0,0.0,0,1081.0,1081.0,962.0,Y1
1.0,0.0,4.0,1.0,0.0,0.0,0.0,2.0,0.0,0,849.0,849.0,918.0,Y1
0.0,1.0,2.0,1.0,2.0,0.0,-1.0,3.0,0.0,1,925.0,880.0,925.0,Y0
0.0,0.0,1.0,0.0,1.0,1.0,0.0,4.0,0.0,1,1054.0,970.0,1054.0,Y0
1.0,0.0,0.0,0.0,0.0,0.0,0.0,6.0,0.0,0,948.0,948.0,984.0,Y1
0.0,0.0,2.0,0.0,1.0,1.0,0.0,12.0,0.0,0,976.0,976.0,931.0,Y1
0.0,1.0,0.0,1.0,1.0,0.0,-1.0,3.0,0.0,1,1030.0,997.0,1030.0,Y0
0.0,0.0,0.0,0.0,0.0,0.0,0.0,15.0,0.0,0,1065.0,1065.0,1043.0,Y1
0.0,1.0,2.0,1.0,1.0,0.0,1.0,0.0,0.0,1,1022.0,842.0,1022.0,Y0
0.0,0.0,2.0,0.0,1.0,2.0,0.0,12.0,0.0,0,969.0,969.0,917.0,Y1
0.0,0.0,2.0,0.0,0.0,1.0,0.0,4.0,0.0,0,981.0,981.0,972.0,Y1
0.0,1.0,3.0,1.0,3.0,0.0,0.0,14.0,0.0,1,942.0,920.0,942.0,Y0
1.0,0.0,4.0,1.0,0.0,0.0,0.0,19.0,0.0,1,864.0,867.0,864.0,Y0
1.0,0.0,3.0,0.0,1.0,0.0,0.0,17.0,0.0,0,865.0,865.0,940.0,Y1
1.0,1.0,3.0,1.0,2.0,0.0,2.0,1.0,1.0,0,858.0,858.0,851.0,Y1
0.0,0.0,5.0,1.0,0.0,1.0,0.0,6.0,0.0,0,1087.0,1087.0,944.0,Y1
0.0,0.0,1.0,1.0,0.0,0.0,0.0,20.0,0.0,1,842.0,1027.0,842.0,Y0
0.0,0.0,3.0,0.0,0.0,0.0,0.0,8.0,0.0,0,958.0,958.0,844.0,Y1
1.0,0.0,3.0,0.0,1.0,0.0,0.0,7.0,0.0,0,932.0,932.0,992.0,Y1
0.0,0.0,2.0,0.0,3.0,1.0,0.0,4.0,0.0,0,924.0,924.0,904.0,Y1
0.0,3.0,2.0,0.0,0.0,0.0,0.0,4.0,0.0,0,844.0,844.0,947.0,Y1
0.0,0.0,1.0,1.0,0.0,1.0,0.0,6.0,0.0,0,954.0,954.0,889.0,Y1
0.0,0.0,3.0,0.0,0.0,0.0,0.0,5.0,0.0,0,877.0,877.0,1000.0,Y1
0.0,0.0,2.0,0.0,0.0,0.0,0.0,3.0,0.0,1,937.0,903.0,937.0,Y0
1.0,0.0,2.0,0.0,1.0,0.0,5.0,3.0,0.0,0,918.0,918.0,872.0,Y1
1.0,0.0,0.0,0.0,0.0,1.0,0.0,7.0,0.0,0,940.0,940.0,902.0,Y1
0.0,0.0,3.0,0.0,0.0,1.0,3.0,11.0,0.0,0,950.0,950.0,992.0,Y1
1.0,1.0,2.0,1.0,2.0,0.0,1.0,0.0,0.0,0,926.0,926.0,944.0,Y1
0.0,0.0,3.0,0.0,0.0,0.0,0.0,15.0,0.0,1,932.0,857.0,932.0,Y0
0.0,1.0,0.0,1.0,2.0,1.0,0.0,5.0,0.0,0,976.0,976.0,943.0,Y1
0.0,0.0,0.0,1.0,0.0,0.0,0.0,8.0,0.0,0,862.0,862.0,959.0,Y1
1.0,0.0,0.0,0.0,0.0,0.0,0.0,14.0,0.0,0,954.0,954.0,1062.0,Y1
1.0,0.0,0.0,0.0,0.0,1.0,0.0,15.0,0.0,1,921.0,927.0,921.0,Y0
0.0,0.0,3.0,1.0,3.0,0.0,0.0,3.0,0.0,0,1048.0,1048.0,842.0,Y1
1.0,1.0,4.0,1.0,1.0,0.0,-1.0,12.0,1.0,0,851.0,851.0,854.0,Y1
0.0,0.0,0.0,1.0,0.0,0.0,0.0,10.0,0.0,0,880.0,880.0,1098.0,Y1
0.0,0.0,1.0,0.0,1.0,0.0,-1.0,3.0,0.0,0,1097.0,1097.0,942.0,Y1
0.0,1.0,3.0,0.0,2.0,1.0,0.0,11.0,1.0,0,929.0,929.0,834.0,Y1
1.0,0.0,0.0,0.0,1.0,0.0,-1.0,5.0,0.0,1,927.0,850.0,927.0,Y0
1.0,1.0,2.0,1.0,2.0,1.0,0.0,5.0,0.0,0,915.0,915.0,796.0,Y1
0.0,1.0,3.0,1.0,1.0,0.0,-1.0,0.0,0.0,0,891.0,891.0,1000.0,Y1
0.0,1.0,3.0,1.0,2.0,0.0,2.0,2.0,0.0,1,923.0,952.0,923.0,Y0
1.0,0.0,1.0,0.0,0.0,1.0,5.0,11.0,0.0,1,910.0,986.0,910.0,Y0
1.0,1.0,1.0,1.0,0.0,0.0,0.0,6.0,0.0,1,961.0,768.0,961.0,Y0
0.0,0.0,1.0,0.0,1.0,0.0,0.0,5.0,1.0,0,1067.0,1067.0,868.0,Y1
0.0,0.0,2.0,1.0,0.0,1.0,0.0,9.0,0.0,0,923.0,923.0,947.0,Y1
1.0,0.0,3.0,1.0,0.0,0.0,2.0,2.0,0.0,1,933.0,841.0,933.0,Y0
0.0,1.0,1.0,1.0,2.0,1.0,0.0,11.0,0.0,0,864.0,864.0,872.0,Y1
1.0,0.0,4.0,1.0,1.0,0.0,0.0,7.0,0.0,0,892.0,892.0,813.0,Y1
1.0,0.0,2.0,0.0,0.0,0.0,3.0,27.0,0.0,0,936.0,936.0,1026.0,Y1
1.0,1.0,2.0,1.0,2.0,1.0,0.0,17.0,0.0,0,862.0,862.0,952.0,Y1
0.0,0.0,0.0,1.0,1.0,0.0,0.0,7.0,0.0,0,851.0,851.0,926.0,Y1
1.0,1.0,3.0,1.0,2.0,1.0,1.0,6.0,0.0,0,803.0,803.0,947.0,Y1
1.0,0.0,2.0,1.0,3.0,0.0,1.0,0.0,0.0,0,886.0,886.0,881.0,Y1
1.0,0.0,2.0,0.0,0.0,1.0,0.0,4.0,0.0,0,880.0,880.0,976.0,Y1
0.0,1.0,1.0,1.0,0.0,1.0,0.0,8.0,0.0,1,954.0,962.0,954.0,Y0
0.0,0.0,0.0,0.0,0.0,0.0,0.0,13.0,0.0,0,914.0,914.0,1043.0,Y1
1.0,0.0,1.0,1.0,0.0,0.0,0.0,14.0,0.0,0,891.0,891.0,887.0,Y1
1.0,1.0,2.0,1.0,2.0,0.0,0.0,11.0,0.0,0,719.0,719.0,962.0,Y1
1.0,0.0,4.0,0.0,0.0,0.0,0.0,13.0,0.0,0,992.0,992.0,950.0,Y1
1.0,1.0,9.0,1.0,2.0,1.0,0.0,17.0,0.0,0,877.0,877.0,841.0,Y1
0.0,0.0,1.0,0.0,0.0,0.0,0.0,13.0,-1.0,0,826.0,826.0,984.0,Y1
1.0,0.0,0.0,1.0,0.0,0.0,0.0,12.0,0.0,0,1057.0,1057.0,848.0,Y1
1.0,0.0,0.0,0.0,0.0,0.0,0.0,12.0,0.0,1,919.0,978.0,919.0,Y0
0.0,0.0,0.0,0.0,0.0,1.0,0.0,8.0,0.0,0,791.0,791.0,934.0,Y1
1.0,1.0,2.0,1.0,2.0,1.0,1.0,6.0,0.0,0,857.0,857.0,796.0,Y1
0.0,0.0,0.0,0.0,0.0,0.0,0.0,8.0,0.0,0,896.0,896.0,929.0,Y1
1.0,0.0,2.0,1.0,1.0,1.0,0.0,24.0,0.0,0,920.0,920.0,955.0,Y1
1.0,0.0,2.0,0.0,0.0,0.0,0.0,11.0,0.0,1,1039.0,845.0,1039.0,Y0
0.0,0.0,3.0,0.0,0.0,0.0,0.0,14.0,0.0,0,1004.0,1004.0,1136.0,Y1
1.0,1.0,2.0,0.0,0.0,1.0,0.0,6.0,0.0,0,891.0,891.0,896.0,Y1
0.0,1.0,0.0,1.0,1.0,0.0,0.0,6.0,0.0,0,800.0,800.0,948.0,Y1
0.0,0.0,1.0,1.0,0.0,0.0,0.0,13.0,0.0,0,908.0,908.0,899.0,Y1
0.0,0.0,1.0,1.0,0.0,0.0,0.0,4.0,0.0,1,942.0,959.0,942.0,Y0
1.0,0.0,1.0,1.0,1.0,0.0,0.0,5.0,1.0,0,894.0,894.0,906.0,Y1
0.0,0.0,1.0,0.0,0.0,0.0,0.0,20.0,0.0,0,984.0,984.0,917.0,Y1
0.0,1.0,2.0,1.0,0.0,1.0,0.0,8.0,0.0,1,877.0,928.0,877.0,Y0
1.0,0.0,1.0,0.0,1.0,0.0,0.0,7.0,0.0,0,847.0,847.0,989.0,Y1
1.0,0.0,2.0,1.0,0.0,0.0,0.0,12.0,0.0,0,831.0,831.0,882.0,Y1
0.0,0.0,3.0,0.0,1.0,1.0,0.0,12.0,0.0,0,1003.0,1003.0,953.0,Y1
0.0,0.0,1.0,0.0,0.0,1.0,0.0,6.0,0.0,0,1071.0,1071.0,1068.0,Y1
1.0,0.0,1.0,0.0,0.0,1.0,0.0,5.0,0.0,1,1019.0,930.0,1019.0,Y0
1.0,0.0,1.0,0.0,0.0,1.0,0.0,12.0,0.0,0,1014.0,1014.0,923.0,Y1
0.0,0.0,3.0,1.0,0.0,0.0,2.0,2.0,0.0,0,959.0,959.0,912.0,Y1
0.0,0.0,1.0,1.0,0.0,0.0,0.0,11.0,0.0,0,859.0,859.0,899.0,Y1
1.0,0.0,3.0,0.0,0.0,1.0,0.0,13.0,0.0,0,872.0,872.0,879.0,Y1
0.0,1.0,0.0,1.0,2.0,0.0,0.0,6.0,0.0,0,849.0,849.0,1097.0,Y1
1.0,0.0,3.0,0.0,3.0,0.0,0.0,14.0,0.0,1,933.0,949.0,933.0,Y0
0.0,0.0,0.0,0.0,1.0,0.0,5.0,3.0,0.0,0,1018.0,1018.0,859.0,Y1
1.0,0.0,1.0,1.0,0.0,0.0,2.0,2.0,0.0,0,954.0,954.0,868.0,Y1
1.0,0.0,0.0,0.0,0.0,0.0,0.0,13.0,0.0,0,919.0,919.0,878.0,Y1
0.0,0.0,2.0,0.0,1.0,0.0,0.0,11.0,0.0,0,931.0,931.0,890.0,Y1
1.0,0.0,2.0,1.0,0.0,0.0,0.0,10.0,0.0,0,1041.0,1041.0,790.0,Y1
1.0,1.0,1.0,1.0,1.0,0.0,-1.0,3.0,0.0,1,932.0,891.0,932.0,Y0
1.0,0.0,0.0,0.0,3.0,0.0,2.0,1.0,0.0,1,911.0,1083.0,911.0,Y0
0.0,0.0,1.0,1.0,0.0,0.0,0.0,4.0,0.0,1,999.0,959.0,999.0,Y0
0.0,0.0,2.0,0.0,0.0,0.0,0.0,7.0,0.0,1,936.0,997.0,936.0,Y0
0.0,1.0,2.0,1.0,1.0,0.0,0.0,12.0,1.0,1,842.0,849.0,842.0,Y0
0.0,0.0,3.0,0.0,3.0,0.0,0.0,13.0,0.0,1,981.0,1043.0,981.0,Y0
0.0,1.0,1.0,1.0,3.0,1.0,0.0,12.0,0.0,1,911.0,885.0,911.0,Y0
1.0,0.0,0.0,0.0,0.0,0.0,0.0,19.0,0.0,1,978.0,1108.0,978.0,Y0
1.0,1.0,2.0,1.0,2.0,0.0,0.0,5.0,0.0,0,884.0,884.0,1032.0,Y1
0.0,0.0,3.0,0.0,0.0,1.0,0.0,10.0,0.0,0,871.0,871.0,876.0,Y1
0.0,0.0,3.0,1.0,0.0,1.0,0.0,13.0,0.0,0,816.0,816.0,846.0,Y1
1.0,0.0,1.0,1.0,0.0,1.0,0.0,9.0,0.0,0,841.0,841.0,1047.0,Y1
0.0,0.0,2.0,1.0,0.0,1.0,0.0,10.0,0.0,0,979.0,979.0,947.0,Y1
0.0,0.0,3.0,0.0,1.0,1.0,0.0,22.0,0.0,0,831.0,831.0,940.0,Y1
1.0,1.0,0.0,1.0,2.0,0.0,1.0,0.0,0.0,0,1013.0,1013.0,893.0,Y1
1.0,1.0,7.0,1.0,0.0,0.0,0.0,7.0,0.0,0,802.0,802.0,870.0,Y1
1.0,0.0,3.0,0.0,1.0,1.0,0.0,18.0,0.0,1,950.0,886.0,950.0,Y0
1.0,0.0,1.0,0.0,0.0,1.0,0.0,12.0,0.0,0,941.0,941.0,923.0,Y1
0.0,0.0,3.0,1.0,0.0,0.0,0.0,20.0,0.0,0,825.0,825.0,901.0,Y1
1.0,0.0,2.0,0.0,0.0,0.0,0.0,15.0,0.0,0,862.0,862.0,857.0,Y1
0.0,0.0,3.0,0.0,1.0,1.0,0.0,4.0,0.0,1,875.0,915.0,875.0,Y0
0.0,1.0,3.0,1.0,2.0,2.0,0.0,8.0,0.0,0,827.0,827.0,913.0,Y1
1.0,1.0,0.0,0.0,1.0,0.0,2.0,1.0,1.0,0,946.0,946.0,956.0,Y1
1.0,0.0,2.0,0.0,0.0,1.0,0.0,12.0,0.0,0,841.0,841.0,949.0,Y1
0.0,0.0,0.0,0.0,0.0,1.0,0.0,20.0,0.0,0,966.0,966.0,942.0,Y1
0.0,1.0,0.0,1.0,2.0,0.0,0.0,10.0,1.0,0,961.0,961.0,857.0,Y1
1.0,1.0,1.0,1.0,1.0,1.0,0.0,24.0,0.0,0,923.0,923.0,916.0,Y1
0.0,0.0,1.0,0.0,0.0,0.0,0.0,22.0,0.0,1,1026.0,961.0,1026.0,Y0
0.0,0.0,1.0,0.0,1.0,1.0,4.0,15.0,0.0,0,1124.0,1124.0,859.0,Y1
0.0,1.0,2.0,1.0,2.0,0.0,2.0,1.0,1.0,0,900.0,900.0,845.0,Y1
1.0,0.0,2.0,0.0,3.0,0.0,2.0,1.0,0.0,1,1010.0,881.0,1010.0,Y0
0.0,1.0,1.0,1.0,0.0,0.0,-1.0,9.0,0.0,0,863.0,863.0,800.0,Y1
1.0,0.0,3.0,1.0,0.0,0.0,-1.0,2.0,0.0,0,822.0,822.0,881.0,Y1
1.0,0.0,3.0,0.0,0.0,1.0,0.0,15.0,0.0,0,999.0,999.0,866.0,Y1
0.0,1.0,2.0,1.0,2.0,0.0,0.0,6.0,0.0,0,847.0,847.0,1019.0,Y1
1.0,0.0,0.0,0.0,0.0,1.0,0.0,13.0,0.0,0,915.0,915.0,859.0,Y1
1.0,1.0,2.0,1.0,2.0,0.0,-1.0,3.0,1.0,0,787.0,787.0,983.0,Y1
1.0,0.0,0.0,1.0,1.0,1.0,0.0,7.0,0.0,1,917.0,883.0,917.0,Y0
1.0,1.0,3.0,1.0,0.0,0.0,0.0,4.0,0.0,1,960.0,863.0,960.0,Y0
0.0,0.0,0.0,0.0,0.0,0.0,2.0,3.0,1.0,0,912.0,912.0,840.0,Y1
1.0,0.0,8.0,1.0,0.0,0.0,3.0,10.0,0.0,0,956.0,956.0,886.0,Y1
1.0,1.0,2.0,1.0,2.0,1.0,0.0,6.0,0.0,1,808.0,877.0,808.0,Y0
1.0,0.0,1.0,1.0,0.0,0.0,0.0,2.0,0.0,0,889.0,889.0,909.0,Y1
0.0,0.0,0.0,0.0,1.0,0.0,1.0,14.0,0.0,0,1158.0,1158.0,1021.0,Y1
1.0,0.0,1.0,0.0,0.0,0.0,-1.0,4.0,0.0,0,882.0,882.0,907.0,Y1
0.0,1.0,1.0,1.0,0.0,1.0,0.0,4.0,0.0,0,853.0,853.0,1050.0,Y1
1.0,0.0,0.0,0.0,0.0,3.0,0.0,14.0,0.0,1,941.0,896.0,941.0,Y0
1.0,1.0,1.0,0.0,1.0,0.0,2.0,5.0,1.0,1,950.0,973.0,950.0,Y0
1.0,0.0,2.0,0.0,0.0,0.0,0.0,7.0,0.0,0,796.0,796.0,928.0,Y1
1.0,0.0,1.0,1.0,0.0,0.0,0.0,6.0,0.0,1,991.0,831.0,991.0,Y0
0.0,0.0,0.0,0.0,1.0,0.0,0.0,17.0,0.0,0,913.0,913.0,1021.0,Y1
1.0,0.0,0.0,0.0,0.0,0.0,0.0,13.0,-1.0,0,983.0,983.0,878.0,Y1
0.0,0.0,1.0,1.0,0.0,1.0,0.0,4.0,0.0,1,983.0,918.0,983.0,Y0
0.0,1.0,3.0,1.0,2.0,0.0,0.0,5.0,0.0,0,807.0,807.0,897.0,Y1
0.0,0.0,3.0,0.0,1.0,1.0,0.0,12.0,0.0,0,785.0,785.0,953.0,Y1
1.0,1.0,3.0,1.0,2.0,0.0,0.0,5.0,0.0,0,879.0,879.0,1065.0,Y1
1.0,1.0,0.0,1.0,2.0,0.0,2.0,1.0,1.0,0,939.0,939.0,974.0,Y1
1.0,0.0,2.0,-1.0,1.0,0.0,0.0,5.0,-1.0,0,899.0,899.0,910.0,Y1
0.0,0.0,3.0,1.0,0.0,0.0,-1.0,1.0,0.0,1,914.0,816.0,914.0,Y0
0.0,1.0,3.0,1.0,2.0,0.0,2.0,2.0,0.0,1,874.0,952.0,874.0,Y0
1.0,1.0,1.0,1.0,2.0,0.0,2.0,1.0,1.0,0,934.0,934.0,961.0,Y1
0.0,0.0,0.0,1.0,3.0,0.0,0.0,11.0,0.0,1,820.0,881.0,820.0,Y0
0.0,0.0,2.0,0.0,0.0,1.0,0.0,13.0,0.0,0,915.0,915.0,879.0,Y1
1.0,0.0,2.0,0.0,0.0,0.0,0.0,13.0,0.0,0,869.0,869.0,1004.0,Y1
0.0,0.0,0.0,0.0,0.0,1.0,0.0,4.0,0.0,1,1011.0,1102.0,1011.0,Y0
0.0,1.0,3.0,1.0,2.0,0.0,0.0,12.0,0.0,0,800.0,800.0,893.0,Y1
0.0,1.0,1.0,1.0,3.0,0.0,0.0,5.0,0.0,0,906.0,906.0,975.0,Y1
0.0,0.0,2.0,0.0,1.0,0.0,0.0,16.0,1.0,1,989.0,856.0,989.0,Y0
1.0,0.0,4.0,0.0,3.0,0.0,0.0,3.0,0.0,0,1034.0,1034.0,894.0,Y1
1.0,0.0,3.0,0.0,0.0,1.0,0.0,20.0,0.0,0,886.0,886.0,866.0,Y1
1.0,1.0,1.0,1.0,1.0,0.0,0.0,3.0,0.0,1,932.0,899.0,932.0,Y0
1.0,0.0,2.0,0.0,0.0,0.0,0.0,4.0,0.0,1,964.0,937.0,964.0,Y0
1.0,0.0,1.0,1.0,0.0,0.0,0.0,11.0,0.0,0,924.0,924.0,1028.0,Y1
0.0,1.0,3.0,1.0,2.0,0.0,-1.0,6.0,1.0,0,937.0,937.0,900.0,Y1
0.0,1.0,3.0,1.0,2.0,0.0,2.0,1.0,1.0,1,939.0,890.0,939.0,Y0
0.0,0.0,0.0,1.0,3.0,1.0,0.0,12.0,0.0,1,814.0,887.0,814.0,Y0
0.0,0.0,1.0,0.0,1.0,1.0,0.0,15.0,0.0,1,1102.0,1012.0,1102.0,Y0
0.0,0.0,2.0,1.0,0.0,1.0,0.0,13.0,0.0,0,1036.0,1036.0,999.0,Y1
1.0,1.0,0.0,0.0,1.0,0.0,2.0,5.0,1.0,1,956.0,924.0,956.0,Y0
0.0,1.0,2.0,1.0,2.0,0.0,0.0,24.0,1.0,0,890.0,890.0,872.0,Y1
0.0,0.0,3.0,1.0,0.0,0.0,0.0,4.0,0.0,0,887.0,887.0,950.0,Y1
1.0,0.0,0.0,0.0,3.0,1.0,0.0,13.0,0.0,1,940.0,1003.0,940.0,Y0
1.0,1.0,3.0,1.0,0.0,1.0,0.0,13.0,0.0,0,803.0,803.0,916.0,Y1
1.0,0.0,3.0,0.0,0.0,0.0,0.0,15.0,0.0,0,896.0,896.0,883.0,Y1
1.0,1.0,2.0,0.0,1.0,0.0,-1.0,12.0,1.0,0,832.0,832.0,945.0,Y1
1.0,1.0,2.0,1.0,2.0,0.0,-1.0,10.0,1.0,0,860.0,860.0,857.0,Y1
1.0,0.0,1.0,1.0,3.0,0.0,2.0,5.0,0.0,0,907.0,907.0,859.0,Y1
0.0,1.0,0.0,1.0,2.0,0.0,0.0,14.0,0.0,1,920.0,839.0,920.0,Y0
1.0,1.0,1.0,1.0,1.0,1.0,0.0,4.0,0.0,1,905.0,931.0,905.0,Y0
0.0,0.0,1.0,0.0,0.0,1.0,0.0,6.0,0.0,0,984.0,984.0,1068.0,Y1
1.0,0.0,4.0,0.0,0.0,2.0,0.0,12.0,0.0,0,965.0,965.0,940.0,Y1
0.0,0.0,2.0,0.0,0.0,0.0,0.0,16.0,0.0,0,1076.0,1076.0,1042.0,Y1
1.0,1.0,3.0,1.0,2.0,0.0,0.0,9.0,0.0,0,842.0,842.0,851.0,Y1
1.0,1.0,0.0,1.0,2.0,1.0,0.0,17.0,0.0,0,892.0,892.0,892.0,Y1
0.0,0.0,2.0,0.0,1.0,0.0,-1.0,3.0,0.0,0,949.0,949.0,820.0,Y1
0.0,0.0,1.0,1.0,3.0,0.0,1.0,1.0,0.0,1,886.0,878.0,886.0,Y0
1.0,1.0,2.0,1.0,2.0,0.0,2.0,0.0,0.0,0,876.0,876.0,870.0,Y1
0.0,0.0,2.0,1.0,3.0,0.0,0.0,13.0,0.0,0,972.0,972.0,989.0,Y1
1.0,1.0,3.0,1.0,2.0,0.0,-1.0,3.0,1.0,0,876.0,876.0,983.0,Y1
1.0,0.0,2.0,1.0,3.0,1.0,0.0,4.0,0.0,0,868.0,868.0,874.0,Y1
0.0,0.0,0.0,0.0,0.0,0.0,2.0,2.0,0.0,1,960.0,886.0,960.0,Y0
0.0,1.0,0.0,1.0,2.0,0.0,-1.0,2.0,0.0,0,825.0,825.0,897.0,Y1
0.0,0.0,2.0,0.0,1.0,0.0,0.0,3.0,0.0,0,940.0,940.0,979.0,Y1
0.0,0.0,3.0,1.0,0.0,0.0,0.0,9.0,0.0,1,805.0,822.0,805.0,Y0
1.0,0.0,3.0,0.0,1.0,0.0,0.0,7.0,0.0,0,846.0,846.0,992.0,Y1
0.0,0.0,1.0,1.0,0.0,0.0,0.0,9.0,0.0,0,896.0,896.0,934.0,Y1
0.0,1.0,1.0,1.0,2.0,0.0,0.0,11.0,0.0,0,954.0,954.0,1020.0,Y1
0.0,0.0,2.0,0.0,1.0,0.0,0.0,8.0,0.0,0,928.0,928.0,936.0,Y1
1.0,0.0,0.0,0.0,1.0,1.0,0.0,22.0,0.0,0,902.0,902.0,910.0,Y1
1.0,0.0,0.0,0.0,1.0,0.0,0.0,7.0,0.0,0,899.0,899.0,927.0,Y1
0.0,0.0,3.0,1.0,0.0,1.0,0.0,8.0,0.0,0,978.0,978.0,881.0,Y1
0.0,1.0,0.0,1.0,2.0,0.0,2.0,1.0,1.0,0,890.0,890.0,971.0,Y1
1.0,0.0,2.0,0.0,1.0,0.0,-1.0,18.0,1.0,0,857.0,857.0,907.0,Y1
1.0,1.0,3.0,1.0,2.0,1.0,0.0,11.0,1.0,0,851.0,851.0,968.0,Y1
1.0,0.0,4.0,0.0,0.0,0.0,1.0,0.0,0.0,0,922.0,922.0,966.0,Y1
0.0,1.0,2.0,0.0,1.0,1.0,0.0,10.0,0.0,0,857.0,857.0,868.0,Y1
0.0,0.0,1.0,0.0,0.0,0.0,0.0,6.0,0.0,0,962.0,962.0,1056.0,Y1
0.0,0.0,1.0,0.0,0.0,0.0,0.0,10.0,0.0,0,901.0,901.0,1003.0,Y1
1.0,0.0,3.0,1.0,0.0,1.0,0.0,10.0,0.0,0,921.0,921.0,981.0,Y1
0.0,0.0,0.0,0.0,1.0,0.0,0.0,15.0,0.0,0,944.0,944.0,1021.0,Y1
0.0,0.0,1.0,0.0,1.0,0.0,0.0,11.0,0.0,0,837.0,837.0,890.0,Y1
1.0,0.0,1.0,1.0,1.0,0.0,0.0,5.0,1.0,0,888.0,888.0,906.0,Y1
1.0,0.0,3.0,0.0,1.0,0.0,1.0,0.0,0.0,0,841.0,841.0,966.0,Y1
0.0,0.0,1.0,0.0,0.0,0.0,0.0,12.0,0.0,0,961.0,961.0,1041.0,Y1
1.0,0.0,0.0,1.0,0.0,1.0,0.0,10.0,0.0,0,890.0,890.0,962.0,Y1
1.0,1.0,0.0,1.0,0.0,0.0,0.0,10.0,0.0,0,905.0,905.0,951.0,Y1
0.0,1.0,2.0,1.0,2.0,0.0,0.0,16.0,1.0,0,872.0,872.0,872.0,Y1
0.0,0.0,2.0,0.0,0.0,0.0,-1.0,5.0,0.0,0,909.0,909.0,971.0,Y1
1.0,0.0,3.0,1.0,1.0,0.0,1.0,0.0,0.0,0,906.0,906.0,989.0,Y1
1.0,1.0,2.0,1.0,2.0,0.0,1.0,1.0,0.0,1,962.0,852.0,962.0,Y0
0.0,0.0,0.0,0.0,1.0,0.0,-1.0,2.0,0.0,0,944.0,944.0,865.0,Y1
1.0,0.0,0.0,0.0,1.0,0.0,0.0,7.0,0.0,0,939.0,939.0,927.0,Y1
1.0,1.0,2.0,0.0,3.0,1.0,0.0,6.0,0.0,0,807.0,807.0,806.0,Y1
1.0,0.0,2.0,0.0,0.0,1.0,0.0,11.0,0.0,0,909.0,909.0,949.0,Y1
0.0,0.0,0.0,0.0,0.0,0.0,0.0,13.0,0.0,0,1086.0,1086.0,1043.0,Y1
1.0,1.0,0.0,1.0,2.0,0.0,0.0,16.0,1.0,0,888.0,888.0,873.0,Y1
1.0,1.0,3.0,1.0,2.0,1.0,0.0,17.0,0.0,0,882.0,882.0,916.0,Y1
0.0,0.0,3.0,0.0,0.0,0.0,0.0,14.0,0.0,0,989.0,989.0,1136.0,Y1
1.0,1.0,3.0,1.0,2.0,1.0,0.0,8.0,0.0,1,909.0,910.0,909.0,Y0
0.0,1.0,0.0,1.0,2.0,0.0,0.0,6.0,1.0,0,914.0,914.0,857.0,Y1
1.0,0.0,2.0,0.0,1.0,0.0,2.0,1.0,1.0,0,940.0,940.0,950.0,Y1
0.0,0.0,1.0,0.0,0.0,1.0,0.0,10.0,0.0,0,1068.0,1068.0,1013.0,Y1
0.0,1.0,3.0,1.0,2.0,0.0,0.0,11.0,0.0,0,1008.0,1008.0,893.0,Y1
0.0,1.0,1.0,0.0,1.0,0.0,2.0,1.0,0.0,0,970.0,970.0,1091.0,Y1
1.0,0.0,2.0,1.0,0.0,2.0,0.0,6.0,0.0,1,876.0,891.0,876.0,Y0
1.0,0.0,2.0,0.0,1.0,0.0,0.0,12.0,0.0,0,975.0,975.0,888.0,Y1
0.0,0.0,1.0,0.0,0.0,0.0,0.0,19.0,0.0,1,902.0,1003.0,902.0,Y0
1.0,0.0,2.0,1.0,3.0,0.0,0.0,13.0,0.0,0,906.0,906.0,939.0,Y1
0.0,0.0,3.0,1.0,0.0,0.0,0.0,27.0,0.0,1,900.0,896.0,900.0,Y0
0.0,1.0,3.0,1.0,2.0,0.0,0.0,11.0,0.0,0,1004.0,1004.0,893.0,Y1
0.0,0.0,0.0,0.0,1.0,0.0,-1.0,0.0,0.0,1,865.0,944.0,865.0,Y0
0.0,1.0,0.0,1.0,3.0,1.0,0.0,13.0,0.0,1,961.0,885.0,961.0,Y0
0.0,1.0,0.0,1.0,2.0,0.0,2.0,0.0,0.0,0,853.0,853.0,879.0,Y1
1.0,1.0,2.0,1.0,2.0,1.0,0.0,22.0,0.0,0,854.0,854.0,916.0,Y1
0.0,1.0,3.0,1.0,1.0,0.0,0.0,21.0,0.0,1,880.0,931.0,880.0,Y0
1.0,0.0,1.0,1.0,0.0,0.0,0.0,8.0,0.0,1,809.0,1012.0,809.0,Y0
1.0,0.0,3.0,0.0,0.0,0.0,0.0,4.0,0.0,1,1002.0,930.0,1002.0,Y0
0.0,0.0,2.0,1.0,0.0,1.0,0.0,21.0,0.0,0,862.0,862.0,917.0,Y1
1.0,0.0,7.0,0.0,0.0,0.0,0.0,12.0,0.0,1,921.0,984.0,921.0,Y0
0.0,1.0,3.0,1.0,1.0,0.0,-1.0,4.0,0.0,0,931.0,931.0,1000.0,Y1
1.0,0.0,2.0,0.0,3.0,2.0,0.0,12.0,0.0,1,1116.0,996.0,1116.0,Y0
1.0,0.0,1.0,0.0,1.0,1.0,0.0,8.0,0.0,0,888.0,888.0,976.0,Y1
1.0,0.0,0.0,1.0,0.0,1.0,0.0,10.0,0.0,0,862.0,862.0,962.0,Y1
1.0,1.0,2.0,1.0,2.0,0.0,-1.0,3.0,0.0,1,867.0,905.0,867.0,Y0
1.0,0.0,0.0,0.0,0.0,1.0,0.0,8.0,0.0,0,897.0,897.0,902.0,Y1
1.0,0.0,2.0,0.0,1.0,0.0,1.0,14.0,0.0,0,883.0,883.0,966.0,Y1
0.0,1.0,0.0,1.0,1.0,1.0,0.0,24.0,0.0,0,943.0,943.0,835.0,Y1
1.0,0.0,3.0,0.0,0.0,0.0,-1.0,2.0,0.0,0,943.0,943.0,931.0,Y1
0.0,0.0,2.0,0.0,1.0,2.0,0.0,13.0,0.0,0,862.0,862.0,917.0,Y1
0.0,0.0,3.0,0.0,1.0,0.0,0.0,11.0,0.0,0,991.0,991.0,936.0,Y1
1.0,0.0,0.0,0.0,0.0,1.0,0.0,8.0,1.0,0,895.0,895.0,928.0,Y1
1.0,1.0,3.0,1.0,1.0,0.0,2.0,5.0,1.0,1,842.0,893.0,842.0,Y0
1.0,1.0,3.0,1.0,2.0,0.0,0.0,10.0,1.0,0,996.0,996.0,946.0,Y1
1.0,0.0,0.0,1.0,0.0,1.0,0.0,12.0,0.0,0,1023.0,1023.0,866.0,Y1
1.0,1.0,3.0,0.0,1.0,0.0,2.0,1.0,1.0,0,888.0,888.0,858.0,Y1
0.0,1.0,3.0,1.0,2.0,1.0,2.0,24.0,0.0,0,1053.0,1053.0,901.0,Y1
0.0,1.0,1.0,1.0,2.0,1.0,0.0,5.0,0.0,0,899.0,899.0,943.0,Y1
0.0,1.0,0.0,1.0,2.0,0.0,0.0,24.0,1.0,0,1003.0,1003.0,857.0,Y1
1.0,0.0,2.0,1.0,0.0,0.0,0.0,16.0,0.0,0,936.0,936.0,1010.0,Y1
1.0,0.0,1.0,0.0,0.0,0.0,0.0,6.0,0.0,1,1046.0,881.0,1046.0,Y0
0.0,1.0,0.0,1.0,2.0,0.0,2.0,2.0,1.0,1,954.0,863.0,954.0,Y0
1.0,0.0,1.0,0.0,0.0,0.0,0.0,13.0,0.0,0,917.0,917.0,1133.0,Y1
0.0,0.0,3.0,0.0,0.0,1.0,0.0,10.0,0.0,0,996.0,996.0,876.0,Y1
0.0,1.0,2.0,1.0,2.0,0.0,0.0,6.0,0.0,0,859.0,859.0,1019.0,Y1
1.0,0.0,2.0,1.0,1.0,0.0,0.0,3.0,0.0,1,989.0,846.0,989.0,Y0
0.0,0.0,7.0,1.0,0.0,0.0,0.0,8.0,0.0,1,783.0,858.0,783.0,Y0
0.0,1.0,3.0,1.0,1.0,0.0,-1.0,3.0,0.0,1,1000.0,893.0,1000.0,Y0
0.0,0.0,0.0,1.0,0.0,1.0,0.0,13.0,0.0,0,938.0,938.0,889.0,Y1
0.0,0.0,2.0,0.0,3.0,0.0,1.0,0.0,0.0,0,951.0,951.0,865.0,Y1
1.0,0.0,2.0,0.0,0.0,0.0,0.0,14.0,0.0,0,937.0,937.0,857.0,Y1
1.0,0.0,2.0,1.0,0.0,1.0,0.0,8.0,0.0,0,902.0,902.0,909.0,Y1
0.0,1.0,1.0,1.0,1.0,0.0,0.0,17.0,0.0,0,931.0,931.0,903.0,Y1
0.0,0.0,0.0,0.0,0.0,0.0,2.0,1.0,0.0,0,978.0,978.0,894.0,Y1
1.0,0.0,7.0,0.0,0.0,1.0,0.0,13.0,0.0,0,975.0,975.0,834.0,Y1
0.0,0.0,3.0,0.0,0.0,0.0,0.0,5.0,0.0,1,1000.0,877.0,1000.0,Y0
1.0,1.0,0.0,1.0,0.0,0.0,1.0,0.0,0.0,0,900.0,900.0,873.0,Y1
1.0,0.0,2.0,0.0,0.0,0.0,-1.0,4.0,0.0,0,936.0,936.0,931.0,Y1
1.0,0.0,4.0,0.0,1.0,1.0,0.0,13.0,0.0,0,997.0,997.0,845.0,Y1
0.0,0.0,0.0,0.0,1.0,1.0,0.0,15.0,1.0,0,949.0,949.0,1027.0,Y1
1.0,0.0,2.0,1.0,0.0,0.0,0.0,4.0,0.0,0,937.0,937.0,1004.0,Y1
1.0,0.0,0.0,0.0,3.0,0.0,0.0,8.0,0.0,0,1001.0,1001.0,923.0,Y1
1.0,0.0,2.0,0.0,0.0,0.0,0.0,15.0,0.0,1,981.0,934.0,981.0,Y0
0.0,0.0,1.0,0.0,1.0,0.0,0.0,11.0,0.0,1,931.0,926.0,931.0,Y0
1.0,0.0,0.0,0.0,0.0,1.0,0.0,8.0,0.0,0,886.0,886.0,902.0,Y1
1.0,1.0,2.0,1.0,2.0,0.0,1.0,0.0,0.0,0,851.0,851.0,944.0,Y1
0.0,0.0,3.0,0.0,1.0,1.0,0.0,12.0,0.0,0,938.0,938.0,953.0,Y1
1.0,1.0,0.0,1.0,2.0,0.0,0.0,16.0,1.0,0,868.0,868.0,873.0,Y1
0.0,0.0,3.0,0.0,1.0,0.0,0.0,5.0,0.0,1,1079.0,925.0,1079.0,Y0
0.0,0.0,4.0,0.0,0.0,0.0,0.0,13.0,0.0,0,905.0,905.0,1136.0,Y1
1.0,0.0,1.0,0.0,0.0,1.0,0.0,3.0,0.0,0,876.0,876.0,1062.0,Y1
0.0,0.0,1.0,1.0,0.0,0.0,2.0,2.0,0.0,0,1010.0,1010.0,905.0,Y1
0.0,1.0,0.0,0.0,2.0,0.0,0.0,24.0,1.0,0,911.0,911.0,857.0,Y1
1.0,0.0,2.0,1.0,0.0,0.0,0.0,4.0,0.0,1,911.0,879.0,911.0,Y0
0.0,0.0,2.0,1.0,0.0,1.0,0.0,12.0,0.0,0,857.0,857.0,999.0,Y1
1.0,1.0,3.0,1.0,1.0,0.0,-1.0,0.0,0.0,0,808.0,808.0,980.0,Y1
1.0,0.0,3.0,1.0,0.0,1.0,0.0,13.0,0.0,0,949.0,949.0,823.0,Y1
0.0,1.0,2.0,1.0,2.0,2.0,0.0,8.0,0.0,0,834.0,834.0,782.0,Y1
1.0,1.0,0.0,0.0,0.0,1.0,0.0,8.0,0.0,1,898.0,1136.0,898.0,Y0
1.0,1.0,2.0,1.0,3.0,1.0,0.0,12.0,0.0,1,799.0,780.0,799.0,Y0
1.0,0.0,0.0,1.0,0.0,0.0,0.0,11.0,0.0,0,868.0,868.0,1020.0,Y1
1.0,0.0,3.0,1.0,3.0,0.0,0.0,8.0,0.0,0,914.0,914.0,811.0,Y1
1.0,0.0,0.0,0.0,0.0,0.0,2.0,2.0,0.0,0,884.0,884.0,907.0,Y1
0.0,0.0,1.0,0.0,1.0,0.0,0.0,8.0,0.0,0,903.0,903.0,890.0,Y1
0.0,0.0,2.0,1.0,0.0,1.0,0.0,13.0,0.0,0,907.0,907.0,999.0,Y1
0.0,0.0,3.0,0.0,0.0,2.0,0.0,12.0,0.0,0,983.0,983.0,906.0,Y1
0.0,0.0,0.0,0.0,0.0,0.0,0.0,9.0,0.0,0,1056.0,1056.0,929.0,Y1
1.0,1.0,4.0,1.0,0.0,0.0,2.0,3.0,0.0,1,836.0,959.0,836.0,Y0
1.0,1.0,0.0,1.0,1.0,1.0,0.0,24.0,0.0,0,984.0,984.0,952.0,Y1
1.0,0.0,2.0,1.0,0.0,0.0,0.0,8.0,0.0,1,875.0,832.0,875.0,Y0
0.0,1.0,2.0,0.0,1.0,0.0,2.0,1.0,1.0,0,895.0,895.0,865.0,Y1
1.0,0.0,2.0,0.0,1.0,0.0,0.0,11.0,0.0,1,1019.0,902.0,1019.0,Y0
0.0,0.0,2.0,0.0,0.0,0.0,0.0,14.0,0.0,0,988.0,988.0,1003.0,Y1
0.0,0.0,0.0,0.0,0.0,0.0,0.0,14.0,0.0,1,986.0,997.0,986.0,Y0
0.0,0.0,3.0,1.0,0.0,0.0,0.0,4.0,0.0,0,894.0,894.0,950.0,Y1
1.0,1.0,7.0,1.0,3.0,0.0,0.0,17.0,0.0,0,844.0,844.0,841.0,Y1
1.0,1.0,1.0,1.0,0.0,0.0,-1.0,9.0,0.0,0,873.0,873.0,961.0,Y1
0.0,0.0,3.0,0.0,0.0,0.0,0.0,7.0,0.0,0,756.0,756.0,993.0,Y1
1.0,1.0,2.0,1.0,1.0,0.0,1.0,0.0,0.0,1,923.0,812.0,923.0,Y0
0.0,0.0,3.0,0.0,0.0,0.0,0.0,6.0,0.0,1,914.0,928.0,914.0,Y0
1.0,0.0,3.0,1.0,0.0,0.0,0.0,13.0,0.0,0,896.0,896.0,1065.0,Y1
0.0,0.0,0.0,0.0,3.0,0.0,-1.0,11.0,0.0,0,984.0,984.0,897.0,Y1
1.0,0.0,3.0,0.0,1.0,1.0,0.0,8.0,0.0,1,964.0,845.0,964.0,Y0
0.0,0.0,0.0,0.0,0.0,0.0,0.0,8.0,0.0,0,823.0,823.0,929.0,Y1
0.0,0.0,7.0,1.0,0.0,0.0,2.0,1.0,0.0,0,896.0,896.0,886.0,Y1
0.0,1.0,3.0,1.0,2.0,0.0,0.0,5.0,0.0,1,924.0,854.0,924.0,Y0
1.0,0.0,0.0,0.0,0.0,1.0,0.0,12.0,0.0,0,1058.0,1058.0,947.0,Y1
1.0,0.0,3.0,0.0,0.0,1.0,0.0,6.0,0.0,1,851.0,965.0,851.0,Y0
1.0,0.0,0.0,1.0,0.0,1.0,0.0,13.0,0.0,0,831.0,831.0,866.0,Y1
1.0,1.0,3.0,1.0,2.0,2.0,0.0,8.0,0.0,0,791.0,791.0,855.0,Y1
1.0,0.0,3.0,0.0,0.0,0.0,0.0,13.0,0.0,0,855.0,855.0,916.0,Y1
0.0,0.0,0.0,0.0,1.0,0.0,0.0,16.0,0.0,0,1091.0,1091.0,1021.0,Y1
1.0,0.0,0.0,0.0,1.0,0.0,0.0,12.0,0.0,0,901.0,901.0,979.0,Y1
0.0,1.0,0.0,1.0,2.0,1.0,0.0,11.0,0.0,0,834.0,834.0,872.0,Y1
0.0,0.0,3.0,1.0,0.0,2.0,0.0,12.0,0.0,0,837.0,837.0,868.0,Y1
0.0,1.0,3.0,1.0,2.0,0.0,0.0,5.0,1.0,0,757.0,757.0,900.0,Y1
1.0,1.0,1.0,0.0,2.0,1.0,4.0,12.0,0.0,1,953.0,1037.0,953.0,Y0
1.0,0.0,3.0,1.0,3.0,0.0,0.0,17.0,0.0,0,877.0,877.0,872.0,Y1
1.0,0.0,1.0,0.0,3.0,0.0,2.0,1.0,0.0,1,889.0,881.0,889.0,Y0
0.0,0.0,3.0,0.0,1.0,0.0,2.0,3.0,0.0,0,887.0,887.0,809.0,Y1
0.0,2.0,1.0,0.0,1.0,0.0,0.0,16.0,0.0,0,1093.0,1093.0,1051.0,Y1
0.0,0.0,2.0,0.0,1.0,0.0,0.0,16.0,1.0,1,945.0,856.0,945.0,Y0
1.0,1.0,1.0,1.0,1.0,0.0,-1.0,12.0,1.0,0,937.0,937.0,936.0,Y1
1.0,0.0,0.0,0.0,0.0,1.0,0.0,13.0,0.0,0,854.0,854.0,859.0,Y1
0.0,0.0,2.0,1.0,1.0,0.0,0.0,5.0,1.0,0,979.0,979.0,952.0,Y1
1.0,0.0,1.0,0.0,0.0,1.0,0.0,8.0,0.0,0,949.0,949.0,909.0,Y1
0.0,0.0,1.0,0.0,0.0,1.0,0.0,6.0,0.0,1,1068.0,1031.0,1068.0,Y0
0.0,0.0,2.0,1.0,0.0,1.0,0.0,5.0,0.0,0,856.0,856.0,870.0,Y1
0.0,0.0,2.0,1.0,0.0,0.0,0.0,4.0,0.0,0,945.0,945.0,900.0,Y1
1.0,0.0,3.0,0.0,3.0,0.0,-1.0,11.0,0.0,0,875.0,875.0,894.0,Y1
1.0,0.0,2.0,0.0,0.0,1.0,0.0,8.0,1.0,0,827.0,827.0,959.0,Y1
0.0,0.0,8.0,1.0,0.0,0.0,0.0,8.0,0.0,0,858.0,858.0,783.0,Y1
0.0,0.0,3.0,0.0,0.0,0.0,0.0,13.0,0.0,0,814.0,814.0,1136.0,Y1
1.0,1.0,2.0,1.0,2.0,1.0,4.0,12.0,0.0,1,898.0,877.0,898.0,Y0
0.0,0.0,0.0,0.0,0.0,0.0,3.0,9.0,0.0,0,1014.0,1014.0,923.0,Y1
0.0,0.0,3.0,0.0,0.0,0.0,0.0,16.0,0.0,1,1116.0,880.0,1116.0,Y0
1.0,0.0,0.0,1.0,0.0,1.0,0.0,21.0,0.0,0,1111.0,1111.0,891.0,Y1
1.0,0.0,1.0,0.0,0.0,1.0,0.0,13.0,0.0,0,997.0,997.0,923.0,Y1
1.0,0.0,0.0,0.0,0.0,0.0,0.0,5.0,0.0,1,1029.0,981.0,1029.0,Y0
0.0,0.0,3.0,1.0,1.0,0.0,1.0,0.0,0.0,1,871.0,870.0,871.0,Y0
0.0,0.0,2.0,0.0,0.0,0.0,0.0,5.0,0.0,1,917.0,929.0,917.0,Y0
0.0,0.0,0.0,1.0,0.0,1.0,0.0,21.0,0.0,0,902.0,902.0,881.0,Y1
1.0,0.0,1.0,1.0,0.0,0.0,0.0,6.0,0.0,0,959.0,959.0,991.0,Y1
1.0,0.0,3.0,0.0,0.0,0.0,0.0,8.0,0.0,0,968.0,968.0,857.0,Y1
0.0,0.0,4.0,0.0,0.0,1.0,0.0,13.0,0.0,0,910.0,910.0,1046.0,Y1
0.0,1.0,2.0,0.0,2.0,1.0,0.0,10.0,1.0,1,834.0,929.0,834.0,Y0
0.0,1.0,0.0,1.0,0.0,0.0,0.0,10.0,0.0,0,956.0,956.0,848.0,Y1
0.0,0.0,0.0,0.0,0.0,1.0,0.0,10.0,0.0,0,951.0,951.0,1057.0,Y1
0.0,0.0,0.0,0.0,1.0,0.0,0.0,15.0,0.0,0,912.0,912.0,1021.0,Y1
1.0,1.0,2.0,1.0,1.0,0.0,1.0,0.0,0.0,1,1073.0,812.0,1073.0,Y0
1.0,1.0,0.0,0.0,1.0,0.0,2.0,1.0,1.0,0,1003.0,1003.0,956.0,Y1
0.0,0.0,2.0,1.0,0.0,0.0,0.0,8.0,0.0,0,809.0,809.0,993.0,Y1
1.0,0.0,0.0,0.0,1.0,1.0,0.0,22.0,0.0,0,962.0,962.0,910.0,Y1
0.0,0.0,3.0,1.0,0.0,1.0,0.0,6.0,0.0,0,1010.0,1010.0,997.0,Y1
1.0,0.0,3.0,0.0,0.0,0.0,0.0,13.0,-1.0,0,827.0,827.0,910.0,Y1
0.0,0.0,5.0,1.0,1.0,0.0,0.0,12.0,0.0,0,1014.0,1014.0,1055.0,Y1
1.0,0.0,1.0,1.0,0.0,1.0,0.0,13.0,0.0,0,863.0,863.0,948.0,Y1
1.0,0.0,0.0,0.0,0.0,1.0,0.0,13.0,0.0,0,879.0,879.0,859.0,Y1
1.0,1.0,2.0,1.0,2.0,0.0,0.0,16.0,1.0,0,866.0,866.0,857.0,Y1
1.0,0.0,2.0,0.0,1.0,0.0,0.0,16.0,0.0,0,1167.0,1167.0,966.0,Y1
1.0,0.0,1.0,0.0,1.0,1.0,4.0,15.0,0.0,0,1037.0,1037.0,898.0,Y1
0.0,0.0,2.0,0.0,1.0,0.0,0.0,3.0,0.0,0,961.0,961.0,979.0,Y1
1.0,0.0,4.0,0.0,1.0,0.0,0.0,17.0,0.0,0,938.0,938.0,940.0,Y1
0.0,1.0,2.0,1.0,1.0,0.0,0.0,11.0,1.0,1,905.0,849.0,905.0,Y0
0.0,1.0,0.0,1.0,0.0,1.0,4.0,16.0,0.0,0,959.0,959.0,899.0,Y1
1.0,0.0,1.0,0.0,1.0,0.0,0.0,7.0,0.0,0,978.0,978.0,989.0,Y1
0.0,1.0,0.0,1.0,1.0,1.0,0.0,24.0,0.0,0,959.0,959.0,835.0,Y1
0.0,0.0,2.0,0.0,0.0,0.0,0.0,6.0,0.0,1,931.0,957.0,931.0,Y0
1.0,1.0,2.0,1.0,2.0,0.0,2.0,1.0,1.0,1,831.0,896.0,831.0,Y0
0.0,0.0,4.0,1.0,1.0,0.0,0.0,14.0,0.0,1,1055.0,844.0,1055.0,Y0
0.0,0.0,0.0,0.0,1.0,1.0,0.0,14.0,1.0,1,949.0,949.0,949.0,Y0
0.0,0.0,1.0,0.0,0.0,1.0,0.0,8.0,0.0,0,1042.0,1042.0,1013.0,Y1
0.0,0.0,3.0,0.0,0.0,2.0,0.0,8.0,0.0,1,906.0,966.0,906.0,Y0
1.0,0.0,3.0,0.0,1.0,0.0,0.0,18.0,0.0,0,922.0,922.0,940.0,Y1
0.0,1.0,0.0,1.0,1.0,1.0,0.0,20.0,0.0,1,835.0,998.0,835.0,Y0
0.0,1.0,1.0,0.0,1.0,0.0,2.0,1.0,1.0,0,1003.0,1003.0,865.0,Y1
0.0,0.0,3.0,0.0,0.0,0.0,0.0,14.0,0.0,1,1046.0,1004.0,1046.0,Y0
0.0,0.0,1.0,1.0,0.0,1.0,0.0,8.0,0.0,0,877.0,877.0,967.0,Y1
1.0,1.0,3.0,1.0,2.0,0.0,0.0,5.0,1.0,0,852.0,852.0,946.0,Y1
0.0,1.0,2.0,1.0,2.0,0.0,2.0,1.0,1.0,0,906.0,906.0,845.0,Y1
1.0,1.0,0.0,0.0,1.0,1.0,0.0,15.0,1.0,0,928.0,928.0,939.0,Y1
1.0,1.0,3.0,1.0,2.0,1.0,0.0,17.0,0.0,0,870.0,870.0,916.0,Y1
1.0,0.0,2.0,1.0,0.0,0.0,0.0,6.0,0.0,0,925.0,925.0,887.0,Y1
0.0,1.0,2.0,0.0,2.0,0.0,-1.0,2.0,0.0,1,853.0,871.0,853.0,Y0
0.0,0.0,2.0,1.0,0.0,0.0,-1.0,4.0,0.0,0,842.0,842.0,953.0,Y1
1.0,1.0,3.0,1.0,2.0,0.0,-1.0,9.0,1.0,0,903.0,903.0,931.0,Y1
0.0,1.0,1.0,1.0,2.0,0.0,0.0,7.0,0.0,0,898.0,898.0,975.0,Y1
0.0,0.0,3.0,1.0,0.0,0.0,3.0,10.0,0.0,0,902.0,902.0,874.0,Y1
0.0,1.0,2.0,1.0,2.0,0.0,0.0,7.0,0.0,0,816.0,816.0,1019.0,Y1
0.0,0.0,3.0,0.0,0.0,1.0,0.0,12.0,0.0,1,987.0,898.0,987.0,Y0
1.0,1.0,3.0,1.0,2.0,1.0,0.0,5.0,0.0,0,847.0,847.0,947.0,Y1
0.0,1.0,2.0,1.0,2.0,0.0,0.0,9.0,1.0,0,1012.0,1012.0,872.0,Y1
0.0,0.0,4.0,0.0,0.0,0.0,2.0,1.0,0.0,1,887.0,929.0,887.0,Y0
0.0,0.0,3.0,0.0,1.0,0.0,0.0,18.0,0.0,0,1054.0,1054.0,1050.0,Y1
1.0,0.0,3.0,0.0,2.0,1.0,0.0,11.0,0.0,0,963.0,963.0,817.0,Y1
1.0,0.0,3.0,1.0,0.0,1.0,0.0,13.0,0.0,0,920.0,920.0,823.0,Y1
0.0,1.0,5.0,1.0,2.0,0.0,-1.0,14.0,1.0,1,909.0,940.0,909.0,Y0
0.0,0.0,3.0,1.0,0.0,0.0,0.0,10.0,0.0,0,936.0,936.0,805.0,Y1
1.0,0.0,3.0,0.0,1.0,0.0,0.0,5.0,0.0,1,1061.0,903.0,1061.0,Y0
0.0,0.0,1.0,0.0,0.0,0.0,0.0,12.0,0.0,0,922.0,922.0,1041.0,Y1
0.0,1.0,2.0,1.0,2.0,1.0,0.0,17.0,0.0,0,799.0,799.0,940.0,Y1
0.0,1.0,3.0,1.0,2.0,0.0,-1.0,2.0,0.0,1,960.0,826.0,960.0,Y0
0.0,1.0,2.0,1.0,1.0,0.0,0.0,8.0,1.0,0,849.0,849.0,865.0,Y1
1.0,0.0,0.0,0.0,0.0,0.0,-1.0,1.0,0.0,1,936.0,856.0,936.0,Y0
1.0,0.0,9.0,1.0,0.0,0.0,0.0,11.0,0.0,0,937.0,937.0,962.0,Y1
0.0,0.0,3.0,0.0,0.0,0.0,3.0,9.0,0.0,0,1140.0,1140.0,992.0,Y1
0.0,1.0,2.0,0.0,2.0,0.0,2.0,1.0,1.0,0,952.0,952.0,865.0,Y1
1.0,0.0,0.0,0.0,0.0,1.0,0.0,12.0,0.0,0,892.0,892.0,947.0,Y1
1.0,1.0,1.0,1.0,2.0,0.0,2.0,1.0,0.0,1,822.0,903.0,822.0,Y0
1.0,1.0,3.0,0.0,1.0,0.0,-1.0,4.0,0.0,0,857.0,857.0,784.0,Y1
0.0,0.0,3.0,0.0,1.0,0.0,0.0,7.0,0.0,0,870.0,870.0,979.0,Y1
1.0,0.0,3.0,0.0,0.0,1.0,0.0,9.0,0.0,1,852.0,887.0,852.0,Y0
0.0,1.0,3.0,1.0,2.0,0.0,2.0,1.0,1.0,1,813.0,890.0,813.0,Y0
1.0,1.0,0.0,1.0,2.0,1.0,0.0,17.0,0.0,0,811.0,811.0,892.0,Y1
0.0,0.0,0.0,0.0,1.0,0.0,1.0,0.0,0.0,0,901.0,901.0,789.0,Y1
1.0,1.0,2.0,1.0,2.0,0.0,2.0,1.0,1.0,1,835.0,896.0,835.0,Y0
0.0,1.0,2.0,1.0,2.0,2.0,0.0,8.0,0.0,0,777.0,777.0,782.0,Y1
0.0,1.0,3.0,0.0,1.0,1.0,0.0,10.0,0.0,0,910.0,910.0,868.0,Y1
0.0,0.0,3.0,0.0,0.0,1.0,0.0,11.0,0.0,0,939.0,939.0,876.0,Y1
1.0,1.0,2.0,1.0,2.0,0.0,2.0,2.0,0.0,1,1017.0,904.0,1017.0,Y0
0.0,0.0,3.0,1.0,1.0,0.0,2.0,1.0,1.0,0,854.0,854.0,902.0,Y1
1.0,0.0,2.0,0.0,0.0,1.0,0.0,13.0,0.0,0,882.0,882.0,864.0,Y1
0.0,0.0,0.0,0.0,0.0,0.0,0.0,12.0,0.0,0,865.0,865.0,989.0,Y1
1.0,0.0,2.0,0.0,0.0,0.0,0.0,4.0,0.0,1,1022.0,937.0,1022.0,Y0
1.0,1.0,1.0,1.0,2.0,0.0,0.0,6.0,1.0,1,921.0,891.0,921.0,Y0
1.0,0.0,3.0,1.0,0.0,0.0,0.0,11.0,0.0,0,813.0,813.0,903.0,Y1
1.0,0.0,0.0,0.0,0.0,0.0,0.0,8.0,0.0,0,918.0,918.0,929.0,Y1
1.0,1.0,0.0,1.0,2.0,1.0,0.0,17.0,0.0,0,898.0,898.0,892.0,Y1
0.0,1.0,1.0,0.0,0.0,0.0,0.0,13.0,0.0,0,905.0,905.0,1116.0,Y1
0.0,1.0,2.0,0.0,1.0,0.0,-1.0,12.0,1.0,0,867.0,867.0,920.0,Y1
0.0,1.0,1.0,1.0,2.0,1.0,0.0,10.0,1.0,0,952.0,952.0,844.0,Y1
0.0,0.0,3.0,0.0,1.0,0.0,0.0,7.0,0.0,0,834.0,834.0,979.0,Y1
0.0,0.0,3.0,0.0,1.0,1.0,0.0,15.0,1.0,0,980.0,980.0,1044.0,Y1
1.0,0.0,2.0,0.0,0.0,0.0,0.0,11.0,0.0,0,782.0,782.0,1039.0,Y1
1.0,0.0,0.0,1.0,0.0,0.0,0.0,12.0,0.0,0,1012.0,1012.0,848.0,Y1
1.0,1.0,4.0,0.0,0.0,0.0,2.0,2.0,0.0,0,896.0,896.0,1104.0,Y1
1.0,0.0,3.0,1.0,0.0,1.0,0.0,10.0,0.0,0,790.0,790.0,981.0,Y1
1.0,0.0,2.0,0.0,0.0,0.0,0.0,3.0,0.0,0,856.0,856.0,942.0,Y1
1.0,1.0,1.0,0.0,1.0,0.0,-1.0,0.0,0.0,0,858.0,858.0,1059.0,Y1
0.0,0.0,3.0,1.0,3.0,0.0,2.0,5.0,0.0,0,865.0,865.0,842.0,Y1
1.0,0.0,8.0,0.0,0.0,1.0,0.0,13.0,0.0,0,835.0,835.0,847.0,Y1
1.0,0.0,0.0,0.0,0.0,0.0,0.0,8.0,0.0,1,1136.0,956.0,1136.0,Y0
0.0,1.0,3.0,1.0,2.0,0.0,2.0,1.0,1.0,1,868.0,890.0,868.0,Y0
1.0,0.0,5.0,0.0,0.0,0.0,0.0,6.0,0.0,1,1055.0,881.0,1055.0,Y0
1.0,1.0,0.0,1.0,2.0,0.0,0.0,6.0,1.0,1,854.0,902.0,854.0,Y0
1.0,1.0,2.0,1.0,2.0,0.0,0.0,12.0,1.0,0,897.0,897.0,857.0,Y1
1.0,1.0,0.0,1.0,2.0,0.0,1.0,9.0,1.0,1,822.0,996.0,822.0,Y0
0.0,0.0,3.0,1.0,1.0,0.0,0.0,12.0,0.0,0,844.0,844.0,853.0,Y1
1.0,0.0,1.0,1.0,0.0,0.0,0.0,4.0,0.0,0,927.0,927.0,933.0,Y1
0.0,0.0,2.0,0.0,0.0,1.0,0.0,6.0,0.0,0,976.0,976.0,867.0,Y1
0.0,0.0,0.0,0.0,0.0,0.0,2.0,2.0,0.0,0,1059.0,1059.0,923.0,Y1
0.0,1.0,1.0,0.0,2.0,1.0,0.0,10.0,1.0,1,985.0,936.0,985.0,Y0
0.0,1.0,1.0,1.0,2.0,0.0,-1.0,2.0,0.0,0,817.0,817.0,858.0,Y1
0.0,0.0,2.0,0.0,0.0,1.0,0.0,20.0,0.0,0,928.0,928.0,999.0,Y1
0.0,1.0,1.0,1.0,2.0,1.0,0.0,5.0,0.0,0,937.0,937.0,943.0,Y1
1.0,0.0,1.0,0.0,1.0,0.0,5.0,3.0,0.0,0,989.0,989.0,898.0,Y1
1.0,0.0,0.0,0.0,3.0,1.0,0.0,8.0,0.0,0,1044.0,1044.0,956.0,Y1
0.0,1.0,0.0,0.0,1.0,0.0,2.0,5.0,1.0,1,840.0,1008.0,840.0,Y0
1.0,0.0,2.0,0.0,1.0,0.0,-1.0,3.0,0.0,0,991.0,991.0,939.0,Y1
1.0,0.0,1.0,-1.0,1.0,0.0,2.0,1.0,-1.0,0,995.0,995.0,910.0,Y1
0.0,0.0,0.0,0.0,0.0,1.0,0.0,6.0,0.0,0,957.0,957.0,995.0,Y1
1.0,1.0,1.0,1.0,1.0,1.0,0.0,24.0,0.0,0,1019.0,1019.0,916.0,Y1
0.0,0.0,2.0,1.0,0.0,0.0,0.0,14.0,0.0,0,851.0,851.0,852.0,Y1
1.0,0.0,7.0,0.0,3.0,1.0,0.0,12.0,0.0,0,1066.0,1066.0,868.0,Y1
1.0,0.0,4.0,0.0,1.0,2.0,0.0,13.0,0.0,0,924.0,924.0,940.0,Y1
1.0,1.0,2.0,1.0,2.0,0.0,1.0,0.0,0.0,0,945.0,945.0,944.0,Y1
0.0,0.0,1.0,1.0,1.0,0.0,0.0,17.0,0.0,0,860.0,860.0,939.0,Y1
0.0,0.0,0.0,0.0,1.0,0.0,-1.0,15.0,0.0,1,876.0,881.0,876.0,Y0
0.0,0.0,3.0,0.0,1.0,0.0,0.0,0.0,0.0,0,889.0,889.0,979.0,Y1
1.0,0.0,1.0,0.0,0.0,0.0,0.0,15.0,0.0,1,905.0,918.0,905.0,Y0
1.0,0.0,4.0,0.0,1.0,0.0,2.0,3.0,0.0,0,1100.0,1100.0,897.0,Y1
0.0,0.0,1.0,0.0,0.0,1.0,0.0,13.0,0.0,0,971.0,971.0,933.0,Y1
1.0,0.0,3.0,1.0,3.0,2.0,0.0,13.0,0.0,0,912.0,912.0,883.0,Y1
0.0,0.0,0.0,0.0,1.0,1.0,0.0,12.0,0.0,0,1037.0,1037.0,878.0,Y1
1.0,0.0,0.0,0.0,3.0,0.0,0.0,14.0,0.0,0,948.0,948.0,966.0,Y1
1.0,1.0,1.0,1.0,2.0,0.0,0.0,5.0,0.0,0,986.0,986.0,926.0,Y1
0.0,0.0,3.0,0.0,1.0,2.0,0.0,12.0,0.0,0,957.0,957.0,906.0,Y1
1.0,0.0,2.0,1.0,0.0,0.0,0.0,2.0,0.0,0,894.0,894.0,944.0,Y1
1.0,0.0,0.0,1.0,2.0,0.0,0.0,9.0,0.0,0,854.0,854.0,908.0,Y1
1.0,0.0,0.0,1.0,0.0,0.0,0.0,16.0,0.0,0,870.0,870.0,949.0,Y1
1.0,1.0,3.0,1.0,2.0,0.0,1.0,0.0,0.0,0,856.0,856.0,847.0,Y1
1.0,1.0,0.0,1.0,2.0,0.0,1.0,0.0,1.0,0,998.0,998.0,974.0,Y1
1.0,0.0,2.0,0.0,1.0,1.0,0.0,15.0,0.0,1,1022.0,1203.0,1022.0,Y0
0.0,0.0,0.0,0.0,1.0,1.0,0.0,8.0,0.0,0,869.0,869.0,936.0,Y1
1.0,0.0,1.0,0.0,0.0,0.0,0.0,11.0,0.0,0,912.0,912.0,933.0,Y1
1.0,0.0,0.0,0.0,1.0,0.0,1.0,14.0,0.0,0,870.0,870.0,928.0,Y1
1.0,1.0,2.0,0.0,1.0,1.0,0.0,20.0,0.0,1,850.0,906.0,850.0,Y0
1.0,1.0,1.0,1.0,2.0,0.0,-1.0,6.0,1.0,0,953.0,953.0,892.0,Y1
1.0,0.0,0.0,0.0,1.0,0.0,1.0,0.0,0.0,1,1021.0,852.0,1021.0,Y0
0.0,0.0,0.0,0.0,0.0,0.0,0.0,4.0,0.0,0,983.0,983.0,911.0,Y1
0.0,1.0,3.0,1.0,2.0,1.0,0.0,6.0,0.0,1,836.0,943.0,836.0,Y0
0.0,0.0,0.0,0.0,1.0,0.0,0.0,5.0,1.0,0,1011.0,1011.0,868.0,Y1
1.0,0.0,0.0,0.0,0.0,0.0,0.0,3.0,0.0,0,915.0,915.0,1203.0,Y1
0.0,0.0,2.0,1.0,0.0,0.0,0.0,6.0,0.0,1,973.0,813.0,973.0,Y0
1.0,0.0,4.0,0.0,0.0,0.0,2.0,3.0,1.0,0,1034.0,1034.0,897.0,Y1
0.0,0.0,1.0,1.0,0.0,0.0,0.0,11.0,0.0,0,932.0,932.0,899.0,Y1
1.0,0.0,3.0,0.0,0.0,1.0,0.0,12.0,0.0,0,870.0,870.0,891.0,Y1
0.0,0.0,3.0,1.0,0.0,0.0,0.0,19.0,0.0,1,901.0,933.0,901.0,Y0
1.0,0.0,2.0,0.0,3.0,0.0,-1.0,11.0,0.0,0,916.0,916.0,820.0,Y1
1.0,0.0,2.0,1.0,1.0,1.0,0.0,14.0,1.0,1,998.0,924.0,998.0,Y0
0.0,0.0,2.0,0.0,0.0,0.0,0.0,13.0,0.0,0,1006.0,1006.0,1003.0,Y1
0.0,1.0,1.0,1.0,0.0,1.0,0.0,12.0,0.0,0,940.0,940.0,954.0,Y1
1.0,1.0,0.0,0.0,1.0,0.0,0.0,17.0,0.0,0,882.0,882.0,927.0,Y1
1.0,1.0,2.0,1.0,1.0,1.0,0.0,24.0,0.0,0,1144.0,1144.0,916.0,Y1
0.0,1.0,1.0,1.0,2.0,0.0,0.0,6.0,1.0,1,920.0,936.0,920.0,Y0
0.0,1.0,0.0,1.0,2.0,0.0,1.0,0.0,0.0,0,971.0,971.0,913.0,Y1
1.0,0.0,3.0,1.0,1.0,0.0,-1.0,2.0,0.0,0,968.0,968.0,915.0,Y1
1.0,1.0,2.0,0.0,1.0,0.0,0.0,21.0,1.0,0,925.0,925.0,947.0,Y1
0.0,0.0,3.0,1.0,3.0,0.0,0.0,21.0,0.0,1,882.0,863.0,882.0,Y0
0.0,0.0,3.0,0.0,3.0,1.0,0.0,8.0,0.0,0,944.0,944.0,917.0,Y1
0.0,0.0,0.0,0.0,1.0,0.0,0.0,10.0,0.0,1,869.0,939.0,869.0,Y0
1.0,0.0,1.0,0.0,3.0,1.0,0.0,14.0,0.0,1,986.0,1032.0,986.0,Y0
1.0,0.0,3.0,0.0,0.0,0.0,0.0,13.0,0.0,0,902.0,902.0,916.0,Y1
0.0,1.0,2.0,1.0,1.0,0.0,0.0,21.0,0.0,1,903.0,931.0,903.0,Y0
1.0,0.0,0.0,1.0,3.0,1.0,0.0,6.0,0.0,0,847.0,847.0,790.0,Y1
0.0,0.0,1.0,1.0,0.0,0.0,0.0,10.0,0.0,1,900.0,889.0,900.0,Y0
0.0,0.0,0.0,1.0,0.0,0.0,0.0,2.0,0.0,1,954.0,1087.0,954.0,Y0
0.0,0.0,2.0,1.0,0.0,0.0,0.0,22.0,0.0,1,895.0,909.0,895.0,Y0
0.0,0.0,2.0,0.0,0.0,0.0,0.0,8.0,0.0,1,968.0,997.0,968.0,Y0
1.0,0.0,0.0,0.0,3.0,0.0,0.0,21.0,0.0,1,905.0,971.0,905.0,Y0
1.0,0.0,1.0,0.0,0.0,1.0,0.0,6.0,0.0,1,895.0,949.0,895.0,Y0
0.0,0.0,0.0,0.0,0.0,1.0,0.0,10.0,0.0,0,1061.0,1061.0,1057.0,Y1
1.0,0.0,2.0,0.0,0.0,0.0,3.0,9.0,0.0,0,1066.0,1066.0,822.0,Y1
0.0,0.0,0.0,0.0,1.0,0.0,-1.0,10.0,1.0,1,926.0,973.0,926.0,Y0
0.0,0.0,1.0,1.0,0.0,0.0,0.0,19.0,0.0,1,939.0,1027.0,939.0,Y0
1.0,0.0,2.0,0.0,0.0,0.0,0.0,10.0,0.0,0,901.0,901.0,1039.0,Y1
1.0,1.0,0.0,1.0,2.0,0.0,0.0,11.0,0.0,0,810.0,810.0,896.0,Y1
0.0,0.0,3.0,0.0,0.0,0.0,0.0,16.0,0.0,0,919.0,919.0,1116.0,Y1
1.0,0.0,1.0,0.0,0.0,1.0,0.0,13.0,0.0,0,856.0,856.0,923.0,Y1
1.0,0.0,1.0,0.0,1.0,0.0,0.0,17.0,0.0,0,917.0,917.0,847.0,Y1
0.0,0.0,3.0,1.0,0.0,0.0,2.0,3.0,1.0,0,930.0,930.0,902.0,Y1
1.0,0.0,2.0,0.0,0.0,1.0,4.0,16.0,0.0,0,1057.0,1057.0,872.0,Y1
1.0,1.0,2.0,0.0,0.0,0.0,0.0,10.0,0.0,0,894.0,894.0,784.0,Y1
0.0,1.0,2.0,1.0,2.0,0.0,0.0,16.0,1.0,0,928.0,928.0,872.0,Y1
1.0,0.0,3.0,1.0,0.0,1.0,0.0,6.0,0.0,0,870.0,870.0,857.0,Y1
0.0,0.0,3.0,1.0,3.0,1.0,0.0,13.0,0.0,1,901.0,857.0,901.0,Y0
1.0,1.0,3.0,1.0,2.0,1.0,0.0,10.0,1.0,0,943.0,943.0,968.0,Y1
1.0,0.0,2.0,0.0,1.0,1.0,1.0,8.0,0.0,1,1017.0,914.0,1017.0,Y0
1.0,0.0,8.0,0.0,0.0,1.0,0.0,7.0,0.0,0,980.0,980.0,834.0,Y1
0.0,0.0,0.0,1.0,0.0,1.0,0.0,12.0,0.0,1,890.0,811.0,890.0,Y0
0.0,0.0,3.0,0.0,1.0,1.0,4.0,15.0,0.0,0,987.0,987.0,859.0,Y1
1.0,0.0,2.0,1.0,1.0,1.0,0.0,4.0,0.0,1,929.0,827.0,929.0,Y0
0.0,0.0,0.0,0.0,0.0,0.0,0.0,9.0,0.0,0,961.0,961.0,929.0,Y1
1.0,1.0,3.0,1.0,2.0,0.0,2.0,2.0,1.0,1,941.0,902.0,941.0,Y0
0.0,0.0,1.0,1.0,0.0,0.0,0.0,14.0,0.0,0,910.0,910.0,899.0,Y1
0.0,1.0,1.0,1.0,2.0,0.0,-1.0,14.0,1.0,1,942.0,884.0,942.0,Y0
0.0,0.0,0.0,0.0,0.0,0.0,0.0,6.0,0.0,0,975.0,975.0,1018.0,Y1
1.0,0.0,0.0,1.0,0.0,0.0,0.0,10.0,0.0,0,974.0,974.0,903.0,Y1
0.0,0.0,2.0,1.0,0.0,0.0,-1.0,4.0,0.0,0,939.0,939.0,953.0,Y1
1.0,0.0,3.0,0.0,0.0,0.0,0.0,10.0,0.0,1,868.0,830.0,868.0,Y0
1.0,0.0,2.0,1.0,3.0,0.0,0.0,11.0,0.0,0,810.0,810.0,939.0,Y1
0.0,0.0,0.0,1.0,0.0,1.0,0.0,12.0,0.0,1,868.0,811.0,868.0,Y0
1.0,1.0,3.0,1.0,2.0,2.0,0.0,8.0,0.0,0,745.0,745.0,855.0,Y1
1.0,1.0,3.0,1.0,3.0,1.0,0.0,6.0,0.0,0,845.0,845.0,947.0,Y1
0.0,1.0,3.0,1.0,2.0,0.0,0.0,11.0,0.0,0,911.0,911.0,893.0,Y1
0.0,0.0,3.0,0.0,0.0,0.0,1.0,0.0,0.0,0,964.0,964.0,967.0,Y1
1.0,0.0,0.0,0.0,0.0,0.0,0.0,3.0,0.0,0,1032.0,1032.0,1203.0,Y1
0.0,1.0,0.0,0.0,2.0,1.0,0.0,11.0,0.0,0,892.0,892.0,825.0,Y1
0.0,0.0,1.0,0.0,0.0,0.0,0.0,2.0,0.0,0,964.0,964.0,931.0,Y1
1.0,0.0,0.0,0.0,1.0,1.0,0.0,4.0,0.0,1,831.0,865.0,831.0,Y0
1.0,0.0,4.0,1.0,0.0,1.0,0.0,12.0,0.0,1,989.0,914.0,989.0,Y0
1.0,1.0,0.0,1.0,2.0,0.0,0.0,6.0,0.0,1,1017.0,847.0,1017.0,Y0
1.0,0.0,0.0,0.0,1.0,1.0,0.0,17.0,0.0,1,929.0,984.0,929.0,Y0
0.0,1.0,3.0,0.0,2.0,0.0,-1.0,2.0,0.0,0,871.0,871.0,853.0,Y1
0.0,1.0,0.0,0.0,2.0,0.0,2.0,2.0,0.0,1,1016.0,964.0,1016.0,Y0
0.0,1.0,3.0,0.0,1.0,0.0,0.0,6.0,0.0,0,887.0,887.0,961.0,Y1
0.0,1.0,2.0,1.0,2.0,1.0,1.0,6.0,0.0,0,855.0,855.0,782.0,Y1
1.0,0.0,3.0,0.0,1.0,0.0,0.0,11.0,0.0,0,1152.0,1152.0,891.0,Y1
0.0,0.0,3.0,0.0,0.0,1.0,0.0,15.0,0.0,0,967.0,967.0,906.0,Y1
0.0,0.0,0.0,1.0,0.0,1.0,0.0,12.0,0.0,0,858.0,858.0,868.0,Y1
0.0,0.0,4.0,0.0,0.0,0.0,0.0,3.0,0.0,0,923.0,923.0,892.0,Y1
1.0,0.0,3.0,1.0,0.0,0.0,0.0,20.0,0.0,0,922.0,922.0,886.0,Y1
1.0,4.0,2.0,0.0,1.0,0.0,0.0,10.0,0.0,1,892.0,844.0,892.0,Y0
1.0,0.0,3.0,1.0,0.0,1.0,0.0,5.0,0.0,0,869.0,869.0,870.0,Y1
1.0,0.0,7.0,0.0,0.0,0.0,0.0,13.0,0.0,0,984.0,984.0,1105.0,Y1
0.0,0.0,2.0,0.0,0.0,1.0,0.0,13.0,0.0,0,996.0,996.0,879.0,Y1
0.0,1.0,2.0,1.0,2.0,0.0,0.0,6.0,1.0,0,881.0,881.0,872.0,Y1
0.0,1.0,1.0,1.0,2.0,0.0,0.0,3.0,1.0,1,1067.0,889.0,1067.0,Y0
0.0,0.0,0.0,0.0,0.0,0.0,0.0,13.0,0.0,0,892.0,892.0,1043.0,Y1
0.0,1.0,1.0,1.0,2.0,0.0,1.0,0.0,0.0,0,970.0,970.0,881.0,Y1
1.0,0.0,0.0,1.0,0.0,1.0,0.0,10.0,0.0,0,997.0,997.0,962.0,Y1
1.0,0.0,1.0,1.0,0.0,0.0,2.0,1.0,0.0,0,929.0,929.0,991.0,Y1
0.0,0.0,1.0,0.0,1.0,1.0,1.0,8.0,0.0,1,950.0,861.0,950.0,Y0
1.0,0.0,2.0,0.0,0.0,0.0,0.0,6.0,0.0,1,1033.0,952.0,1033.0,Y0
0.0,0.0,1.0,1.0,1.0,0.0,-1.0,0.0,0.0,0,927.0,927.0,1039.0,Y1
1.0,0.0,2.0,0.0,1.0,1.0,0.0,8.0,0.0,1,959.0,914.0,959.0,Y0
0.0,0.0,3.0,0.0,1.0,0.0,0.0,5.0,0.0,1,958.0,925.0,958.0,Y0
1.0,0.0,3.0,0.0,1.0,1.0,0.0,15.0,0.0,1,994.0,886.0,994.0,Y0
1.0,1.0,2.0,1.0,2.0,0.0,0.0,12.0,1.0,0,994.0,994.0,857.0,Y1
1.0,0.0,3.0,0.0,1.0,0.0,0.0,16.0,1.0,1,962.0,935.0,962.0,Y0
0.0,0.0,2.0,1.0,3.0,0.0,0.0,14.0,0.0,0,941.0,941.0,989.0,Y1
0.0,0.0,2.0,1.0,0.0,1.0,0.0,12.0,0.0,0,944.0,944.0,999.0,Y1
0.0,0.0,3.0,1.0,0.0,1.0,0.0,12.0,0.0,0,824.0,824.0,870.0,Y1
0.0,1.0,1.0,0.0,1.0,0.0,-1.0,5.0,0.0,1,911.0,927.0,911.0,Y0
1.0,0.0,2.0,0.0,3.0,0.0,0.0,13.0,0.0,1,890.0,909.0,890.0,Y0
1.0,0.0,2.0,0.0,0.0,0.0,0.0,5.0,0.0,1,892.0,826.0,892.0,Y0
1.0,0.0,2.0,0.0,1.0,1.0,0.0,18.0,0.0,1,944.0,1203.0,944.0,Y0
0.0,0.0,1.0,0.0,1.0,0.0,-1.0,3.0,0.0,0,1010.0,1010.0,942.0,Y1
1.0,1.0,0.0,1.0,2.0,0.0,0.0,24.0,1.0,0,937.0,937.0,873.0,Y1
1.0,0.0,0.0,0.0,1.0,0.0,0.0,8.0,1.0,0,962.0,962.0,986.0,Y1
1.0,0.0,0.0,0.0,1.0,1.0,0.0,14.0,0.0,0,966.0,966.0,953.0,Y1
0.0,1.0,3.0,1.0,2.0,0.0,1.0,0.0,0.0,0,975.0,975.0,927.0,Y1
0.0,1.0,2.0,0.0,2.0,1.0,0.0,11.0,0.0,0,906.0,906.0,912.0,Y1
1.0,0.0,0.0,0.0,1.0,0.0,0.0,8.0,1.0,0,983.0,983.0,986.0,Y1
0.0,0.0,2.0,1.0,0.0,2.0,0.0,8.0,0.0,1,893.0,1008.0,893.0,Y0
0.0,0.0,2.0,1.0,0.0,1.0,0.0,12.0,0.0,0,865.0,865.0,999.0,Y1
1.0,0.0,3.0,1.0,3.0,0.0,0.0,13.0,0.0,0,925.0,925.0,872.0,Y1
1.0,0.0,1.0,0.0,2.0,0.0,0.0,9.0,0.0,1,1038.0,909.0,1038.0,Y0
0.0,0.0,1.0,0.0,0.0,0.0,0.0,9.0,0.0,0,895.0,895.0,1080.0,Y1
1.0,0.0,3.0,1.0,0.0,0.0,0.0,19.0,0.0,1,916.0,867.0,916.0,Y0
1.0,0.0,1.0,0.0,0.0,0.0,0.0,13.0,0.0,0,1079.0,1079.0,1133.0,Y1
0.0,0.0,0.0,1.0,0.0,1.0,0.0,13.0,0.0,0,911.0,911.0,889.0,Y1
1.0,0.0,0.0,0.0,0.0,0.0,0.0,13.0,0.0,0,894.0,894.0,878.0,Y1
0.0,0.0,2.0,0.0,0.0,0.0,0.0,4.0,0.0,1,989.0,929.0,989.0,Y0
1.0,1.0,2.0,1.0,1.0,0.0,2.0,1.0,0.0,0,941.0,941.0,870.0,Y1
1.0,1.0,3.0,1.0,2.0,1.0,0.0,7.0,0.0,0,845.0,845.0,947.0,Y1
0.0,0.0,0.0,0.0,0.0,1.0,0.0,13.0,0.0,0,940.0,940.0,908.0,Y1
1.0,1.0,0.0,1.0,2.0,0.0,0.0,12.0,0.0,0,805.0,805.0,896.0,Y1
1.0,1.0,0.0,0.0,2.0,0.0,0.0,10.0,1.0,0,951.0,951.0,989.0,Y1
1.0,0.0,4.0,0.0,0.0,1.0,0.0,13.0,0.0,1,897.0,967.0,897.0,Y0
1.0,0.0,1.0,0.0,0.0,1.0,0.0,13.0,0.0,0,869.0,869.0,923.0,Y1
0.0,1.0,1.0,1.0,2.0,0.0,0.0,20.0,1.0,0,955.0,955.0,855.0,Y1
0.0,0.0,1.0,0.0,0.0,1.0,0.0,12.0,0.0,0,1059.0,1059.0,1059.0,Y1
0.0,0.0,3.0,0.0,1.0,0.0,0.0,16.0,1.0,1,1037.0,856.0,1037.0,Y0
0.0,0.0,3.0,0.0,0.0,1.0,0.0,12.0,0.0,1,1031.0,898.0,1031.0,Y0
1.0,0.0,4.0,0.0,1.0,1.0,0.0,7.0,0.0,1,1085.0,856.0,1085.0,Y0
1.0,0.0,3.0,0.0,1.0,1.0,0.0,8.0,0.0,0,858.0,858.0,967.0,Y1
1.0,1.0,3.0,0.0,0.0,1.0,0.0,13.0,0.0,0,947.0,947.0,891.0,Y1
0.0,0.0,0.0,1.0,0.0,1.0,0.0,8.0,0.0,0,789.0,789.0,876.0,Y1
0.0,0.0,1.0,0.0,0.0,1.0,0.0,6.0,0.0,1,881.0,1031.0,881.0,Y0
0.0,1.0,2.0,1.0,2.0,0.0,0.0,16.0,1.0,0,841.0,841.0,872.0,Y1
0.0,1.0,3.0,1.0,2.0,0.0,2.0,0.0,0.0,0,849.0,849.0,901.0,Y1
1.0,0.0,2.0,0.0,0.0,0.0,0.0,3.0,0.0,0,962.0,962.0,942.0,Y1
1.0,1.0,0.0,0.0,0.0,0.0,2.0,2.0,0.0,0,829.0,829.0,1015.0,Y1
1.0,0.0,1.0,0.0,0.0,0.0,0.0,3.0,0.0,1,1014.0,1044.0,1014.0,Y0
0.0,1.0,0.0,1.0,2.0,0.0,0.0,3.0,1.0,1,1153.0,908.0,1153.0,Y0
0.0,0.0,3.0,1.0,0.0,1.0,0.0,8.0,1.0,0,842.0,842.0,1024.0,Y1
0.0,1.0,2.0,1.0,2.0,0.0,0.0,6.0,1.0,0,815.0,815.0,872.0,Y1
0.0,1.0,2.0,1.0,2.0,0.0,0.0,3.0,1.0,1,983.0,792.0,983.0,Y0
1.0,0.0,2.0,1.0,0.0,1.0,0.0,5.0,0.0,0,914.0,914.0,885.0,Y1
1.0,0.0,2.0,0.0,1.0,2.0,0.0,12.0,0.0,0,911.0,911.0,943.0,Y1
1.0,0.0,2.0,0.0,0.0,0.0,0.0,15.0,0.0,1,899.0,934.0,899.0,Y0
1.0,0.0,2.0,1.0,0.0,1.0,0.0,12.0,0.0,0,980.0,980.0,987.0,Y1
0.0,0.0,0.0,0.0,1.0,0.0,1.0,0.0,0.0,0,994.0,994.0,789.0,Y1
1.0,0.0,0.0,1.0,2.0,1.0,1.0,3.0,1.0,0,831.0,831.0,785.0,Y1
0.0,0.0,3.0,1.0,0.0,1.0,0.0,12.0,0.0,0,815.0,815.0,870.0,Y1
1.0,1.0,0.0,1.0,2.0,0.0,-1.0,2.0,0.0,0,772.0,772.0,831.0,Y1
0.0,1.0,2.0,1.0,2.0,0.0,-1.0,3.0,1.0,0,844.0,844.0,1140.0,Y1
0.0,1.0,2.0,0.0,2.0,0.0,0.0,12.0,0.0,0,913.0,913.0,891.0,Y1
0.0,1.0,3.0,1.0,3.0,0.0,0.0,5.0,0.0,0,949.0,949.0,897.0,Y1
1.0,0.0,3.0,1.0,0.0,0.0,3.0,27.0,0.0,0,830.0,830.0,875.0,Y1
0.0,0.0,3.0,1.0,0.0,0.0,0.0,4.0,0.0,1,980.0,887.0,980.0,Y0
0.0,0.0,2.0,1.0,0.0,0.0,0.0,14.0,0.0,0,962.0,962.0,852.0,Y1
1.0,0.0,0.0,1.0,0.0,0.0,0.0,22.0,0.0,1,936.0,1065.0,936.0,Y0
0.0,1.0,0.0,1.0,2.0,0.0,2.0,1.0,0.0,1,927.0,847.0,927.0,Y0
0.0,1.0,2.0,1.0,1.0,0.0,0.0,21.0,1.0,0,868.0,868.0,872.0,Y1
1.0,1.0,3.0,1.0,2.0,1.0,0.0,8.0,0.0,1,884.0,910.0,884.0,Y0
0.0,1.0,0.0,1.0,2.0,0.0,0.0,11.0,0.0,0,931.0,931.0,994.0,Y1
0.0,0.0,2.0,0.0,1.0,1.0,0.0,7.0,0.0,1,944.0,1017.0,944.0,Y0
1.0,0.0,2.0,0.0,1.0,0.0,0.0,18.0,0.0,0,862.0,862.0,966.0,Y1
0.0,0.0,1.0,0.0,3.0,0.0,2.0,1.0,0.0,1,847.0,976.0,847.0,Y0
0.0,0.0,2.0,0.0,0.0,0.0,0.0,12.0,0.0,0,880.0,880.0,1086.0,Y1
1.0,1.0,2.0,0.0,2.0,0.0,0.0,21.0,1.0,1,884.0,967.0,884.0,Y0
1.0,0.0,0.0,0.0,0.0,1.0,0.0,10.0,0.0,0,898.0,898.0,902.0,Y1
1.0,0.0,1.0,0.0,0.0,1.0,0.0,12.0,0.0,0,942.0,942.0,923.0,Y1
0.0,0.0,1.0,0.0,0.0,1.0,0.0,12.0,0.0,1,1059.0,949.0,1059.0,Y0
0.0,0.0,2.0,0.0,0.0,1.0,0.0,6.0,0.0,0,1039.0,1039.0,867.0,Y1
0.0,0.0,2.0,0.0,0.0,0.0,0.0,2.0,0.0,0,934.0,934.0,1008.0,Y1
1.0,0.0,1.0,0.0,0.0,0.0,-1.0,9.0,0.0,0,972.0,972.0,907.0,Y1
0.0,0.0,2.0,0.0,3.0,2.0,0.0,12.0,0.0,1,1156.0,908.0,1156.0,Y0
1.0,0.0,2.0,0.0,0.0,1.0,0.0,21.0,0.0,0,918.0,918.0,1020.0,Y1
1.0,0.0,0.0,1.0,1.0,0.0,-1.0,5.0,0.0,1,844.0,992.0,844.0,Y0
1.0,1.0,3.0,0.0,2.0,0.0,-1.0,6.0,1.0,0,1007.0,1007.0,956.0,Y1
0.0,1.0,3.0,1.0,2.0,0.0,2.0,1.0,0.0,1,787.0,952.0,787.0,Y0
1.0,0.0,0.0,0.0,1.0,0.0,0.0,8.0,0.0,0,890.0,890.0,921.0,Y1
1.0,1.0,3.0,1.0,2.0,0.0,0.0,5.0,0.0,0,882.0,882.0,1065.0,Y1
1.0,1.0,3.0,1.0,2.0,0.0,0.0,11.0,0.0,0,857.0,857.0,994.0,Y1
1.0,0.0,3.0,0.0,0.0,0.0,0.0,12.0,0.0,1,965.0,959.0,965.0,Y0
0.0,0.0,1.0,0.0,0.0,3.0,0.0,10.0,0.0,1,997.0,898.0,997.0,Y0
0.0,1.0,0.0,1.0,1.0,0.0,-1.0,0.0,0.0,0,899.0,899.0,1030.0,Y1
1.0,0.0,4.0,0.0,0.0,0.0,-1.0,2.0,0.0,0,879.0,879.0,957.0,Y1
1.0,0.0,2.0,0.0,0.0,1.0,0.0,12.0,0.0,0,893.0,893.0,949.0,Y1
0.0,1.0,3.0,0.0,3.0,0.0,1.0,1.0,0.0,1,831.0,866.0,831.0,Y0
0.0,1.0,2.0,1.0,2.0,1.0,0.0,17.0,0.0,0,852.0,852.0,940.0,Y1
1.0,0.0,0.0,0.0,0.0,0.0,0.0,21.0,0.0,1,898.0,958.0,898.0,Y0
1.0,0.0,1.0,0.0,0.0,0.0,0.0,16.0,0.0,1,997.0,918.0,997.0,Y0
0.0,0.0,1.0,1.0,0.0,1.0,0.0,10.0,0.0,0,981.0,981.0,964.0,Y1
1.0,0.0,2.0,0.0,1.0,1.0,0.0,17.0,0.0,1,947.0,1203.0,947.0,Y0
0.0,0.0,3.0,0.0,0.0,2.0,0.0,6.0,0.0,1,950.0,966.0,950.0,Y0
0.0,0.0,1.0,0.0,0.0,1.0,0.0,3.0,0.0,0,1036.0,1036.0,1083.0,Y1
1.0,0.0,1.0,0.0,1.0,0.0,0.0,7.0,0.0,0,1027.0,1027.0,989.0,Y1
1.0,0.0,0.0,1.0,0.0,1.0,0.0,12.0,0.0,0,894.0,894.0,866.0,Y1
0.0,0.0,1.0,1.0,0.0,1.0,0.0,13.0,0.0,0,996.0,996.0,994.0,Y1
0.0,0.0,1.0,0.0,0.0,0.0,0.0,19.0,0.0,0,1012.0,1012.0,950.0,Y1
0.0,1.0,1.0,1.0,2.0,0.0,-1.0,10.0,1.0,0,858.0,858.0,915.0,Y1
1.0,0.0,2.0,0.0,0.0,0.0,0.0,20.0,0.0,0,916.0,916.0,834.0,Y1
1.0,0.0,0.0,0.0,0.0,1.0,0.0,7.0,0.0,0,953.0,953.0,902.0,Y1
0.0,1.0,3.0,1.0,2.0,0.0,0.0,20.0,1.0,0,971.0,971.0,857.0,Y1
1.0,0.0,3.0,0.0,2.0,1.0,1.0,3.0,1.0,0,800.0,800.0,949.0,Y1
1.0,1.0,1.0,1.0,2.0,1.0,0.0,22.0,0.0,0,853.0,853.0,892.0,Y1
0.0,0.0,2.0,0.0,1.0,0.0,2.0,1.0,1.0,0,986.0,986.0,865.0,Y1
0.0,0.0,3.0,0.0,0.0,1.0,0.0,15.0,0.0,1,906.0,996.0,906.0,Y0
0.0,1.0,0.0,1.0,2.0,0.0,1.0,0.0,0.0,0,870.0,870.0,913.0,Y1
1.0,1.0,2.0,1.0,2.0,0.0,1.0,1.0,0.0,1,914.0,852.0,914.0,Y0
0.0,0.0,1.0,1.0,0.0,0.0,0.0,8.0,0.0,0,871.0,871.0,978.0,Y1
1.0,0.0,3.0,0.0,1.0,0.0,-1.0,10.0,1.0,1,890.0,906.0,890.0,Y0
0.0,0.0,0.0,0.0,1.0,0.0,-1.0,10.0,1.0,1,936.0,973.0,936.0,Y0
1.0,0.0,3.0,1.0,0.0,0.0,-1.0,1.0,0.0,1,881.0,822.0,881.0,Y0
0.0,0.0,3.0,1.0,0.0,0.0,0.0,20.0,0.0,0,821.0,821.0,901.0,Y1
0.0,1.0,1.0,1.0,2.0,0.0,1.0,1.0,0.0,1,881.0,884.0,881.0,Y0
0.0,0.0,2.0,0.0,0.0,1.0,0.0,8.0,0.0,0,909.0,909.0,924.0,Y1
1.0,0.0,0.0,1.0,0.0,0.0,0.0,3.0,0.0,0,859.0,859.0,1124.0,Y1
1.0,0.0,1.0,0.0,0.0,0.0,0.0,19.0,0.0,0,934.0,934.0,961.0,Y1
1.0,0.0,3.0,1.0,0.0,0.0,0.0,14.0,0.0,0,995.0,995.0,1065.0,Y1
0.0,1.0,0.0,1.0,1.0,0.0,2.0,1.0,1.0,0,921.0,921.0,971.0,Y1
1.0,0.0,2.0,0.0,1.0,0.0,0.0,15.0,0.0,0,911.0,911.0,966.0,Y1
0.0,1.0,0.0,1.0,2.0,1.0,0.0,10.0,1.0,0,1021.0,1021.0,844.0,Y1
0.0,1.0,0.0,1.0,2.0,0.0,0.0,11.0,0.0,0,925.0,925.0,994.0,Y1
1.0,0.0,2.0,0.0,3.0,0.0,0.0,5.0,0.0,0,873.0,873.0,820.0,Y1
1.0,0.0,0.0,1.0,0.0,1.0,0.0,13.0,0.0,0,881.0,881.0,866.0,Y1
0.0,0.0,2.0,0.0,1.0,0.0,-1.0,18.0,1.0,0,933.0,933.0,989.0,Y1
1.0,0.0,0.0,0.0,0.0,1.0,0.0,12.0,0.0,0,942.0,942.0,947.0,Y1
1.0,0.0,8.0,1.0,1.0,0.0,1.0,0.0,0.0,1,947.0,908.0,947.0,Y0
0.0,1.0,0.0,1.0,2.0,0.0,0.0,10.0,1.0,0,965.0,965.0,857.0,Y1
0.0,1.0,3.0,1.0,1.0,0.0,2.0,1.0,0.0,0,916.0,916.0,842.0,Y1
0.0,1.0,3.0,1.0,2.0,0.0,-1.0,6.0,1.0,0,983.0,983.0,900.0,Y1
0.0,0.0,2.0,1.0,0.0,0.0,2.0,2.0,0.0,0,1024.0,1024.0,898.0,Y1
1.0,0.0,1.0,1.0,1.0,1.0,0.0,12.0,0.0,1,763.0,897.0,763.0,Y0
0.0,0.0,1.0,0.0,0.0,1.0,0.0,6.0,0.0,0,963.0,963.0,1068.0,Y1
0.0,0.0,0.0,0.0,0.0,0.0,0.0,20.0,0.0,0,1005.0,1005.0,807.0,Y1
0.0,0.0,0.0,0.0,3.0,0.0,0.0,8.0,0.0,0,949.0,949.0,897.0,Y1
1.0,0.0,0.0,0.0,0.0,0.0,-1.0,1.0,0.0,1,898.0,856.0,898.0,Y0
0.0,0.0,2.0,1.0,1.0,1.0,0.0,14.0,0.0,0,904.0,904.0,976.0,Y1
0.0,0.0,3.0,0.0,0.0,0.0,0.0,8.0,0.0,1,822.0,911.0,822.0,Y0
1.0,0.0,3.0,1.0,0.0,1.0,0.0,13.0,0.0,0,869.0,869.0,823.0,Y1
0.0,0.0,3.0,1.0,0.0,0.0,0.0,5.0,0.0,0,912.0,912.0,950.0,Y1
1.0,0.0,2.0,0.0,0.0,0.0,2.0,1.0,0.0,0,930.0,930.0,854.0,Y1
0.0,1.0,2.0,1.0,1.0,1.0,0.0,13.0,0.0,0,934.0,934.0,881.0,Y1
0.0,0.0,4.0,1.0,0.0,1.0,0.0,13.0,0.0,0,945.0,945.0,846.0,Y1
1.0,0.0,1.0,0.0,0.0,1.0,3.0,11.0,0.0,0,1010.0,1010.0,898.0,Y1
0.0,1.0,3.0,1.0,2.0,0.0,0.0,6.0,1.0,0,950.0,950.0,900.0,Y1
1.0,1.0,0.0,1.0,0.0,1.0,0.0,8.0,0.0,1,877.0,978.0,877.0,Y0
0.0,0.0,2.0,1.0,0.0,0.0,0.0,27.0,0.0,1,898.0,909.0,898.0,Y0
1.0,0.0,2.0,0.0,0.0,1.0,0.0,12.0,0.0,0,870.0,870.0,949.0,Y1
1.0,0.0,1.0,1.0,0.0,3.0,3.0,8.0,0.0,1,1028.0,945.0,1028.0,Y0
1.0,1.0,0.0,1.0,2.0,0.0,0.0,6.0,1.0,0,826.0,826.0,827.0,Y1
0.0,1.0,3.0,1.0,2.0,1.0,0.0,17.0,0.0,0,993.0,993.0,940.0,Y1
1.0,0.0,3.0,0.0,0.0,0.0,0.0,16.0,0.0,0,976.0,976.0,992.0,Y1
1.0,1.0,0.0,0.0,1.0,0.0,-1.0,0.0,0.0,0,897.0,897.0,1059.0,Y1
0.0,0.0,2.0,1.0,3.0,0.0,1.0,0.0,0.0,0,903.0,903.0,842.0,Y1
1.0,1.0,1.0,1.0,2.0,0.0,2.0,0.0,0.0,0,889.0,889.0,896.0,Y1
0.0,1.0,3.0,1.0,2.0,0.0,0.0,7.0,0.0,0,878.0,878.0,967.0,Y1
0.0,0.0,2.0,0.0,0.0,1.0,0.0,13.0,0.0,0,860.0,860.0,879.0,Y1
1.0,0.0,0.0,0.0,1.0,0.0,0.0,3.0,0.0,0,917.0,917.0,927.0,Y1
1.0,0.0,1.0,0.0,1.0,0.0,0.0,7.0,0.0,0,953.0,953.0,989.0,Y1
0.0,0.0,2.0,0.0,0.0,0.0,0.0,8.0,0.0,0,908.0,908.0,993.0,Y1
1.0,0.0,3.0,0.0,1.0,0.0,5.0,3.0,0.0,0,946.0,946.0,872.0,Y1
1.0,0.0,4.0,0.0,0.0,0.0,2.0,1.0,0.0,0,939.0,939.0,897.0,Y1
1.0,1.0,2.0,0.0,2.0,0.0,-1.0,10.0,1.0,0,934.0,934.0,945.0,Y1
0.0,0.0,1.0,0.0,1.0,0.0,0.0,17.0,0.0,0,1000.0,1000.0,971.0,Y1
1.0,1.0,0.0,1.0,2.0,0.0,2.0,2.0,0.0,1,885.0,891.0,885.0,Y0
0.0,0.0,0.0,0.0,3.0,0.0,0.0,11.0,0.0,1,897.0,911.0,897.0,Y0
1.0,0.0,3.0,1.0,0.0,0.0,2.0,3.0,0.0,1,834.0,841.0,834.0,Y0
0.0,1.0,2.0,0.0,2.0,1.0,1.0,3.0,1.0,0,878.0,878.0,834.0,Y1
1.0,0.0,2.0,0.0,0.0,0.0,0.0,7.0,0.0,0,794.0,794.0,928.0,Y1
0.0,1.0,3.0,1.0,2.0,1.0,0.0,22.0,0.0,0,821.0,821.0,940.0,Y1
1.0,0.0,2.0,1.0,1.0,1.0,0.0,12.0,0.0,1,934.0,897.0,934.0,Y0
1.0,1.0,1.0,0.0,1.0,0.0,0.0,16.0,0.0,0,939.0,939.0,1004.0,Y1
1.0,0.0,0.0,0.0,1.0,0.0,0.0,3.0,0.0,0,926.0,926.0,927.0,Y1
1.0,1.0,4.0,1.0,0.0,0.0,0.0,10.0,0.0,0,868.0,868.0,1002.0,Y1
0.0,1.0,1.0,1.0,2.0,0.0,-1.0,3.0,0.0,1,858.0,854.0,858.0,Y0
1.0,0.0,3.0,0.0,0.0,0.0,0.0,22.0,0.0,1,820.0,1004.0,820.0,Y0
0.0,1.0,0.0,0.0,1.0,0.0,-1.0,4.0,0.0,0,1130.0,1130.0,911.0,Y1
1.0,1.0,3.0,1.0,2.0,0.0,2.0,1.0,0.0,0,851.0,851.0,852.0,Y1
0.0,0.0,3.0,0.0,1.0,0.0,0.0,10.0,0.0,1,1021.0,821.0,1021.0,Y0
1.0,1.0,0.0,0.0,1.0,0.0,0.0,6.0,0.0,0,856.0,856.0,1059.0,Y1
1.0,0.0,0.0,1.0,0.0,0.0,0.0,8.0,0.0,0,850.0,850.0,962.0,Y1
1.0,0.0,1.0,0.0,0.0,1.0,0.0,8.0,0.0,1,928.0,903.0,928.0,Y0
1.0,0.0,2.0,0.0,0.0,1.0,4.0,16.0,0.0,0,1012.0,1012.0,872.0,Y1
1.0,1.0,3.0,1.0,2.0,0.0,1.0,1.0,0.0,1,847.0,925.0,847.0,Y0
1.0,1.0,3.0,1.0,2.0,0.0,2.0,1.0,0.0,1,809.0,927.0,809.0,Y0
0.0,1.0,1.0,1.0,2.0,1.0,0.0,22.0,0.0,0,820.0,820.0,835.0,Y1
1.0,1.0,3.0,1.0,1.0,0.0,2.0,1.0,0.0,0,959.0,959.0,852.0,Y1
1.0,0.0,1.0,0.0,0.0,1.0,0.0,9.0,0.0,0,958.0,958.0,909.0,Y1
1.0,0.0,0.0,0.0,1.0,0.0,0.0,12.0,0.0,0,937.0,937.0,979.0,Y1
1.0,0.0,3.0,0.0,0.0,1.0,0.0,13.0,0.0,0,870.0,870.0,879.0,Y1
0.0,0.0,1.0,1.0,3.0,0.0,0.0,13.0,0.0,0,887.0,887.0,902.0,Y1
0.0,0.0,2.0,1.0,0.0,0.0,2.0,2.0,0.0,1,898.0,914.0,898.0,Y0
1.0,1.0,3.0,1.0,2.0,1.0,0.0,7.0,0.0,0,815.0,815.0,947.0,Y1
0.0,0.0,2.0,1.0,3.0,0.0,1.0,1.0,0.0,1,842.0,903.0,842.0,Y0
1.0,0.0,2.0,0.0,0.0,1.0,0.0,8.0,0.0,0,923.0,923.0,960.0,Y1
0.0,1.0,3.0,1.0,2.0,1.0,0.0,15.0,1.0,0,895.0,895.0,884.0,Y1
0.0,0.0,2.0,1.0,0.0,1.0,0.0,13.0,0.0,0,920.0,920.0,999.0,Y1
0.0,0.0,0.0,1.0,0.0,0.0,0.0,8.0,0.0,0,823.0,823.0,959.0,Y1
1.0,1.0,2.0,1.0,0.0,0.0,0.0,21.0,0.0,1,881.0,854.0,881.0,Y0
0.0,0.0,2.0,0.0,0.0,0.0,0.0,13.0,0.0,0,1039.0,1039.0,1003.0,Y1
1.0,1.0,8.0,1.0,0.0,0.0,0.0,14.0,0.0,1,958.0,802.0,958.0,Y0
1.0,0.0,8.0,1.0,0.0,0.0,0.0,6.0,0.0,1,914.0,800.0,914.0,Y0
1.0,0.0,0.0,1.0,0.0,0.0,0.0,6.0,0.0,0,906.0,906.0,884.0,Y1
1.0,0.0,3.0,0.0,0.0,1.0,0.0,12.0,0.0,1,891.0,876.0,891.0,Y0
0.0,1.0,2.0,1.0,2.0,0.0,0.0,14.0,0.0,1,959.0,851.0,959.0,Y0
1.0,0.0,3.0,0.0,0.0,0.0,0.0,8.0,0.0,1,903.0,785.0,903.0,Y0
1.0,0.0,3.0,1.0,0.0,1.0,0.0,5.0,0.0,0,900.0,900.0,870.0,Y1
0.0,1.0,1.0,1.0,2.0,0.0,0.0,12.0,0.0,0,821.0,821.0,1020.0,Y1
1.0,0.0,0.0,0.0,0.0,0.0,0.0,6.0,0.0,1,895.0,911.0,895.0,Y0
1.0,0.0,4.0,0.0,1.0,0.0,2.0,3.0,0.0,0,881.0,881.0,897.0,Y1
1.0,0.0,4.0,0.0,1.0,0.0,0.0,5.0,0.0,1,996.0,812.0,996.0,Y0
1.0,0.0,4.0,1.0,0.0,0.0,0.0,10.0,0.0,0,990.0,990.0,903.0,Y1
0.0,0.0,3.0,0.0,1.0,2.0,0.0,12.0,0.0,0,899.0,899.0,906.0,Y1
0.0,1.0,3.0,1.0,2.0,0.0,0.0,6.0,1.0,0,905.0,905.0,900.0,Y1
0.0,0.0,1.0,0.0,1.0,0.0,0.0,12.0,0.0,0,1034.0,1034.0,890.0,Y1
1.0,0.0,3.0,0.0,0.0,0.0,3.0,27.0,0.0,0,926.0,926.0,992.0,Y1
0.0,0.0,0.0,1.0,0.0,0.0,0.0,11.0,0.0,0,973.0,973.0,1098.0,Y1
0.0,0.0,0.0,0.0,0.0,1.0,0.0,13.0,0.0,0,915.0,915.0,908.0,Y1
0.0,0.0,3.0,1.0,0.0,0.0,0.0,3.0,0.0,0,944.0,944.0,950.0,Y1
0.0,1.0,3.0,0.0,2.0,1.0,0.0,8.0,0.0,1,803.0,937.0,803.0,Y0
1.0,0.0,2.0,0.0,1.0,1.0,0.0,7.0,0.0,1,899.0,914.0,899.0,Y0
1.0,0.0,3.0,0.0,0.0,1.0,0.0,13.0,0.0,0,939.0,939.0,879.0,Y1
0.0,1.0,1.0,1.0,2.0,0.0,0.0,3.0,1.0,0,912.0,912.0,963.0,Y1
1.0,0.0,0.0,0.0,1.0,0.0,0.0,16.0,1.0,1,954.0,1066.0,954.0,Y0
1.0,0.0,1.0,0.0,0.0,2.0,0.0,12.0,0.0,0,928.0,928.0,943.0,Y1
0.0,0.0,0.0,0.0,0.0,1.0,0.0,3.0,0.0,0,891.0,891.0,1011.0,Y1
1.0,0.0,3.0,1.0,3.0,0.0,0.0,11.0,0.0,1,807.0,939.0,807.0,Y0
0.0,0.0,0.0,1.0,0.0,0.0,0.0,15.0,0.0,1,1066.0,964.0,1066.0,Y0
0.0,0.0,0.0,1.0,0.0,0.0,1.0,0.0,0.0,0,832.0,832.0,905.0,Y1
0.0,1.0,1.0,1.0,2.0,1.0,0.0,5.0,0.0,0,896.0,896.0,943.0,Y1
1.0,0.0,3.0,0.0,1.0,0.0,1.0,0.0,0.0,0,862.0,862.0,966.0,Y1
1.0,0.0,2.0,1.0,0.0,0.0,0.0,27.0,0.0,1,875.0,858.0,875.0,Y0
0.0,0.0,3.0,1.0,0.0,0.0,0.0,6.0,0.0,0,822.0,822.0,898.0,Y1
0.0,0.0,0.0,0.0,1.0,1.0,0.0,8.0,0.0,1,1099.0,914.0,1099.0,Y0
1.0,0.0,3.0,0.0,3.0,0.0,1.0,0.0,0.0,0,795.0,795.0,915.0,Y1
0.0,1.0,0.0,1.0,2.0,0.0,0.0,12.0,1.0,0,956.0,956.0,900.0,Y1
1.0,0.0,2.0,0.0,1.0,0.0,1.0,14.0,0.0,0,929.0,929.0,966.0,Y1
1.0,0.0,1.0,0.0,3.0,1.0,0.0,4.0,0.0,0,882.0,882.0,956.0,Y1
0.0,1.0,1.0,1.0,2.0,1.0,0.0,22.0,0.0,0,869.0,869.0,835.0,Y1
0.0,1.0,3.0,1.0,2.0,0.0,0.0,12.0,1.0,0,1014.0,1014.0,920.0,Y1
0.0,0.0,0.0,0.0,0.0,0.0,0.0,3.0,0.0,0,980.0,980.0,1031.0,Y1
1.0,1.0,2.0,1.0,2.0,0.0,2.0,1.0,1.0,1,794.0,896.0,794.0,Y0
1.0,1.0,7.0,1.0,1.0,0.0,2.0,1.0,1.0,0,940.0,940.0,940.0,Y1
1.0,0.0,3.0,0.0,1.0,2.0,0.0,12.0,0.0,0,1000.0,1000.0,940.0,Y1
0.0,0.0,1.0,0.0,3.0,0.0,0.0,13.0,0.0,1,953.0,883.0,953.0,Y0
0.0,1.0,0.0,1.0,2.0,0.0,2.0,1.0,1.0,1,943.0,863.0,943.0,Y0
1.0,0.0,2.0,1.0,0.0,0.0,0.0,15.0,0.0,0,984.0,984.0,836.0,Y1
1.0,1.0,2.0,1.0,2.0,0.0,-1.0,9.0,1.0,0,821.0,821.0,857.0,Y1
0.0,1.0,1.0,1.0,2.0,1.0,0.0,22.0,0.0,0,943.0,943.0,835.0,Y1
0.0,1.0,4.0,1.0,0.0,1.0,0.0,6.0,0.0,0,812.0,812.0,881.0,Y1
0.0,1.0,2.0,1.0,2.0,0.0,2.0,0.0,0.0,0,876.0,876.0,869.0,Y1
1.0,0.0,2.0,0.0,0.0,1.0,0.0,13.0,0.0,0,853.0,853.0,864.0,Y1
1.0,0.0,2.0,1.0,0.0,1.0,0.0,10.0,0.0,0,816.0,816.0,909.0,Y1
1.0,1.0,4.0,0.0,1.0,1.0,0.0,12.0,0.0,0,862.0,862.0,937.0,Y1
0.0,0.0,1.0,0.0,1.0,1.0,0.0,7.0,0.0,1,877.0,970.0,877.0,Y0
1.0,1.0,1.0,1.0,1.0,0.0,-1.0,2.0,0.0,0,891.0,891.0,963.0,Y1
0.0,1.0,3.0,1.0,1.0,0.0,-1.0,5.0,0.0,1,829.0,893.0,829.0,Y0
0.0,0.0,0.0,1.0,0.0,0.0,0.0,3.0,0.0,1,782.0,944.0,782.0,Y0
0.0,1.0,1.0,1.0,2.0,0.0,0.0,6.0,1.0,1,1041.0,936.0,1041.0,Y0
0.0,0.0,3.0,0.0,0.0,1.0,0.0,13.0,0.0,0,975.0,975.0,898.0,Y1
1.0,0.0,3.0,0.0,0.0,1.0,0.0,17.0,0.0,0,842.0,842.0,866.0,Y1
0.0,1.0,3.0,0.0,1.0,0.0,1.0,0.0,0.0,0,905.0,905.0,916.0,Y1
0.0,1.0,1.0,0.0,1.0,0.0,-1.0,10.0,1.0,1,945.0,883.0,945.0,Y0
1.0,0.0,3.0,1.0,0.0,1.0,0.0,8.0,0.0,0,920.0,920.0,954.0,Y1
0.0,0.0,3.0,1.0,0.0,1.0,0.0,13.0,0.0,0,841.0,841.0,846.0,Y1
1.0,1.0,0.0,1.0,2.0,0.0,0.0,5.0,0.0,0,884.0,884.0,968.0,Y1
1.0,0.0,1.0,0.0,3.0,0.0,1.0,0.0,0.0,0,894.0,894.0,874.0,Y1
0.0,1.0,2.0,0.0,1.0,0.0,0.0,6.0,0.0,0,954.0,954.0,920.0,Y1
1.0,0.0,1.0,0.0,1.0,0.0,1.0,0.0,0.0,1,1129.0,914.0,1129.0,Y0
1.0,1.0,3.0,1.0,2.0,0.0,0.0,11.0,0.0,1,896.0,779.0,896.0,Y0
0.0,0.0,0.0,0.0,0.0,1.0,0.0,8.0,0.0,0,928.0,928.0,934.0,Y1
1.0,0.0,3.0,1.0,0.0,1.0,0.0,13.0,0.0,0,787.0,787.0,823.0,Y1
1.0,0.0,3.0,0.0,0.0,0.0,0.0,20.0,0.0,0,1004.0,1004.0,870.0,Y1
0.0,0.0,0.0,1.0,0.0,0.0,0.0,2.0,0.0,0,1087.0,1087.0,950.0,Y1
0.0,1.0,3.0,1.0,1.0,0.0,-1.0,3.0,0.0,1,1037.0,893.0,1037.0,Y0
0.0,0.0,1.0,1.0,1.0,0.0,-1.0,0.0,0.0,0,847.0,847.0,1039.0,Y1
1.0,0.0,3.0,0.0,1.0,0.0,-1.0,0.0,0.0,1,1079.0,859.0,1079.0,Y0
1.0,1.0,8.0,1.0,1.0,0.0,-1.0,4.0,0.0,0,820.0,820.0,925.0,Y1
0.0,0.0,2.0,0.0,3.0,0.0,0.0,11.0,0.0,1,912.0,922.0,912.0,Y0
1.0,0.0,0.0,0.0,0.0,1.0,0.0,8.0,1.0,0,901.0,901.0,928.0,Y1
0.0,1.0,1.0,1.0,1.0,0.0,0.0,3.0,0.0,0,872.0,872.0,996.0,Y1
1.0,1.0,1.0,1.0,1.0,0.0,3.0,13.0,0.0,1,890.0,954.0,890.0,Y0
0.0,1.0,0.0,1.0,2.0,0.0,0.0,14.0,0.0,1,989.0,839.0,989.0,Y0
0.0,0.0,0.0,0.0,0.0,1.0,0.0,12.0,0.0,0,864.0,864.0,909.0,Y1
1.0,0.0,3.0,0.0,0.0,0.0,3.0,9.0,0.0,0,889.0,889.0,822.0,Y1
1.0,0.0,0.0,0.0,0.0,1.0,0.0,5.0,0.0,0,984.0,984.0,1072.0,Y1
0.0,0.0,3.0,0.0,0.0,0.0,0.0,9.0,0.0,0,959.0,959.0,908.0,Y1
1.0,0.0,0.0,1.0,0.0,1.0,0.0,6.0,0.0,0,950.0,950.0,873.0,Y1
0.0,1.0,0.0,0.0,2.0,0.0,0.0,6.0,1.0,0,864.0,864.0,947.0,Y1
0.0,1.0,2.0,0.0,2.0,0.0,0.0,11.0,0.0,1,891.0,913.0,891.0,Y0
0.0,0.0,2.0,1.0,0.0,1.0,5.0,11.0,0.0,1,936.0,1120.0,936.0,Y0
1.0,0.0,0.0,1.0,0.0,0.0,3.0,10.0,0.0,0,1025.0,1025.0,822.0,Y1
1.0,1.0,2.0,0.0,2.0,1.0,1.0,6.0,0.0,0,824.0,824.0,806.0,Y1
1.0,1.0,1.0,1.0,2.0,0.0,0.0,6.0,1.0,0,891.0,891.0,892.0,Y1
1.0,0.0,1.0,0.0,1.0,0.0,-1.0,3.0,0.0,0,860.0,860.0,901.0,Y1
0.0,0.0,7.0,0.0,0.0,0.0,0.0,12.0,0.0,1,983.0,959.0,983.0,Y0
0.0,0.0,2.0,0.0,0.0,0.0,0.0,22.0,0.0,1,903.0,980.0,903.0,Y0
0.0,0.0,0.0,1.0,2.0,0.0,0.0,9.0,0.0,0,856.0,856.0,820.0,Y1
1.0,1.0,0.0,1.0,1.0,0.0,2.0,1.0,0.0,0,914.0,914.0,833.0,Y1
0.0,1.0,5.0,1.0,2.0,0.0,0.0,9.0,0.0,1,840.0,931.0,840.0,Y0
1.0,1.0,2.0,-1.0,1.0,0.0,0.0,5.0,-1.0,0,856.0,856.0,910.0,Y1
0.0,0.0,2.0,0.0,1.0,0.0,1.0,0.0,0.0,1,1057.0,947.0,1057.0,Y0
0.0,0.0,3.0,0.0,0.0,1.0,0.0,4.0,0.0,1,990.0,821.0,990.0,Y0
1.0,0.0,3.0,0.0,0.0,1.0,0.0,12.0,0.0,0,936.0,936.0,891.0,Y1
1.0,1.0,2.0,1.0,2.0,0.0,0.0,16.0,1.0,0,913.0,913.0,857.0,Y1
1.0,0.0,5.0,1.0,1.0,0.0,0.0,5.0,1.0,0,1058.0,1058.0,1096.0,Y1
1.0,1.0,1.0,1.0,2.0,1.0,0.0,11.0,1.0,0,887.0,887.0,881.0,Y1
0.0,1.0,1.0,1.0,2.0,0.0,0.0,3.0,1.0,1,849.0,889.0,849.0,Y0
1.0,1.0,1.0,1.0,2.0,1.0,2.0,24.0,0.0,0,1042.0,1042.0,892.0,Y1
1.0,1.0,3.0,1.0,2.0,0.0,-1.0,2.0,0.0,0,948.0,948.0,837.0,Y1
1.0,1.0,2.0,1.0,0.0,0.0,0.0,7.0,0.0,0,728.0,728.0,961.0,Y1
1.0,0.0,3.0,1.0,1.0,1.0,0.0,7.0,0.0,1,823.0,962.0,823.0,Y0
1.0,1.0,2.0,1.0,2.0,1.0,0.0,17.0,0.0,0,831.0,831.0,952.0,Y1
0.0,0.0,0.0,1.0,1.0,0.0,2.0,1.0,1.0,0,896.0,896.0,971.0,Y1
0.0,0.0,2.0,1.0,0.0,0.0,0.0,5.0,0.0,0,837.0,837.0,917.0,Y1
1.0,0.0,3.0,0.0,3.0,0.0,0.0,14.0,0.0,0,993.0,993.0,993.0,Y1
1.0,0.0,0.0,0.0,0.0,0.0,0.0,16.0,0.0,0,879.0,879.0,1062.0,Y1
1.0,0.0,0.0,1.0,0.0,0.0,0.0,11.0,0.0,0,906.0,906.0,1020.0,Y1
0.0,0.0,2.0,0.0,3.0,0.0,0.0,5.0,0.0,0,928.0,928.0,912.0,Y1
0.0,1.0,2.0,1.0,2.0,0.0,0.0,3.0,1.0,0,928.0,928.0,1140.0,Y1
0.0,0.0,2.0,1.0,0.0,1.0,0.0,8.0,1.0,0,872.0,872.0,1024.0,Y1
0.0,0.0,0.0,0.0,1.0,1.0,4.0,15.0,0.0,0,1171.0,1171.0,859.0,Y1
0.0,1.0,0.0,1.0,2.0,0.0,0.0,20.0,1.0,0,1026.0,1026.0,857.0,Y1
1.0,0.0,2.0,0.0,0.0,0.0,0.0,6.0,0.0,1,1000.0,952.0,1000.0,Y0
1.0,0.0,2.0,1.0,0.0,1.0,0.0,11.0,0.0,0,827.0,827.0,987.0,Y1
0.0,0.0,3.0,0.0,0.0,1.0,0.0,12.0,0.0,0,963.0,963.0,876.0,Y1
0.0,0.0,2.0,1.0,1.0,0.0,-1.0,2.0,0.0,0,925.0,925.0,1039.0,Y1
0.0,0.0,2.0,0.0,1.0,1.0,0.0,22.0,0.0,0,887.0,887.0,902.0,Y1
1.0,1.0,7.0,1.0,2.0,0.0,0.0,3.0,1.0,1,1060.0,889.0,1060.0,Y0
0.0,1.0,1.0,0.0,1.0,0.0,-1.0,4.0,0.0,0,927.0,927.0,911.0,Y1
1.0,1.0,2.0,1.0,2.0,0.0,2.0,0.0,0.0,0,837.0,837.0,870.0,Y1
1.0,1.0,0.0,1.0,2.0,0.0,0.0,14.0,0.0,1,792.0,917.0,792.0,Y0
1.0,0.0,0.0,1.0,0.0,0.0,0.0,14.0,0.0,0,934.0,934.0,949.0,Y1
0.0,0.0,0.0,1.0,0.0,0.0,0.0,6.0,0.0,1,962.0,874.0,962.0,Y0
0.0,0.0,2.0,0.0,0.0,1.0,0.0,4.0,0.0,0,964.0,964.0,972.0,Y1
1.0,0.0,3.0,0.0,0.0,3.0,0.0,10.0,0.0,1,911.0,862.0,911.0,Y0
0.0,0.0,0.0,0.0,0.0,0.0,0.0,5.0,0.0,1,998.0,885.0,998.0,Y0
0.0,0.0,1.0,0.0,0.0,0.0,0.0,13.0,0.0,0,969.0,969.0,984.0,Y1
0.0,0.0,3.0,0.0,0.0,0.0,0.0,12.0,0.0,1,1053.0,954.0,1053.0,Y0
0.0,0.0,7.0,0.0,3.0,1.0,0.0,12.0,0.0,0,877.0,877.0,860.0,Y1
1.0,1.0,0.0,1.0,2.0,0.0,1.0,0.0,1.0,0,949.0,949.0,974.0,Y1
1.0,0.0,2.0,0.0,0.0,1.0,0.0,7.0,0.0,0,990.0,990.0,960.0,Y1
0.0,0.0,3.0,0.0,0.0,1.0,4.0,16.0,0.0,0,1050.0,1050.0,859.0,Y1
0.0,0.0,7.0,0.0,0.0,0.0,0.0,16.0,0.0,0,959.0,959.0,835.0,Y1
1.0,0.0,0.0,0.0,0.0,0.0,0.0,11.0,0.0,0,939.0,939.0,1012.0,Y1
1.0,0.0,3.0,0.0,0.0,0.0,0.0,11.0,0.0,0,949.0,949.0,1028.0,Y1
0.0,0.0,2.0,1.0,0.0,0.0,0.0,15.0,0.0,1,887.0,917.0,887.0,Y0
1.0,1.0,3.0,1.0,2.0,1.0,2.0,24.0,0.0,0,1029.0,1029.0,916.0,Y1
0.0,1.0,2.0,1.0,2.0,1.0,1.0,3.0,1.0,0,861.0,861.0,887.0,Y1
1.0,0.0,1.0,0.0,0.0,1.0,0.0,15.0,0.0,0,988.0,988.0,923.0,Y1
0.0,0.0,0.0,0.0,3.0,0.0,0.0,11.0,0.0,1,951.0,911.0,951.0,Y0
0.0,0.0,0.0,0.0,0.0,0.0,0.0,16.0,0.0,0,1081.0,1081.0,1043.0,Y1
1.0,0.0,0.0,0.0,0.0,0.0,0.0,6.0,0.0,0,910.0,910.0,984.0,Y1
0.0,0.0,2.0,0.0,0.0,0.0,2.0,1.0,0.0,0,923.0,923.0,924.0,Y1
1.0,0.0,3.0,0.0,0.0,1.0,0.0,13.0,0.0,0,893.0,893.0,879.0,Y1
0.0,0.0,0.0,1.0,0.0,1.0,0.0,9.0,0.0,0,1036.0,1036.0,876.0,Y1
0.0,0.0,2.0,0.0,0.0,3.0,0.0,10.0,0.0,1,953.0,898.0,953.0,Y0
1.0,2.0,2.0,0.0,0.0,0.0,0.0,20.0,0.0,0,887.0,887.0,860.0,Y1
0.0,0.0,3.0,1.0,0.0,0.0,0.0,11.0,0.0,0,871.0,871.0,941.0,Y1
1.0,0.0,0.0,0.0,0.0,0.0,0.0,7.0,0.0,0,820.0,820.0,984.0,Y1
0.0,1.0,0.0,1.0,1.0,0.0,3.0,13.0,0.0,1,948.0,974.0,948.0,Y0
1.0,1.0,3.0,1.0,1.0,0.0,-1.0,0.0,0.0,0,882.0,882.0,980.0,Y1
1.0,0.0,2.0,1.0,3.0,2.0,0.0,13.0,0.0,0,829.0,829.0,883.0,Y1
0.0,1.0,3.0,1.0,2.0,0.0,2.0,1.0,0.0,1,899.0,952.0,899.0,Y0
0.0,0.0,3.0,0.0,3.0,0.0,0.0,11.0,0.0,1,924.0,933.0,924.0,Y0
1.0,0.0,0.0,0.0,0.0,0.0,0.0,10.0,0.0,0,1021.0,1021.0,888.0,Y1
0.0,1.0,3.0,0.0,0.0,0.0,0.0,13.0,-1.0,0,859.0,859.0,917.0,Y1
1.0,1.0,1.0,1.0,2.0,1.0,0.0,17.0,0.0,0,886.0,886.0,952.0,Y1
0.0,0.0,3.0,0.0,3.0,0.0,0.0,11.0,0.0,0,933.0,933.0,962.0,Y1
0.0,1.0,3.0,1.0,0.0,1.0,0.0,13.0,0.0,0,800.0,800.0,881.0,Y1
0.0,1.0,0.0,1.0,1.0,0.0,-1.0,3.0,0.0,1,1094.0,997.0,1094.0,Y0
1.0,1.0,1.0,1.0,2.0,0.0,0.0,7.0,0.0,0,856.0,856.0,962.0,Y1
0.0,0.0,1.0,1.0,0.0,0.0,0.0,14.0,0.0,0,902.0,902.0,899.0,Y1
1.0,0.0,2.0,0.0,0.0,0.0,2.0,1.0,0.0,0,917.0,917.0,854.0,Y1
0.0,1.0,1.0,1.0,0.0,0.0,0.0,12.0,0.0,0,861.0,861.0,919.0,Y1
1.0,0.0,1.0,0.0,0.0,0.0,0.0,15.0,0.0,1,1012.0,918.0,1012.0,Y0
1.0,0.0,0.0,1.0,0.0,1.0,0.0,3.0,0.0,0,892.0,892.0,873.0,Y1
0.0,1.0,0.0,1.0,0.0,0.0,0.0,14.0,0.0,0,885.0,885.0,921.0,Y1
1.0,1.0,8.0,0.0,2.0,0.0,0.0,11.0,0.0,0,816.0,816.0,925.0,Y1
1.0,0.0,0.0,0.0,0.0,0.0,0.0,9.0,0.0,1,913.0,886.0,913.0,Y0
1.0,0.0,0.0,0.0,0.0,0.0,0.0,8.0,0.0,0,887.0,887.0,929.0,Y1
0.0,1.0,3.0,1.0,2.0,0.0,0.0,6.0,0.0,0,858.0,858.0,967.0,Y1
1.0,0.0,1.0,0.0,0.0,0.0,0.0,16.0,0.0,1,936.0,918.0,936.0,Y0
0.0,1.0,0.0,0.0,1.0,0.0,0.0,11.0,1.0,1,1026.0,945.0,1026.0,Y0
0.0,0.0,2.0,0.0,1.0,1.0,0.0,15.0,0.0,1,989.0,913.0,989.0,Y0
0.0,0.0,3.0,0.0,0.0,0.0,3.0,27.0,0.0,0,978.0,978.0,992.0,Y1
0.0,0.0,0.0,0.0,0.0,0.0,0.0,3.0,0.0,0,857.0,857.0,1031.0,Y1
0.0,0.0,1.0,1.0,0.0,0.0,2.0,1.0,0.0,0,881.0,881.0,905.0,Y1
0.0,0.0,3.0,1.0,0.0,0.0,0.0,14.0,0.0,0,864.0,864.0,864.0,Y1
0.0,0.0,1.0,0.0,0.0,0.0,0.0,2.0,0.0,1,970.0,1043.0,970.0,Y0
1.0,1.0,1.0,1.0,2.0,0.0,1.0,0.0,1.0,0,939.0,939.0,961.0,Y1
0.0,0.0,3.0,0.0,0.0,0.0,0.0,7.0,0.0,1,993.0,756.0,993.0,Y0
1.0,0.0,0.0,1.0,2.0,1.0,1.0,3.0,1.0,0,852.0,852.0,785.0,Y1
0.0,0.0,3.0,0.0,3.0,1.0,0.0,8.0,0.0,0,944.0,944.0,917.0,Y1
1.0,0.0,1.0,0.0,3.0,0.0,2.0,5.0,0.0,0,881.0,881.0,889.0,Y1
0.0,1.0,3.0,1.0,1.0,0.0,0.0,12.0,1.0,1,920.0,899.0,920.0,Y0
0.0,0.0,2.0,1.0,0.0,1.0,0.0,13.0,0.0,0,1073.0,1073.0,999.0,Y1
1.0,0.0,0.0,1.0,0.0,0.0,0.0,6.0,0.0,0,918.0,918.0,884.0,Y1
0.0,0.0,2.0,0.0,0.0,1.0,0.0,12.0,0.0,0,1041.0,1041.0,879.0,Y1
1.0,0.0,0.0,0.0,0.0,1.0,0.0,13.0,0.0,0,893.0,893.0,859.0,Y1
1.0,0.0,1.0,1.0,3.0,1.0,0.0,14.0,0.0,1,996.0,809.0,996.0,Y0
0.0,1.0,3.0,1.0,0.0,0.0,0.0,10.0,0.0,0,844.0,844.0,830.0,Y1
0.0,0.0,3.0,1.0,0.0,0.0,0.0,12.0,0.0,0,968.0,968.0,941.0,Y1
1.0,0.0,0.0,0.0,0.0,0.0,0.0,6.0,0.0,0,1014.0,1014.0,984.0,Y1
1.0,0.0,0.0,0.0,1.0,0.0,0.0,15.0,0.0,0,891.0,891.0,847.0,Y1
0.0,0.0,1.0,0.0,0.0,0.0,0.0,2.0,0.0,0,890.0,890.0,931.0,Y1
0.0,0.0,2.0,0.0,0.0,0.0,2.0,2.0,0.0,1,924.0,856.0,924.0,Y0
1.0,0.0,2.0,1.0,0.0,0.0,0.0,4.0,0.0,0,940.0,940.0,1004.0,Y1
0.0,1.0,3.0,0.0,1.0,0.0,2.0,1.0,1.0,0,937.0,937.0,1001.0,Y1
0.0,1.0,0.0,1.0,2.0,0.0,0.0,10.0,1.0,0,903.0,903.0,857.0,Y1
0.0,0.0,2.0,0.0,0.0,0.0,0.0,7.0,0.0,1,937.0,997.0,937.0,Y0
1.0,0.0,0.0,1.0,0.0,0.0,0.0,8.0,0.0,1,994.0,990.0,994.0,Y0
0.0,0.0,0.0,1.0,0.0,0.0,0.0,20.0,0.0,1,931.0,956.0,931.0,Y0
0.0,0.0,2.0,0.0,3.0,1.0,0.0,8.0,0.0,0,945.0,945.0,904.0,Y1
1.0,0.0,1.0,0.0,0.0,0.0,0.0,12.0,0.0,1,851.0,930.0,851.0,Y0
1.0,0.0,2.0,0.0,1.0,0.0,-1.0,3.0,0.0,0,1004.0,1004.0,939.0,Y1
0.0,1.0,3.0,1.0,2.0,0.0,-1.0,2.0,0.0,0,867.0,867.0,913.0,Y1
0.0,0.0,2.0,1.0,0.0,0.0,0.0,21.0,0.0,1,917.0,909.0,917.0,Y0
0.0,0.0,1.0,1.0,0.0,1.0,0.0,10.0,0.0,0,916.0,916.0,964.0,Y1
0.0,0.0,3.0,0.0,0.0,1.0,0.0,13.0,0.0,0,1073.0,1073.0,898.0,Y1
0.0,1.0,1.0,0.0,1.0,0.0,2.0,1.0,0.0,0,928.0,928.0,1091.0,Y1
1.0,1.0,3.0,1.0,1.0,0.0,-1.0,0.0,0.0,0,912.0,912.0,980.0,Y1
0.0,1.0,5.0,0.0,1.0,0.0,3.0,13.0,0.0,1,915.0,1039.0,915.0,Y0
0.0,0.0,2.0,0.0,0.0,1.0,0.0,12.0,0.0,0,904.0,904.0,879.0,Y1
0.0,0.0,0.0,1.0,0.0,1.0,0.0,12.0,0.0,0,901.0,901.0,868.0,Y1
1.0,0.0,1.0,0.0,0.0,1.0,0.0,11.0,0.0,0,1003.0,1003.0,923.0,Y1
0.0,0.0,3.0,0.0,1.0,1.0,0.0,8.0,0.0,0,945.0,945.0,967.0,Y1
0.0,0.0,1.0,0.0,1.0,0.0,-1.0,5.0,0.0,1,945.0,899.0,945.0,Y0
0.0,1.0,3.0,1.0,2.0,1.0,0.0,11.0,0.0,0,780.0,780.0,913.0,Y1
0.0,1.0,2.0,1.0,2.0,0.0,1.0,0.0,1.0,0,903.0,903.0,845.0,Y1
1.0,1.0,3.0,0.0,1.0,0.0,0.0,12.0,1.0,1,949.0,984.0,949.0,Y0
0.0,0.0,0.0,0.0,1.0,1.0,0.0,8.0,0.0,0,919.0,919.0,936.0,Y1
1.0,0.0,3.0,0.0,0.0,0.0,0.0,2.0,0.0,0,878.0,878.0,960.0,Y1
1.0,1.0,0.0,1.0,1.0,1.0,0.0,10.0,0.0,0,898.0,898.0,877.0,Y1
0.0,1.0,0.0,0.0,3.0,1.0,0.0,12.0,0.0,0,1101.0,1101.0,993.0,Y1
1.0,0.0,0.0,1.0,0.0,1.0,5.0,11.0,0.0,1,937.0,1013.0,937.0,Y0
0.0,1.0,2.0,1.0,2.0,1.0,0.0,7.0,0.0,0,889.0,889.0,782.0,Y1
1.0,0.0,1.0,1.0,1.0,0.0,-1.0,15.0,0.0,1,1013.0,888.0,1013.0,Y0
1.0,1.0,2.0,0.0,2.0,1.0,0.0,8.0,0.0,1,910.0,807.0,910.0,Y0
0.0,1.0,1.0,1.0,2.0,0.0,1.0,0.0,0.0,0,984.0,984.0,881.0,Y1
0.0,0.0,4.0,0.0,3.0,1.0,0.0,12.0,0.0,0,990.0,990.0,860.0,Y1
1.0,0.0,2.0,0.0,3.0,0.0,2.0,1.0,0.0,1,915.0,881.0,915.0,Y0
1.0,0.0,3.0,0.0,0.0,1.0,0.0,8.0,1.0,0,834.0,834.0,949.0,Y1
0.0,0.0,1.0,1.0,2.0,0.0,0.0,9.0,0.0,0,889.0,889.0,902.0,Y1
1.0,0.0,1.0,0.0,0.0,0.0,0.0,2.0,0.0,1,897.0,1033.0,897.0,Y0
0.0,0.0,2.0,1.0,0.0,1.0,0.0,8.0,0.0,0,761.0,761.0,954.0,Y1
1.0,0.0,2.0,0.0,0.0,0.0,0.0,19.0,0.0,1,1006.0,916.0,1006.0,Y0
0.0,1.0,1.0,1.0,2.0,1.0,2.0,24.0,0.0,0,1079.0,1079.0,835.0,Y1
1.0,1.0,2.0,1.0,2.0,0.0,2.0,0.0,0.0,0,864.0,864.0,870.0,Y1
1.0,0.0,2.0,1.0,0.0,0.0,0.0,3.0,0.0,0,934.0,934.0,913.0,Y1
1.0,1.0,3.0,1.0,2.0,0.0,-1.0,9.0,1.0,0,889.0,889.0,931.0,Y1
0.0,0.0,1.0,0.0,1.0,1.0,0.0,4.0,0.0,1,976.0,970.0,976.0,Y0
1.0,0.0,1.0,0.0,0.0,0.0,0.0,22.0,0.0,1,938.0,1062.0,938.0,Y0
1.0,0.0,2.0,1.0,3.0,1.0,0.0,6.0,0.0,0,792.0,792.0,874.0,Y1
1.0,0.0,0.0,0.0,0.0,1.0,0.0,11.0,0.0,0,902.0,902.0,947.0,Y1
1.0,0.0,1.0,0.0,0.0,1.0,0.0,12.0,0.0,0,989.0,989.0,923.0,Y1
1.0,0.0,3.0,1.0,0.0,0.0,-1.0,2.0,0.0,0,875.0,875.0,881.0,Y1
0.0,1.0,0.0,1.0,2.0,0.0,-1.0,2.0,0.0,1,897.0,857.0,897.0,Y0
1.0,0.0,4.0,1.0,0.0,0.0,-1.0,6.0,0.0,1,805.0,847.0,805.0,Y0
0.0,0.0,1.0,0.0,0.0,0.0,1.0,0.0,0.0,0,1017.0,1017.0,931.0,Y1
1.0,1.0,7.0,1.0,0.0,0.0,0.0,7.0,0.0,1,870.0,802.0,870.0,Y0
0.0,0.0,3.0,0.0,0.0,0.0,0.0,8.0,0.0,1,884.0,911.0,884.0,Y0
1.0,0.0,3.0,0.0,2.0,0.0,0.0,9.0,0.0,1,823.0,905.0,823.0,Y0
1.0,0.0,1.0,1.0,0.0,0.0,0.0,11.0,0.0,0,799.0,799.0,1028.0,Y1
0.0,0.0,2.0,0.0,3.0,0.0,-1.0,11.0,0.0,0,961.0,961.0,912.0,Y1
1.0,0.0,4.0,1.0,0.0,1.0,0.0,6.0,0.0,1,857.0,887.0,857.0,Y0
1.0,0.0,3.0,0.0,0.0,0.0,0.0,5.0,0.0,0,848.0,848.0,848.0,Y1
1.0,0.0,2.0,0.0,0.0,1.0,0.0,12.0,0.0,0,973.0,973.0,949.0,Y1
0.0,0.0,2.0,0.0,0.0,0.0,0.0,3.0,0.0,0,1100.0,1100.0,1008.0,Y1
0.0,0.0,1.0,1.0,0.0,0.0,0.0,13.0,0.0,0,968.0,968.0,899.0,Y1
0.0,0.0,0.0,0.0,0.0,0.0,0.0,3.0,0.0,1,839.0,989.0,839.0,Y0
0.0,0.0,2.0,0.0,0.0,0.0,-1.0,12.0,0.0,1,889.0,924.0,889.0,Y0
1.0,0.0,3.0,0.0,1.0,0.0,0.0,7.0,0.0,0,968.0,968.0,992.0,Y1
0.0,0.0,3.0,0.0,3.0,0.0,1.0,0.0,0.0,0,925.0,925.0,864.0,Y1
1.0,0.0,3.0,0.0,0.0,1.0,0.0,9.0,0.0,0,937.0,937.0,852.0,Y1
0.0,1.0,3.0,1.0,2.0,0.0,0.0,6.0,1.0,1,900.0,873.0,900.0,Y0
0.0,1.0,8.0,1.0,2.0,0.0,2.0,2.0,0.0,1,1044.0,942.0,1044.0,Y0
1.0,1.0,0.0,1.0,2.0,0.0,0.0,5.0,0.0,1,986.0,836.0,986.0,Y0
1.0,0.0,3.0,0.0,0.0,0.0,0.0,13.0,-1.0,0,866.0,866.0,910.0,Y1
1.0,0.0,2.0,1.0,0.0,0.0,0.0,8.0,0.0,0,839.0,839.0,821.0,Y1
0.0,0.0,3.0,0.0,0.0,3.0,3.0,8.0,0.0,1,983.0,992.0,983.0,Y0
1.0,0.0,2.0,0.0,0.0,0.0,3.0,27.0,0.0,0,914.0,914.0,1026.0,Y1
1.0,0.0,2.0,1.0,0.0,1.0,0.0,12.0,0.0,0,866.0,866.0,987.0,Y1
1.0,0.0,0.0,0.0,1.0,1.0,0.0,14.0,0.0,0,940.0,940.0,953.0,Y1
0.0,0.0,0.0,1.0,0.0,1.0,0.0,6.0,0.0,1,884.0,808.0,884.0,Y0
0.0,0.0,3.0,0.0,0.0,1.0,0.0,13.0,0.0,0,798.0,798.0,898.0,Y1
0.0,2.0,2.0,1.0,0.0,0.0,0.0,8.0,0.0,0,925.0,925.0,800.0,Y1
1.0,1.0,1.0,1.0,2.0,0.0,0.0,6.0,0.0,0,829.0,829.0,962.0,Y1
0.0,0.0,0.0,0.0,1.0,0.0,0.0,16.0,1.0,1,1014.0,863.0,1014.0,Y0
1.0,0.0,0.0,0.0,3.0,0.0,0.0,14.0,0.0,1,1089.0,971.0,1089.0,Y0
0.0,0.0,1.0,0.0,0.0,1.0,0.0,11.0,0.0,0,908.0,908.0,1059.0,Y1
1.0,0.0,0.0,0.0,1.0,0.0,0.0,7.0,0.0,0,986.0,986.0,927.0,Y1
0.0,0.0,2.0,0.0,0.0,1.0,0.0,11.0,0.0,0,970.0,970.0,879.0,Y1
1.0,1.0,0.0,1.0,2.0,0.0,1.0,9.0,1.0,1,983.0,996.0,983.0,Y0
1.0,1.0,3.0,1.0,2.0,1.0,0.0,22.0,0.0,0,867.0,867.0,916.0,Y1
1.0,1.0,4.0,1.0,2.0,0.0,0.0,3.0,1.0,1,981.0,837.0,981.0,Y0
0.0,0.0,1.0,1.0,0.0,1.0,0.0,7.0,0.0,0,1008.0,1008.0,967.0,Y1
1.0,0.0,3.0,0.0,1.0,0.0,5.0,3.0,0.0,0,980.0,980.0,872.0,Y1
1.0,0.0,2.0,0.0,0.0,0.0,3.0,27.0,0.0,0,952.0,952.0,1026.0,Y1
1.0,0.0,3.0,0.0,1.0,0.0,0.0,0.0,0.0,0,852.0,852.0,914.0,Y1
1.0,0.0,2.0,1.0,3.0,0.0,-1.0,11.0,0.0,0,954.0,954.0,939.0,Y1
1.0,0.0,0.0,0.0,0.0,0.0,0.0,3.0,0.0,1,823.0,924.0,823.0,Y0
1.0,0.0,0.0,0.0,0.0,1.0,3.0,11.0,0.0,0,981.0,981.0,887.0,Y1
1.0,0.0,2.0,0.0,0.0,0.0,0.0,13.0,-1.0,0,801.0,801.0,910.0,Y1
1.0,0.0,0.0,1.0,0.0,0.0,0.0,5.0,0.0,1,918.0,1022.0,918.0,Y0
1.0,1.0,0.0,1.0,0.0,0.0,2.0,3.0,1.0,0,857.0,857.0,906.0,Y1
1.0,0.0,1.0,1.0,3.0,0.0,1.0,1.0,0.0,1,907.0,886.0,907.0,Y0
0.0,0.0,3.0,1.0,0.0,1.0,0.0,12.0,0.0,0,976.0,976.0,870.0,Y1
0.0,0.0,0.0,0.0,0.0,2.0,0.0,8.0,0.0,1,994.0,847.0,994.0,Y0
0.0,0.0,3.0,0.0,0.0,1.0,0.0,12.0,0.0,0,931.0,931.0,876.0,Y1
1.0,1.0,5.0,1.0,2.0,0.0,0.0,12.0,1.0,0,1007.0,1007.0,940.0,Y1
0.0,0.0,2.0,0.0,0.0,0.0,0.0,13.0,-1.0,0,878.0,878.0,1003.0,Y1
0.0,0.0,1.0,0.0,0.0,0.0,0.0,12.0,0.0,1,1041.0,914.0,1041.0,Y0
1.0,0.0,3.0,0.0,0.0,0.0,-1.0,4.0,0.0,0,880.0,880.0,931.0,Y1
1.0,1.0,3.0,1.0,2.0,0.0,0.0,6.0,1.0,0,802.0,802.0,946.0,Y1
0.0,1.0,2.0,1.0,0.0,1.0,0.0,12.0,0.0,0,864.0,864.0,881.0,Y1
0.0,0.0,2.0,0.0,0.0,0.0,0.0,16.0,0.0,1,1042.0,939.0,1042.0,Y0
1.0,0.0,1.0,1.0,0.0,1.0,0.0,9.0,0.0,1,1047.0,841.0,1047.0,Y0
1.0,1.0,7.0,1.0,0.0,0.0,1.0,0.0,0.0,0,884.0,884.0,870.0,Y1
1.0,0.0,2.0,0.0,0.0,0.0,2.0,1.0,0.0,1,848.0,930.0,848.0,Y0
1.0,1.0,3.0,1.0,2.0,0.0,0.0,16.0,1.0,0,902.0,902.0,931.0,Y1
0.0,1.0,0.0,1.0,2.0,0.0,-1.0,9.0,1.0,0,847.0,847.0,877.0,Y1
0.0,0.0,3.0,0.0,0.0,0.0,-1.0,2.0,0.0,0,886.0,886.0,914.0,Y1
0.0,0.0,1.0,0.0,0.0,0.0,0.0,6.0,0.0,0,826.0,826.0,1056.0,Y1
1.0,0.0,2.0,0.0,0.0,1.0,0.0,4.0,0.0,1,976.0,874.0,976.0,Y0
1.0,0.0,4.0,0.0,0.0,2.0,0.0,12.0,0.0,0,928.0,928.0,940.0,Y1
1.0,0.0,3.0,1.0,0.0,0.0,0.0,6.0,0.0,1,836.0,1038.0,836.0,Y0
1.0,0.0,2.0,0.0,0.0,1.0,0.0,6.0,0.0,0,997.0,997.0,1100.0,Y1
1.0,0.0,2.0,0.0,0.0,0.0,2.0,2.0,0.0,0,894.0,894.0,901.0,Y1
0.0,0.0,0.0,1.0,3.0,0.0,0.0,13.0,0.0,0,895.0,895.0,820.0,Y1
0.0,1.0,3.0,1.0,2.0,0.0,0.0,9.0,0.0,0,889.0,889.0,893.0,Y1
1.0,0.0,3.0,1.0,3.0,0.0,2.0,5.0,0.0,0,881.0,881.0,859.0,Y1
1.0,0.0,3.0,0.0,0.0,0.0,0.0,6.0,0.0,1,862.0,978.0,862.0,Y0
0.0,1.0,2.0,1.0,2.0,0.0,2.0,0.0,0.0,0,839.0,839.0,869.0,Y1
0.0,0.0,2.0,0.0,2.0,0.0,0.0,9.0,1.0,0,845.0,845.0,878.0,Y1
1.0,0.0,4.0,1.0,0.0,0.0,0.0,8.0,0.0,0,900.0,900.0,890.0,Y1
1.0,0.0,3.0,0.0,0.0,0.0,1.0,0.0,0.0,0,895.0,895.0,966.0,Y1
1.0,0.0,4.0,0.0,0.0,0.0,0.0,9.0,0.0,0,942.0,942.0,884.0,Y1
0.0,0.0,0.0,1.0,0.0,1.0,0.0,13.0,0.0,0,841.0,841.0,889.0,Y1
1.0,0.0,2.0,0.0,0.0,3.0,3.0,8.0,0.0,1,898.0,956.0,898.0,Y0
1.0,0.0,3.0,1.0,0.0,0.0,0.0,12.0,0.0,0,800.0,800.0,903.0,Y1
1.0,1.0,0.0,1.0,1.0,0.0,-1.0,18.0,1.0,0,820.0,820.0,936.0,Y1
0.0,0.0,3.0,0.0,0.0,0.0,0.0,5.0,0.0,0,862.0,862.0,1000.0,Y1
1.0,1.0,3.0,1.0,2.0,0.0,2.0,1.0,1.0,0,873.0,873.0,851.0,Y1
1.0,0.0,3.0,1.0,0.0,1.0,0.0,8.0,0.0,1,921.0,847.0,921.0,Y0
0.0,1.0,1.0,1.0,1.0,0.0,0.0,8.0,1.0,0,1001.0,1001.0,865.0,Y1
0.0,0.0,0.0,0.0,0.0,1.0,0.0,13.0,0.0,0,931.0,931.0,908.0,Y1
0.0,1.0,3.0,0.0,1.0,0.0,3.0,13.0,0.0,1,890.0,994.0,890.0,Y0
0.0,1.0,2.0,1.0,2.0,0.0,-1.0,3.0,1.0,0,820.0,820.0,1140.0,Y1
1.0,0.0,0.0,0.0,0.0,0.0,0.0,13.0,0.0,0,949.0,949.0,878.0,Y1
0.0,1.0,2.0,0.0,1.0,0.0,-1.0,10.0,1.0,1,920.0,883.0,920.0,Y0
1.0,0.0,3.0,0.0,0.0,1.0,0.0,9.0,0.0,0,936.0,936.0,852.0,Y1
0.0,1.0,1.0,1.0,2.0,0.0,2.0,0.0,0.0,0,829.0,829.0,843.0,Y1
1.0,0.0,0.0,0.0,0.0,0.0,0.0,10.0,0.0,0,947.0,947.0,888.0,Y1
1.0,0.0,3.0,0.0,0.0,1.0,0.0,5.0,0.0,0,951.0,951.0,957.0,Y1
1.0,0.0,1.0,1.0,0.0,1.0,0.0,13.0,0.0,0,886.0,886.0,948.0,Y1
0.0,0.0,3.0,0.0,0.0,0.0,-1.0,1.0,0.0,1,1003.0,831.0,1003.0,Y0
0.0,0.0,3.0,1.0,0.0,0.0,0.0,8.0,0.0,0,879.0,879.0,1006.0,Y1
1.0,1.0,2.0,1.0,2.0,1.0,0.0,5.0,0.0,0,869.0,869.0,796.0,Y1
0.0,1.0,2.0,1.0,2.0,0.0,0.0,10.0,1.0,0,984.0,984.0,872.0,Y1
0.0,1.0,0.0,1.0,2.0,0.0,-1.0,3.0,0.0,1,851.0,857.0,851.0,Y0
0.0,0.0,2.0,0.0,0.0,0.0,0.0,6.0,0.0,0,940.0,940.0,931.0,Y1
1.0,0.0,1.0,1.0,0.0,1.0,0.0,3.0,0.0,0,874.0,874.0,906.0,Y1
0.0,1.0,2.0,0.0,3.0,0.0,0.0,5.0,0.0,0,796.0,796.0,895.0,Y1
1.0,1.0,3.0,1.0,2.0,0.0,0.0,6.0,0.0,0,834.0,834.0,1065.0,Y1
1.0,0.0,0.0,0.0,1.0,1.0,1.0,8.0,0.0,1,907.0,865.0,907.0,Y0
1.0,0.0,0.0,0.0,0.0,0.0,0.0,13.0,0.0,0,1104.0,1104.0,878.0,Y1
0.0,0.0,3.0,1.0,0.0,1.0,0.0,3.0,0.0,0,815.0,815.0,997.0,Y1
0.0,0.0,0.0,0.0,1.0,1.0,0.0,15.0,0.0,1,1147.0,998.0,1147.0,Y0
0.0,0.0,1.0,0.0,0.0,3.0,3.0,8.0,0.0,1,984.0,1024.0,984.0,Y0
0.0,0.0,3.0,0.0,1.0,1.0,0.0,18.0,0.0,1,963.0,956.0,963.0,Y0
0.0,0.0,0.0,0.0,0.0,0.0,0.0,11.0,0.0,0,866.0,866.0,989.0,Y1
0.0,0.0,1.0,0.0,0.0,0.0,0.0,21.0,0.0,1,1042.0,914.0,1042.0,Y0
0.0,0.0,0.0,0.0,0.0,1.0,0.0,11.0,0.0,0,881.0,881.0,909.0,Y1
0.0,0.0,4.0,1.0,0.0,0.0,0.0,10.0,0.0,0,905.0,905.0,868.0,Y1
1.0,1.0,3.0,1.0,2.0,0.0,0.0,12.0,1.0,0,1007.0,1007.0,1046.0,Y1
1.0,0.0,2.0,1.0,3.0,0.0,0.0,11.0,0.0,0,924.0,924.0,939.0,Y1
1.0,0.0,0.0,1.0,0.0,1.0,0.0,12.0,0.0,0,816.0,816.0,866.0,Y1
0.0,0.0,1.0,1.0,1.0,1.0,0.0,15.0,1.0,0,928.0,928.0,1024.0,Y1
1.0,0.0,3.0,0.0,0.0,0.0,0.0,6.0,0.0,1,1034.0,978.0,1034.0,Y0
0.0,0.0,0.0,0.0,0.0,1.0,0.0,11.0,0.0,0,949.0,949.0,909.0,Y1
1.0,0.0,3.0,0.0,0.0,0.0,0.0,8.0,0.0,0,813.0,813.0,857.0,Y1
0.0,1.0,1.0,1.0,0.0,0.0,0.0,10.0,0.0,0,911.0,911.0,800.0,Y1
0.0,1.0,2.0,1.0,2.0,0.0,0.0,20.0,1.0,0,1016.0,1016.0,872.0,Y1
1.0,0.0,1.0,1.0,0.0,0.0,-1.0,1.0,0.0,1,808.0,871.0,808.0,Y0
0.0,0.0,1.0,0.0,3.0,0.0,1.0,0.0,0.0,0,1058.0,1058.0,865.0,Y1
1.0,1.0,0.0,1.0,2.0,0.0,0.0,11.0,0.0,0,820.0,820.0,896.0,Y1
0.0,0.0,1.0,1.0,0.0,1.0,0.0,15.0,0.0,1,903.0,839.0,903.0,Y0
1.0,1.0,2.0,1.0,2.0,0.0,0.0,24.0,1.0,0,939.0,939.0,873.0,Y1
1.0,0.0,1.0,0.0,0.0,0.0,0.0,7.0,0.0,1,1026.0,847.0,1026.0,Y0
0.0,0.0,0.0,0.0,0.0,1.0,0.0,13.0,0.0,1,877.0,1001.0,877.0,Y0
1.0,0.0,4.0,1.0,2.0,0.0,0.0,9.0,0.0,1,813.0,920.0,813.0,Y0
0.0,1.0,1.0,1.0,2.0,1.0,1.0,6.0,0.0,0,811.0,811.0,943.0,Y1
1.0,0.0,3.0,0.0,0.0,0.0,0.0,6.0,0.0,0,888.0,888.0,996.0,Y1
1.0,0.0,1.0,0.0,0.0,1.0,0.0,4.0,0.0,0,915.0,915.0,1062.0,Y1
0.0,0.0,2.0,0.0,0.0,1.0,0.0,8.0,0.0,0,854.0,854.0,924.0,Y1
1.0,0.0,3.0,0.0,1.0,0.0,0.0,14.0,0.0,1,940.0,871.0,940.0,Y0
0.0,0.0,2.0,1.0,0.0,1.0,0.0,4.0,0.0,1,870.0,856.0,870.0,Y0
0.0,0.0,3.0,1.0,3.0,0.0,-1.0,11.0,0.0,0,931.0,931.0,847.0,Y1
1.0,0.0,2.0,0.0,0.0,0.0,0.0,5.0,0.0,1,983.0,826.0,983.0,Y0
0.0,0.0,1.0,0.0,0.0,1.0,0.0,11.0,0.0,0,1018.0,1018.0,1059.0,Y1
1.0,0.0,1.0,1.0,0.0,0.0,0.0,20.0,0.0,0,884.0,884.0,955.0,Y1
1.0,1.0,3.0,0.0,2.0,0.0,0.0,10.0,1.0,0,875.0,875.0,956.0,Y1
1.0,0.0,2.0,1.0,0.0,0.0,0.0,15.0,0.0,1,885.0,961.0,885.0,Y0
0.0,0.0,0.0,0.0,1.0,1.0,4.0,15.0,0.0,0,896.0,896.0,859.0,Y1
0.0,0.0,2.0,0.0,1.0,1.0,0.0,12.0,0.0,0,1087.0,1087.0,931.0,Y1
1.0,1.0,5.0,0.0,1.0,1.0,0.0,10.0,0.0,0,834.0,834.0,937.0,Y1
0.0,1.0,1.0,0.0,2.0,0.0,-1.0,9.0,1.0,0,929.0,929.0,945.0,Y1
0.0,1.0,0.0,1.0,2.0,1.0,0.0,22.0,0.0,0,868.0,868.0,835.0,Y1
1.0,0.0,4.0,1.0,3.0,0.0,0.0,14.0,0.0,0,1017.0,1017.0,837.0,Y1
1.0,0.0,2.0,1.0,0.0,1.0,0.0,12.0,0.0,0,954.0,954.0,987.0,Y1
1.0,0.0,1.0,0.0,0.0,0.0,0.0,8.0,0.0,1,906.0,841.0,906.0,Y0
0.0,0.0,2.0,0.0,0.0,0.0,0.0,14.0,0.0,1,1094.0,936.0,1094.0,Y0
0.0,1.0,3.0,1.0,2.0,0.0,-1.0,3.0,0.0,1,909.0,826.0,909.0,Y0
0.0,1.0,0.0,1.0,2.0,1.0,2.0,24.0,0.0,0,1087.0,1087.0,835.0,Y1
0.0,0.0,1.0,0.0,3.0,0.0,0.0,11.0,0.0,0,954.0,954.0,987.0,Y1
1.0,0.0,1.0,0.0,3.0,1.0,0.0,7.0,0.0,1,956.0,882.0,956.0,Y0
1.0,0.0,1.0,0.0,0.0,0.0,-1.0,6.0,0.0,1,907.0,882.0,907.0,Y0
1.0,1.0,0.0,1.0,2.0,0.0,2.0,1.0,1.0,0,808.0,808.0,974.0,Y1
0.0,1.0,5.0,1.0,2.0,0.0,0.0,10.0,1.0,0,940.0,940.0,909.0,Y1
0.0,0.0,2.0,0.0,0.0,1.0,0.0,5.0,0.0,0,961.0,961.0,867.0,Y1
0.0,0.0,2.0,0.0,1.0,0.0,1.0,14.0,0.0,0,915.0,915.0,971.0,Y1
1.0,0.0,3.0,0.0,0.0,0.0,0.0,3.0,0.0,0,880.0,880.0,960.0,Y1
0.0,0.0,12.0,0.0,0.0,1.0,0.0,5.0,0.0,1,1051.0,1180.0,1051.0,Y0
0.0,3.0,3.0,1.0,0.0,1.0,0.0,12.0,0.0,0,831.0,831.0,982.0,Y1
1.0,0.0,1.0,1.0,0.0,0.0,0.0,15.0,0.0,1,905.0,891.0,905.0,Y0
0.0,0.0,0.0,0.0,1.0,0.0,0.0,8.0,1.0,0,967.0,967.0,868.0,Y1
0.0,1.0,3.0,1.0,2.0,0.0,0.0,12.0,0.0,0,816.0,816.0,893.0,Y1
0.0,1.0,3.0,1.0,2.0,0.0,0.0,11.0,0.0,1,905.0,800.0,905.0,Y0
1.0,0.0,0.0,0.0,0.0,0.0,0.0,10.0,0.0,0,994.0,994.0,888.0,Y1
0.0,1.0,3.0,1.0,2.0,0.0,1.0,1.0,0.0,1,951.0,953.0,951.0,Y0
0.0,0.0,1.0,0.0,1.0,0.0,0.0,14.0,0.0,1,1086.0,950.0,1086.0,Y0
0.0,0.0,3.0,0.0,0.0,1.0,0.0,8.0,0.0,0,867.0,867.0,968.0,Y1
0.0,1.0,2.0,0.0,1.0,0.0,0.0,0.0,0.0,0,827.0,827.0,920.0,Y1
0.0,0.0,0.0,0.0,3.0,1.0,0.0,12.0,0.0,0,1025.0,1025.0,987.0,Y1
1.0,0.0,2.0,0.0,1.0,0.0,0.0,11.0,0.0,1,883.0,902.0,883.0,Y0
0.0,0.0,3.0,0.0,0.0,1.0,5.0,11.0,0.0,1,924.0,947.0,924.0,Y0
1.0,1.0,0.0,1.0,2.0,1.0,0.0,10.0,1.0,0,897.0,897.0,831.0,Y1
0.0,0.0,3.0,0.0,0.0,0.0,2.0,3.0,0.0,1,859.0,929.0,859.0,Y0
1.0,0.0,2.0,0.0,1.0,0.0,5.0,3.0,0.0,0,879.0,879.0,872.0,Y1
1.0,0.0,1.0,0.0,0.0,1.0,0.0,11.0,0.0,0,985.0,985.0,923.0,Y1
0.0,1.0,2.0,1.0,2.0,1.0,0.0,5.0,0.0,0,923.0,923.0,782.0,Y1
1.0,0.0,3.0,1.0,0.0,0.0,0.0,20.0,0.0,0,861.0,861.0,886.0,Y1
0.0,0.0,4.0,1.0,0.0,0.0,0.0,13.0,-1.0,0,921.0,921.0,868.0,Y1
1.0,1.0,0.0,1.0,2.0,0.0,-1.0,2.0,0.0,0,856.0,856.0,831.0,Y1
1.0,1.0,0.0,1.0,0.0,0.0,0.0,10.0,0.0,0,792.0,792.0,951.0,Y1
1.0,1.0,1.0,1.0,2.0,0.0,0.0,11.0,0.0,0,729.0,729.0,948.0,Y1
0.0,1.0,2.0,1.0,2.0,0.0,-1.0,9.0,1.0,0,967.0,967.0,915.0,Y1
0.0,0.0,0.0,0.0,0.0,1.0,0.0,12.0,0.0,1,1121.0,1120.0,1121.0,Y0
0.0,0.0,0.0,0.0,0.0,1.0,3.0,11.0,0.0,0,966.0,966.0,859.0,Y1
1.0,0.0,1.0,0.0,1.0,1.0,0.0,18.0,0.0,1,1093.0,951.0,1093.0,Y0
0.0,0.0,3.0,0.0,0.0,0.0,0.0,13.0,0.0,0,890.0,890.0,1136.0,Y1
1.0,1.0,3.0,1.0,0.0,0.0,2.0,1.0,0.0,1,837.0,959.0,837.0,Y0
0.0,0.0,3.0,1.0,0.0,0.0,2.0,3.0,0.0,1,874.0,908.0,874.0,Y0
1.0,0.0,3.0,0.0,0.0,1.0,0.0,9.0,0.0,0,929.0,929.0,852.0,Y1
1.0,0.0,2.0,0.0,0.0,0.0,0.0,5.0,0.0,0,826.0,826.0,892.0,Y1
0.0,1.0,3.0,1.0,2.0,0.0,-1.0,3.0,1.0,0,924.0,924.0,923.0,Y1
0.0,0.0,3.0,0.0,1.0,0.0,0.0,16.0,0.0,0,931.0,931.0,1050.0,Y1
1.0,0.0,1.0,1.0,0.0,0.0,0.0,10.0,0.0,0,890.0,890.0,821.0,Y1
1.0,1.0,3.0,1.0,2.0,0.0,2.0,1.0,1.0,0,822.0,822.0,851.0,Y1
1.0,0.0,3.0,1.0,0.0,1.0,0.0,6.0,0.0,1,1010.0,962.0,1010.0,Y0
0.0,1.0,0.0,1.0,2.0,0.0,2.0,1.0,0.0,1,820.0,847.0,820.0,Y0
0.0,0.0,3.0,0.0,0.0,1.0,0.0,13.0,0.0,0,942.0,942.0,898.0,Y1
0.0,0.0,2.0,0.0,0.0,0.0,0.0,13.0,-1.0,0,1067.0,1067.0,1003.0,Y1
0.0,0.0,2.0,0.0,3.0,0.0,0.0,11.0,0.0,1,857.0,922.0,857.0,Y0
1.0,1.0,3.0,1.0,2.0,0.0,0.0,12.0,0.0,0,825.0,825.0,994.0,Y1
0.0,1.0,2.0,1.0,2.0,0.0,0.0,12.0,0.0,0,785.0,785.0,857.0,Y1
0.0,0.0,2.0,0.0,0.0,0.0,0.0,13.0,0.0,0,1034.0,1034.0,1003.0,Y1
1.0,1.0,0.0,1.0,2.0,1.0,0.0,17.0,0.0,0,851.0,851.0,892.0,Y1
0.0,0.0,2.0,0.0,0.0,0.0,0.0,16.0,0.0,1,1066.0,939.0,1066.0,Y0
1.0,0.0,0.0,0.0,1.0,0.0,0.0,0.0,0.0,0,976.0,976.0,927.0,Y1
1.0,0.0,1.0,1.0,3.0,0.0,0.0,5.0,0.0,0,844.0,844.0,872.0,Y1
0.0,0.0,3.0,0.0,1.0,0.0,0.0,7.0,0.0,0,1034.0,1034.0,979.0,Y1
0.0,0.0,3.0,1.0,0.0,1.0,0.0,13.0,0.0,0,902.0,902.0,846.0,Y1
0.0,1.0,0.0,1.0,0.0,1.0,0.0,8.0,0.0,1,960.0,962.0,960.0,Y0
0.0,1.0,1.0,1.0,2.0,0.0,2.0,2.0,0.0,1,1024.0,931.0,1024.0,Y0
0.0,0.0,0.0,1.0,3.0,1.0,0.0,17.0,0.0,1,993.0,887.0,993.0,Y0
0.0,0.0,0.0,1.0,0.0,0.0,0.0,12.0,0.0,0,826.0,826.0,931.0,Y1
0.0,1.0,3.0,1.0,2.0,0.0,2.0,1.0,1.0,0,873.0,873.0,829.0,Y1
1.0,0.0,3.0,0.0,0.0,0.0,0.0,5.0,0.0,0,920.0,920.0,848.0,Y1
0.0,0.0,3.0,0.0,0.0,0.0,0.0,19.0,0.0,0,1003.0,1003.0,899.0,Y1
1.0,0.0,9.0,1.0,3.0,0.0,0.0,17.0,0.0,0,834.0,834.0,867.0,Y1
1.0,0.0,1.0,0.0,0.0,0.0,0.0,10.0,0.0,0,1069.0,1069.0,886.0,Y1
0.0,0.0,2.0,0.0,0.0,1.0,0.0,13.0,0.0,0,967.0,967.0,879.0,Y1
1.0,0.0,1.0,0.0,0.0,0.0,2.0,1.0,0.0,0,971.0,971.0,1022.0,Y1
1.0,0.0,1.0,0.0,0.0,0.0,-1.0,2.0,0.0,0,1009.0,1009.0,936.0,Y1
0.0,0.0,3.0,0.0,0.0,0.0,0.0,8.0,0.0,1,837.0,911.0,837.0,Y0
0.0,1.0,0.0,0.0,1.0,0.0,0.0,21.0,0.0,1,1013.0,905.0,1013.0,Y0
1.0,0.0,0.0,0.0,1.0,0.0,0.0,7.0,0.0,0,875.0,875.0,927.0,Y1
1.0,0.0,0.0,0.0,1.0,0.0,2.0,3.0,0.0,0,1044.0,1044.0,855.0,Y1
1.0,0.0,3.0,0.0,1.0,0.0,0.0,5.0,1.0,0,949.0,949.0,1074.0,Y1
0.0,0.0,1.0,1.0,0.0,1.0,0.0,10.0,0.0,0,992.0,992.0,964.0,Y1
0.0,0.0,2.0,0.0,0.0,0.0,0.0,19.0,0.0,1,952.0,983.0,952.0,Y0
1.0,1.0,1.0,1.0,2.0,0.0,0.0,12.0,0.0,0,850.0,850.0,948.0,Y1
0.0,0.0,3.0,1.0,0.0,0.0,0.0,19.0,0.0,0,933.0,933.0,901.0,Y1
0.0,0.0,3.0,0.0,0.0,1.0,0.0,17.0,0.0,0,925.0,925.0,906.0,Y1
0.0,0.0,3.0,0.0,0.0,0.0,0.0,10.0,0.0,0,903.0,903.0,983.0,Y1
0.0,0.0,2.0,0.0,0.0,1.0,0.0,7.0,0.0,0,1031.0,1031.0,924.0,Y1
1.0,0.0,2.0,1.0,0.0,1.0,0.0,21.0,0.0,0,924.0,924.0,955.0,Y1
0.0,0.0,0.0,1.0,0.0,0.0,2.0,1.0,0.0,0,866.0,866.0,905.0,Y1
1.0,0.0,2.0,0.0,1.0,0.0,0.0,17.0,0.0,0,975.0,975.0,966.0,Y1
0.0,0.0,2.0,0.0,1.0,0.0,0.0,18.0,0.0,0,957.0,957.0,971.0,Y1
0.0,1.0,0.0,1.0,0.0,1.0,0.0,13.0,0.0,0,796.0,796.0,960.0,Y1
1.0,0.0,2.0,0.0,3.0,1.0,0.0,8.0,0.0,0,873.0,873.0,969.0,Y1
0.0,0.0,2.0,1.0,0.0,0.0,0.0,16.0,0.0,0,891.0,891.0,887.0,Y1
0.0,0.0,3.0,1.0,0.0,0.0,-1.0,2.0,0.0,0,816.0,816.0,861.0,Y1
1.0,0.0,4.0,0.0,1.0,1.0,0.0,14.0,0.0,0,917.0,917.0,1020.0,Y1
1.0,0.0,1.0,1.0,0.0,1.0,0.0,8.0,0.0,0,944.0,944.0,1181.0,Y1
1.0,0.0,4.0,1.0,0.0,0.0,-1.0,1.0,0.0,1,884.0,822.0,884.0,Y0
0.0,1.0,1.0,1.0,2.0,2.0,0.0,8.0,0.0,0,912.0,912.0,782.0,Y1
0.0,0.0,2.0,0.0,0.0,1.0,0.0,13.0,0.0,0,934.0,934.0,879.0,Y1
1.0,0.0,0.0,0.0,0.0,0.0,0.0,14.0,0.0,0,1029.0,1029.0,1062.0,Y1
0.0,0.0,1.0,0.0,3.0,0.0,0.0,3.0,0.0,0,929.0,929.0,865.0,Y1
0.0,0.0,3.0,0.0,1.0,1.0,0.0,8.0,0.0,0,924.0,924.0,967.0,Y1
1.0,0.0,0.0,1.0,0.0,0.0,0.0,2.0,0.0,0,756.0,756.0,905.0,Y1
1.0,1.0,2.0,1.0,2.0,0.0,0.0,7.0,0.0,0,825.0,825.0,1032.0,Y1
0.0,0.0,0.0,0.0,0.0,1.0,0.0,6.0,0.0,1,926.0,867.0,926.0,Y0
0.0,0.0,1.0,0.0,0.0,1.0,0.0,13.0,0.0,0,1094.0,1094.0,933.0,Y1
0.0,0.0,2.0,0.0,1.0,0.0,1.0,0.0,0.0,1,789.0,947.0,789.0,Y0
0.0,0.0,2.0,1.0,0.0,0.0,0.0,19.0,0.0,1,903.0,909.0,903.0,Y0
0.0,1.0,2.0,0.0,3.0,0.0,0.0,14.0,0.0,0,902.0,902.0,891.0,Y1
1.0,1.0,0.0,1.0,2.0,1.0,0.0,10.0,1.0,0,872.0,872.0,831.0,Y1
0.0,0.0,9.0,1.0,3.0,0.0,0.0,17.0,0.0,0,834.0,834.0,900.0,Y1
0.0,0.0,0.0,1.0,0.0,0.0,0.0,20.0,0.0,0,857.0,857.0,931.0,Y1
0.0,1.0,0.0,1.0,0.0,1.0,0.0,8.0,0.0,0,962.0,962.0,960.0,Y1
1.0,1.0,0.0,1.0,2.0,0.0,-1.0,6.0,1.0,0,910.0,910.0,827.0,Y1
0.0,0.0,3.0,0.0,0.0,0.0,0.0,10.0,0.0,0,953.0,953.0,983.0,Y1
0.0,0.0,3.0,0.0,0.0,0.0,0.0,15.0,0.0,1,879.0,857.0,879.0,Y0
1.0,0.0,4.0,1.0,0.0,0.0,0.0,2.0,0.0,1,918.0,849.0,918.0,Y0
0.0,0.0,1.0,0.0,0.0,0.0,0.0,5.0,0.0,1,858.0,951.0,858.0,Y0
0.0,0.0,0.0,0.0,0.0,1.0,0.0,17.0,0.0,0,931.0,931.0,908.0,Y1
0.0,0.0,3.0,0.0,0.0,0.0,0.0,15.0,0.0,0,996.0,996.0,1066.0,Y1
1.0,0.0,2.0,0.0,0.0,1.0,0.0,12.0,0.0,1,949.0,1006.0,949.0,Y0
0.0,0.0,2.0,0.0,0.0,2.0,0.0,8.0,0.0,1,917.0,898.0,917.0,Y0
0.0,1.0,0.0,1.0,2.0,0.0,-1.0,2.0,0.0,0,846.0,846.0,897.0,Y1
1.0,1.0,2.0,1.0,2.0,0.0,1.0,0.0,1.0,0,903.0,903.0,927.0,Y1
1.0,0.0,2.0,1.0,0.0,2.0,0.0,6.0,0.0,1,871.0,891.0,871.0,Y0
1.0,1.0,1.0,1.0,2.0,0.0,0.0,11.0,0.0,0,896.0,896.0,948.0,Y1
0.0,0.0,3.0,1.0,3.0,1.0,0.0,12.0,0.0,0,857.0,857.0,901.0,Y1
0.0,0.0,2.0,1.0,3.0,0.0,0.0,11.0,0.0,0,935.0,935.0,989.0,Y1
0.0,0.0,0.0,0.0,3.0,1.0,0.0,14.0,0.0,1,1076.0,999.0,1076.0,Y0
1.0,0.0,4.0,1.0,0.0,1.0,0.0,13.0,0.0,0,895.0,895.0,823.0,Y1
0.0,0.0,0.0,0.0,1.0,0.0,0.0,17.0,0.0,0,870.0,870.0,1021.0,Y1
0.0,1.0,2.0,1.0,2.0,0.0,0.0,10.0,1.0,0,1010.0,1010.0,872.0,Y1
0.0,2.0,0.0,0.0,1.0,0.0,0.0,0.0,0.0,0,1056.0,1056.0,920.0,Y1
1.0,1.0,0.0,1.0,2.0,0.0,1.0,0.0,0.0,0,839.0,839.0,893.0,Y1
0.0,1.0,0.0,1.0,2.0,1.0,0.0,5.0,0.0,0,884.0,884.0,943.0,Y1
1.0,1.0,3.0,1.0,2.0,0.0,0.0,11.0,0.0,0,868.0,868.0,994.0,Y1
1.0,0.0,3.0,0.0,1.0,0.0,0.0,15.0,0.0,0,903.0,903.0,940.0,Y1
0.0,0.0,3.0,0.0,0.0,1.0,0.0,8.0,0.0,1,934.0,876.0,934.0,Y0
0.0,0.0,3.0,0.0,1.0,1.0,0.0,22.0,0.0,0,902.0,902.0,940.0,Y1
0.0,0.0,2.0,0.0,0.0,0.0,2.0,1.0,0.0,0,841.0,841.0,924.0,Y1
0.0,0.0,2.0,1.0,0.0,1.0,0.0,21.0,0.0,0,875.0,875.0,917.0,Y1
0.0,1.0,3.0,1.0,1.0,0.0,0.0,21.0,0.0,1,865.0,931.0,865.0,Y0
1.0,0.0,0.0,1.0,0.0,0.0,-1.0,9.0,0.0,0,970.0,970.0,960.0,Y1
1.0,1.0,2.0,1.0,2.0,1.0,0.0,22.0,0.0,0,867.0,867.0,916.0,Y1
0.0,0.0,1.0,0.0,1.0,0.0,0.0,16.0,0.0,0,943.0,943.0,971.0,Y1
1.0,0.0,2.0,0.0,1.0,1.0,0.0,15.0,0.0,1,929.0,1203.0,929.0,Y0
0.0,0.0,3.0,0.0,0.0,0.0,0.0,8.0,0.0,0,925.0,925.0,844.0,Y1
1.0,1.0,0.0,1.0,1.0,0.0,0.0,20.0,1.0,0,981.0,981.0,873.0,Y1
1.0,1.0,3.0,1.0,2.0,0.0,2.0,2.0,1.0,1,818.0,902.0,818.0,Y0
0.0,0.0,0.0,0.0,0.0,0.0,0.0,13.0,0.0,0,1049.0,1049.0,1043.0,Y1
0.0,0.0,3.0,1.0,0.0,0.0,0.0,14.0,0.0,0,836.0,836.0,864.0,Y1
0.0,0.0,3.0,0.0,0.0,1.0,0.0,13.0,0.0,0,910.0,910.0,898.0,Y1
0.0,1.0,3.0,1.0,2.0,0.0,2.0,1.0,1.0,1,813.0,890.0,813.0,Y0
1.0,1.0,2.0,1.0,2.0,1.0,0.0,13.0,1.0,1,820.0,888.0,820.0,Y0
0.0,0.0,2.0,0.0,0.0,0.0,0.0,8.0,0.0,1,898.0,997.0,898.0,Y0
1.0,0.0,3.0,1.0,0.0,0.0,0.0,5.0,0.0,1,852.0,866.0,852.0,Y0
1.0,1.0,0.0,0.0,1.0,0.0,-1.0,12.0,1.0,0,867.0,867.0,874.0,Y1
1.0,0.0,8.0,1.0,1.0,1.0,0.0,7.0,0.0,1,829.0,847.0,829.0,Y0
1.0,0.0,0.0,0.0,0.0,1.0,0.0,12.0,0.0,0,988.0,988.0,947.0,Y1
0.0,0.0,0.0,1.0,3.0,0.0,0.0,11.0,0.0,1,886.0,881.0,886.0,Y0
1.0,1.0,3.0,1.0,2.0,0.0,-1.0,3.0,0.0,1,789.0,870.0,789.0,Y0
0.0,0.0,1.0,0.0,0.0,0.0,-1.0,1.0,0.0,1,1133.0,950.0,1133.0,Y0
1.0,0.0,2.0,0.0,1.0,1.0,0.0,8.0,0.0,1,932.0,914.0,932.0,Y0
1.0,0.0,3.0,0.0,0.0,1.0,0.0,6.0,0.0,1,890.0,965.0,890.0,Y0
1.0,0.0,4.0,0.0,0.0,0.0,0.0,8.0,0.0,1,1042.0,881.0,1042.0,Y0
0.0,0.0,3.0,1.0,0.0,0.0,1.0,0.0,0.0,0,950.0,950.0,871.0,Y1
0.0,1.0,0.0,1.0,2.0,0.0,0.0,24.0,1.0,0,909.0,909.0,857.0,Y1
1.0,1.0,2.0,0.0,2.0,0.0,-1.0,2.0,0.0,0,870.0,870.0,862.0,Y1
