gender_n,ethnicity_n,birth_n,lunchk_n,schoolk_n,degreek_n,ladderk_n,experiencek_n,tethnicityk_n,T,Y_factual,Y0,Y1,which_imputed
0.0,0.0,0.0,0.0,0.0,0.0,0.0,7.0,0.0,1,920.0,948.2132168896317,920.0,Y0
0.0,1.0,1.0,0.0,1.0,0.0,0.0,21.0,0.0,1,986.0,945.8722797704545,986.0,Y0
1.0,1.0,0.0,1.0,2.0,0.0,1.0,0.0,0.0,0,902.0,902.0,975.7320490934364,Y1
1.0,0.0,2.0,0.0,0.0,0.0,0.0,16.0,0.0,0,1007.0,1007.0,975.9328260781865,Y1
1.0,0.0,2.0,1.0,0.0,0.0,0.0,5.0,0.0,1,936.0,888.4731470842256,936.0,Y0
1.0,0.0,2.0,1.0,0.0,0.0,0.0,8.0,0.0,0,885.0,885.0,908.4991304064639,Y1
0.0,1.0,2.0,1.0,2.0,1.0,0.0,17.0,0.0,0,818.0,818.0,886.5475850134466,Y1
0.0,0.0,0.0,0.0,0.0,0.0,2.0,3.0,1.0,0,951.0,951.0,900.0683542844193,Y1
0.0,1.0,3.0,0.0,0.0,0.0,0.0,11.0,0.0,1,917.0,904.9254094232701,917.0,Y0
0.0,0.0,3.0,0.0,0.0,0.0,0.0,10.0,0.0,1,983.0,936.13494526302,983.0,Y0
1.0,0.0,0.0,0.0,0.0,1.0,0.0,13.0,0.0,0,903.0,903.0,942.5311853611353,Y1
1.0,0.0,3.0,0.0,0.0,1.0,0.0,6.0,0.0,0,905.0,905.0,935.8128958268499,Y1
1.0,0.0,0.0,0.0,1.0,0.0,1.0,0.0,0.0,1,1033.0,928.3531511757471,1033.0,Y0
1.0,0.0,0.0,0.0,0.0,0.0,0.0,6.0,0.0,1,918.0,929.805262212558,918.0,Y0
1.0,0.0,4.0,0.0,1.0,0.0,0.0,18.0,0.0,0,1018.0,1018.0,998.5936106137237,Y1
1.0,0.0,3.0,0.0,1.0,1.0,0.0,13.0,0.0,0,923.0,923.0,921.2403363519151,Y1
0.0,0.0,1.0,1.0,0.0,0.0,0.0,12.0,0.0,0,883.0,883.0,940.1194095154668,Y1
0.0,1.0,3.0,1.0,1.0,0.0,2.0,1.0,1.0,0,965.0,965.0,871.7703516734854,Y1
0.0,0.0,2.0,0.0,0.0,1.0,0.0,8.0,0.0,1,900.0,932.1746304653473,900.0,Y0
1.0,0.0,1.0,1.0,0.0,0.0,0.0,13.0,0.0,0,983.0,983.0,919.2927245379274,Y1
1.0,0.0,2.0,0.0,0.0,1.0,0.0,13.0,0.0,0,885.0,885.0,929.9045251009297,Y1
1.0,0.0,0.0,0.0,0.0,0.0,0.0,3.0,0.0,0,924.0,924.0,973.0027520571089,Y1
1.0,0.0,0.0,1.0,3.0,1.0,0.0,14.0,0.0,1,1058.0,917.642563006944,1058.0,Y0
0.0,1.0,2.0,1.0,2.0,0.0,0.0,11.0,0.0,0,880.0,880.0,906.9879868328497,Y1
1.0,1.0,2.0,1.0,2.0,0.0,0.0,10.0,1.0,0,1039.0,1039.0,886.4217652956974,Y1
0.0,1.0,0.0,0.0,1.0,0.0,0.0,8.0,1.0,0,945.0,945.0,952.4233488567485,Y1
0.0,0.0,1.0,0.0,3.0,0.0,0.0,8.0,0.0,0,1081.0,1081.0,954.8886345081569,Y1
0.0,0.0,2.0,0.0,0.0,1.0,0.0,5.0,0.0,0,872.0,872.0,949.915236961627,Y1
1.0,0.0,3.0,0.0,0.0,1.0,0.0,13.0,0.0,0,929.0,929.0,917.5907633616389,Y1
0.0,1.0,5.0,1.0,2.0,0.0,1.0,0.0,1.0,0,842.0,842.0,1011.1240837748793,Y1
0.0,0.0,3.0,0.0,1.0,0.0,0.0,3.0,0.0,0,925.0,925.0,962.6164880260364,Y1
1.0,0.0,3.0,0.0,0.0,0.0,0.0,8.0,0.0,1,857.0,889.9401598004786,857.0,Y0
0.0,1.0,0.0,1.0,0.0,1.0,0.0,15.0,0.0,0,856.0,856.0,907.1369591834574,Y1
0.0,1.0,0.0,1.0,0.0,0.0,0.0,8.0,0.0,1,848.0,882.5967884555545,848.0,Y0
1.0,1.0,1.0,1.0,3.0,0.0,-1.0,11.0,0.0,0,887.0,887.0,834.3251538203355,Y1
0.0,0.0,0.0,0.0,0.0,0.0,0.0,10.0,0.0,0,934.0,934.0,954.8952019781619,Y1
0.0,0.0,0.0,1.0,0.0,0.0,0.0,4.0,0.0,1,1017.0,906.5281068654726,1017.0,Y0
0.0,0.0,2.0,0.0,3.0,1.0,0.0,7.0,0.0,1,904.0,953.6733915753878,904.0,Y0
1.0,0.0,0.0,0.0,3.0,1.0,0.0,17.0,0.0,1,945.0,930.0834412078416,945.0,Y0
1.0,0.0,4.0,0.0,3.0,2.0,0.0,12.0,0.0,1,1052.0,925.9821238120368,1052.0,Y0
0.0,0.0,5.0,0.0,0.0,1.0,0.0,4.0,0.0,0,951.0,951.0,959.6470171714691,Y1
0.0,1.0,1.0,1.0,2.0,1.0,0.0,10.0,1.0,0,850.0,850.0,897.3612520396715,Y1
1.0,0.0,2.0,0.0,1.0,0.0,1.0,0.0,0.0,1,1008.0,919.8903552940576,1008.0,Y0
0.0,0.0,3.0,0.0,1.0,0.0,0.0,16.0,0.0,0,915.0,915.0,983.1294134426313,Y1
1.0,0.0,0.0,0.0,1.0,1.0,0.0,18.0,0.0,1,1067.0,946.5192974884062,1067.0,Y0
0.0,0.0,1.0,1.0,0.0,0.0,0.0,4.0,0.0,1,846.0,913.5311022590292,846.0,Y0
0.0,1.0,2.0,0.0,2.0,0.0,0.0,12.0,1.0,0,1034.0,1034.0,934.021222624767,Y1
1.0,0.0,2.0,0.0,1.0,1.0,0.0,8.0,0.0,0,914.0,914.0,938.0273851086911,Y1
0.0,0.0,2.0,0.0,1.0,1.0,0.0,14.0,1.0,1,947.0,966.9453149195383,947.0,Y0
0.0,0.0,3.0,0.0,0.0,1.0,0.0,13.0,0.0,1,898.0,920.9983731871033,898.0,Y0
0.0,0.0,0.0,0.0,1.0,1.0,0.0,14.0,1.0,1,1027.0,970.9563589230795,1027.0,Y0
0.0,0.0,1.0,0.0,0.0,1.0,0.0,5.0,0.0,0,953.0,953.0,971.7893100885087,Y1
1.0,1.0,2.0,0.0,0.0,0.0,0.0,13.0,0.0,0,815.0,815.0,917.8349175124972,Y1
0.0,0.0,0.0,0.0,0.0,1.0,0.0,5.0,0.0,1,919.0,956.061215415916,919.0,Y0
0.0,1.0,3.0,1.0,1.0,0.0,2.0,1.0,1.0,0,935.0,935.0,871.7703516734854,Y1
0.0,1.0,3.0,0.0,1.0,0.0,2.0,5.0,1.0,1,1001.0,922.2709681292207,1001.0,Y0
0.0,1.0,0.0,1.0,2.0,0.0,0.0,10.0,1.0,0,1008.0,1008.0,911.6733228531762,Y1
1.0,1.0,3.0,1.0,2.0,1.0,0.0,22.0,0.0,0,875.0,875.0,870.8317523058065,Y1
0.0,1.0,2.0,1.0,2.0,0.0,2.0,2.0,0.0,1,904.0,903.234459824598,904.0,Y0
0.0,1.0,1.0,0.0,2.0,0.0,2.0,2.0,0.0,1,1091.0,957.2913510764939,1091.0,Y0
1.0,0.0,3.0,0.0,0.0,0.0,0.0,11.0,0.0,0,936.0,936.0,930.8366985333331,Y1
1.0,0.0,1.0,1.0,0.0,1.0,0.0,5.0,0.0,0,847.0,847.0,928.4586837347662,Y1
0.0,0.0,1.0,0.0,1.0,1.0,0.0,8.0,0.0,0,970.0,970.0,969.0764337549779,Y1
1.0,0.0,2.0,0.0,3.0,0.0,0.0,11.0,0.0,0,961.0,961.0,928.2832892370827,Y1
1.0,0.0,1.0,1.0,0.0,1.0,0.0,13.0,0.0,0,942.0,942.0,915.0227929914028,Y1
1.0,0.0,1.0,0.0,1.0,0.0,-1.0,5.0,0.0,1,901.0,948.1890879870077,901.0,Y0
1.0,1.0,1.0,1.0,2.0,0.0,1.0,0.0,0.0,0,855.0,855.0,993.4986104536509,Y1
1.0,0.0,2.0,0.0,0.0,1.0,0.0,5.0,0.0,0,895.0,895.0,947.1625226902695,Y1
0.0,0.0,2.0,0.0,1.0,1.0,0.0,4.0,0.0,1,899.0,947.3821709986724,899.0,Y0
1.0,0.0,3.0,0.0,0.0,0.0,0.0,12.0,0.0,0,987.0,987.0,930.8366985333331,Y1
1.0,0.0,3.0,0.0,0.0,0.0,-1.0,5.0,0.0,0,1008.0,1008.0,910.5163887503037,Y1
1.0,1.0,2.0,1.0,2.0,0.0,0.0,11.0,0.0,0,907.0,907.0,896.5988069166419,Y1
1.0,0.0,1.0,0.0,0.0,2.0,0.0,8.0,0.0,1,943.0,938.0584820066214,943.0,Y0
1.0,0.0,2.0,1.0,0.0,0.0,0.0,2.0,0.0,1,944.0,897.2238532395455,944.0,Y0
1.0,1.0,3.0,1.0,2.0,1.0,0.0,22.0,0.0,0,891.0,891.0,870.8317523058065,Y1
1.0,1.0,0.0,1.0,2.0,0.0,0.0,11.0,0.0,0,928.0,928.0,906.321993606943,Y1
1.0,1.0,0.0,1.0,2.0,0.0,0.0,14.0,0.0,1,908.0,882.2030247143201,908.0,Y0
1.0,0.0,2.0,0.0,1.0,0.0,0.0,7.0,0.0,0,949.0,949.0,961.5019706692749,Y1
1.0,1.0,2.0,0.0,2.0,1.0,0.0,13.0,1.0,1,939.0,892.2694771773215,939.0,Y0
1.0,0.0,2.0,0.0,1.0,0.0,0.0,8.0,1.0,0,921.0,921.0,939.1229772471767,Y1
1.0,1.0,3.0,1.0,1.0,0.0,-1.0,3.0,0.0,1,980.0,855.3106581398968,980.0,Y0
1.0,1.0,0.0,1.0,0.0,1.0,0.0,15.0,0.0,0,898.0,898.0,885.2527518721643,Y1
0.0,0.0,3.0,0.0,0.0,0.0,0.0,20.0,0.0,1,879.0,952.6674447666425,879.0,Y0
0.0,1.0,3.0,0.0,1.0,0.0,0.0,11.0,1.0,1,890.0,949.0494990511704,890.0,Y0
0.0,0.0,0.0,0.0,0.0,0.0,0.0,20.0,0.0,1,807.0,979.1530781453728,807.0,Y0
0.0,1.0,2.0,1.0,1.0,0.0,0.0,6.0,0.0,0,866.0,866.0,938.5341488314232,Y1
0.0,0.0,2.0,0.0,0.0,0.0,0.0,11.0,0.0,0,978.0,978.0,948.436380072838,Y1
0.0,0.0,2.0,1.0,3.0,1.0,0.0,12.0,0.0,1,865.0,914.7745531714532,865.0,Y0
0.0,0.0,3.0,0.0,0.0,0.0,0.0,6.0,0.0,0,928.0,928.0,950.5843630568462,Y1
1.0,0.0,3.0,0.0,0.0,1.0,0.0,12.0,0.0,0,876.0,876.0,924.7883128464837,Y1
1.0,0.0,2.0,1.0,1.0,0.0,-1.0,18.0,1.0,0,911.0,911.0,930.7328483128412,Y1
1.0,0.0,6.0,1.0,3.0,0.0,0.0,14.0,0.0,0,852.0,852.0,912.2634459326373,Y1
1.0,0.0,3.0,1.0,0.0,0.0,0.0,2.0,0.0,1,821.0,881.0507747337176,821.0,Y0
0.0,0.0,0.0,1.0,1.0,0.0,0.0,11.0,0.0,1,926.0,912.4197815962058,926.0,Y0
0.0,1.0,0.0,1.0,2.0,0.0,2.0,1.0,1.0,1,971.0,910.5987233750501,971.0,Y0
1.0,1.0,2.0,0.0,3.0,0.0,0.0,17.0,0.0,0,904.0,904.0,951.3379616224553,Y1
0.0,1.0,2.0,1.0,2.0,0.0,1.0,0.0,0.0,0,842.0,842.0,962.7540412376143,Y1
1.0,0.0,0.0,1.0,3.0,1.0,0.0,17.0,0.0,1,922.0,892.836410134265,922.0,Y0
1.0,0.0,0.0,0.0,0.0,0.0,1.0,0.0,0.0,0,950.0,950.0,993.9277353177708,Y1
1.0,0.0,1.0,0.0,0.0,0.0,3.0,27.0,0.0,0,970.0,970.0,959.1631821486113,Y1
0.0,1.0,3.0,1.0,1.0,0.0,3.0,13.0,0.0,1,901.0,928.4300400173177,901.0,Y0
0.0,0.0,1.0,0.0,3.0,1.0,0.0,17.0,0.0,1,999.0,948.1161228534713,999.0,Y0
1.0,0.0,4.0,0.0,0.0,0.0,0.0,20.0,0.0,0,1020.0,1020.0,902.8757595538007,Y1
0.0,0.0,0.0,0.0,1.0,0.0,0.0,17.0,0.0,0,872.0,872.0,969.8688134300751,Y1
1.0,0.0,2.0,1.0,0.0,0.0,0.0,4.0,0.0,1,1004.0,888.2467546065759,1004.0,Y0
1.0,0.0,1.0,0.0,1.0,0.0,2.0,3.0,0.0,0,1043.0,1043.0,941.4649844520608,Y1
0.0,0.0,3.0,0.0,0.0,0.0,0.0,15.0,0.0,1,1066.0,938.9073922546987,1066.0,Y0
0.0,0.0,2.0,0.0,0.0,1.0,0.0,6.0,0.0,0,987.0,987.0,949.915236961627,Y1
0.0,0.0,2.0,0.0,0.0,1.0,0.0,10.0,0.0,0,1010.0,1010.0,935.9148207025585,Y1
1.0,1.0,2.0,1.0,2.0,1.0,0.0,22.0,0.0,0,843.0,843.0,884.8504365778554,Y1
1.0,0.0,4.0,0.0,0.0,0.0,0.0,4.0,0.0,1,823.0,905.226024094128,823.0,Y0
0.0,0.0,0.0,0.0,0.0,0.0,0.0,16.0,0.0,0,957.0,957.0,987.9049260740983,Y1
1.0,0.0,3.0,0.0,0.0,0.0,0.0,8.0,0.0,0,785.0,785.0,926.4559208318152,Y1
1.0,1.0,0.0,1.0,2.0,0.0,0.0,6.0,1.0,0,902.0,902.0,931.4472831595679,Y1
0.0,0.0,2.0,1.0,0.0,1.0,0.0,8.0,0.0,0,903.0,903.0,918.4168744283512,Y1
0.0,0.0,0.0,1.0,0.0,1.0,0.0,15.0,0.0,0,973.0,973.0,938.1431875667156,Y1
1.0,1.0,3.0,0.0,2.0,0.0,0.0,10.0,1.0,0,984.0,984.0,910.0825751799548,Y1
1.0,0.0,1.0,0.0,0.0,0.0,0.0,15.0,0.0,1,1027.0,955.5620982364123,1027.0,Y0
0.0,0.0,2.0,0.0,0.0,1.0,0.0,8.0,0.0,1,924.0,932.1746304653473,924.0,Y0
0.0,0.0,1.0,1.0,0.0,3.0,0.0,10.0,0.0,1,904.0,939.3101989769466,904.0,Y0
0.0,0.0,2.0,0.0,1.0,1.0,0.0,14.0,0.0,0,913.0,913.0,993.6295531672826,Y1
0.0,0.0,2.0,1.0,0.0,1.0,0.0,9.0,0.0,0,870.0,870.0,918.4168744283512,Y1
0.0,0.0,3.0,0.0,0.0,1.0,0.0,12.0,0.0,0,898.0,898.0,931.0888561862444,Y1
0.0,0.0,1.0,0.0,1.0,0.0,-1.0,3.0,0.0,0,899.0,899.0,989.9101321554789,Y1
0.0,1.0,0.0,1.0,2.0,0.0,0.0,6.0,1.0,1,857.0,911.6503095836731,857.0,Y0
0.0,1.0,0.0,1.0,2.0,0.0,2.0,1.0,0.0,0,847.0,847.0,892.1061973826437,Y1
1.0,1.0,0.0,1.0,2.0,0.0,0.0,6.0,1.0,1,827.0,893.4360597390399,827.0,Y0
0.0,0.0,1.0,0.0,3.0,0.0,2.0,1.0,0.0,1,963.0,984.3082873511515,963.0,Y0
0.0,0.0,5.0,0.0,3.0,1.0,0.0,8.0,0.0,0,913.0,913.0,927.7699587502153,Y1
1.0,0.0,2.0,1.0,1.0,2.0,0.0,13.0,0.0,0,924.0,924.0,893.7040068957477,Y1
0.0,0.0,2.0,0.0,0.0,0.0,0.0,10.0,0.0,0,967.0,967.0,934.6322544265715,Y1
1.0,0.0,0.0,0.0,0.0,1.0,0.0,13.0,0.0,1,859.0,935.6086931025061,859.0,Y0
0.0,0.0,2.0,1.0,0.0,1.0,0.0,9.0,0.0,1,947.0,910.0316354347175,947.0,Y0
0.0,0.0,0.0,1.0,0.0,1.0,0.0,5.0,0.0,0,808.0,808.0,935.7478383074305,Y1
0.0,0.0,3.0,0.0,0.0,1.0,0.0,13.0,0.0,0,889.0,889.0,928.7525796402895,Y1
0.0,0.0,0.0,1.0,0.0,0.0,0.0,8.0,0.0,0,874.0,874.0,930.7914041047483,Y1
0.0,1.0,1.0,1.0,2.0,0.0,-1.0,6.0,1.0,0,933.0,933.0,902.2179721427337,Y1
0.0,0.0,0.0,1.0,0.0,1.0,3.0,11.0,0.0,0,931.0,931.0,916.4348716211243,Y1
1.0,0.0,0.0,0.0,0.0,0.0,0.0,8.0,0.0,0,956.0,956.0,953.8299108700371,Y1
1.0,0.0,4.0,-1.0,0.0,0.0,0.0,19.0,-1.0,1,895.0,1028.1762126534375,895.0,Y0
0.0,1.0,3.0,1.0,2.0,0.0,0.0,20.0,1.0,0,959.0,959.0,870.4097475436097,Y1
1.0,0.0,1.0,1.0,0.0,0.0,0.0,8.0,0.0,0,998.0,998.0,921.2672522144316,Y1
0.0,0.0,0.0,0.0,0.0,1.0,0.0,5.0,0.0,0,924.0,924.0,961.3903569943986,Y1
1.0,1.0,1.0,0.0,0.0,1.0,0.0,9.0,0.0,0,973.0,973.0,930.2517129296807,Y1
0.0,0.0,0.0,1.0,0.0,1.0,0.0,10.0,0.0,0,1006.0,1006.0,919.7006408445898,Y1
0.0,1.0,0.0,1.0,1.0,0.0,-1.0,18.0,1.0,0,928.0,928.0,914.004823151366,Y1
1.0,1.0,0.0,0.0,1.0,1.0,0.0,10.0,0.0,0,918.0,918.0,907.8961271032887,Y1
1.0,1.0,3.0,1.0,2.0,0.0,-1.0,3.0,0.0,1,809.0,846.008228757475,809.0,Y0
1.0,0.0,2.0,0.0,0.0,0.0,0.0,12.0,0.0,1,1004.0,931.4350314715683,1004.0,Y0
0.0,0.0,0.0,0.0,1.0,0.0,0.0,3.0,0.0,0,927.0,927.0,986.66870700675,Y1
0.0,1.0,3.0,1.0,2.0,0.0,0.0,5.0,0.0,1,897.0,865.0560255998317,897.0,Y0
1.0,0.0,1.0,0.0,0.0,0.0,0.0,9.0,0.0,0,1112.0,1112.0,962.2783426999353,Y1
0.0,0.0,3.0,0.0,0.0,1.0,0.0,6.0,0.0,1,928.0,920.084502644515,928.0,Y0
0.0,1.0,3.0,0.0,1.0,0.0,-1.0,12.0,1.0,0,863.0,863.0,895.1271415793875,Y1
0.0,0.0,4.0,1.0,0.0,1.0,0.0,8.0,1.0,0,839.0,839.0,906.6293791347515,Y1
0.0,0.0,3.0,0.0,1.0,0.0,0.0,10.0,0.0,1,936.0,943.0089398446337,936.0,Y0
1.0,0.0,2.0,1.0,0.0,2.0,0.0,8.0,0.0,1,851.0,892.6806655108524,851.0,Y0
0.0,1.0,3.0,1.0,2.0,1.0,0.0,22.0,0.0,0,832.0,832.0,861.8368825225465,Y1
1.0,0.0,0.0,0.0,0.0,0.0,0.0,2.0,0.0,0,923.0,923.0,950.4050550676772,Y1
0.0,1.0,0.0,1.0,2.0,0.0,0.0,11.0,0.0,0,1032.0,1032.0,924.460878006417,Y1
1.0,1.0,0.0,1.0,2.0,0.0,1.0,0.0,1.0,0,881.0,881.0,1006.4782512031057,Y1
0.0,0.0,0.0,1.0,1.0,0.0,1.0,14.0,0.0,0,906.0,906.0,964.5570140394849,Y1
0.0,1.0,2.0,1.0,2.0,0.0,0.0,20.0,1.0,0,954.0,954.0,886.0505743725163,Y1
1.0,1.0,3.0,1.0,1.0,0.0,2.0,1.0,1.0,0,893.0,893.0,861.1643301428794,Y1
1.0,0.0,1.0,0.0,3.0,0.0,1.0,0.0,0.0,0,947.0,947.0,999.8215369064758,Y1
0.0,1.0,0.0,1.0,2.0,0.0,0.0,7.0,0.0,0,921.0,921.0,949.238022838757,Y1
1.0,0.0,1.0,0.0,0.0,0.0,0.0,7.0,0.0,1,1016.0,930.6889758741388,1016.0,Y0
1.0,1.0,3.0,1.0,2.0,1.0,0.0,7.0,0.0,0,910.0,910.0,871.514344091051,Y1
1.0,1.0,7.0,1.0,1.0,1.0,0.0,15.0,1.0,0,892.0,892.0,895.7836075981271,Y1
1.0,1.0,3.0,0.0,1.0,0.0,0.0,7.0,0.0,0,839.0,839.0,946.1716553543831,Y1
0.0,1.0,2.0,1.0,2.0,0.0,1.0,0.0,0.0,0,934.0,934.0,962.7540412376143,Y1
0.0,0.0,2.0,0.0,0.0,0.0,0.0,21.0,0.0,1,937.0,942.8670385670441,937.0,Y0
1.0,1.0,1.0,1.0,2.0,0.0,1.0,0.0,0.0,0,1026.0,1026.0,993.4986104536509,Y1
0.0,1.0,3.0,0.0,3.0,1.0,0.0,12.0,0.0,0,884.0,884.0,885.3411162936802,Y1
1.0,0.0,1.0,1.0,0.0,1.0,0.0,12.0,0.0,1,948.0,916.5166563058707,948.0,Y0
0.0,0.0,0.0,1.0,0.0,1.0,0.0,20.0,0.0,0,1032.0,1032.0,916.5654729224929,Y1
1.0,0.0,0.0,0.0,0.0,1.0,0.0,5.0,0.0,0,1164.0,1164.0,953.9915881205379,Y1
0.0,1.0,3.0,1.0,2.0,1.0,0.0,10.0,1.0,0,828.0,828.0,868.7341946269931,Y1
1.0,0.0,3.0,1.0,0.0,1.0,0.0,11.0,0.0,0,884.0,884.0,889.2679931220875,Y1
0.0,1.0,2.0,1.0,2.0,0.0,0.0,12.0,1.0,0,995.0,995.0,910.5352134379286,Y1
1.0,1.0,2.0,1.0,2.0,0.0,0.0,9.0,0.0,0,834.0,834.0,892.7169279958796,Y1
1.0,2.0,2.0,0.0,1.0,0.0,0.0,0.0,0.0,0,867.0,867.0,982.69603360627,Y1
0.0,1.0,0.0,0.0,1.0,0.0,2.0,1.0,1.0,0,940.0,940.0,922.0686323865742,Y1
1.0,0.0,2.0,0.0,0.0,0.0,2.0,1.0,0.0,1,854.0,919.7182657490041,854.0,Y0
0.0,0.0,1.0,1.0,0.0,1.0,0.0,9.0,0.0,0,923.0,923.0,936.2747871868447,Y1
1.0,0.0,1.0,0.0,1.0,0.0,0.0,5.0,0.0,1,989.0,944.7011300273947,989.0,Y0
0.0,0.0,0.0,-1.0,0.0,0.0,0.0,15.0,-1.0,0,1008.0,1008.0,934.065628178236,Y1
0.0,1.0,1.0,1.0,1.0,0.0,0.0,3.0,0.0,1,996.0,902.7777938987097,996.0,Y0
0.0,1.0,3.0,0.0,1.0,0.0,0.0,8.0,1.0,0,885.0,885.0,925.9960041542955,Y1
0.0,1.0,0.0,1.0,2.0,0.0,2.0,1.0,0.0,1,879.0,910.944697766143,879.0,Y0
1.0,0.0,0.0,1.0,0.0,0.0,2.0,2.0,0.0,0,860.0,860.0,888.3007416616803,Y1
1.0,2.0,2.0,0.0,1.0,0.0,0.0,17.0,0.0,0,1002.0,1002.0,920.1471226577684,Y1
0.0,0.0,3.0,0.0,0.0,1.0,0.0,13.0,0.0,0,897.0,897.0,928.7525796402895,Y1
0.0,0.0,2.0,1.0,2.0,0.0,0.0,9.0,0.0,0,875.0,875.0,913.9808267035648,Y1
1.0,0.0,0.0,0.0,0.0,0.0,0.0,8.0,0.0,0,870.0,870.0,953.8299108700371,Y1
0.0,0.0,2.0,1.0,3.0,0.0,0.0,13.0,0.0,0,873.0,873.0,927.6328224240984,Y1
0.0,0.0,0.0,1.0,0.0,1.0,0.0,9.0,0.0,0,929.0,929.0,927.5973390505267,Y1
1.0,0.0,1.0,1.0,0.0,0.0,0.0,10.0,0.0,0,899.0,899.0,912.5939310997768,Y1
0.0,0.0,3.0,0.0,1.0,0.0,1.0,14.0,0.0,0,1113.0,1113.0,996.2092168548123,Y1
0.0,1.0,1.0,1.0,1.0,1.0,0.0,10.0,0.0,0,923.0,923.0,896.3812307138652,Y1
1.0,1.0,1.0,1.0,2.0,0.0,-1.0,2.0,0.0,0,860.0,860.0,855.3266390556319,Y1
1.0,1.0,1.0,0.0,2.0,0.0,2.0,1.0,0.0,1,879.0,927.9029035941338,879.0,Y0
1.0,1.0,0.0,0.0,1.0,0.0,0.0,7.0,0.0,0,905.0,905.0,966.1525579958275,Y1
1.0,0.0,3.0,0.0,0.0,0.0,-1.0,9.0,0.0,0,893.0,893.0,890.8205466038024,Y1
1.0,0.0,2.0,0.0,0.0,0.0,0.0,4.0,0.0,1,942.0,904.6758918003765,942.0,Y0
0.0,0.0,3.0,0.0,0.0,0.0,0.0,9.0,0.0,0,914.0,914.0,931.1566187312003,Y1
1.0,1.0,3.0,1.0,2.0,1.0,0.0,11.0,1.0,0,862.0,862.0,868.6562194590351,Y1
0.0,1.0,0.0,1.0,3.0,0.0,1.0,1.0,0.0,1,836.0,911.1378964909284,836.0,Y0
1.0,0.0,3.0,1.0,0.0,0.0,1.0,0.0,0.0,0,946.0,946.0,970.8686431412776,Y1
1.0,0.0,1.0,1.0,0.0,0.0,1.0,0.0,0.0,0,909.0,909.0,969.1566939687472,Y1
0.0,1.0,1.0,0.0,0.0,0.0,2.0,3.0,0.0,1,841.0,929.4550690720874,841.0,Y0
0.0,1.0,1.0,1.0,2.0,1.0,0.0,15.0,1.0,0,906.0,906.0,921.6287868405469,Y1
0.0,1.0,2.0,1.0,1.0,0.0,0.0,3.0,0.0,1,881.0,885.4461490417151,881.0,Y0
0.0,0.0,2.0,0.0,0.0,1.0,0.0,13.0,0.0,0,878.0,878.0,943.5605231662839,Y1
0.0,0.0,0.0,1.0,0.0,1.0,0.0,10.0,0.0,0,867.0,867.0,919.7006408445898,Y1
1.0,1.0,0.0,0.0,2.0,1.0,1.0,3.0,1.0,0,911.0,911.0,966.4515255381915,Y1
1.0,0.0,3.0,0.0,0.0,0.0,0.0,3.0,0.0,0,834.0,834.0,945.5718198546529,Y1
1.0,0.0,1.0,0.0,0.0,0.0,0.0,10.0,0.0,0,1062.0,1062.0,954.103920366036,Y1
0.0,0.0,2.0,1.0,0.0,1.0,3.0,11.0,0.0,0,912.0,912.0,897.9819672437419,Y1
0.0,0.0,0.0,0.0,1.0,0.0,2.0,3.0,0.0,0,851.0,851.0,927.8636003518067,Y1
1.0,0.0,3.0,0.0,0.0,1.0,0.0,5.0,0.0,0,863.0,863.0,935.8128958268499,Y1
1.0,0.0,3.0,0.0,0.0,1.0,0.0,11.0,0.0,0,849.0,849.0,924.7883128464837,Y1
1.0,0.0,8.0,1.0,3.0,1.0,0.0,12.0,0.0,1,867.0,880.9944121581061,867.0,Y0
1.0,0.0,3.0,1.0,1.0,1.0,0.0,14.0,0.0,0,964.0,964.0,924.620355881918,Y1
1.0,1.0,3.0,1.0,2.0,0.0,0.0,6.0,0.0,0,839.0,839.0,914.5523276129793,Y1
1.0,1.0,0.0,0.0,1.0,0.0,0.0,11.0,1.0,1,989.0,947.1664577599169,989.0,Y0
0.0,0.0,3.0,1.0,0.0,0.0,0.0,8.0,0.0,0,822.0,822.0,895.8226508756717,Y1
0.0,0.0,2.0,0.0,1.0,0.0,0.0,18.0,0.0,0,912.0,912.0,985.1364505160988,Y1
0.0,0.0,1.0,0.0,0.0,0.0,0.0,16.0,0.0,0,943.0,943.0,993.3945139147212,Y1
1.0,1.0,2.0,1.0,2.0,0.0,2.0,1.0,1.0,0,896.0,896.0,868.1122422859735,Y1
1.0,0.0,4.0,0.0,1.0,0.0,0.0,15.0,0.0,0,854.0,854.0,971.5103261069688,Y1
0.0,0.0,0.0,1.0,0.0,0.0,0.0,10.0,0.0,0,937.0,937.0,922.8947058988114,Y1
1.0,1.0,3.0,0.0,2.0,0.0,0.0,20.0,1.0,0,967.0,967.0,887.8568599357047,Y1
1.0,0.0,3.0,1.0,1.0,0.0,2.0,1.0,1.0,0,1000.0,1000.0,867.617255534044,Y1
1.0,1.0,5.0,1.0,2.0,0.0,1.0,9.0,1.0,1,940.0,914.559786862013,940.0,Y0
1.0,0.0,3.0,0.0,0.0,1.0,0.0,15.0,0.0,1,866.0,932.7339509456392,866.0,Y0
1.0,0.0,1.0,1.0,0.0,0.0,0.0,8.0,0.0,0,1012.0,1012.0,921.2672522144316,Y1
0.0,1.0,2.0,1.0,1.0,0.0,-1.0,4.0,0.0,0,896.0,896.0,965.3425382581847,Y1
0.0,0.0,2.0,1.0,0.0,0.0,0.0,4.0,0.0,0,939.0,939.0,964.2506993797745,Y1
1.0,1.0,2.0,0.0,1.0,0.0,0.0,16.0,1.0,1,947.0,946.782016729354,947.0,Y0
0.0,0.0,2.0,0.0,1.0,1.0,0.0,13.0,0.0,0,921.0,921.0,943.6527620686094,Y1
1.0,0.0,2.0,1.0,0.0,0.0,0.0,4.0,0.0,0,879.0,879.0,961.6015690415226,Y1
1.0,0.0,0.0,1.0,0.0,1.0,0.0,9.0,0.0,1,962.0,908.3684408328819,962.0,Y0
0.0,1.0,0.0,0.0,3.0,2.0,0.0,13.0,0.0,0,872.0,872.0,1002.8033156687644,Y1
0.0,1.0,0.0,1.0,1.0,0.0,2.0,1.0,1.0,0,962.0,962.0,912.0759856473605,Y1
0.0,1.0,3.0,0.0,2.0,0.0,0.0,9.0,1.0,0,857.0,857.0,924.9594354056296,Y1
1.0,0.0,0.0,1.0,0.0,0.0,0.0,4.0,0.0,0,1022.0,1022.0,964.4357859398178,Y1
1.0,1.0,3.0,1.0,1.0,0.0,0.0,12.0,1.0,1,1046.0,917.6923128140139,1046.0,Y0
1.0,0.0,0.0,0.0,0.0,0.0,0.0,11.0,0.0,0,850.0,850.0,961.1670477627999,Y1
0.0,1.0,0.0,1.0,2.0,0.0,1.0,1.0,0.0,1,913.0,904.4023341280705,913.0,Y0
0.0,0.0,1.0,0.0,0.0,1.0,0.0,8.0,0.0,0,960.0,960.0,969.364085976488,Y1
0.0,1.0,1.0,1.0,2.0,0.0,-1.0,2.0,0.0,0,854.0,854.0,875.1864761829444,Y1
1.0,0.0,0.0,0.0,3.0,0.0,0.0,11.0,0.0,1,923.0,942.7530606682052,923.0,Y0
1.0,0.0,0.0,0.0,1.0,1.0,0.0,13.0,0.0,0,1020.0,1020.0,942.642913028403,Y1
0.0,0.0,2.0,1.0,1.0,1.0,0.0,14.0,1.0,1,1024.0,935.5770489115472,1024.0,Y0
0.0,0.0,2.0,1.0,0.0,1.0,0.0,6.0,0.0,1,921.0,910.8592502404575,921.0,Y0
1.0,0.0,0.0,0.0,1.0,0.0,0.0,11.0,0.0,0,816.0,816.0,958.8162616807549,Y1
0.0,0.0,0.0,0.0,0.0,1.0,0.0,12.0,0.0,0,1120.0,1120.0,960.9635313075233,Y1
1.0,0.0,1.0,1.0,0.0,1.0,0.0,6.0,0.0,1,906.0,913.3974805472297,906.0,Y0
1.0,0.0,1.0,0.0,0.0,0.0,0.0,4.0,0.0,1,1017.0,932.9258735645744,1017.0,Y0
1.0,1.0,0.0,1.0,1.0,1.0,0.0,15.0,1.0,0,927.0,927.0,894.1526495900634,Y1
0.0,0.0,3.0,1.0,0.0,1.0,0.0,5.0,0.0,0,877.0,877.0,908.3749628018053,Y1
1.0,1.0,3.0,1.0,2.0,0.0,0.0,9.0,0.0,1,851.0,860.2922866423796,851.0,Y0
1.0,0.0,0.0,0.0,0.0,0.0,2.0,1.0,0.0,1,849.0,924.695072682553,849.0,Y0
1.0,1.0,0.0,1.0,2.0,0.0,2.0,1.0,0.0,0,891.0,891.0,872.8116377149894,Y1
1.0,1.0,1.0,1.0,0.0,0.0,3.0,10.0,0.0,0,954.0,954.0,885.9596349133428,Y1
0.0,0.0,0.0,1.0,0.0,0.0,0.0,3.0,0.0,0,944.0,944.0,954.2739197779932,Y1
0.0,1.0,0.0,0.0,0.0,0.0,0.0,12.0,0.0,1,1116.0,935.9644212850757,1116.0,Y0
0.0,0.0,2.0,0.0,1.0,1.0,0.0,8.0,0.0,1,934.0,935.1475362767933,934.0,Y0
0.0,1.0,3.0,0.0,1.0,0.0,0.0,21.0,1.0,0,946.0,946.0,894.2296980296987,Y1
0.0,0.0,3.0,0.0,0.0,1.0,0.0,12.0,0.0,1,876.0,927.6754331749204,876.0,Y0
1.0,0.0,1.0,0.0,1.0,0.0,-1.0,15.0,0.0,1,881.0,915.0835050127669,881.0,Y0
0.0,0.0,0.0,1.0,0.0,1.0,0.0,8.0,0.0,0,894.0,894.0,927.5973390505267,Y1
0.0,1.0,0.0,1.0,2.0,0.0,2.0,1.0,1.0,0,927.0,927.0,913.0633246758126,Y1
1.0,0.0,4.0,0.0,1.0,1.0,0.0,20.0,0.0,1,880.0,1001.4546876967494,880.0,Y0
1.0,0.0,1.0,0.0,0.0,0.0,0.0,6.0,0.0,1,978.0,937.6500007048871,978.0,Y0
0.0,0.0,2.0,1.0,0.0,0.0,0.0,9.0,0.0,0,952.0,952.0,916.455793080512,Y1
1.0,1.0,2.0,0.0,2.0,0.0,0.0,9.0,1.0,0,905.0,905.0,920.2356824899172,Y1
1.0,0.0,3.0,0.0,0.0,0.0,-1.0,5.0,0.0,0,944.0,944.0,910.5163887503037,Y1
1.0,1.0,3.0,1.0,2.0,0.0,0.0,6.0,0.0,0,815.0,815.0,914.5523276129793,Y1
0.0,1.0,2.0,1.0,2.0,0.0,1.0,0.0,1.0,0,889.0,889.0,974.5769053041843,Y1
1.0,1.0,3.0,1.0,1.0,0.0,-1.0,4.0,0.0,0,883.0,883.0,939.7147821844342,Y1
0.0,0.0,3.0,0.0,0.0,0.0,0.0,14.0,0.0,1,1136.0,938.9073922546987,1136.0,Y0
1.0,1.0,0.0,1.0,2.0,0.0,0.0,12.0,0.0,0,841.0,841.0,904.597259021059,Y1
0.0,1.0,3.0,1.0,2.0,1.0,0.0,22.0,0.0,0,852.0,852.0,861.8368825225465,Y1
0.0,0.0,3.0,0.0,0.0,0.0,2.0,2.0,0.0,1,967.0,930.0388336562125,967.0,Y0
1.0,0.0,3.0,1.0,0.0,0.0,0.0,13.0,0.0,0,868.0,868.0,888.4574778244947,Y1
1.0,0.0,3.0,0.0,1.0,0.0,0.0,8.0,0.0,0,904.0,904.0,930.1054938220914,Y1
0.0,1.0,0.0,1.0,0.0,1.0,0.0,6.0,0.0,0,983.0,983.0,916.5174470296489,Y1
1.0,0.0,3.0,0.0,1.0,0.0,-1.0,3.0,0.0,1,962.0,901.3825424363657,962.0,Y0
0.0,0.0,2.0,0.0,0.0,0.0,0.0,15.0,0.0,1,903.0,958.9679236965634,903.0,Y0
1.0,1.0,0.0,1.0,0.0,2.0,0.0,12.0,0.0,0,842.0,842.0,863.1244109788006,Y1
0.0,0.0,3.0,1.0,1.0,0.0,-1.0,2.0,0.0,0,871.0,871.0,901.1733012695463,Y1
1.0,0.0,3.0,0.0,0.0,1.0,0.0,9.0,0.0,0,887.0,887.0,925.6213844670748,Y1
0.0,0.0,2.0,0.0,0.0,1.0,0.0,17.0,0.0,0,931.0,931.0,957.2346595204905,Y1
1.0,0.0,1.0,0.0,1.0,0.0,0.0,14.0,0.0,1,847.0,961.35573170334,847.0,Y0
0.0,0.0,1.0,0.0,1.0,0.0,0.0,17.0,0.0,0,901.0,901.0,975.8090158976738,Y1
0.0,0.0,2.0,0.0,1.0,1.0,4.0,15.0,0.0,0,1021.0,1021.0,972.5200565213901,Y1
1.0,1.0,3.0,1.0,2.0,0.0,0.0,6.0,1.0,0,875.0,875.0,919.4933577939439,Y1
0.0,0.0,1.0,0.0,1.0,0.0,0.0,8.0,1.0,0,931.0,931.0,971.3410940840698,Y1
1.0,0.0,2.0,1.0,0.0,0.0,0.0,9.0,0.0,0,932.0,932.0,908.4991304064639,Y1
0.0,1.0,0.0,1.0,1.0,0.0,-1.0,4.0,0.0,0,997.0,997.0,968.6020883746959,Y1
0.0,0.0,0.0,0.0,0.0,1.0,0.0,13.0,0.0,0,1001.0,1001.0,960.8332380289927,Y1
1.0,0.0,3.0,0.0,0.0,0.0,2.0,3.0,1.0,0,862.0,862.0,886.896973194989,Y1
0.0,0.0,2.0,0.0,0.0,0.0,0.0,13.0,0.0,0,894.0,894.0,948.5089697846608,Y1
1.0,1.0,3.0,1.0,2.0,1.0,0.0,5.0,0.0,0,907.0,907.0,877.8493603564071,Y1
0.0,0.0,0.0,0.0,1.0,0.0,0.0,11.0,0.0,1,923.0,954.5634843545002,923.0,Y0
0.0,0.0,2.0,1.0,0.0,0.0,0.0,7.0,0.0,1,993.0,900.4771522628816,993.0,Y0
0.0,1.0,3.0,1.0,2.0,0.0,0.0,10.0,1.0,0,896.0,896.0,885.8465562399289,Y1
0.0,0.0,0.0,0.0,0.0,1.0,0.0,12.0,0.0,1,909.0,958.1201496533145,909.0,Y0
1.0,1.0,0.0,0.0,2.0,0.0,0.0,9.0,1.0,0,866.0,866.0,940.9219495823859,Y1
0.0,1.0,2.0,1.0,2.0,1.0,1.0,6.0,0.0,0,680.0,680.0,908.1087545224917,Y1
1.0,0.0,1.0,0.0,0.0,0.0,2.0,1.0,0.0,0,871.0,871.0,916.5228524411355,Y1
1.0,1.0,3.0,1.0,2.0,0.0,0.0,3.0,1.0,1,1120.0,859.3086934954664,1120.0,Y0
0.0,0.0,0.0,0.0,0.0,0.0,2.0,1.0,0.0,0,936.0,936.0,902.6317814577485,Y1
1.0,1.0,3.0,1.0,1.0,0.0,0.0,0.0,0.0,0,847.0,847.0,993.5841622583193,Y1
0.0,0.0,1.0,0.0,0.0,1.0,0.0,8.0,0.0,1,1013.0,956.9243398769006,1013.0,Y0
1.0,0.0,0.0,0.0,0.0,0.0,0.0,6.0,0.0,1,984.0,929.805262212558,984.0,Y0
1.0,0.0,1.0,0.0,0.0,0.0,0.0,11.0,0.0,0,1003.0,1003.0,968.7078343026606,Y1
0.0,1.0,2.0,1.0,2.0,1.0,0.0,15.0,1.0,0,901.0,901.0,905.5239290489363,Y1
1.0,1.0,3.0,1.0,2.0,0.0,-1.0,10.0,1.0,0,978.0,978.0,875.9321303604867,Y1
0.0,0.0,0.0,0.0,0.0,1.0,0.0,3.0,0.0,0,1005.0,1005.0,962.6910883147306,Y1
1.0,0.0,3.0,0.0,3.0,0.0,0.0,5.0,0.0,0,799.0,799.0,933.2980625697602,Y1
1.0,0.0,2.0,1.0,2.0,0.0,0.0,9.0,1.0,0,832.0,832.0,907.5696506422051,Y1
0.0,0.0,0.0,0.0,0.0,0.0,0.0,11.0,0.0,0,990.0,990.0,971.2299837364817,Y1
1.0,0.0,1.0,0.0,0.0,1.0,0.0,5.0,0.0,0,930.0,930.0,969.0365958171512,Y1
0.0,0.0,0.0,0.0,0.0,0.0,0.0,13.0,0.0,0,1206.0,1206.0,970.3921194443219,Y1
0.0,0.0,0.0,1.0,0.0,1.0,0.0,13.0,0.0,1,889.0,908.0099674313083,889.0,Y0
0.0,1.0,3.0,1.0,2.0,0.0,0.0,24.0,1.0,0,997.0,997.0,854.094578010558,Y1
1.0,0.0,3.0,0.0,1.0,2.0,0.0,13.0,0.0,0,886.0,886.0,948.1994569842338,Y1
1.0,0.0,1.0,0.0,1.0,1.0,0.0,7.0,0.0,1,916.0,941.0774866023277,916.0,Y0
0.0,1.0,0.0,1.0,2.0,0.0,0.0,11.0,0.0,0,1044.0,1044.0,924.460878006417,Y1
1.0,0.0,4.0,0.0,0.0,1.0,0.0,8.0,0.0,1,945.0,904.6742981091342,945.0,Y0
0.0,0.0,4.0,0.0,0.0,1.0,0.0,5.0,0.0,1,820.0,918.5741532351221,820.0,Y0
0.0,0.0,0.0,0.0,1.0,0.0,0.0,7.0,0.0,0,963.0,963.0,979.0379615693282,Y1
0.0,0.0,0.0,1.0,0.0,0.0,0.0,14.0,0.0,0,976.0,976.0,964.3992986481561,Y1
1.0,0.0,1.0,1.0,0.0,0.0,0.0,4.0,0.0,1,933.0,904.3772850686447,933.0,Y0
1.0,0.0,3.0,0.0,1.0,0.0,0.0,17.0,0.0,0,962.0,962.0,942.4217035770539,Y1
1.0,1.0,2.0,0.0,2.0,0.0,1.0,9.0,1.0,1,954.0,912.1955526995414,954.0,Y0
0.0,0.0,0.0,0.0,0.0,1.0,0.0,17.0,0.0,0,908.0,908.0,967.4502178445862,Y1
1.0,0.0,0.0,0.0,0.0,1.0,0.0,8.0,0.0,1,902.0,925.6331434412743,902.0,Y0
0.0,0.0,8.0,1.0,1.0,0.0,0.0,11.0,0.0,1,900.0,886.0063865434759,900.0,Y0
1.0,0.0,3.0,0.0,0.0,0.0,0.0,15.0,0.0,1,883.0,934.7412042132586,883.0,Y0
1.0,0.0,2.0,0.0,0.0,1.0,0.0,13.0,0.0,0,888.0,888.0,929.9045251009297,Y1
0.0,1.0,3.0,1.0,2.0,0.0,2.0,2.0,1.0,1,895.0,893.7009454677302,895.0,Y0
1.0,0.0,1.0,0.0,0.0,1.0,0.0,8.0,0.0,1,909.0,933.4778819336035,909.0,Y0
1.0,0.0,1.0,0.0,0.0,1.0,0.0,10.0,0.0,0,1054.0,1054.0,955.386486642023,Y1
1.0,0.0,0.0,0.0,0.0,0.0,0.0,4.0,0.0,1,976.0,925.0811350722453,976.0,Y0
1.0,0.0,3.0,0.0,1.0,0.0,1.0,0.0,0.0,1,966.0,913.6026178072709,966.0,Y0
1.0,0.0,3.0,0.0,1.0,0.0,0.0,18.0,0.0,0,996.0,996.0,971.6848280333141,Y1
1.0,1.0,1.0,0.0,1.0,0.0,-1.0,0.0,0.0,0,931.0,931.0,976.1342170389931,Y1
1.0,1.0,2.0,0.0,1.0,0.0,-1.0,4.0,0.0,0,892.0,892.0,974.9859700562587,Y1
0.0,1.0,1.0,1.0,2.0,1.0,4.0,12.0,0.0,1,906.0,971.0858279784131,906.0,Y0
1.0,0.0,0.0,0.0,0.0,0.0,0.0,5.0,0.0,0,981.0,981.0,971.1839902628706,Y1
0.0,0.0,2.0,0.0,0.0,1.0,0.0,4.0,0.0,1,972.0,938.8213813216316,972.0,Y0
1.0,1.0,3.0,1.0,2.0,0.0,0.0,3.0,1.0,1,983.0,859.3086934954664,983.0,Y0
1.0,1.0,0.0,0.0,1.0,0.0,0.0,21.0,0.0,1,927.0,940.7757451281929,927.0,Y0
1.0,0.0,3.0,0.0,0.0,0.0,0.0,12.0,0.0,0,959.0,959.0,930.8366985333331,Y1
1.0,0.0,2.0,0.0,0.0,1.0,0.0,5.0,0.0,0,885.0,885.0,947.1625226902695,Y1
1.0,1.0,1.0,1.0,2.0,1.0,0.0,22.0,0.0,0,901.0,901.0,904.4715066478918,Y1
1.0,0.0,1.0,0.0,3.0,0.0,0.0,14.0,0.0,0,1061.0,1061.0,1012.1951871921655,Y1
1.0,0.0,3.0,0.0,3.0,0.0,0.0,3.0,0.0,0,942.0,942.0,947.3189268168915,Y1
0.0,1.0,3.0,1.0,2.0,1.0,4.0,12.0,0.0,1,870.0,939.9402783183612,870.0,Y0
0.0,1.0,2.0,1.0,2.0,1.0,0.0,15.0,1.0,0,890.0,890.0,905.5239290489363,Y1
1.0,0.0,1.0,1.0,1.0,1.0,0.0,7.0,0.0,1,830.0,912.1111027488222,830.0,Y0
1.0,0.0,3.0,1.0,0.0,0.0,1.0,0.0,0.0,0,875.0,875.0,970.8686431412776,Y1
0.0,1.0,1.0,1.0,3.0,1.0,0.0,4.0,0.0,0,939.0,939.0,933.7084541489579,Y1
0.0,1.0,3.0,1.0,2.0,0.0,0.0,3.0,1.0,0,885.0,885.0,968.3085897819681,Y1
1.0,1.0,3.0,1.0,2.0,1.0,0.0,17.0,0.0,0,762.0,762.0,868.947265430412,Y1
1.0,0.0,1.0,1.0,1.0,1.0,0.0,14.0,0.0,0,897.0,897.0,944.7932494304529,Y1
0.0,0.0,1.0,0.0,0.0,1.0,0.0,13.0,0.0,1,933.0,956.6837669728925,933.0,Y0
0.0,1.0,0.0,1.0,2.0,0.0,2.0,2.0,1.0,1,867.0,906.364092379523,867.0,Y0
0.0,0.0,3.0,0.0,0.0,1.0,0.0,8.0,0.0,0,876.0,876.0,930.3220823664599,Y1
0.0,0.0,3.0,1.0,0.0,1.0,0.0,21.0,0.0,0,908.0,908.0,879.719472725475,Y1
0.0,0.0,1.0,1.0,0.0,0.0,2.0,2.0,0.0,0,968.0,968.0,911.6607127112511,Y1
1.0,1.0,5.0,0.0,1.0,0.0,-1.0,4.0,0.0,0,816.0,816.0,969.2514050839351,Y1
1.0,1.0,0.0,1.0,2.0,0.0,0.0,10.0,1.0,0,996.0,996.0,893.6142958739451,Y1
0.0,0.0,3.0,0.0,0.0,1.0,0.0,17.0,0.0,0,903.0,903.0,941.37751682612,Y1
1.0,0.0,2.0,1.0,0.0,1.0,0.0,8.0,0.0,0,789.0,789.0,910.4602117543031,Y1
1.0,0.0,2.0,0.0,0.0,0.0,-1.0,6.0,0.0,1,931.0,928.2132917842366,931.0,Y0
1.0,0.0,2.0,0.0,0.0,0.0,0.0,11.0,0.0,0,845.0,845.0,941.0333576318966,Y1
0.0,1.0,1.0,1.0,1.0,1.0,0.0,24.0,0.0,0,909.0,909.0,889.5270643138862,Y1
1.0,0.0,0.0,1.0,0.0,1.0,0.0,6.0,0.0,1,873.0,906.9226360295471,873.0,Y0
1.0,1.0,0.0,1.0,2.0,1.0,2.0,24.0,0.0,0,1054.0,1054.0,886.3899397697688,Y1
0.0,0.0,1.0,0.0,0.0,1.0,0.0,21.0,0.0,0,1031.0,1031.0,975.6249789752962,Y1
1.0,1.0,2.0,1.0,2.0,0.0,2.0,2.0,1.0,1,912.0,884.1495594100692,912.0,Y0
1.0,0.0,4.0,0.0,1.0,1.0,0.0,18.0,0.0,1,1099.0,969.2982367788051,1099.0,Y0
1.0,0.0,4.0,0.0,0.0,1.0,0.0,8.0,0.0,1,925.0,904.6742981091342,925.0,Y0
1.0,0.0,0.0,1.0,0.0,0.0,2.0,2.0,0.0,0,900.0,900.0,888.3007416616803,Y1
1.0,0.0,2.0,0.0,1.0,0.0,0.0,12.0,0.0,0,936.0,936.0,941.125596534222,Y1
0.0,1.0,0.0,1.0,0.0,2.0,0.0,12.0,0.0,0,940.0,940.0,881.7124131826662,Y1
1.0,1.0,3.0,1.0,2.0,0.0,2.0,1.0,1.0,0,902.0,902.0,860.939917954288,Y1
1.0,0.0,7.0,1.0,3.0,0.0,0.0,5.0,0.0,0,852.0,852.0,877.9913881344937,Y1
1.0,0.0,1.0,0.0,3.0,0.0,0.0,5.0,0.0,0,914.0,914.0,970.4608925495043,Y1
1.0,0.0,1.0,1.0,0.0,0.0,-1.0,4.0,0.0,0,855.0,855.0,972.7667338383477,Y1
1.0,0.0,3.0,1.0,0.0,1.0,0.0,8.0,0.0,1,954.0,871.878174921586,954.0,Y0
0.0,1.0,3.0,1.0,2.0,0.0,1.0,0.0,0.0,0,953.0,953.0,968.6046753705615,Y1
0.0,0.0,7.0,1.0,0.0,0.0,0.0,13.0,0.0,0,805.0,805.0,898.7854806966549,Y1
1.0,1.0,0.0,1.0,2.0,0.0,-1.0,2.0,0.0,0,828.0,828.0,836.3576113057062,Y1
1.0,0.0,3.0,1.0,0.0,1.0,0.0,6.0,0.0,1,857.0,880.346362031142,857.0,Y0
1.0,1.0,0.0,0.0,2.0,0.0,0.0,9.0,1.0,0,923.0,923.0,940.9219495823859,Y1
0.0,0.0,1.0,1.0,0.0,0.0,0.0,27.0,0.0,1,859.0,907.219611708405,859.0,Y0
1.0,0.0,1.0,0.0,0.0,0.0,0.0,19.0,0.0,0,983.0,983.0,969.9778267405651,Y1
1.0,1.0,3.0,1.0,2.0,1.0,0.0,7.0,0.0,0,908.0,908.0,871.514344091051,Y1
1.0,1.0,5.0,1.0,2.0,0.0,0.0,3.0,1.0,1,1096.0,888.5468443906263,1096.0,Y0
1.0,0.0,1.0,0.0,0.0,3.0,0.0,14.0,0.0,1,1191.0,957.3959563333996,1191.0,Y0
0.0,0.0,0.0,0.0,0.0,0.0,2.0,1.0,0.0,1,894.0,949.4753396136376,894.0,Y0
1.0,0.0,2.0,0.0,0.0,0.0,0.0,10.0,0.0,0,1051.0,1051.0,928.4781575964795,Y1
0.0,1.0,4.0,1.0,2.0,1.0,1.0,6.0,0.0,0,815.0,815.0,899.0787274056776,Y1
0.0,0.0,3.0,0.0,3.0,1.0,0.0,6.0,0.0,0,864.0,864.0,923.3647748104244,Y1
0.0,0.0,0.0,0.0,0.0,1.0,0.0,9.0,0.0,1,1057.0,955.88116384542,1057.0,Y0
0.0,0.0,1.0,0.0,0.0,0.0,0.0,15.0,0.0,0,870.0,870.0,984.9124618384556,Y1
1.0,0.0,2.0,0.0,0.0,0.0,0.0,13.0,0.0,0,1069.0,1069.0,934.8529717193067,Y1
1.0,1.0,2.0,1.0,2.0,0.0,0.0,11.0,0.0,1,962.0,867.7791797852291,962.0,Y0
1.0,0.0,2.0,0.0,0.0,1.0,0.0,9.0,0.0,0,918.0,918.0,937.9351462063656,Y1
1.0,0.0,7.0,0.0,0.0,0.0,0.0,16.0,0.0,0,939.0,939.0,952.3099701698817,Y1
1.0,1.0,1.0,1.0,2.0,0.0,2.0,2.0,0.0,1,1008.0,903.8575369269214,1008.0,Y0
1.0,1.0,0.0,0.0,2.0,1.0,2.0,24.0,0.0,0,1077.0,1077.0,901.1818821204861,Y1
0.0,0.0,1.0,0.0,1.0,0.0,-1.0,15.0,0.0,1,940.0,928.705567110575,940.0,Y0
0.0,0.0,0.0,0.0,0.0,0.0,3.0,27.0,0.0,0,924.0,924.0,949.9263008514484,Y1
1.0,0.0,0.0,0.0,0.0,0.0,0.0,12.0,0.0,1,878.0,942.516798333518,878.0,Y0
1.0,1.0,3.0,1.0,0.0,1.0,0.0,10.0,0.0,0,818.0,818.0,854.5935061249363,Y1
0.0,1.0,1.0,1.0,2.0,0.0,0.0,3.0,1.0,0,889.0,889.0,1000.7813548050743,Y1
0.0,0.0,1.0,1.0,0.0,0.0,0.0,2.0,0.0,0,881.0,881.0,929.0122458196433,Y1
0.0,0.0,0.0,1.0,0.0,1.0,0.0,12.0,0.0,0,811.0,811.0,929.0968386949165,Y1
1.0,0.0,0.0,0.0,1.0,1.0,4.0,15.0,0.0,0,987.0,987.0,959.5383027042972,Y1
0.0,1.0,1.0,1.0,2.0,0.0,-1.0,2.0,0.0,0,867.0,867.0,875.1864761829444,Y1
1.0,1.0,1.0,1.0,2.0,0.0,2.0,1.0,0.0,0,903.0,903.0,889.7264614940264,Y1
0.0,0.0,3.0,1.0,0.0,0.0,0.0,16.0,0.0,0,839.0,839.0,923.2240968469415,Y1
1.0,0.0,2.0,1.0,0.0,0.0,0.0,12.0,0.0,1,882.0,904.8298103112076,882.0,Y0
0.0,0.0,3.0,0.0,1.0,1.0,0.0,13.0,0.0,0,947.0,947.0,932.4021526305656,Y1
1.0,0.0,0.0,1.0,0.0,0.0,0.0,8.0,0.0,0,990.0,990.0,915.085036947434,Y1
0.0,1.0,0.0,1.0,2.0,0.0,0.0,9.0,0.0,1,756.0,893.6726327863145,756.0,Y0
1.0,0.0,7.0,0.0,3.0,0.0,1.0,0.0,0.0,0,1031.0,1031.0,934.6331268812313,Y1
1.0,0.0,0.0,0.0,0.0,1.0,0.0,11.0,0.0,0,846.0,846.0,950.6391888499627,Y1
1.0,0.0,2.0,0.0,1.0,0.0,5.0,3.0,0.0,0,904.0,904.0,933.426296565764,Y1
1.0,0.0,8.0,0.0,0.0,0.0,0.0,5.0,0.0,0,888.0,888.0,910.0714161484711,Y1
0.0,1.0,1.0,1.0,2.0,0.0,2.0,1.0,0.0,0,931.0,931.0,906.3611076289403,Y1
1.0,1.0,3.0,1.0,2.0,0.0,0.0,11.0,0.0,1,994.0,866.670451642509,994.0,Y0
1.0,0.0,2.0,0.0,0.0,0.0,2.0,3.0,0.0,1,822.0,897.3789808663453,822.0,Y0
1.0,0.0,0.0,0.0,0.0,0.0,0.0,13.0,0.0,0,1099.0,1099.0,954.0762078462274,Y1
0.0,0.0,1.0,1.0,0.0,0.0,3.0,27.0,0.0,0,1033.0,1033.0,883.5334347348675,Y1
1.0,0.0,3.0,0.0,0.0,0.0,-1.0,5.0,0.0,0,952.0,952.0,910.5163887503037,Y1
1.0,0.0,1.0,1.0,0.0,0.0,0.0,20.0,0.0,0,742.0,742.0,905.9165106579476,Y1
1.0,0.0,2.0,0.0,0.0,1.0,0.0,5.0,0.0,0,842.0,842.0,947.1625226902695,Y1
1.0,0.0,7.0,1.0,1.0,0.0,0.0,7.0,0.0,0,860.0,860.0,897.1616346975841,Y1
1.0,0.0,0.0,0.0,1.0,0.0,0.0,17.0,0.0,0,900.0,900.0,957.2140238125529,Y1
0.0,0.0,2.0,0.0,1.0,0.0,2.0,1.0,1.0,0,931.0,931.0,912.8652545038397,Y1
1.0,0.0,0.0,0.0,0.0,1.0,0.0,6.0,0.0,0,961.0,961.0,953.9915881205379,Y1
1.0,0.0,3.0,0.0,0.0,0.0,1.0,0.0,0.0,0,939.0,939.0,971.5194580562758,Y1
1.0,0.0,0.0,1.0,1.0,0.0,0.0,12.0,1.0,1,906.0,939.8213566258025,906.0,Y0
0.0,0.0,0.0,0.0,0.0,0.0,0.0,15.0,0.0,0,842.0,842.0,979.4228739978327,Y1
1.0,0.0,2.0,0.0,0.0,1.0,0.0,12.0,0.0,0,1006.0,1006.0,937.1020745857745,Y1
0.0,0.0,0.0,0.0,1.0,0.0,0.0,8.0,0.0,0,942.0,942.0,959.9422153212982,Y1
0.0,1.0,0.0,1.0,2.0,0.0,-1.0,14.0,1.0,1,877.0,895.0500225552803,877.0,Y0
1.0,0.0,1.0,0.0,1.0,2.0,0.0,12.0,0.0,0,921.0,921.0,984.2147914114465,Y1
1.0,0.0,1.0,0.0,0.0,1.0,0.0,10.0,0.0,0,964.0,964.0,955.386486642023,Y1
1.0,0.0,1.0,0.0,3.0,0.0,0.0,3.0,0.0,0,1004.0,1004.0,993.887512686897,Y1
1.0,0.0,2.0,1.0,3.0,1.0,0.0,12.0,0.0,0,809.0,809.0,898.7788525436252,Y1
0.0,1.0,0.0,0.0,1.0,0.0,-1.0,10.0,1.0,1,907.0,953.7446421719767,907.0,Y0
1.0,0.0,1.0,0.0,0.0,0.0,3.0,9.0,0.0,0,963.0,963.0,922.1195665379698,Y1
0.0,0.0,0.0,1.0,0.0,0.0,2.0,1.0,0.0,0,937.0,937.0,884.8115697434055,Y1
1.0,1.0,0.0,1.0,2.0,1.0,0.0,11.0,0.0,0,868.0,868.0,876.4737623912106,Y1
1.0,0.0,1.0,1.0,0.0,0.0,2.0,2.0,0.0,1,868.0,929.2951280146694,868.0,Y0
1.0,0.0,3.0,1.0,0.0,0.0,2.0,2.0,0.0,0,841.0,841.0,860.3269668636565,Y1
0.0,0.0,3.0,1.0,1.0,0.0,-1.0,2.0,0.0,0,945.0,945.0,901.1733012695463,Y1
1.0,1.0,3.0,1.0,2.0,0.0,0.0,11.0,0.0,0,779.0,779.0,886.0414002131153,Y1
0.0,1.0,3.0,1.0,2.0,0.0,2.0,1.0,1.0,1,829.0,895.9891084842446,829.0,Y0
1.0,0.0,2.0,0.0,1.0,0.0,-1.0,0.0,0.0,1,939.0,905.8128448706598,939.0,Y0
0.0,0.0,2.0,1.0,0.0,0.0,0.0,4.0,0.0,1,900.0,903.0702747591491,900.0,Y0
1.0,1.0,0.0,1.0,2.0,0.0,0.0,20.0,1.0,0,945.0,945.0,884.1461227102812,Y1
1.0,0.0,0.0,1.0,1.0,0.0,0.0,12.0,1.0,1,983.0,939.8213566258025,983.0,Y0
1.0,0.0,3.0,0.0,0.0,0.0,0.0,16.0,0.0,1,992.0,936.0119599514535,992.0,Y0
0.0,0.0,3.0,0.0,0.0,1.0,4.0,16.0,0.0,0,947.0,947.0,950.1544515050994,Y1
1.0,0.0,3.0,0.0,1.0,0.0,-1.0,3.0,0.0,0,880.0,880.0,962.7731849798458,Y1
0.0,0.0,0.0,0.0,1.0,0.0,0.0,15.0,0.0,0,881.0,881.0,986.1771315869029,Y1
1.0,1.0,0.0,1.0,2.0,0.0,0.0,12.0,0.0,0,917.0,917.0,904.597259021059,Y1
0.0,0.0,3.0,1.0,0.0,1.0,0.0,6.0,0.0,1,997.0,887.7015206009598,997.0,Y0
1.0,1.0,0.0,0.0,2.0,0.0,1.0,0.0,1.0,0,983.0,983.0,1044.2858049004863,Y1
0.0,0.0,0.0,0.0,0.0,0.0,0.0,11.0,0.0,0,920.0,920.0,971.2299837364817,Y1
0.0,0.0,3.0,0.0,0.0,1.0,0.0,11.0,0.0,0,931.0,931.0,931.0888561862444,Y1
0.0,1.0,3.0,0.0,2.0,0.0,1.0,0.0,1.0,0,881.0,881.0,957.0211326259683,Y1
0.0,0.0,3.0,0.0,1.0,0.0,2.0,3.0,0.0,0,832.0,832.0,921.3364790803789,Y1
1.0,1.0,0.0,1.0,1.0,0.0,0.0,5.0,1.0,0,898.0,898.0,931.5554017929157,Y1
1.0,0.0,0.0,1.0,0.0,0.0,0.0,3.0,0.0,0,829.0,829.0,939.8016833100286,Y1
0.0,1.0,2.0,1.0,1.0,0.0,2.0,1.0,1.0,0,975.0,975.0,882.2225623671338,Y1
1.0,0.0,1.0,0.0,0.0,2.0,0.0,12.0,0.0,0,947.0,947.0,984.5024436329567,Y1
0.0,1.0,3.0,1.0,2.0,0.0,0.0,5.0,0.0,0,854.0,854.0,926.4222772877296,Y1
1.0,1.0,3.0,1.0,1.0,1.0,0.0,20.0,0.0,1,916.0,934.1460309845728,916.0,Y0
1.0,0.0,3.0,0.0,0.0,1.0,0.0,6.0,0.0,0,965.0,965.0,935.8128958268499,Y1
0.0,0.0,0.0,0.0,0.0,0.0,0.0,9.0,0.0,0,918.0,918.0,962.2930014033433,Y1
1.0,0.0,0.0,0.0,0.0,1.0,0.0,13.0,0.0,0,876.0,876.0,942.5311853611353,Y1
0.0,0.0,9.0,1.0,1.0,1.0,0.0,14.0,0.0,0,868.0,868.0,925.2723576495085,Y1
1.0,1.0,2.0,1.0,2.0,0.0,0.0,24.0,1.0,0,968.0,968.0,875.7759876239925,Y1
0.0,0.0,1.0,0.0,0.0,1.0,0.0,12.0,0.0,0,949.0,949.0,970.4548391115959,Y1
0.0,1.0,3.0,1.0,2.0,0.0,0.0,6.0,1.0,0,873.0,873.0,932.5323756593006,Y1
0.0,0.0,2.0,0.0,1.0,1.0,0.0,14.0,0.0,0,1053.0,1053.0,993.6295531672826,Y1
1.0,1.0,0.0,1.0,1.0,0.0,2.0,1.0,0.0,0,921.0,921.0,874.5666864341874,Y1
0.0,0.0,2.0,0.0,0.0,1.0,0.0,8.0,1.0,0,909.0,909.0,947.2855498120103,Y1
1.0,0.0,2.0,0.0,1.0,1.0,0.0,13.0,0.0,0,961.0,961.0,929.9967640032552,Y1
1.0,0.0,0.0,0.0,0.0,0.0,0.0,7.0,0.0,0,878.0,878.0,974.835373063933,Y1
1.0,1.0,2.0,1.0,1.0,0.0,-1.0,0.0,0.0,0,879.0,879.0,945.2226474133719,Y1
0.0,0.0,3.0,0.0,1.0,0.0,-1.0,3.0,0.0,0,875.0,875.0,961.0089340736024,Y1
0.0,0.0,4.0,1.0,0.0,0.0,-1.0,9.0,0.0,0,820.0,820.0,864.4355624077282,Y1
1.0,0.0,2.0,1.0,3.0,1.0,0.0,14.0,0.0,1,1049.0,907.7815464529668,1049.0,Y0
0.0,0.0,3.0,1.0,3.0,1.0,0.0,17.0,0.0,1,883.0,882.9220787105818,883.0,Y0
0.0,1.0,1.0,1.0,2.0,0.0,0.0,24.0,1.0,0,915.0,915.0,879.19412189976,Y1
1.0,0.0,3.0,0.0,0.0,0.0,0.0,11.0,0.0,0,1022.0,1022.0,930.8366985333331,Y1
1.0,1.0,1.0,0.0,1.0,0.0,0.0,11.0,1.0,1,879.0,948.2191501779474,879.0,Y0
1.0,0.0,8.0,1.0,0.0,0.0,0.0,7.0,0.0,0,800.0,800.0,894.1098994103143,Y1
0.0,0.0,0.0,1.0,0.0,1.0,0.0,13.0,0.0,0,889.0,889.0,928.9665454163859,Y1
1.0,1.0,2.0,1.0,2.0,1.0,0.0,22.0,0.0,0,899.0,899.0,884.8504365778554,Y1
0.0,1.0,2.0,1.0,2.0,0.0,0.0,14.0,0.0,1,857.0,883.8960244269613,857.0,Y0
1.0,0.0,0.0,1.0,0.0,1.0,0.0,21.0,0.0,0,857.0,857.0,914.4349412639635,Y1
1.0,0.0,3.0,0.0,0.0,1.0,0.0,6.0,0.0,0,971.0,971.0,935.8128958268499,Y1
0.0,1.0,4.0,1.0,3.0,0.0,0.0,17.0,0.0,0,920.0,920.0,899.4791148995236,Y1
1.0,1.0,2.0,1.0,2.0,1.0,0.0,7.0,0.0,0,877.0,877.0,880.1085798300925,Y1
0.0,0.0,2.0,1.0,0.0,0.0,-1.0,4.0,0.0,0,807.0,807.0,967.771628200864,Y1
1.0,1.0,2.0,1.0,2.0,0.0,-1.0,2.0,0.0,0,905.0,905.0,838.5513317926664,Y1
0.0,1.0,1.0,1.0,2.0,0.0,0.0,21.0,1.0,1,855.0,919.4561250232439,855.0,Y0
1.0,1.0,3.0,0.0,2.0,0.0,0.0,7.0,0.0,0,887.0,887.0,947.5941732516419,Y1
0.0,0.0,0.0,1.0,0.0,1.0,0.0,6.0,0.0,1,876.0,916.2807175581524,876.0,Y0
0.0,0.0,0.0,0.0,1.0,0.0,0.0,16.0,1.0,1,935.0,982.2178692824252,935.0,Y0
1.0,0.0,2.0,1.0,0.0,0.0,0.0,2.0,0.0,0,933.0,933.0,894.0311481478176,Y1
0.0,0.0,3.0,1.0,0.0,0.0,3.0,9.0,0.0,0,851.0,851.0,866.8594119258298,Y1
1.0,0.0,7.0,0.0,1.0,0.0,0.0,12.0,0.0,0,946.0,946.0,928.2531203818304,Y1
1.0,1.0,4.0,0.0,3.0,0.0,0.0,17.0,0.0,0,870.0,870.0,942.6149262671773,Y1
0.0,0.0,0.0,0.0,1.0,0.0,0.0,0.0,0.0,0,987.0,987.0,935.778656863163,Y1
1.0,1.0,0.0,0.0,1.0,0.0,2.0,1.0,0.0,0,933.0,933.0,896.7559552038379,Y1
1.0,0.0,1.0,0.0,0.0,1.0,0.0,6.0,0.0,0,949.0,949.0,969.0365958171512,Y1
1.0,0.0,0.0,1.0,0.0,1.0,0.0,12.0,0.0,1,866.0,911.4668090155257,866.0,Y0
1.0,0.0,2.0,0.0,1.0,0.0,-1.0,0.0,0.0,1,955.0,905.8128448706598,955.0,Y0
1.0,0.0,0.0,0.0,0.0,1.0,0.0,13.0,0.0,1,937.0,935.6086931025061,937.0,Y0
0.0,1.0,0.0,1.0,2.0,0.0,-1.0,3.0,0.0,1,827.0,882.9126550131823,827.0,Y0
1.0,0.0,0.0,0.0,0.0,0.0,2.0,3.0,1.0,0,846.0,846.0,896.6236716562851,Y1
1.0,1.0,4.0,1.0,2.0,0.0,0.0,6.0,0.0,0,836.0,836.0,918.3052701896758,Y1
1.0,0.0,3.0,0.0,0.0,0.0,2.0,1.0,0.0,0,986.0,986.0,885.0195861302191,Y1
1.0,0.0,2.0,0.0,1.0,0.0,0.0,16.0,1.0,1,907.0,965.2040059157488,907.0,Y0
0.0,1.0,1.0,1.0,2.0,1.0,0.0,17.0,0.0,0,906.0,906.0,901.8624420491876,Y1
0.0,0.0,1.0,0.0,1.0,1.0,0.0,13.0,0.0,0,858.0,858.0,969.2226130296538,Y1
1.0,1.0,1.0,1.0,2.0,0.0,0.0,5.0,0.0,0,831.0,831.0,936.185759481076,Y1
0.0,0.0,2.0,0.0,1.0,1.0,0.0,12.0,0.0,1,931.0,953.5136729051346,931.0,Y0
0.0,1.0,2.0,1.0,2.0,0.0,0.0,20.0,1.0,0,960.0,960.0,886.0505743725163,Y1
0.0,1.0,2.0,1.0,2.0,0.0,0.0,12.0,0.0,0,851.0,851.0,906.9879868328497,Y1
0.0,0.0,3.0,0.0,0.0,0.0,0.0,8.0,0.0,1,897.0,906.029272239426,897.0,Y0
1.0,1.0,2.0,1.0,1.0,1.0,0.0,24.0,0.0,0,1063.0,1063.0,886.9416018399028,Y1
0.0,0.0,3.0,1.0,3.0,0.0,0.0,14.0,0.0,0,972.0,972.0,936.1405394350829,Y1
1.0,0.0,0.0,0.0,3.0,0.0,0.0,14.0,0.0,1,966.0,955.3712574515102,966.0,Y0
0.0,0.0,0.0,1.0,0.0,0.0,0.0,14.0,0.0,0,964.0,964.0,964.3992986481561,Y1
1.0,0.0,1.0,1.0,0.0,0.0,0.0,12.0,0.0,1,927.0,915.0404867155951,927.0,Y0
1.0,1.0,4.0,1.0,3.0,0.0,0.0,11.0,0.0,1,854.0,873.5231527314622,854.0,Y0
0.0,0.0,1.0,1.0,0.0,1.0,0.0,12.0,0.0,0,893.0,893.0,936.866641541197,Y1
1.0,0.0,3.0,0.0,3.0,0.0,0.0,14.0,0.0,1,993.0,941.38857846664,993.0,Y0
0.0,0.0,3.0,1.0,0.0,0.0,2.0,1.0,0.0,0,918.0,918.0,856.438495307263,Y1
0.0,0.0,3.0,0.0,1.0,1.0,0.0,15.0,0.0,1,782.0,944.9609412506597,782.0,Y0
1.0,1.0,0.0,1.0,2.0,0.0,2.0,1.0,1.0,0,916.0,916.0,892.599696817552,Y1
1.0,0.0,3.0,0.0,0.0,0.0,0.0,14.0,0.0,0,989.0,989.0,980.3543168554963,Y1
0.0,0.0,3.0,1.0,1.0,0.0,-1.0,18.0,1.0,0,882.0,882.0,912.5417730513705,Y1
0.0,1.0,3.0,1.0,0.0,1.0,3.0,11.0,0.0,0,834.0,834.0,846.9291295137687,Y1
1.0,1.0,3.0,1.0,3.0,1.0,0.0,6.0,0.0,0,809.0,809.0,860.6498753591292,Y1
1.0,0.0,3.0,0.0,0.0,1.0,0.0,5.0,0.0,0,816.0,816.0,935.8128958268499,Y1
0.0,0.0,1.0,0.0,1.0,0.0,0.0,12.0,0.0,0,1054.0,1054.0,974.0984699362078,Y1
1.0,0.0,4.0,0.0,0.0,0.0,0.0,10.0,0.0,0,997.0,997.0,928.377063316486,Y1
1.0,0.0,2.0,0.0,1.0,1.0,0.0,7.0,0.0,1,841.0,910.8638696267583,841.0,Y0
0.0,0.0,0.0,1.0,0.0,0.0,0.0,6.0,0.0,1,959.0,910.8960091999535,959.0,Y0
1.0,0.0,0.0,0.0,0.0,0.0,0.0,13.0,0.0,0,912.0,912.0,954.0762078462274,Y1
0.0,0.0,0.0,1.0,0.0,0.0,0.0,12.0,0.0,1,931.0,914.9180726623201,931.0,Y0
0.0,1.0,1.0,0.0,3.0,0.0,1.0,0.0,0.0,0,971.0,971.0,960.3677698304449,Y1
0.0,0.0,1.0,0.0,0.0,0.0,0.0,19.0,0.0,0,1003.0,1003.0,979.9727028253469,Y1
0.0,0.0,3.0,1.0,1.0,0.0,0.0,3.0,0.0,1,988.0,891.7054546266866,988.0,Y0
1.0,0.0,0.0,0.0,3.0,0.0,0.0,5.0,0.0,0,956.0,956.0,959.9493268590712,Y1
0.0,1.0,1.0,1.0,1.0,0.0,-1.0,18.0,1.0,0,875.0,875.0,921.1276527442758,Y1
1.0,0.0,3.0,0.0,0.0,0.0,0.0,8.0,0.0,1,847.0,889.9401598004786,847.0,Y0
0.0,0.0,3.0,0.0,0.0,0.0,0.0,8.0,0.0,0,839.0,839.0,931.1566187312003,Y1
1.0,0.0,0.0,1.0,0.0,1.0,0.0,12.0,0.0,1,871.0,911.4668090155257,871.0,Y0
0.0,0.0,0.0,0.0,0.0,0.0,0.0,8.0,0.0,0,994.0,994.0,962.2930014033433,Y1
1.0,0.0,0.0,1.0,0.0,1.0,0.0,8.0,0.0,1,924.0,898.4544489199911,924.0,Y0
1.0,0.0,1.0,0.0,0.0,1.0,0.0,8.0,0.0,0,903.0,903.0,963.5609089759222,Y1
0.0,0.0,2.0,0.0,0.0,0.0,0.0,13.0,0.0,0,952.0,952.0,948.5089697846608,Y1
0.0,0.0,3.0,0.0,0.0,1.0,0.0,9.0,0.0,0,875.0,875.0,930.3220823664599,Y1
0.0,0.0,3.0,1.0,0.0,0.0,3.0,10.0,0.0,0,1046.0,1046.0,858.5370106407013,Y1
0.0,0.0,1.0,1.0,0.0,0.0,0.0,10.0,0.0,0,889.0,889.0,925.991304553877,Y1
0.0,1.0,2.0,0.0,1.0,0.0,0.0,21.0,1.0,0,908.0,908.0,902.067157384116,Y1
1.0,0.0,3.0,0.0,1.0,0.0,-1.0,15.0,0.0,1,870.0,903.2140214155561,870.0,Y0
0.0,0.0,3.0,0.0,0.0,0.0,0.0,13.0,0.0,0,1082.0,1082.0,935.8181288993937,Y1
1.0,0.0,2.0,0.0,0.0,1.0,0.0,6.0,0.0,0,875.0,875.0,947.1625226902695,Y1
0.0,0.0,4.0,1.0,0.0,0.0,1.0,0.0,0.0,0,910.0,910.0,940.4221491475154,Y1
1.0,0.0,4.0,0.0,0.0,1.0,0.0,13.0,0.0,0,967.0,967.0,933.3676632068413,Y1
1.0,0.0,2.0,0.0,3.0,0.0,0.0,11.0,0.0,0,905.0,905.0,928.2832892370827,Y1
1.0,1.0,3.0,1.0,1.0,0.0,0.0,6.0,0.0,0,830.0,830.0,913.1298097157205,Y1
0.0,0.0,2.0,1.0,0.0,1.0,0.0,15.0,0.0,0,959.0,959.0,931.5321878819574,Y1
0.0,1.0,0.0,0.0,1.0,0.0,0.0,20.0,1.0,0,884.0,884.0,939.3692869699111,Y1
0.0,1.0,3.0,1.0,2.0,0.0,2.0,1.0,1.0,0,890.0,890.0,874.2883272325441,Y1
0.0,0.0,2.0,1.0,0.0,0.0,2.0,3.0,0.0,1,889.0,902.9462243229939,889.0,Y0
1.0,1.0,8.0,1.0,2.0,0.0,1.0,0.0,0.0,0,942.0,942.0,1026.1017426321425,Y1
1.0,0.0,0.0,1.0,0.0,0.0,0.0,10.0,0.0,0,869.0,869.0,906.8374189119709,Y1
1.0,1.0,0.0,1.0,3.0,0.0,0.0,11.0,0.0,0,916.0,916.0,895.3489268602538,Y1
1.0,1.0,0.0,1.0,2.0,1.0,0.0,11.0,1.0,0,826.0,826.0,878.8519208056831,Y1
0.0,0.0,1.0,1.0,0.0,3.0,3.0,8.0,0.0,1,950.0,961.346334740606,950.0,Y0
0.0,0.0,3.0,0.0,0.0,0.0,3.0,10.0,0.0,0,1023.0,1023.0,895.3679964322804,Y1
1.0,0.0,0.0,1.0,0.0,0.0,0.0,2.0,0.0,1,905.0,890.6452297371688,905.0,Y0
1.0,0.0,2.0,0.0,3.0,0.0,0.0,5.0,0.0,0,881.0,881.0,948.9667105464581,Y1
1.0,0.0,7.0,0.0,0.0,0.0,0.0,4.0,0.0,0,921.0,921.0,943.3881081516832,Y1
1.0,1.0,2.0,1.0,2.0,0.0,0.0,5.0,0.0,0,876.0,876.0,927.5492184396188,Y1
0.0,0.0,2.0,0.0,3.0,0.0,2.0,5.0,0.0,0,976.0,976.0,953.7467895752251,Y1
1.0,0.0,7.0,0.0,0.0,0.0,0.0,14.0,0.0,1,1105.0,951.0174846113958,1105.0,Y0
1.0,0.0,3.0,0.0,1.0,1.0,0.0,22.0,0.0,0,905.0,905.0,908.949546249111,Y1
1.0,0.0,0.0,0.0,0.0,1.0,5.0,11.0,0.0,1,887.0,1010.3783326125389,887.0,Y0
0.0,0.0,2.0,0.0,0.0,1.0,0.0,10.0,0.0,0,847.0,847.0,935.9148207025585,Y1
1.0,1.0,0.0,0.0,3.0,0.0,0.0,17.0,0.0,0,919.0,919.0,968.6254965971323,Y1
1.0,0.0,3.0,0.0,0.0,1.0,0.0,10.0,0.0,0,856.0,856.0,917.4469621331756,Y1
0.0,0.0,0.0,1.0,0.0,0.0,0.0,20.0,0.0,0,956.0,956.0,916.0144171662595,Y1
1.0,1.0,1.0,1.0,2.0,0.0,0.0,5.0,0.0,1,926.0,879.9397380571264,926.0,Y0
1.0,0.0,3.0,1.0,0.0,0.0,0.0,10.0,0.0,0,958.0,958.0,882.0826637016676,Y1
1.0,0.0,3.0,0.0,0.0,0.0,0.0,9.0,0.0,1,1017.0,915.8318208999783,1017.0,Y0
1.0,0.0,3.0,0.0,3.0,1.0,0.0,12.0,0.0,0,956.0,956.0,911.6505394544808,Y1
1.0,0.0,2.0,0.0,1.0,0.0,0.0,14.0,0.0,1,966.0,948.9864397555513,966.0,Y0
1.0,1.0,3.0,1.0,2.0,0.0,0.0,16.0,1.0,0,912.0,912.0,904.525543635218,Y1
1.0,0.0,3.0,1.0,1.0,0.0,0.0,16.0,1.0,1,903.0,927.4948421616615,903.0,Y0
0.0,0.0,2.0,0.0,0.0,0.0,0.0,21.0,0.0,1,823.0,942.8670385670441,823.0,Y0
1.0,0.0,1.0,0.0,1.0,2.0,0.0,12.0,0.0,0,978.0,978.0,984.2147914114465,Y1
1.0,0.0,7.0,0.0,1.0,0.0,0.0,17.0,0.0,0,1061.0,1061.0,930.0447059356886,Y1
1.0,1.0,3.0,0.0,1.0,0.0,-1.0,18.0,1.0,0,796.0,796.0,934.2187444319403,Y1
0.0,1.0,3.0,1.0,1.0,0.0,0.0,6.0,0.0,0,907.0,907.0,922.2573716428207,Y1
1.0,1.0,1.0,1.0,2.0,0.0,-1.0,9.0,1.0,0,893.0,893.0,889.5407214589951,Y1
0.0,0.0,2.0,0.0,0.0,0.0,-1.0,2.0,0.0,0,870.0,870.0,921.8287873121698,Y1
1.0,0.0,3.0,0.0,0.0,1.0,0.0,13.0,0.0,0,805.0,805.0,917.5907633616389,Y1
0.0,0.0,1.0,0.0,0.0,1.0,0.0,20.0,0.0,0,1045.0,1045.0,961.0037309015414,Y1
1.0,0.0,1.0,0.0,1.0,0.0,0.0,0.0,0.0,0,956.0,956.0,1008.786178936625,Y1
0.0,0.0,3.0,0.0,1.0,1.0,0.0,14.0,0.0,0,956.0,956.0,988.0287996138021,Y1
1.0,1.0,3.0,1.0,2.0,0.0,2.0,2.0,0.0,1,996.0,875.6970505872132,996.0,Y0
1.0,0.0,3.0,1.0,0.0,1.0,0.0,8.0,0.0,1,869.0,871.878174921586,869.0,Y0
1.0,0.0,4.0,0.0,1.0,0.0,0.0,17.0,0.0,0,884.0,884.0,958.1986034222563,Y1
1.0,1.0,4.0,1.0,2.0,0.0,0.0,5.0,1.0,0,837.0,837.0,923.2463003706404,Y1
0.0,1.0,3.0,0.0,1.0,0.0,3.0,13.0,0.0,1,917.0,949.5074854867364,917.0,Y0
0.0,1.0,2.0,1.0,2.0,0.0,0.0,10.0,1.0,0,1036.0,1036.0,896.7310877916622,Y1
0.0,0.0,0.0,1.0,0.0,0.0,0.0,3.0,0.0,0,888.0,888.0,954.2739197779932,Y1
1.0,0.0,2.0,1.0,0.0,0.0,0.0,3.0,0.0,0,899.0,899.0,936.9674664117333,Y1
0.0,0.0,3.0,0.0,3.0,0.0,0.0,14.0,0.0,0,845.0,845.0,988.6997138002044,Y1
0.0,0.0,3.0,0.0,0.0,0.0,0.0,15.0,0.0,0,857.0,857.0,947.8602453510263,Y1
1.0,0.0,2.0,1.0,0.0,1.0,0.0,20.0,0.0,0,908.0,908.0,893.5510324106963,Y1
1.0,0.0,2.0,0.0,1.0,0.0,0.0,11.0,0.0,1,888.0,932.6610240204313,888.0,Y0
0.0,0.0,2.0,0.0,0.0,0.0,0.0,8.0,0.0,1,993.0,928.6041517900399,993.0,Y0
1.0,0.0,2.0,0.0,0.0,1.0,0.0,8.0,0.0,0,906.0,906.0,937.9351462063656,Y1
1.0,0.0,3.0,0.0,0.0,0.0,0.0,4.0,0.0,1,1074.0,893.2580011933412,1074.0,Y0
0.0,0.0,0.0,0.0,3.0,1.0,0.0,4.0,0.0,0,963.0,963.0,957.9073996576053,Y1
1.0,0.0,1.0,1.0,0.0,1.0,0.0,10.0,0.0,0,834.0,834.0,914.555012447616,Y1
0.0,0.0,1.0,0.0,3.0,0.0,0.0,11.0,0.0,1,987.0,966.5548623026436,987.0,Y0
0.0,0.0,3.0,0.0,0.0,0.0,0.0,15.0,0.0,1,903.0,938.9073922546987,903.0,Y0
0.0,0.0,2.0,0.0,0.0,0.0,0.0,14.0,0.0,0,936.0,936.0,998.5571181348507,Y1
1.0,0.0,1.0,1.0,0.0,1.0,0.0,5.0,0.0,0,958.0,958.0,928.4586837347662,Y1
1.0,1.0,4.0,1.0,1.0,0.0,-1.0,5.0,0.0,1,811.0,875.5088685176468,811.0,Y0
1.0,0.0,1.0,0.0,1.0,0.0,0.0,7.0,0.0,0,884.0,884.0,982.996152672321,Y1
1.0,0.0,2.0,0.0,2.0,1.0,0.0,11.0,0.0,0,976.0,976.0,935.3250729376499,Y1
1.0,0.0,2.0,0.0,0.0,1.0,0.0,13.0,0.0,0,766.0,766.0,929.9045251009297,Y1
0.0,0.0,0.0,1.0,0.0,0.0,0.0,11.0,0.0,0,879.0,879.0,939.2294876571311,Y1
1.0,0.0,3.0,0.0,0.0,3.0,3.0,8.0,0.0,1,876.0,922.4258395331635,876.0,Y0
1.0,0.0,0.0,1.0,0.0,1.0,0.0,5.0,0.0,0,863.0,863.0,915.1351809959449,Y1
0.0,0.0,1.0,0.0,0.0,0.0,0.0,20.0,0.0,0,914.0,914.0,955.9760438150995,Y1
1.0,1.0,1.0,1.0,1.0,0.0,0.0,3.0,0.0,1,1007.0,888.2490977830005,1007.0,Y0
0.0,1.0,3.0,1.0,2.0,0.0,2.0,1.0,1.0,0,853.0,853.0,874.2883272325441,Y1
1.0,0.0,2.0,1.0,0.0,2.0,0.0,6.0,0.0,1,810.0,899.9953696365507,810.0,Y0
0.0,1.0,0.0,0.0,2.0,1.0,0.0,15.0,1.0,0,902.0,902.0,960.1035692341808,Y1
0.0,1.0,1.0,1.0,2.0,0.0,0.0,5.0,0.0,0,939.0,939.0,954.8947499377085,Y1
0.0,0.0,1.0,0.0,0.0,0.0,0.0,4.0,0.0,1,1036.0,959.1792287541023,1036.0,Y0
1.0,1.0,2.0,1.0,2.0,0.0,2.0,1.0,1.0,1,927.0,887.8657702234754,927.0,Y0
1.0,1.0,3.0,1.0,2.0,0.0,2.0,1.0,1.0,0,952.0,952.0,860.939917954288,Y1
1.0,0.0,2.0,0.0,3.0,0.0,0.0,13.0,0.0,1,934.0,938.8756020133709,934.0,Y0
1.0,0.0,2.0,0.0,0.0,1.0,0.0,9.0,0.0,0,902.0,902.0,937.9351462063656,Y1
0.0,1.0,0.0,1.0,2.0,1.0,0.0,7.0,0.0,0,1048.0,1048.0,899.832985021977,Y1
0.0,0.0,2.0,0.0,1.0,1.0,0.0,7.0,0.0,1,929.0,941.4320565643329,929.0,Y0
1.0,0.0,1.0,0.0,3.0,0.0,0.0,3.0,0.0,0,1042.0,1042.0,993.887512686897,Y1
1.0,1.0,0.0,1.0,2.0,1.0,0.0,5.0,0.0,0,882.0,882.0,884.1116935679679,Y1
0.0,0.0,1.0,1.0,1.0,0.0,0.0,11.0,0.0,0,871.0,871.0,941.5564918798407,Y1
0.0,0.0,0.0,1.0,0.0,0.0,0.0,10.0,0.0,0,981.0,981.0,922.8947058988114,Y1
0.0,1.0,1.0,1.0,2.0,0.0,1.0,0.0,1.0,0,1007.0,1007.0,995.0210890933771,Y1
1.0,0.0,2.0,1.0,2.0,1.0,0.0,10.0,1.0,1,948.0,901.4256553283465,948.0,Y0
1.0,0.0,3.0,0.0,1.0,1.0,0.0,17.0,0.0,1,928.0,919.31719814096,928.0,Y0
0.0,0.0,3.0,1.0,1.0,0.0,0.0,10.0,0.0,1,853.0,907.2158714106786,853.0,Y0
1.0,0.0,7.0,1.0,0.0,0.0,0.0,15.0,0.0,1,911.0,904.3292335932789,911.0,Y0
0.0,1.0,0.0,0.0,1.0,0.0,0.0,5.0,1.0,0,1109.0,1109.0,974.3465295931225,Y1
1.0,1.0,3.0,1.0,2.0,1.0,0.0,17.0,0.0,0,927.0,927.0,868.947265430412,Y1
0.0,1.0,2.0,1.0,2.0,0.0,2.0,1.0,0.0,1,869.0,907.0351051745623,869.0,Y0
1.0,0.0,3.0,1.0,0.0,1.0,4.0,16.0,0.0,0,1068.0,1068.0,894.5142173875031,Y1
0.0,0.0,0.0,0.0,1.0,0.0,0.0,17.0,0.0,0,1001.0,1001.0,969.8688134300751,Y1
1.0,0.0,7.0,1.0,0.0,0.0,0.0,6.0,0.0,0,863.0,863.0,890.5278302740678,Y1
0.0,0.0,3.0,1.0,0.0,0.0,0.0,3.0,0.0,0,997.0,997.0,921.9328255788965,Y1
1.0,1.0,3.0,1.0,2.0,1.0,0.0,17.0,0.0,0,862.0,862.0,868.947265430412,Y1
0.0,0.0,1.0,0.0,3.0,2.0,0.0,13.0,0.0,0,908.0,908.0,1037.19447328529,Y1
0.0,0.0,0.0,0.0,3.0,2.0,0.0,12.0,0.0,1,961.0,944.7820438853203,961.0,Y0
0.0,0.0,2.0,0.0,0.0,0.0,-1.0,4.0,0.0,0,902.0,902.0,977.6479337446449,Y1
0.0,0.0,1.0,1.0,3.0,0.0,2.0,5.0,0.0,0,944.0,944.0,925.2718765672369,Y1
0.0,1.0,2.0,1.0,0.0,0.0,-1.0,4.0,0.0,0,842.0,842.0,975.8591053002191,Y1
1.0,0.0,1.0,0.0,1.0,0.0,0.0,11.0,0.0,1,1003.0,950.1625321473725,1003.0,Y0
0.0,0.0,3.0,0.0,1.0,1.0,0.0,8.0,0.0,0,915.0,915.0,933.971655356736,Y1
0.0,0.0,3.0,0.0,0.0,0.0,0.0,8.0,0.0,1,844.0,906.029272239426,844.0,Y0
1.0,0.0,3.0,1.0,0.0,1.0,0.0,12.0,0.0,0,887.0,887.0,889.2679931220875,Y1
0.0,0.0,3.0,0.0,0.0,0.0,1.0,0.0,0.0,0,1043.0,1043.0,918.7286820206692,Y1
0.0,0.0,1.0,1.0,0.0,1.0,4.0,16.0,0.0,0,1028.0,1028.0,933.072157061345,Y1
0.0,0.0,0.0,0.0,0.0,3.0,0.0,10.0,0.0,1,1002.0,968.0144964278574,1002.0,Y0
1.0,0.0,3.0,1.0,0.0,2.0,0.0,6.0,0.0,1,801.0,885.0384167939031,801.0,Y0
0.0,1.0,3.0,1.0,1.0,1.0,0.0,15.0,1.0,0,979.0,979.0,896.7070777056314,Y1
1.0,0.0,1.0,0.0,0.0,0.0,2.0,3.0,1.0,0,903.0,903.0,910.4375363335322,Y1
0.0,0.0,1.0,0.0,3.0,0.0,0.0,13.0,0.0,0,883.0,883.0,981.2321725469376,Y1
1.0,1.0,3.0,1.0,1.0,0.0,0.0,5.0,1.0,0,989.0,989.0,918.0708398966851,Y1
0.0,1.0,3.0,1.0,2.0,1.0,0.0,5.0,0.0,0,853.0,853.0,889.7193100311574,Y1
0.0,1.0,3.0,1.0,2.0,0.0,0.0,11.0,0.0,0,800.0,800.0,893.5405835146244,Y1
0.0,0.0,2.0,0.0,0.0,1.0,0.0,5.0,0.0,1,867.0,939.6843953725657,867.0,Y0
0.0,0.0,1.0,0.0,1.0,0.0,0.0,11.0,0.0,0,926.0,926.0,975.8232045220918,Y1
1.0,0.0,2.0,1.0,0.0,0.0,0.0,22.0,0.0,1,908.0,865.0146148314158,908.0,Y0
1.0,0.0,3.0,0.0,0.0,0.0,0.0,9.0,0.0,1,991.0,915.8318208999783,991.0,Y0
1.0,0.0,2.0,1.0,0.0,2.0,0.0,12.0,0.0,0,891.0,891.0,900.8093174782671,Y1
0.0,0.0,4.0,0.0,0.0,1.0,0.0,8.0,0.0,0,971.0,971.0,939.9301048411534,Y1
0.0,0.0,3.0,1.0,0.0,1.0,0.0,5.0,0.0,0,837.0,837.0,908.3749628018053,Y1
0.0,0.0,1.0,0.0,3.0,0.0,0.0,3.0,0.0,0,932.0,932.0,994.6833323361797,Y1
0.0,1.0,3.0,0.0,1.0,1.0,0.0,15.0,0.0,1,1015.0,915.2748046081222,1015.0,Y0
1.0,0.0,0.0,1.0,3.0,2.0,0.0,13.0,0.0,0,796.0,796.0,919.1587050400627,Y1
0.0,0.0,0.0,0.0,0.0,0.0,0.0,13.0,0.0,0,1005.0,1005.0,970.3921194443219,Y1
1.0,0.0,4.0,1.0,3.0,2.0,0.0,13.0,0.0,0,870.0,870.0,920.1552086227202,Y1
1.0,1.0,3.0,1.0,2.0,0.0,0.0,6.0,1.0,1,946.0,873.6327465110294,946.0,Y0
0.0,1.0,3.0,1.0,2.0,1.0,0.0,13.0,1.0,1,884.0,880.1597871081768,884.0,Y0
0.0,0.0,2.0,0.0,0.0,0.0,0.0,8.0,0.0,0,997.0,997.0,942.4557569309445,Y1
1.0,1.0,3.0,1.0,2.0,0.0,1.0,0.0,0.0,0,925.0,925.0,1001.4037516172859,Y1
0.0,0.0,0.0,1.0,0.0,1.0,0.0,11.0,0.0,0,1114.0,1114.0,930.8215732808005,Y1
0.0,0.0,2.0,0.0,0.0,0.0,0.0,8.0,0.0,1,964.0,928.6041517900399,964.0,Y0
1.0,0.0,2.0,0.0,1.0,1.0,0.0,4.0,0.0,1,965.0,916.457759255266,965.0,Y0
0.0,0.0,1.0,0.0,0.0,1.0,0.0,15.0,0.0,0,1100.0,1100.0,991.5888157849331,Y1
0.0,0.0,2.0,0.0,0.0,1.0,0.0,20.0,0.0,0,949.0,949.0,919.7641330784851,Y1
1.0,1.0,2.0,1.0,2.0,0.0,2.0,2.0,1.0,1,803.0,884.1495594100692,803.0,Y0
1.0,1.0,2.0,1.0,2.0,0.0,1.0,9.0,1.0,1,953.0,896.7308136337967,953.0,Y0
0.0,0.0,1.0,0.0,0.0,1.0,0.0,8.0,0.0,0,989.0,989.0,969.364085976488,Y1
0.0,1.0,3.0,1.0,2.0,0.0,0.0,16.0,1.0,0,823.0,823.0,913.2248778950446,Y1
1.0,1.0,3.0,1.0,2.0,0.0,0.0,3.0,1.0,1,929.0,859.3086934954664,929.0,Y0
0.0,0.0,3.0,1.0,2.0,0.0,0.0,9.0,0.0,0,846.0,846.0,898.435655117282,Y1
1.0,1.0,0.0,1.0,2.0,0.0,2.0,1.0,1.0,1,974.0,892.1369775713491,974.0,Y0
1.0,0.0,0.0,0.0,0.0,1.0,0.0,9.0,0.0,0,921.0,921.0,948.5159012793089,Y1
1.0,1.0,0.0,0.0,2.0,0.0,1.0,0.0,0.0,0,989.0,989.0,1013.539602790816,Y1
0.0,0.0,1.0,0.0,0.0,0.0,2.0,2.0,0.0,0,942.0,942.0,925.735236104454,Y1
1.0,0.0,2.0,1.0,0.0,1.0,0.0,13.0,0.0,0,874.0,874.0,901.9306918681117,Y1
0.0,0.0,3.0,1.0,1.0,1.0,0.0,15.0,1.0,0,928.0,928.0,923.3668390546309,Y1
1.0,0.0,2.0,0.0,0.0,0.0,-1.0,12.0,0.0,1,805.0,915.6051556353796,805.0,Y0
1.0,0.0,0.0,1.0,3.0,1.0,0.0,6.0,0.0,0,878.0,878.0,898.5323097484278,Y1
0.0,1.0,2.0,1.0,1.0,1.0,0.0,10.0,0.0,0,831.0,831.0,877.4079775283025,Y1
1.0,0.0,3.0,0.0,0.0,0.0,0.0,12.0,0.0,0,924.0,924.0,930.8366985333331,Y1
0.0,0.0,1.0,0.0,3.0,1.0,0.0,7.0,0.0,1,967.0,978.4231009869411,967.0,Y0
1.0,0.0,3.0,1.0,0.0,1.0,0.0,13.0,0.0,0,979.0,979.0,882.0704436372428,Y1
1.0,0.0,3.0,0.0,0.0,0.0,0.0,13.0,-1.0,0,888.0,888.0,915.6057143933376,Y1
1.0,0.0,0.0,0.0,0.0,0.0,1.0,0.0,0.0,0,943.0,943.0,993.9277353177708,Y1
0.0,0.0,0.0,0.0,0.0,1.0,0.0,11.0,0.0,0,1052.0,1052.0,962.6882658934073,Y1
1.0,1.0,3.0,1.0,2.0,1.0,0.0,10.0,1.0,0,789.0,789.0,861.314868745727,Y1
0.0,1.0,0.0,1.0,2.0,0.0,0.0,3.0,1.0,1,1046.0,893.7506889874296,1046.0,Y0
0.0,1.0,0.0,1.0,2.0,1.0,0.0,13.0,1.0,1,1164.0,900.9705774184595,1164.0,Y0
1.0,0.0,1.0,0.0,0.0,1.0,0.0,11.0,0.0,0,975.0,975.0,964.7765512565385,Y1
1.0,0.0,3.0,1.0,0.0,0.0,2.0,1.0,0.0,0,811.0,811.0,847.0015419672634,Y1
0.0,0.0,3.0,0.0,0.0,1.0,0.0,12.0,0.0,0,894.0,894.0,931.0888561862444,Y1
1.0,1.0,2.0,1.0,2.0,2.0,0.0,8.0,0.0,0,844.0,844.0,851.494751661937,Y1
1.0,0.0,0.0,0.0,1.0,0.0,0.0,3.0,0.0,0,932.0,932.0,984.3930925692221,Y1
0.0,0.0,1.0,0.0,0.0,0.0,0.0,11.0,0.0,0,1019.0,1019.0,976.110856743602,Y1
0.0,0.0,3.0,1.0,0.0,0.0,0.0,2.0,0.0,1,913.0,886.7285807068714,913.0,Y0
0.0,0.0,1.0,1.0,0.0,1.0,0.0,8.0,0.0,1,967.0,911.2762133818276,967.0,Y0
1.0,1.0,2.0,1.0,2.0,0.0,1.0,0.0,0.0,0,852.0,852.0,993.8038676529825,Y1
1.0,0.0,0.0,1.0,0.0,0.0,0.0,11.0,0.0,0,841.0,841.0,921.9232750594413,Y1
1.0,1.0,3.0,1.0,2.0,0.0,0.0,12.0,0.0,0,802.0,802.0,886.0414002131153,Y1
1.0,0.0,3.0,1.0,0.0,0.0,0.0,19.0,0.0,1,829.0,940.6372385974377,829.0,Y0
1.0,0.0,1.0,1.0,3.0,1.0,0.0,7.0,0.0,1,790.0,913.8587944994193,790.0,Y0
1.0,1.0,2.0,0.0,2.0,1.0,0.0,6.0,0.0,1,806.0,856.5582230479065,806.0,Y0
1.0,1.0,1.0,1.0,3.0,0.0,0.0,17.0,0.0,0,924.0,924.0,921.1283957591797,Y1
0.0,0.0,1.0,0.0,1.0,0.0,0.0,17.0,0.0,0,888.0,888.0,975.8090158976738,Y1
1.0,1.0,4.0,1.0,1.0,0.0,0.0,0.0,0.0,0,783.0,783.0,997.9626320757168,Y1
0.0,1.0,0.0,1.0,2.0,0.0,0.0,11.0,0.0,1,994.0,891.1881616270172,994.0,Y0
1.0,0.0,0.0,0.0,0.0,1.0,0.0,8.0,0.0,0,879.0,879.0,948.5159012793089,Y1
1.0,0.0,1.0,0.0,1.0,0.0,0.0,11.0,1.0,1,976.0,968.1605987453627,976.0,Y0
0.0,0.0,1.0,0.0,3.0,0.0,0.0,5.0,0.0,0,945.0,945.0,974.3937255653568,Y1
1.0,0.0,1.0,0.0,0.0,1.0,0.0,11.0,0.0,0,917.0,917.0,964.7765512565385,Y1
0.0,0.0,1.0,0.0,0.0,1.0,0.0,13.0,0.0,0,897.0,897.0,969.5102652511639,Y1
1.0,1.0,2.0,0.0,1.0,1.0,0.0,10.0,0.0,0,946.0,946.0,892.5307382825898,Y1
1.0,0.0,0.0,1.0,0.0,1.0,3.0,11.0,0.0,0,928.0,928.0,900.0389864056139,Y1
1.0,1.0,0.0,1.0,2.0,0.0,1.0,9.0,1.0,1,1027.0,907.2034786004085,1027.0,Y0
0.0,1.0,1.0,1.0,2.0,0.0,-1.0,10.0,1.0,0,884.0,884.0,889.233116186595,Y1
0.0,1.0,0.0,1.0,2.0,0.0,-1.0,6.0,1.0,0,969.0,969.0,891.2742907728974,Y1
1.0,1.0,0.0,1.0,2.0,0.0,-1.0,2.0,0.0,0,856.0,856.0,836.3576113057062,Y1
1.0,0.0,3.0,0.0,1.0,0.0,0.0,15.0,0.0,0,871.0,871.0,955.7334262617665,Y1
0.0,0.0,1.0,0.0,0.0,1.0,0.0,11.0,0.0,0,900.0,900.0,972.1795736974799,Y1
1.0,3.0,3.0,0.0,1.0,0.0,0.0,10.0,0.0,1,768.0,928.3355832125786,768.0,Y0
1.0,1.0,1.0,1.0,2.0,0.0,0.0,14.0,0.0,1,948.0,885.4614670578158,948.0,Y0
0.0,0.0,1.0,1.0,0.0,0.0,-1.0,2.0,0.0,0,859.0,859.0,933.6978964592488,Y1
0.0,1.0,2.0,1.0,2.0,0.0,0.0,20.0,1.0,0,957.0,957.0,886.0505743725163,Y1
0.0,0.0,0.0,0.0,1.0,0.0,0.0,17.0,0.0,0,919.0,919.0,969.8688134300751,Y1
1.0,1.0,2.0,1.0,2.0,0.0,0.0,6.0,0.0,1,1032.0,850.2666083669038,1032.0,Y0
0.0,0.0,3.0,1.0,0.0,1.0,0.0,6.0,0.0,0,837.0,837.0,909.9402668074074,Y1
1.0,0.0,1.0,1.0,0.0,0.0,-1.0,6.0,0.0,1,809.0,921.0566557896419,809.0,Y0
1.0,0.0,1.0,1.0,0.0,0.0,0.0,5.0,0.0,1,946.0,904.6036775462944,946.0,Y0
0.0,0.0,2.0,1.0,0.0,0.0,0.0,3.0,0.0,1,930.0,902.5215362949796,930.0,Y0
1.0,0.0,2.0,1.0,0.0,0.0,0.0,8.0,0.0,0,832.0,832.0,908.4991304064639,Y1
1.0,0.0,3.0,0.0,0.0,0.0,0.0,5.0,0.0,0,912.0,912.0,947.7933811033271,Y1
0.0,0.0,2.0,1.0,0.0,3.0,0.0,14.0,0.0,1,986.0,926.8679004851928,986.0,Y0
0.0,0.0,2.0,0.0,1.0,1.0,0.0,8.0,0.0,1,944.0,935.1475362767933,944.0,Y0
1.0,1.0,1.0,1.0,2.0,0.0,0.0,3.0,1.0,0,784.0,784.0,985.0575759315935,Y1
1.0,1.0,3.0,1.0,2.0,0.0,-1.0,3.0,0.0,1,861.0,846.008228757475,861.0,Y0
0.0,0.0,6.0,1.0,0.0,1.0,0.0,7.0,0.0,0,853.0,853.0,886.8102685701186,Y1
0.0,1.0,3.0,0.0,2.0,0.0,2.0,1.0,0.0,1,786.0,916.8934987403836,786.0,Y0
0.0,0.0,0.0,0.0,0.0,0.0,-1.0,4.0,0.0,0,936.0,936.0,983.573990054831,Y1
1.0,0.0,1.0,1.0,0.0,0.0,0.0,4.0,0.0,0,891.0,891.0,975.9834340541644,Y1
1.0,0.0,1.0,0.0,0.0,0.0,0.0,13.0,-1.0,0,919.0,919.0,943.2593176321844,Y1
1.0,1.0,3.0,1.0,0.0,0.0,0.0,21.0,0.0,1,921.0,890.0579821599291,921.0,Y0
1.0,1.0,3.0,1.0,2.0,0.0,0.0,5.0,1.0,0,829.0,829.0,919.4933577939439,Y1
1.0,0.0,0.0,0.0,0.0,0.0,0.0,2.0,0.0,0,922.0,922.0,950.4050550676772,Y1
1.0,0.0,3.0,0.0,0.0,1.0,0.0,17.0,0.0,0,866.0,866.0,933.8768225280418,Y1
0.0,1.0,3.0,1.0,1.0,0.0,0.0,6.0,0.0,0,873.0,873.0,922.2573716428207,Y1
1.0,1.0,0.0,1.0,1.0,0.0,-1.0,0.0,0.0,0,876.0,876.0,927.7681892560611,Y1
0.0,0.0,5.0,0.0,0.0,0.0,2.0,1.0,0.0,0,911.0,911.0,897.4670209412454,Y1
0.0,0.0,1.0,0.0,0.0,1.0,0.0,11.0,0.0,0,979.0,979.0,972.1795736974799,Y1
1.0,0.0,0.0,0.0,1.0,1.0,0.0,12.0,0.0,1,953.0,949.7866013907212,953.0,Y0
1.0,1.0,0.0,1.0,0.0,1.0,0.0,5.0,0.0,1,861.0,879.6045177313528,861.0,Y0
0.0,0.0,0.0,1.0,0.0,0.0,0.0,11.0,0.0,0,845.0,845.0,939.2294876571311,Y1
0.0,1.0,2.0,1.0,2.0,0.0,0.0,11.0,0.0,0,1028.0,1028.0,906.9879868328497,Y1
1.0,0.0,2.0,0.0,1.0,0.0,0.0,5.0,1.0,0,848.0,848.0,960.2287462826849,Y1
1.0,0.0,0.0,0.0,0.0,1.0,0.0,13.0,0.0,0,820.0,820.0,942.5311853611353,Y1
1.0,1.0,2.0,0.0,1.0,1.0,0.0,20.0,0.0,1,891.0,972.6446457995914,891.0,Y0
0.0,0.0,4.0,0.0,0.0,0.0,3.0,9.0,0.0,0,1039.0,1039.0,912.7995214113469,Y1
1.0,0.0,3.0,1.0,0.0,0.0,0.0,8.0,0.0,1,854.0,868.7558347078854,854.0,Y0
1.0,1.0,3.0,1.0,1.0,0.0,-1.0,0.0,0.0,0,878.0,878.0,954.1858752616133,Y1
0.0,0.0,2.0,1.0,3.0,0.0,0.0,13.0,0.0,0,856.0,856.0,927.6328224240984,Y1
0.0,1.0,1.0,1.0,2.0,0.0,0.0,20.0,1.0,0,996.0,996.0,907.9887391577986,Y1
1.0,0.0,0.0,0.0,1.0,1.0,0.0,13.0,0.0,0,910.0,910.0,942.642913028403,Y1
0.0,4.0,0.0,0.0,0.0,1.0,0.0,3.0,0.0,0,890.0,890.0,950.2202334265086,Y1
0.0,1.0,3.0,1.0,0.0,0.0,0.0,21.0,0.0,1,780.0,878.7336050798292,780.0,Y0
0.0,1.0,2.0,1.0,2.0,0.0,0.0,3.0,1.0,0,792.0,792.0,981.6895899657422,Y1
0.0,0.0,0.0,1.0,0.0,1.0,0.0,13.0,0.0,0,933.0,933.0,928.9665454163859,Y1
1.0,1.0,0.0,0.0,1.0,0.0,3.0,13.0,0.0,1,945.0,959.660092062562,945.0,Y0
0.0,1.0,2.0,1.0,2.0,0.0,0.0,11.0,0.0,0,942.0,942.0,906.9879868328497,Y1
1.0,0.0,2.0,0.0,0.0,0.0,0.0,8.0,0.0,1,928.0,899.6937862827267,928.0,Y0
1.0,0.0,3.0,0.0,0.0,1.0,0.0,13.0,0.0,1,879.0,913.7003860860582,879.0,Y0
0.0,0.0,0.0,0.0,3.0,2.0,0.0,13.0,0.0,0,937.0,937.0,1022.8701517907086,Y1
1.0,0.0,0.0,0.0,0.0,3.0,0.0,10.0,0.0,1,1072.0,953.8873146983365,1072.0,Y0
0.0,0.0,2.0,1.0,0.0,0.0,0.0,4.0,0.0,0,961.0,961.0,964.2506993797745,Y1
1.0,4.0,3.0,0.0,0.0,0.0,0.0,5.0,0.0,1,955.0,851.4978738500888,955.0,Y0
0.0,0.0,2.0,1.0,0.0,1.0,0.0,21.0,0.0,0,876.0,876.0,912.9826053725147,Y1
0.0,1.0,2.0,1.0,2.0,0.0,0.0,12.0,1.0,0,1037.0,1037.0,910.5352134379286,Y1
1.0,0.0,0.0,0.0,1.0,1.0,0.0,20.0,0.0,1,910.0,987.0896257977179,910.0,Y0
1.0,0.0,2.0,0.0,0.0,0.0,0.0,13.0,0.0,0,918.0,918.0,934.8529717193067,Y1
1.0,0.0,2.0,0.0,1.0,1.0,0.0,18.0,0.0,1,991.0,938.0245340846257,991.0,Y0
0.0,0.0,2.0,0.0,0.0,1.0,0.0,6.0,0.0,0,917.0,917.0,949.915236961627,Y1
1.0,1.0,2.0,1.0,2.0,0.0,2.0,1.0,0.0,0,904.0,904.0,868.4165894171167,Y1
0.0,0.0,0.0,0.0,1.0,0.0,5.0,3.0,0.0,0,948.0,948.0,941.003057550059,Y1
0.0,1.0,2.0,1.0,2.0,1.0,0.0,7.0,0.0,0,887.0,887.0,894.8685261195415,Y1
1.0,1.0,3.0,0.0,2.0,0.0,0.0,5.0,1.0,0,902.0,902.0,950.6285738373824,Y1
0.0,0.0,2.0,1.0,0.0,0.0,0.0,8.0,0.0,0,899.0,899.0,916.455793080512,Y1
0.0,1.0,3.0,1.0,2.0,1.0,0.0,8.0,0.0,1,913.0,852.4580819151455,913.0,Y0
1.0,0.0,1.0,0.0,0.0,0.0,0.0,10.0,0.0,0,984.0,984.0,954.103920366036,Y1
0.0,0.0,3.0,1.0,0.0,0.0,0.0,6.0,0.0,1,898.0,884.728585915739,898.0,Y0
0.0,0.0,1.0,1.0,0.0,1.0,0.0,6.0,0.0,1,889.0,923.283712951709,889.0,Y0
1.0,0.0,2.0,0.0,0.0,0.0,-1.0,5.0,0.0,0,952.0,952.0,917.6951911487594,Y1
1.0,0.0,2.0,1.0,3.0,0.0,0.0,13.0,0.0,0,930.0,930.0,911.8681935122003,Y1
1.0,0.0,3.0,1.0,0.0,0.0,2.0,1.0,0.0,0,849.0,849.0,847.0015419672634,Y1
0.0,0.0,9.0,0.0,0.0,1.0,0.0,5.0,0.0,0,894.0,894.0,907.7161054825541,Y1
1.0,1.0,2.0,1.0,2.0,0.0,1.0,0.0,0.0,0,963.0,963.0,993.8038676529825,Y1
0.0,1.0,3.0,1.0,2.0,0.0,-1.0,9.0,1.0,0,854.0,854.0,867.3689832213565,Y1
0.0,1.0,3.0,0.0,1.0,0.0,0.0,5.0,1.0,0,828.0,828.0,953.1661060842491,Y1
0.0,0.0,1.0,0.0,0.0,0.0,0.0,13.0,-1.0,0,920.0,920.0,956.9153156975386,Y1
0.0,0.0,0.0,1.0,0.0,0.0,0.0,2.0,0.0,1,950.0,898.3259586691102,950.0,Y0
0.0,1.0,5.0,1.0,2.0,0.0,-1.0,2.0,0.0,1,805.0,874.6563680030374,805.0,Y0
0.0,0.0,3.0,1.0,0.0,0.0,0.0,11.0,0.0,0,856.0,856.0,901.3043752368096,Y1
0.0,0.0,0.0,0.0,0.0,0.0,0.0,19.0,0.0,1,927.0,1008.624859608046,927.0,Y0
0.0,0.0,3.0,0.0,1.0,2.0,0.0,12.0,0.0,0,944.0,944.0,960.9931983452522,Y1
1.0,1.0,0.0,1.0,1.0,0.0,-1.0,12.0,1.0,0,847.0,847.0,906.5817406551882,Y1
1.0,0.0,1.0,1.0,0.0,1.0,0.0,8.0,0.0,0,905.0,905.0,923.2283335622708,Y1
1.0,0.0,3.0,0.0,0.0,0.0,0.0,12.0,0.0,1,916.0,923.4159349645656,916.0,Y0
0.0,1.0,3.0,1.0,2.0,0.0,2.0,1.0,0.0,0,952.0,952.0,870.8607344065889,Y1
0.0,0.0,1.0,0.0,0.0,0.0,0.0,8.0,0.0,1,1080.0,951.3902259902218,1080.0,Y0
1.0,0.0,2.0,1.0,0.0,0.0,0.0,8.0,0.0,0,826.0,826.0,908.4991304064639,Y1
1.0,0.0,3.0,0.0,0.0,1.0,0.0,6.0,0.0,1,1036.0,901.5306871237352,1036.0,Y0
0.0,0.0,0.0,1.0,0.0,0.0,0.0,13.0,-1.0,0,861.0,861.0,920.9606988675904,Y1
1.0,1.0,0.0,1.0,2.0,2.0,0.0,8.0,0.0,0,879.0,879.0,853.5179800862708,Y1
1.0,0.0,1.0,0.0,1.0,2.0,0.0,13.0,0.0,0,976.0,976.0,977.0172419266017,Y1
0.0,0.0,0.0,0.0,3.0,0.0,0.0,5.0,0.0,0,853.0,853.0,966.5420734076641,Y1
0.0,0.0,0.0,0.0,3.0,0.0,-1.0,11.0,0.0,0,947.0,947.0,870.6027799906369,Y1
1.0,1.0,0.0,1.0,2.0,0.0,0.0,5.0,1.0,0,883.0,883.0,931.4472831595679,Y1
1.0,0.0,3.0,1.0,3.0,1.0,0.0,6.0,0.0,0,898.0,898.0,881.4491755131332,Y1
0.0,0.0,0.0,0.0,3.0,1.0,0.0,14.0,0.0,1,985.0,967.1569378990309,985.0,Y0
0.0,0.0,1.0,1.0,3.0,0.0,0.0,11.0,0.0,1,902.0,918.3578589490247,902.0,Y0
0.0,0.0,4.0,0.0,3.0,0.0,0.0,11.0,0.0,1,908.0,949.9275586277522,908.0,Y0
0.0,1.0,0.0,1.0,2.0,1.0,0.0,15.0,1.0,0,893.0,893.0,914.7783634410933,Y1
1.0,0.0,2.0,1.0,0.0,0.0,0.0,15.0,0.0,0,961.0,961.0,912.0289571053635,Y1
1.0,0.0,1.0,0.0,1.0,1.0,1.0,8.0,0.0,1,1043.0,925.0590229726629,1043.0,Y0
0.0,0.0,2.0,0.0,1.0,0.0,0.0,7.0,0.0,0,889.0,889.0,965.3954317239748,Y1
1.0,0.0,3.0,0.0,0.0,1.0,0.0,11.0,0.0,0,886.0,886.0,924.7883128464837,Y1
1.0,0.0,0.0,0.0,1.0,0.0,0.0,11.0,0.0,0,907.0,907.0,958.8162616807549,Y1
0.0,1.0,0.0,0.0,2.0,0.0,0.0,9.0,0.0,1,870.0,936.0516818609167,870.0,Y0
1.0,1.0,3.0,1.0,2.0,0.0,0.0,6.0,1.0,0,837.0,837.0,919.4933577939439,Y1
1.0,0.0,2.0,0.0,1.0,0.0,0.0,10.0,0.0,1,831.0,943.8396940425046,831.0,Y0
1.0,1.0,0.0,1.0,2.0,0.0,-1.0,2.0,0.0,0,865.0,865.0,836.3576113057062,Y1
0.0,0.0,3.0,0.0,0.0,1.0,0.0,12.0,0.0,0,908.0,908.0,931.0888561862444,Y1
0.0,0.0,0.0,0.0,0.0,0.0,0.0,19.0,0.0,1,1054.0,1008.624859608046,1054.0,Y0
1.0,0.0,0.0,0.0,0.0,1.0,0.0,3.0,0.0,0,879.0,879.0,958.4293328074398,Y1
1.0,1.0,2.0,1.0,2.0,2.0,0.0,8.0,0.0,0,852.0,852.0,851.494751661937,Y1
1.0,0.0,0.0,0.0,1.0,0.0,0.0,10.0,0.0,1,921.0,956.8000028350867,921.0,Y0
1.0,1.0,2.0,1.0,1.0,0.0,1.0,0.0,0.0,0,812.0,812.0,995.1774612666603,Y1
0.0,0.0,0.0,0.0,0.0,1.0,0.0,13.0,0.0,0,891.0,891.0,960.8332380289927,Y1
1.0,0.0,4.0,1.0,1.0,0.0,0.0,12.0,0.0,0,877.0,877.0,909.3089652782667,Y1
1.0,0.0,2.0,0.0,0.0,1.0,0.0,8.0,0.0,1,960.0,903.2642649580341,960.0,Y0
0.0,1.0,1.0,1.0,2.0,1.0,0.0,22.0,0.0,0,898.0,898.0,888.2685708536229,Y1
1.0,0.0,4.0,0.0,1.0,0.0,0.0,8.0,0.0,0,812.0,812.0,939.7135162967849,Y1
1.0,0.0,0.0,0.0,0.0,1.0,0.0,13.0,0.0,0,942.0,942.0,942.5311853611353,Y1
1.0,0.0,2.0,0.0,0.0,1.0,0.0,5.0,0.0,0,928.0,928.0,947.1625226902695,Y1
1.0,0.0,1.0,0.0,0.0,0.0,1.0,0.0,0.0,0,837.0,837.0,1013.0260937719028,Y1
1.0,0.0,3.0,0.0,0.0,0.0,0.0,19.0,0.0,1,1121.0,977.9730381878755,1121.0,Y0
1.0,1.0,0.0,1.0,2.0,1.0,0.0,10.0,1.0,1,831.0,902.756238001767,831.0,Y0
0.0,1.0,1.0,1.0,2.0,0.0,0.0,21.0,1.0,1,917.0,919.4561250232439,917.0,Y0
0.0,1.0,0.0,0.0,1.0,0.0,0.0,6.0,0.0,0,953.0,953.0,970.7993029880436,Y1
0.0,0.0,3.0,0.0,0.0,0.0,0.0,3.0,0.0,0,908.0,908.0,945.225788441602,Y1
0.0,0.0,2.0,0.0,1.0,0.0,0.0,18.0,0.0,0,966.0,966.0,985.1364505160988,Y1
1.0,0.0,1.0,1.0,3.0,0.0,0.0,17.0,0.0,0,856.0,856.0,942.4854400126775,Y1
1.0,0.0,0.0,0.0,1.0,0.0,-1.0,0.0,0.0,1,887.0,915.4162356229191,887.0,Y0
0.0,0.0,1.0,0.0,0.0,0.0,0.0,11.0,0.0,1,1003.0,959.0242312858397,1003.0,Y0
1.0,0.0,2.0,0.0,0.0,0.0,3.0,27.0,0.0,0,816.0,816.0,924.2994193371882,Y1
1.0,1.0,0.0,1.0,2.0,0.0,-1.0,2.0,0.0,1,831.0,868.6232402875302,831.0,Y0
1.0,0.0,2.0,0.0,1.0,0.0,0.0,3.0,0.0,1,914.0,914.5032042421005,914.0,Y0
1.0,0.0,1.0,1.0,0.0,0.0,0.0,11.0,0.0,1,1028.0,910.4728457975305,1028.0,Y0
0.0,0.0,0.0,0.0,3.0,1.0,0.0,4.0,0.0,0,983.0,983.0,957.9073996576053,Y1
1.0,0.0,0.0,1.0,3.0,1.0,0.0,12.0,0.0,1,918.0,909.4928146773772,918.0,Y0
1.0,0.0,2.0,1.0,0.0,0.0,0.0,13.0,0.0,0,998.0,998.0,906.2006234146363,Y1
0.0,1.0,0.0,1.0,2.0,0.0,0.0,7.0,0.0,0,839.0,839.0,949.238022838757,Y1
0.0,0.0,3.0,0.0,0.0,0.0,0.0,8.0,0.0,0,911.0,911.0,931.1566187312003,Y1
1.0,0.0,3.0,0.0,0.0,1.0,0.0,4.0,0.0,0,837.0,837.0,964.69650035469,Y1
0.0,0.0,3.0,0.0,0.0,0.0,0.0,3.0,0.0,0,991.0,991.0,945.225788441602,Y1
1.0,0.0,3.0,0.0,1.0,1.0,0.0,8.0,0.0,0,845.0,845.0,929.270957457351,Y1
1.0,0.0,1.0,1.0,0.0,1.0,0.0,12.0,0.0,0,831.0,831.0,922.2203424762475,Y1
0.0,0.0,0.0,1.0,0.0,1.0,0.0,13.0,0.0,0,891.0,891.0,928.9665454163859,Y1
0.0,0.0,1.0,0.0,1.0,0.0,2.0,3.0,0.0,0,893.0,893.0,941.0806853568483,Y1
0.0,0.0,2.0,1.0,3.0,0.0,0.0,11.0,0.0,0,820.0,820.0,906.9272153148585,Y1
0.0,1.0,2.0,1.0,2.0,0.0,0.0,3.0,1.0,1,1140.0,887.1811894889664,1140.0,Y0
0.0,1.0,0.0,1.0,2.0,0.0,0.0,11.0,0.0,0,839.0,839.0,924.460878006417,Y1
1.0,0.0,1.0,0.0,1.0,0.0,0.0,17.0,0.0,0,850.0,850.0,965.814139812892,Y1
0.0,1.0,3.0,1.0,2.0,0.0,-1.0,2.0,0.0,1,913.0,865.2348740505216,913.0,Y0
1.0,0.0,3.0,0.0,0.0,1.0,0.0,10.0,0.0,0,981.0,981.0,917.4469621331756,Y1
0.0,0.0,3.0,1.0,0.0,0.0,0.0,12.0,0.0,0,960.0,960.0,901.3043752368096,Y1
1.0,0.0,0.0,0.0,1.0,0.0,1.0,14.0,0.0,0,1020.0,1020.0,996.6764147921286,Y1
0.0,1.0,2.0,1.0,2.0,1.0,0.0,5.0,0.0,0,855.0,855.0,902.502279724668,Y1
1.0,0.0,2.0,0.0,0.0,1.0,0.0,13.0,0.0,0,857.0,857.0,929.9045251009297,Y1
1.0,0.0,0.0,1.0,1.0,0.0,0.0,5.0,1.0,0,956.0,956.0,932.2211520039613,Y1
1.0,0.0,3.0,1.0,0.0,0.0,0.0,8.0,0.0,0,860.0,860.0,890.7559848163223,Y1
0.0,0.0,3.0,0.0,1.0,0.0,0.0,5.0,0.0,1,979.0,925.7470952471992,979.0,Y0
1.0,0.0,1.0,0.0,3.0,0.0,0.0,8.0,0.0,0,928.0,928.0,949.815054708962,Y1
1.0,0.0,2.0,0.0,0.0,0.0,2.0,2.0,0.0,0,1083.0,1083.0,902.7179892679814,Y1
0.0,0.0,2.0,0.0,0.0,0.0,0.0,6.0,0.0,0,957.0,957.0,960.5110632372445,Y1
0.0,0.0,3.0,1.0,3.0,0.0,0.0,11.0,0.0,0,866.0,866.0,885.0653371792212,Y1
1.0,0.0,4.0,0.0,0.0,0.0,0.0,10.0,0.0,0,956.0,956.0,928.377063316486,Y1
1.0,0.0,9.0,1.0,3.0,0.0,0.0,17.0,0.0,0,880.0,880.0,885.8632941546394,Y1
0.0,1.0,2.0,1.0,2.0,0.0,1.0,0.0,1.0,0,908.0,908.0,974.5769053041843,Y1
1.0,0.0,3.0,1.0,0.0,0.0,0.0,8.0,0.0,1,933.0,868.7558347078854,933.0,Y0
0.0,0.0,2.0,1.0,3.0,0.0,0.0,11.0,0.0,1,989.0,913.8168855068259,989.0,Y0
1.0,0.0,0.0,0.0,0.0,1.0,0.0,15.0,0.0,0,927.0,927.0,966.8478624600729,Y1
1.0,0.0,3.0,0.0,0.0,0.0,0.0,10.0,0.0,0,830.0,830.0,918.281498497916,Y1
0.0,1.0,2.0,1.0,2.0,0.0,2.0,1.0,0.0,0,953.0,953.0,882.3451803361228,Y1
1.0,0.0,3.0,0.0,0.0,0.0,-1.0,4.0,0.0,0,851.0,851.0,975.1473202887705,Y1
0.0,0.0,5.0,1.0,0.0,1.0,0.0,8.0,0.0,1,944.0,891.4417666247294,944.0,Y0
0.0,0.0,2.0,0.0,1.0,1.0,0.0,18.0,0.0,1,1079.0,951.9181604625014,1079.0,Y0
1.0,0.0,2.0,1.0,0.0,0.0,0.0,14.0,0.0,0,973.0,973.0,939.5224640359888,Y1
1.0,0.0,1.0,0.0,0.0,1.0,0.0,21.0,0.0,0,901.0,901.0,963.5053117192326,Y1
1.0,0.0,2.0,1.0,0.0,0.0,0.0,15.0,0.0,1,836.0,909.218752119299,836.0,Y0
0.0,1.0,0.0,0.0,0.0,1.0,0.0,13.0,0.0,0,846.0,846.0,943.7144526001737,Y1
0.0,0.0,0.0,0.0,3.0,0.0,1.0,0.0,0.0,0,951.0,951.0,927.1614617757248,Y1
1.0,1.0,0.0,0.0,0.0,1.0,0.0,10.0,0.0,0,862.0,862.0,909.39691866958,Y1
0.0,0.0,0.0,0.0,0.0,1.0,0.0,3.0,0.0,0,906.0,906.0,962.6910883147306,Y1
0.0,1.0,1.0,1.0,2.0,0.0,0.0,5.0,1.0,0,987.0,987.0,958.4419765427874,Y1
0.0,1.0,3.0,1.0,2.0,0.0,-1.0,3.0,1.0,0,813.0,813.0,916.0890587091961,Y1
1.0,0.0,0.0,1.0,0.0,1.0,0.0,10.0,0.0,0,981.0,981.0,901.6572127879864,Y1
1.0,1.0,2.0,1.0,2.0,1.0,0.0,5.0,0.0,0,730.0,730.0,888.8830802185614,Y1
1.0,0.0,0.0,0.0,0.0,1.0,0.0,3.0,0.0,0,871.0,871.0,958.4293328074398,Y1
0.0,0.0,0.0,1.0,0.0,0.0,0.0,4.0,0.0,1,832.0,906.5281068654726,832.0,Y0
0.0,0.0,2.0,1.0,1.0,0.0,0.0,11.0,0.0,0,880.0,880.0,922.0297563439754,Y1
1.0,0.0,2.0,0.0,0.0,0.0,0.0,2.0,0.0,1,848.0,912.158910958371,848.0,Y0
0.0,0.0,1.0,1.0,0.0,0.0,0.0,4.0,0.0,0,959.0,959.0,983.7223553429421,Y1
1.0,1.0,2.0,1.0,0.0,1.0,0.0,13.0,0.0,0,853.0,853.0,883.4034352770683,Y1
1.0,0.0,3.0,0.0,1.0,0.0,0.0,8.0,0.0,0,907.0,907.0,930.1054938220914,Y1
1.0,0.0,0.0,0.0,0.0,1.0,0.0,13.0,0.0,0,979.0,979.0,942.5311853611353,Y1
1.0,0.0,4.0,0.0,3.0,0.0,0.0,5.0,0.0,0,909.0,909.0,941.8063764407532,Y1
1.0,0.0,3.0,0.0,1.0,0.0,-1.0,0.0,0.0,1,916.0,899.5251073838731,916.0,Y0
1.0,1.0,1.0,1.0,2.0,1.0,4.0,12.0,0.0,1,960.0,934.5929609893765,960.0,Y0
0.0,0.0,0.0,0.0,1.0,0.0,0.0,5.0,0.0,1,998.0,960.3438800128235,998.0,Y0
1.0,1.0,3.0,1.0,2.0,0.0,2.0,1.0,0.0,1,852.0,880.9257437340692,852.0,Y0
0.0,0.0,1.0,1.0,0.0,0.0,0.0,6.0,0.0,1,1033.0,917.8990045935101,1033.0,Y0
0.0,0.0,1.0,0.0,0.0,3.0,3.0,8.0,0.0,1,964.0,1017.6097081455895,964.0,Y0
1.0,1.0,1.0,1.0,2.0,0.0,2.0,1.0,0.0,1,896.0,909.0862300737774,896.0,Y0
1.0,0.0,2.0,0.0,0.0,1.0,0.0,10.0,0.0,0,944.0,944.0,929.7607238724664,Y1
1.0,1.0,0.0,0.0,2.0,0.0,0.0,10.0,1.0,0,1010.0,1010.0,933.1732303276783,Y1
0.0,0.0,1.0,0.0,1.0,1.0,0.0,8.0,0.0,0,909.0,909.0,969.0764337549779,Y1
0.0,1.0,0.0,1.0,2.0,0.0,2.0,1.0,1.0,0,863.0,863.0,913.0633246758126,Y1
1.0,0.0,0.0,0.0,1.0,0.0,-1.0,0.0,0.0,1,1114.0,915.4162356229191,1114.0,Y0
1.0,0.0,3.0,0.0,1.0,0.0,-1.0,3.0,0.0,0,859.0,859.0,962.7731849798458,Y1
1.0,0.0,3.0,1.0,1.0,0.0,0.0,12.0,0.0,0,921.0,921.0,898.2874367273608,Y1
0.0,0.0,2.0,1.0,0.0,0.0,0.0,5.0,0.0,0,852.0,852.0,940.236374531695,Y1
1.0,0.0,2.0,0.0,1.0,0.0,-1.0,0.0,0.0,1,852.0,905.8128448706598,852.0,Y0
1.0,1.0,2.0,1.0,2.0,0.0,0.0,10.0,1.0,0,1016.0,1016.0,886.4217652956974,Y1
1.0,1.0,2.0,0.0,3.0,1.0,0.0,13.0,0.0,1,925.0,879.2988628772418,925.0,Y0
0.0,1.0,9.0,1.0,2.0,0.0,2.0,1.0,1.0,0,881.0,881.0,951.5849185197761,Y1
1.0,0.0,3.0,0.0,1.0,1.0,0.0,14.0,1.0,1,949.0,946.456731330396,949.0,Y0
1.0,0.0,1.0,0.0,1.0,0.0,0.0,8.0,1.0,0,976.0,976.0,964.3688488928976,Y1
1.0,0.0,0.0,0.0,1.0,0.0,1.0,0.0,0.0,1,924.0,928.3531511757471,924.0,Y0
1.0,0.0,4.0,1.0,3.0,0.0,0.0,14.0,0.0,1,837.0,901.3967926877575,837.0,Y0
0.0,0.0,3.0,1.0,0.0,0.0,3.0,27.0,0.0,0,876.0,876.0,879.1237630075614,Y1
1.0,0.0,3.0,0.0,1.0,1.0,0.0,15.0,0.0,1,1020.0,942.6762442392836,1020.0,Y0
1.0,1.0,3.0,0.0,1.0,1.0,0.0,14.0,1.0,1,924.0,925.1400927559644,924.0,Y0
0.0,0.0,3.0,1.0,0.0,0.0,0.0,2.0,0.0,1,834.0,886.7285807068714,834.0,Y0
0.0,0.0,0.0,0.0,0.0,1.0,0.0,13.0,0.0,0,999.0,999.0,960.8332380289927,Y1
1.0,1.0,2.0,1.0,2.0,1.0,0.0,15.0,1.0,0,888.0,888.0,892.5428954888881,Y1
1.0,1.0,3.0,1.0,1.0,0.0,0.0,21.0,0.0,1,888.0,895.7264066465254,888.0,Y0
0.0,0.0,1.0,0.0,1.0,0.0,0.0,5.0,1.0,0,963.0,963.0,985.644710747695,Y1
0.0,1.0,2.0,1.0,2.0,0.0,2.0,1.0,1.0,0,949.0,949.0,883.2099013955859,Y1
0.0,0.0,1.0,0.0,1.0,1.0,0.0,22.0,0.0,0,948.0,948.0,942.3621263573998,Y1
1.0,0.0,3.0,0.0,1.0,0.0,0.0,7.0,0.0,0,912.0,912.0,956.2350836780081,Y1
0.0,1.0,1.0,0.0,2.0,0.0,0.0,10.0,1.0,0,1015.0,1015.0,949.4759970701821,Y1
1.0,0.0,2.0,1.0,3.0,0.0,0.0,21.0,0.0,1,944.0,890.4783139992135,944.0,Y0
0.0,1.0,0.0,0.0,1.0,0.0,2.0,1.0,1.0,0,1008.0,1008.0,922.0686323865742,Y1
1.0,1.0,4.0,1.0,2.0,2.0,0.0,8.0,0.0,0,860.0,860.0,847.7221272103975,Y1
1.0,0.0,0.0,1.0,3.0,0.0,0.0,8.0,0.0,0,901.0,901.0,899.0279785653191,Y1
1.0,0.0,0.0,0.0,0.0,0.0,0.0,13.0,0.0,0,939.0,939.0,954.0762078462274,Y1
0.0,1.0,2.0,1.0,0.0,1.0,0.0,12.0,0.0,0,928.0,928.0,885.9060149501345,Y1
0.0,0.0,8.0,0.0,0.0,0.0,0.0,12.0,0.0,1,963.0,919.7518881394866,963.0,Y0
0.0,0.0,0.0,0.0,0.0,1.0,0.0,11.0,0.0,0,946.0,946.0,962.6882658934073,Y1
0.0,0.0,0.0,0.0,1.0,0.0,0.0,17.0,0.0,0,957.0,957.0,969.8688134300751,Y1
0.0,0.0,2.0,0.0,0.0,0.0,0.0,4.0,0.0,0,929.0,929.0,983.3819840443385,Y1
1.0,1.0,2.0,1.0,1.0,0.0,0.0,0.0,0.0,0,834.0,834.0,982.6726937685339,Y1
0.0,1.0,0.0,1.0,2.0,0.0,2.0,2.0,0.0,1,919.0,905.197584437166,919.0,Y0
0.0,1.0,3.0,1.0,2.0,1.0,0.0,17.0,0.0,0,799.0,799.0,877.6465996902386,Y1
0.0,0.0,1.0,0.0,1.0,1.0,0.0,22.0,0.0,0,905.0,905.0,942.3621263573998,Y1
1.0,0.0,1.0,0.0,0.0,0.0,3.0,10.0,0.0,0,947.0,947.0,913.9451442040706,Y1
1.0,1.0,0.0,1.0,2.0,0.0,0.0,3.0,1.0,1,916.0,875.1802143369646,916.0,Y0
1.0,1.0,0.0,1.0,2.0,0.0,2.0,1.0,0.0,0,925.0,925.0,872.8116377149894,Y1
0.0,0.0,4.0,0.0,1.0,0.0,0.0,18.0,0.0,0,996.0,996.0,1006.0943049118019,Y1
0.0,0.0,3.0,1.0,0.0,0.0,0.0,4.0,0.0,1,950.0,878.6964194564711,950.0,Y0
1.0,0.0,0.0,1.0,0.0,1.0,0.0,12.0,0.0,0,878.0,878.0,909.8044850274638,Y1
1.0,1.0,0.0,0.0,2.0,1.0,1.0,3.0,1.0,0,849.0,849.0,966.4515255381915,Y1
0.0,0.0,2.0,0.0,0.0,0.0,0.0,11.0,0.0,1,1015.0,946.9866307229146,1015.0,Y0
0.0,0.0,4.0,1.0,0.0,0.0,0.0,11.0,0.0,0,897.0,897.0,912.3259037877154,Y1
1.0,0.0,2.0,0.0,0.0,1.0,0.0,15.0,0.0,0,1019.0,1019.0,960.4883579826109,Y1
1.0,0.0,0.0,0.0,0.0,0.0,0.0,6.0,0.0,1,997.0,929.805262212558,997.0,Y0
0.0,0.0,3.0,0.0,0.0,1.0,0.0,8.0,0.0,0,903.0,903.0,930.3220823664599,Y1
0.0,0.0,2.0,1.0,0.0,0.0,0.0,10.0,0.0,0,824.0,824.0,908.1333917953834,Y1
1.0,1.0,2.0,1.0,2.0,1.0,0.0,10.0,1.0,0,889.0,889.0,868.078676358144,Y1
1.0,0.0,3.0,0.0,0.0,2.0,0.0,6.0,0.0,1,1004.0,904.9578042128954,1004.0,Y0
1.0,0.0,0.0,0.0,3.0,0.0,0.0,3.0,0.0,0,884.0,884.0,978.010514149115,Y1
0.0,0.0,3.0,0.0,1.0,1.0,0.0,17.0,0.0,1,899.0,921.6018951523362,899.0,Y0
1.0,1.0,1.0,1.0,1.0,0.0,0.0,8.0,1.0,0,927.0,927.0,912.3784257264457,Y1
1.0,0.0,4.0,0.0,0.0,0.0,3.0,9.0,0.0,0,839.0,839.0,909.6084211982343,Y1
1.0,0.0,10.0,1.0,0.0,0.0,1.0,0.0,0.0,0,811.0,811.0,942.5844159006492,Y1
1.0,0.0,3.0,0.0,0.0,0.0,2.0,1.0,0.0,0,926.0,926.0,885.0195861302191,Y1
0.0,0.0,3.0,0.0,1.0,1.0,0.0,14.0,1.0,1,1044.0,948.7414283417721,1044.0,Y0
0.0,0.0,3.0,0.0,1.0,0.0,0.0,7.0,0.0,0,1058.0,1058.0,959.0260656315272,Y1
1.0,1.0,3.0,1.0,1.0,0.0,0.0,12.0,1.0,1,803.0,917.6923128140139,803.0,Y0
0.0,1.0,1.0,0.0,2.0,0.0,0.0,9.0,0.0,1,895.0,937.6325251548212,895.0,Y0
1.0,1.0,3.0,1.0,2.0,0.0,0.0,12.0,0.0,0,835.0,835.0,886.0414002131153,Y1
1.0,1.0,2.0,1.0,2.0,0.0,2.0,1.0,0.0,1,870.0,887.3650295517834,870.0,Y0
1.0,0.0,0.0,0.0,3.0,0.0,1.0,0.0,0.0,0,914.0,914.0,978.660044591809,Y1
0.0,0.0,1.0,0.0,3.0,1.0,0.0,12.0,0.0,0,1056.0,1056.0,960.5265985076649,Y1
1.0,0.0,2.0,0.0,0.0,0.0,-1.0,2.0,0.0,0,947.0,947.0,923.6313059005748,Y1
0.0,0.0,2.0,0.0,0.0,0.0,-1.0,9.0,0.0,0,924.0,924.0,902.6159977456349,Y1
1.0,0.0,1.0,0.0,0.0,1.0,0.0,11.0,0.0,0,1017.0,1017.0,964.7765512565385,Y1
0.0,0.0,2.0,0.0,3.0,0.0,0.0,11.0,0.0,0,922.0,922.0,934.9567144766532,Y1
0.0,1.0,0.0,1.0,2.0,0.0,1.0,0.0,1.0,0,994.0,994.0,982.6702978878427,Y1
1.0,0.0,1.0,0.0,1.0,0.0,0.0,5.0,1.0,0,861.0,861.0,981.7229282857311,Y1
1.0,1.0,2.0,1.0,2.0,1.0,0.0,10.0,1.0,1,968.0,887.5561431392538,968.0,Y0
1.0,1.0,1.0,1.0,2.0,1.0,1.0,6.0,0.0,0,857.0,857.0,902.9007538469054,Y1
1.0,0.0,2.0,0.0,1.0,0.0,0.0,17.0,0.0,0,1002.0,1002.0,945.8784499750567,Y1
1.0,1.0,1.0,1.0,2.0,0.0,0.0,5.0,1.0,0,918.0,918.0,938.5639178955486,Y1
0.0,1.0,0.0,1.0,2.0,0.0,0.0,11.0,0.0,0,887.0,887.0,924.460878006417,Y1
1.0,0.0,1.0,0.0,0.0,1.0,0.0,13.0,0.0,0,1050.0,1050.0,955.8542671858097,Y1
1.0,0.0,2.0,0.0,1.0,1.0,0.0,8.0,0.0,1,915.0,908.1186617995442,915.0,Y0
0.0,1.0,3.0,0.0,1.0,0.0,1.0,0.0,0.0,1,916.0,911.7280542000902,916.0,Y0
1.0,0.0,2.0,0.0,1.0,1.0,0.0,17.0,0.0,1,998.0,924.2577496459837,998.0,Y0
0.0,0.0,1.0,1.0,0.0,0.0,0.0,16.0,0.0,0,862.0,862.0,947.6488883044345,Y1
0.0,0.0,3.0,0.0,0.0,0.0,0.0,4.0,0.0,0,847.0,847.0,972.2575525716699,Y1
1.0,0.0,2.0,0.0,3.0,0.0,0.0,5.0,0.0,0,1000.0,1000.0,948.9667105464581,Y1
1.0,0.0,1.0,0.0,1.0,1.0,0.0,14.0,1.0,1,959.0,967.8201265438424,959.0,Y0
0.0,0.0,0.0,0.0,0.0,0.0,1.0,0.0,0.0,0,949.0,949.0,942.0817055589757,Y1
1.0,0.0,3.0,0.0,1.0,0.0,0.0,5.0,1.0,0,955.0,955.0,956.3839842745679,Y1
1.0,0.0,3.0,0.0,1.0,0.0,0.0,12.0,0.0,0,944.0,944.0,934.4862715236093,Y1
0.0,0.0,2.0,0.0,1.0,0.0,-1.0,3.0,0.0,0,893.0,893.0,965.789865994216,Y1
0.0,0.0,3.0,0.0,0.0,0.0,-1.0,2.0,0.0,0,831.0,831.0,916.9579356897278,Y1
1.0,1.0,3.0,1.0,2.0,0.0,0.0,6.0,1.0,0,900.0,900.0,919.4933577939439,Y1
0.0,0.0,3.0,0.0,0.0,1.0,0.0,8.0,0.0,1,968.0,909.1516124531266,968.0,Y0
1.0,1.0,1.0,1.0,1.0,0.0,-1.0,3.0,0.0,1,963.0,874.5581442011894,963.0,Y0
0.0,1.0,1.0,1.0,2.0,0.0,0.0,6.0,0.0,1,975.0,887.0208328876095,975.0,Y0
1.0,0.0,0.0,1.0,0.0,0.0,0.0,10.0,0.0,1,903.0,919.6670181418579,903.0,Y0
0.0,1.0,3.0,1.0,2.0,0.0,0.0,5.0,1.0,0,802.0,802.0,932.5323756593006,Y1
1.0,0.0,2.0,0.0,1.0,0.0,0.0,8.0,1.0,0,989.0,989.0,939.1229772471767,Y1
0.0,0.0,0.0,0.0,1.0,1.0,0.0,12.0,0.0,1,878.0,962.0322920901781,878.0,Y0
1.0,0.0,2.0,1.0,0.0,1.0,0.0,6.0,0.0,0,789.0,789.0,921.0075555750755,Y1
1.0,0.0,3.0,1.0,0.0,0.0,0.0,20.0,0.0,0,867.0,867.0,860.9804995463113,Y1
1.0,0.0,1.0,1.0,0.0,0.0,0.0,12.0,0.0,1,972.0,915.0404867155951,972.0,Y0
0.0,1.0,2.0,1.0,2.0,1.0,0.0,15.0,1.0,0,914.0,914.0,905.5239290489363,Y1
1.0,0.0,0.0,0.0,1.0,0.0,5.0,3.0,0.0,0,1097.0,1097.0,938.7274431125311,Y1
0.0,1.0,2.0,1.0,1.0,0.0,2.0,5.0,1.0,1,876.0,914.0016870342156,876.0,Y0
0.0,1.0,1.0,1.0,2.0,0.0,0.0,10.0,1.0,0,999.0,999.0,915.7043409772249,Y1
1.0,0.0,3.0,0.0,1.0,1.0,0.0,8.0,0.0,0,839.0,839.0,929.270957457351,Y1
0.0,1.0,0.0,0.0,1.0,0.0,2.0,1.0,0.0,0,964.0,964.0,901.1115050934053,Y1
0.0,0.0,2.0,1.0,0.0,0.0,0.0,12.0,0.0,1,839.0,915.9550973863403,839.0,Y0
1.0,0.0,3.0,0.0,0.0,0.0,0.0,5.0,0.0,0,878.0,878.0,947.7933811033271,Y1
0.0,0.0,2.0,0.0,0.0,1.0,0.0,12.0,0.0,0,908.0,908.0,944.5050970267159,Y1
1.0,0.0,1.0,0.0,1.0,0.0,0.0,16.0,0.0,0,1038.0,1038.0,986.1723861704731,Y1
0.0,0.0,4.0,0.0,0.0,1.0,0.0,6.0,0.0,0,854.0,854.0,947.112191651362,Y1
1.0,0.0,2.0,0.0,0.0,1.0,0.0,13.0,0.0,1,864.0,921.5772737159325,864.0,Y0
1.0,1.0,2.0,1.0,2.0,0.0,0.0,5.0,1.0,0,910.0,910.0,929.9273768540913,Y1
0.0,0.0,3.0,1.0,0.0,0.0,0.0,8.0,0.0,0,800.0,800.0,895.8226508756717,Y1
1.0,0.0,0.0,0.0,0.0,1.0,0.0,8.0,0.0,0,936.0,936.0,948.5159012793089,Y1
0.0,1.0,3.0,1.0,2.0,1.0,0.0,6.0,0.0,1,981.0,849.9149626241298,981.0,Y0
0.0,0.0,3.0,0.0,0.0,1.0,0.0,13.0,0.0,0,954.0,954.0,928.7525796402895,Y1
0.0,0.0,1.0,0.0,1.0,0.0,0.0,7.0,0.0,0,931.0,931.0,986.8896137270209,Y1
1.0,0.0,1.0,0.0,3.0,0.0,0.0,13.0,0.0,1,978.0,955.8978519019522,978.0,Y0
0.0,0.0,1.0,0.0,0.0,0.0,0.0,22.0,0.0,1,892.0,932.6929221583274,892.0,Y0
0.0,0.0,0.0,0.0,0.0,0.0,0.0,11.0,0.0,0,887.0,887.0,971.2299837364817,Y1
0.0,0.0,3.0,0.0,1.0,0.0,0.0,11.0,0.0,0,821.0,821.0,940.78681486337,Y1
0.0,0.0,3.0,0.0,3.0,0.0,0.0,11.0,0.0,1,962.0,947.017180332697,962.0,Y0
0.0,0.0,2.0,0.0,0.0,1.0,0.0,8.0,0.0,1,1031.0,932.1746304653473,1031.0,Y0
1.0,0.0,2.0,1.0,0.0,0.0,0.0,12.0,0.0,0,910.0,910.0,912.3810093272263,Y1
0.0,1.0,2.0,1.0,1.0,0.0,-1.0,2.0,0.0,0,845.0,845.0,922.3661023171936,Y1
0.0,1.0,3.0,1.0,2.0,0.0,0.0,11.0,0.0,0,802.0,802.0,893.5405835146244,Y1
0.0,1.0,2.0,1.0,2.0,0.0,-1.0,2.0,0.0,0,880.0,880.0,853.321377969453,Y1
0.0,1.0,2.0,1.0,2.0,0.0,2.0,1.0,0.0,0,945.0,945.0,882.3451803361228,Y1
0.0,1.0,0.0,1.0,2.0,0.0,0.0,10.0,1.0,0,1092.0,1092.0,911.6733228531762,Y1
1.0,0.0,0.0,0.0,1.0,1.0,4.0,15.0,0.0,0,926.0,926.0,959.5383027042972,Y1
0.0,0.0,3.0,0.0,0.0,0.0,0.0,13.0,0.0,0,1044.0,1044.0,935.8181288993937,Y1
1.0,0.0,0.0,0.0,1.0,1.0,0.0,4.0,0.0,1,947.0,938.8266377385062,947.0,Y0
0.0,0.0,3.0,0.0,0.0,3.0,3.0,8.0,0.0,1,877.0,953.5426919729521,877.0,Y0
1.0,0.0,3.0,0.0,0.0,0.0,0.0,4.0,0.0,1,1029.0,893.2580011933412,1029.0,Y0
0.0,0.0,1.0,1.0,0.0,0.0,0.0,11.0,0.0,0,989.0,989.0,941.8441441013508,Y1
1.0,0.0,2.0,1.0,0.0,0.0,0.0,4.0,0.0,0,920.0,920.0,961.6015690415226,Y1
0.0,0.0,3.0,0.0,1.0,1.0,0.0,13.0,0.0,0,937.0,937.0,932.4021526305656,Y1
0.0,0.0,3.0,1.0,0.0,0.0,2.0,2.0,0.0,0,908.0,908.0,867.6839847516165,Y1
1.0,0.0,0.0,1.0,0.0,0.0,0.0,20.0,0.0,0,1065.0,1065.0,897.7914849405788,Y1
0.0,0.0,1.0,0.0,1.0,1.0,0.0,7.0,0.0,1,842.0,966.1817659758863,842.0,Y0
0.0,0.0,2.0,0.0,0.0,0.0,-1.0,6.0,0.0,1,971.0,959.5743297319486,971.0,Y0
1.0,1.0,3.0,1.0,2.0,1.0,1.0,3.0,1.0,0,827.0,827.0,928.8215472856475,Y1
1.0,1.0,10.0,1.0,2.0,0.0,0.0,6.0,1.0,0,867.0,867.0,924.4982493246064,Y1
0.0,0.0,1.0,0.0,0.0,0.0,0.0,13.0,0.0,0,924.0,924.0,974.4587118695408,Y1
1.0,0.0,1.0,0.0,1.0,0.0,2.0,3.0,0.0,0,916.0,916.0,941.4649844520608,Y1
1.0,0.0,4.0,0.0,3.0,0.0,1.0,0.0,0.0,0,964.0,964.0,962.1249533122403,Y1
1.0,0.0,3.0,0.0,0.0,1.0,0.0,12.0,0.0,0,962.0,962.0,924.7883128464837,Y1
1.0,0.0,2.0,0.0,3.0,0.0,0.0,13.0,0.0,0,909.0,909.0,942.0511783474773,Y1
1.0,1.0,0.0,1.0,3.0,0.0,1.0,0.0,0.0,0,961.0,961.0,955.7030816661066,Y1
1.0,0.0,0.0,0.0,0.0,0.0,-1.0,12.0,0.0,1,841.0,928.7422011609659,841.0,Y0
1.0,0.0,0.0,0.0,0.0,0.0,0.0,20.0,0.0,1,942.0,969.370019177323,942.0,Y0
1.0,0.0,0.0,0.0,0.0,0.0,0.0,8.0,0.0,0,866.0,866.0,953.8299108700371,Y1
1.0,1.0,2.0,1.0,2.0,0.0,1.0,1.0,0.0,1,944.0,883.0869222464079,944.0,Y0
1.0,0.0,3.0,0.0,3.0,1.0,0.0,4.0,0.0,0,931.0,931.0,934.436512821646,Y1
0.0,0.0,3.0,0.0,0.0,0.0,0.0,4.0,0.0,1,940.0,911.0794015000263,940.0,Y0
1.0,0.0,3.0,1.0,0.0,1.0,0.0,6.0,0.0,1,862.0,880.346362031142,862.0,Y0
1.0,0.0,2.0,0.0,0.0,0.0,0.0,6.0,0.0,1,917.0,909.4000189406892,917.0,Y0
1.0,0.0,1.0,1.0,0.0,0.0,0.0,13.0,0.0,0,866.0,866.0,919.2927245379274,Y1
1.0,1.0,2.0,1.0,2.0,1.0,1.0,6.0,0.0,0,777.0,777.0,895.8498492169995,Y1
1.0,0.0,8.0,0.0,0.0,0.0,0.0,8.0,0.0,0,895.0,895.0,890.1968164651888,Y1
0.0,0.0,3.0,0.0,0.0,0.0,0.0,16.0,0.0,0,880.0,880.0,972.1876621093252,Y1
0.0,1.0,3.0,1.0,2.0,2.0,0.0,8.0,0.0,0,856.0,856.0,849.8685224948346,Y1
0.0,0.0,2.0,0.0,0.0,1.0,0.0,13.0,0.0,0,924.0,924.0,943.5605231662839,Y1
1.0,0.0,1.0,1.0,0.0,0.0,0.0,10.0,0.0,0,979.0,979.0,912.5939310997768,Y1
1.0,0.0,0.0,1.0,0.0,0.0,-1.0,9.0,0.0,0,922.0,922.0,873.1850697662378,Y1
1.0,0.0,1.0,1.0,0.0,0.0,0.0,9.0,0.0,1,821.0,914.4093342120448,821.0,Y0
0.0,1.0,3.0,1.0,3.0,1.0,0.0,12.0,0.0,0,848.0,848.0,854.7302547042048,Y1
1.0,0.0,1.0,0.0,0.0,1.0,0.0,20.0,0.0,0,1016.0,1016.0,952.6839888326092,Y1
0.0,0.0,0.0,1.0,2.0,1.0,0.0,11.0,0.0,0,903.0,903.0,926.7535764352366,Y1
0.0,0.0,2.0,0.0,1.0,0.0,0.0,12.0,0.0,0,935.0,935.0,948.5286189751635,Y1
0.0,0.0,3.0,1.0,0.0,1.0,0.0,21.0,0.0,0,867.0,867.0,879.719472725475,Y1
1.0,0.0,3.0,1.0,1.0,0.0,0.0,11.0,0.0,0,785.0,785.0,898.2874367273608,Y1
1.0,1.0,2.0,1.0,2.0,0.0,0.0,16.0,1.0,0,988.0,988.0,907.8126852163299,Y1
1.0,1.0,0.0,1.0,2.0,0.0,2.0,0.0,0.0,0,817.0,817.0,959.2309117255414,Y1
0.0,1.0,0.0,1.0,2.0,0.0,0.0,9.0,1.0,0,857.0,857.0,919.5700210591131,Y1
1.0,0.0,0.0,0.0,0.0,0.0,0.0,8.0,0.0,1,929.0,920.0990295545955,929.0,Y0
0.0,1.0,1.0,1.0,0.0,1.0,3.0,11.0,0.0,0,851.0,851.0,891.2946151403911,Y1
0.0,0.0,2.0,0.0,0.0,0.0,3.0,27.0,0.0,0,937.0,937.0,947.8422523749466,Y1
1.0,1.0,0.0,1.0,2.0,0.0,0.0,5.0,0.0,0,836.0,836.0,929.0691247450953,Y1
0.0,0.0,0.0,1.0,0.0,1.0,0.0,5.0,0.0,0,937.0,937.0,935.7478383074305,Y1
0.0,0.0,8.0,1.0,0.0,0.0,2.0,3.0,0.0,1,886.0,873.3244870951062,886.0,Y0
0.0,0.0,2.0,1.0,0.0,1.0,0.0,13.0,0.0,1,999.0,906.0973396307045,999.0,Y0
0.0,0.0,2.0,0.0,0.0,0.0,-1.0,5.0,0.0,0,1013.0,1013.0,919.0296859269242,Y1
1.0,0.0,3.0,0.0,0.0,2.0,0.0,8.0,0.0,1,940.0,897.6431000871971,940.0,Y0
1.0,0.0,2.0,0.0,1.0,1.0,0.0,22.0,0.0,0,912.0,912.0,923.9227935369037,Y1
1.0,0.0,2.0,1.0,0.0,0.0,-1.0,2.0,0.0,0,889.0,889.0,894.8441749354531,Y1
1.0,0.0,0.0,0.0,1.0,1.0,0.0,14.0,0.0,0,984.0,984.0,983.6537531308444,Y1
1.0,0.0,4.0,1.0,0.0,1.0,0.0,12.0,0.0,0,914.0,914.0,900.2895216729934,Y1
0.0,0.0,3.0,1.0,3.0,2.0,0.0,13.0,0.0,0,976.0,976.0,934.3768283575662,Y1
0.0,0.0,7.0,1.0,0.0,0.0,-1.0,6.0,0.0,1,958.0,917.3043707541702,958.0,Y0
1.0,1.0,1.0,1.0,2.0,0.0,1.0,1.0,0.0,1,893.0,904.8081227684019,893.0,Y0
0.0,0.0,0.0,0.0,0.0,0.0,0.0,8.0,0.0,0,797.0,797.0,962.2930014033433,Y1
0.0,1.0,3.0,1.0,2.0,0.0,0.0,3.0,1.0,1,923.0,870.8867211681592,923.0,Y0
0.0,1.0,3.0,1.0,2.0,0.0,0.0,11.0,0.0,0,839.0,839.0,893.5405835146244,Y1
0.0,0.0,1.0,0.0,0.0,0.0,0.0,19.0,0.0,0,1037.0,1037.0,979.9727028253469,Y1
0.0,0.0,2.0,0.0,0.0,1.0,0.0,13.0,0.0,0,870.0,870.0,943.5605231662839,Y1
0.0,1.0,3.0,1.0,2.0,0.0,0.0,9.0,1.0,0,834.0,834.0,894.1689575250574,Y1
1.0,0.0,3.0,0.0,0.0,1.0,0.0,10.0,0.0,0,848.0,848.0,917.4469621331756,Y1
0.0,1.0,0.0,1.0,2.0,0.0,2.0,2.0,0.0,1,848.0,905.197584437166,848.0,Y0
0.0,1.0,4.0,1.0,2.0,1.0,2.0,24.0,0.0,0,1082.0,1082.0,859.434034883117,Y1
1.0,1.0,3.0,1.0,2.0,1.0,0.0,5.0,0.0,0,906.0,906.0,877.8493603564071,Y1
0.0,0.0,2.0,1.0,0.0,0.0,0.0,6.0,0.0,1,953.0,907.43817709363,953.0,Y0
0.0,0.0,0.0,0.0,0.0,0.0,0.0,11.0,0.0,0,1042.0,1042.0,971.2299837364817,Y1
0.0,0.0,2.0,0.0,0.0,2.0,0.0,6.0,0.0,1,961.0,947.609247124389,961.0,Y0
0.0,0.0,2.0,0.0,0.0,0.0,0.0,3.0,0.0,0,903.0,903.0,956.3502199142707,Y1
1.0,0.0,3.0,0.0,0.0,1.0,0.0,4.0,0.0,0,820.0,820.0,964.69650035469,Y1
0.0,0.0,1.0,0.0,2.0,1.0,1.0,3.0,1.0,0,903.0,903.0,1003.7314906316426,Y1
1.0,0.0,1.0,1.0,1.0,1.0,0.0,15.0,1.0,0,1063.0,1063.0,937.7840703668302,Y1
1.0,0.0,3.0,1.0,0.0,1.0,0.0,12.0,0.0,0,910.0,910.0,889.2679931220875,Y1
0.0,0.0,2.0,1.0,0.0,0.0,0.0,27.0,0.0,1,995.0,897.8571314298645,995.0,Y0
1.0,0.0,2.0,0.0,1.0,1.0,0.0,20.0,0.0,1,1020.0,970.18098500257,1020.0,Y0
0.0,0.0,3.0,0.0,0.0,1.0,0.0,13.0,0.0,0,908.0,908.0,928.7525796402895,Y1
1.0,0.0,3.0,0.0,0.0,1.0,0.0,5.0,0.0,0,826.0,826.0,935.8128958268499,Y1
1.0,0.0,3.0,0.0,0.0,0.0,0.0,13.0,-1.0,0,912.0,912.0,915.6057143933376,Y1
1.0,1.0,2.0,1.0,2.0,1.0,0.0,17.0,0.0,0,855.0,855.0,873.5665514533983,Y1
1.0,0.0,1.0,0.0,0.0,1.0,0.0,10.0,0.0,0,938.0,938.0,955.386486642023,Y1
0.0,0.0,3.0,0.0,0.0,0.0,0.0,11.0,0.0,0,954.0,954.0,937.1372418730938,Y1
0.0,1.0,0.0,1.0,1.0,0.0,1.0,0.0,0.0,1,922.0,900.3505153517214,922.0,Y0
0.0,0.0,0.0,0.0,3.0,0.0,0.0,13.0,0.0,1,1058.0,967.2721315306882,1058.0,Y0
0.0,0.0,2.0,1.0,0.0,0.0,0.0,10.0,0.0,1,857.0,923.7529341723156,857.0,Y0
1.0,1.0,3.0,0.0,1.0,0.0,-1.0,12.0,1.0,0,865.0,865.0,910.0500119415316,Y1
0.0,0.0,0.0,1.0,0.0,1.0,0.0,3.0,0.0,0,864.0,864.0,941.8204450648308,Y1
1.0,0.0,1.0,1.0,3.0,0.0,0.0,3.0,0.0,0,943.0,943.0,954.3882919446622,Y1
1.0,0.0,3.0,0.0,3.0,1.0,0.0,8.0,0.0,0,856.0,856.0,913.1502826027481,Y1
1.0,1.0,0.0,1.0,2.0,0.0,-1.0,3.0,1.0,0,839.0,839.0,921.231164226203,Y1
0.0,1.0,3.0,1.0,2.0,0.0,0.0,11.0,0.0,0,852.0,852.0,893.5405835146244,Y1
1.0,1.0,2.0,1.0,2.0,1.0,0.0,8.0,0.0,1,789.0,848.816995558256,789.0,Y0
1.0,0.0,1.0,0.0,0.0,0.0,0.0,6.0,0.0,1,1018.0,937.6500007048871,1018.0,Y0
1.0,0.0,0.0,0.0,1.0,0.0,0.0,7.0,0.0,0,983.0,983.0,972.484586981888,Y1
1.0,1.0,0.0,1.0,2.0,0.0,0.0,11.0,0.0,0,789.0,789.0,906.321993606943,Y1
0.0,1.0,2.0,1.0,2.0,0.0,0.0,6.0,1.0,1,872.0,900.4662468674422,872.0,Y0
1.0,0.0,5.0,0.0,0.0,0.0,0.0,14.0,0.0,0,934.0,934.0,996.1312167006987,Y1
0.0,1.0,0.0,1.0,3.0,0.0,0.0,5.0,0.0,0,931.0,931.0,938.5693645123,Y1
0.0,0.0,5.0,0.0,1.0,0.0,-1.0,0.0,0.0,1,858.0,915.7107433947792,858.0,Y0
0.0,1.0,0.0,1.0,2.0,0.0,0.0,5.0,0.0,1,1097.0,894.3612573142425,1097.0,Y0
1.0,1.0,3.0,1.0,1.0,0.0,3.0,13.0,0.0,1,880.0,919.6615322182141,880.0,Y0
0.0,0.0,3.0,0.0,0.0,1.0,0.0,9.0,0.0,0,920.0,920.0,930.3220823664599,Y1
1.0,1.0,0.0,0.0,2.0,0.0,0.0,9.0,0.0,0,973.0,973.0,938.5437911679134,Y1
1.0,0.0,3.0,0.0,0.0,0.0,2.0,2.0,0.0,1,897.0,910.069045479542,897.0,Y0
0.0,0.0,2.0,0.0,0.0,1.0,0.0,3.0,0.0,0,800.0,800.0,948.3733765313168,Y1
1.0,0.0,1.0,0.0,1.0,1.0,1.0,8.0,0.0,1,933.0,925.0590229726629,933.0,Y0
1.0,1.0,2.0,1.0,2.0,0.0,0.0,11.0,0.0,0,867.0,867.0,896.5988069166419,Y1
0.0,0.0,1.0,0.0,0.0,3.0,0.0,10.0,0.0,1,965.0,976.3873857960605,965.0,Y0
1.0,0.0,3.0,1.0,0.0,0.0,0.0,8.0,0.0,1,873.0,868.7558347078854,873.0,Y0
0.0,1.0,1.0,1.0,1.0,0.0,0.0,6.0,0.0,0,898.0,898.0,952.2604808234063,Y1
0.0,0.0,4.0,1.0,3.0,0.0,1.0,0.0,0.0,0,886.0,886.0,922.684258985584,Y1
1.0,0.0,1.0,0.0,0.0,0.0,2.0,2.0,0.0,0,879.0,879.0,926.1195351996664,Y1
1.0,0.0,1.0,1.0,0.0,0.0,0.0,4.0,0.0,1,1078.0,904.3772850686447,1078.0,Y0
1.0,0.0,7.0,0.0,0.0,0.0,0.0,3.0,0.0,1,921.0,913.6443913021145,921.0,Y0
1.0,0.0,0.0,0.0,0.0,0.0,0.0,6.0,0.0,1,1007.0,929.805262212558,1007.0,Y0
1.0,0.0,2.0,1.0,0.0,1.0,0.0,21.0,0.0,0,868.0,868.0,898.7094524429689,Y1
1.0,1.0,3.0,1.0,2.0,0.0,2.0,1.0,0.0,0,927.0,927.0,858.6813933189392,Y1
1.0,0.0,2.0,0.0,0.0,0.0,0.0,6.0,0.0,0,952.0,952.0,957.758348965887,Y1
1.0,0.0,0.0,0.0,1.0,0.0,5.0,3.0,0.0,0,913.0,913.0,938.7274431125311,Y1
1.0,0.0,3.0,1.0,0.0,0.0,0.0,16.0,0.0,0,933.0,933.0,915.357434388899,Y1
0.0,1.0,3.0,1.0,0.0,1.0,0.0,17.0,0.0,0,911.0,911.0,866.4327052865891,Y1
0.0,0.0,3.0,1.0,0.0,1.0,0.0,13.0,0.0,0,872.0,872.0,893.5982280758576,Y1
0.0,0.0,2.0,1.0,0.0,0.0,3.0,27.0,0.0,0,881.0,881.0,905.8251180373368,Y1
1.0,0.0,1.0,0.0,0.0,0.0,0.0,13.0,0.0,0,1099.0,1099.0,960.8027138041866,Y1
1.0,0.0,3.0,0.0,1.0,1.0,0.0,17.0,0.0,1,921.0,919.31719814096,921.0,Y0
1.0,0.0,1.0,0.0,0.0,0.0,0.0,7.0,0.0,0,847.0,847.0,983.2838048938312,Y1
0.0,1.0,1.0,1.0,2.0,0.0,2.0,1.0,1.0,1,942.0,925.0957610414288,942.0,Y0
1.0,1.0,1.0,1.0,2.0,1.0,1.0,6.0,0.0,0,779.0,779.0,902.9007538469054,Y1
0.0,1.0,2.0,1.0,1.0,0.0,0.0,21.0,1.0,0,846.0,846.0,887.2958169131042,Y1
1.0,1.0,3.0,0.0,1.0,0.0,0.0,5.0,1.0,0,926.0,926.0,949.2060559401236,Y1
0.0,1.0,3.0,1.0,2.0,1.0,0.0,17.0,0.0,0,852.0,852.0,877.6465996902386,Y1
1.0,0.0,4.0,0.0,0.0,1.0,0.0,4.0,0.0,1,1007.0,906.1174723803059,1007.0,Y0
1.0,1.0,0.0,1.0,2.0,0.0,0.0,6.0,0.0,0,847.0,847.0,929.0691247450953,Y1
1.0,0.0,0.0,0.0,0.0,1.0,0.0,5.0,0.0,0,892.0,892.0,953.9915881205379,Y1
0.0,0.0,1.0,1.0,0.0,0.0,0.0,14.0,0.0,0,831.0,831.0,970.3214651393666,Y1
1.0,0.0,5.0,1.0,0.0,0.0,3.0,10.0,0.0,0,900.0,900.0,859.1651698880974,Y1
0.0,1.0,1.0,0.0,1.0,1.0,0.0,20.0,0.0,1,932.0,1010.7805968027803,932.0,Y0
0.0,0.0,3.0,1.0,0.0,0.0,-1.0,4.0,0.0,0,830.0,830.0,944.0662147417848,Y1
1.0,1.0,8.0,1.0,2.0,0.0,0.0,21.0,1.0,1,854.0,914.6124784139367,854.0,Y0
1.0,0.0,0.0,0.0,1.0,0.0,0.0,11.0,0.0,1,979.0,942.3177936550434,979.0,Y0
0.0,0.0,0.0,0.0,0.0,0.0,0.0,8.0,0.0,0,1000.0,1000.0,962.2930014033433,Y1
0.0,0.0,2.0,0.0,0.0,0.0,0.0,14.0,0.0,1,1003.0,958.9679236965634,1003.0,Y0
1.0,0.0,1.0,0.0,0.0,0.0,2.0,1.0,0.0,0,974.0,974.0,916.5228524411355,Y1
1.0,0.0,3.0,0.0,0.0,2.0,0.0,12.0,0.0,0,862.0,862.0,951.7474334788025,Y1
0.0,1.0,5.0,1.0,2.0,1.0,0.0,22.0,0.0,0,851.0,851.0,871.7587024697518,Y1
1.0,0.0,0.0,0.0,1.0,0.0,0.0,16.0,1.0,1,936.0,972.6618956381966,936.0,Y0
1.0,0.0,3.0,0.0,0.0,0.0,0.0,2.0,0.0,0,872.0,872.0,917.6546275273839,Y1
0.0,1.0,3.0,1.0,2.0,0.0,1.0,0.0,0.0,0,1067.0,1067.0,968.6046753705615,Y1
0.0,0.0,3.0,1.0,0.0,0.0,0.0,14.0,0.0,0,854.0,854.0,938.9569587690254,Y1
0.0,0.0,3.0,0.0,1.0,0.0,0.0,17.0,0.0,0,862.0,862.0,949.9223978751321,Y1
0.0,0.0,3.0,0.0,3.0,0.0,0.0,8.0,0.0,0,967.0,967.0,915.584252201288,Y1
1.0,0.0,0.0,1.0,0.0,0.0,0.0,4.0,0.0,1,1124.0,897.9024405509621,1124.0,Y0
0.0,0.0,2.0,0.0,0.0,1.0,0.0,13.0,0.0,0,947.0,947.0,943.5605231662839,Y1
1.0,0.0,2.0,0.0,0.0,1.0,0.0,13.0,0.0,0,799.0,799.0,929.9045251009297,Y1
0.0,0.0,5.0,1.0,0.0,0.0,0.0,15.0,0.0,0,890.0,890.0,909.9182086395484,Y1
0.0,0.0,0.0,0.0,0.0,0.0,0.0,8.0,0.0,0,919.0,919.0,962.2930014033433,Y1
0.0,1.0,3.0,0.0,2.0,0.0,0.0,10.0,1.0,0,998.0,998.0,917.1359329012566,Y1
0.0,0.0,1.0,1.0,0.0,0.0,3.0,10.0,0.0,0,908.0,908.0,902.6870464078867,Y1
1.0,0.0,2.0,0.0,1.0,1.0,0.0,14.0,0.0,0,1203.0,1203.0,979.9735551019284,Y1
0.0,0.0,3.0,0.0,1.0,0.0,0.0,5.0,1.0,0,915.0,915.0,960.3440344186934,Y1
1.0,0.0,3.0,1.0,0.0,1.0,0.0,6.0,0.0,0,962.0,962.0,900.8127048803073,Y1
1.0,1.0,0.0,1.0,2.0,0.0,0.0,12.0,0.0,0,819.0,819.0,904.597259021059,Y1
1.0,1.0,1.0,1.0,2.0,0.0,0.0,16.0,1.0,0,867.0,867.0,905.188982091627,Y1
0.0,0.0,3.0,1.0,3.0,1.0,0.0,7.0,0.0,1,996.0,903.7218414390427,996.0,Y0
1.0,0.0,3.0,0.0,3.0,0.0,0.0,5.0,0.0,0,956.0,956.0,933.2980625697602,Y1
0.0,0.0,1.0,0.0,0.0,1.0,0.0,12.0,0.0,0,912.0,912.0,970.4548391115959,Y1
0.0,1.0,2.0,1.0,2.0,0.0,-1.0,2.0,0.0,0,956.0,956.0,853.321377969453,Y1
1.0,1.0,3.0,1.0,2.0,0.0,0.0,20.0,1.0,0,1021.0,1021.0,863.3855472996327,Y1
1.0,0.0,1.0,0.0,3.0,0.0,0.0,21.0,0.0,1,1036.0,947.3467077774535,1036.0,Y0
0.0,1.0,4.0,1.0,2.0,1.0,2.0,24.0,0.0,0,1025.0,1025.0,859.434034883117,Y1
1.0,0.0,1.0,1.0,0.0,0.0,0.0,16.0,0.0,0,888.0,888.0,930.4107355956446,Y1
1.0,0.0,2.0,0.0,0.0,0.0,2.0,2.0,0.0,1,901.0,921.4869360865772,901.0,Y0
0.0,1.0,0.0,0.0,1.0,0.0,0.0,0.0,0.0,0,864.0,864.0,950.7454192534094,Y1
1.0,0.0,3.0,0.0,3.0,0.0,0.0,5.0,0.0,0,885.0,885.0,933.2980625697602,Y1
0.0,1.0,0.0,1.0,1.0,0.0,-1.0,4.0,0.0,0,937.0,937.0,968.6020883746959,Y1
0.0,0.0,0.0,0.0,1.0,0.0,0.0,3.0,0.0,0,926.0,926.0,986.66870700675,Y1
0.0,1.0,2.0,1.0,3.0,1.0,0.0,14.0,0.0,1,940.0,885.7968453448902,940.0,Y0
1.0,0.0,0.0,0.0,0.0,0.0,3.0,9.0,0.0,0,1014.0,1014.0,916.9025294548604,Y1
1.0,1.0,4.0,1.0,1.0,2.0,0.0,13.0,0.0,0,836.0,836.0,877.1420752967675,Y1
1.0,1.0,2.0,1.0,2.0,0.0,0.0,6.0,0.0,0,878.0,878.0,927.5492184396188,Y1
1.0,0.0,3.0,0.0,1.0,1.0,0.0,8.0,0.0,1,967.0,902.065556682406,967.0,Y0
1.0,0.0,0.0,0.0,3.0,1.0,0.0,12.0,0.0,0,1003.0,1003.0,938.5026715167373,Y1
1.0,1.0,2.0,0.0,1.0,1.0,0.0,10.0,0.0,0,854.0,854.0,892.5307382825898,Y1
0.0,0.0,2.0,1.0,0.0,0.0,0.0,11.0,0.0,0,917.0,917.0,921.9375174416499,Y1
0.0,0.0,2.0,1.0,0.0,0.0,0.0,13.0,0.0,0,953.0,953.0,922.0101071534727,Y1
0.0,0.0,7.0,1.0,0.0,0.0,0.0,5.0,0.0,1,855.0,875.0179529836413,855.0,Y0
0.0,1.0,0.0,1.0,0.0,2.0,0.0,12.0,0.0,0,992.0,992.0,881.7124131826662,Y1
1.0,0.0,3.0,0.0,3.0,2.0,0.0,13.0,0.0,0,868.0,868.0,1003.2399507685785,Y1
1.0,1.0,1.0,1.0,1.0,1.0,0.0,15.0,0.0,1,952.0,898.1093399467338,952.0,Y0
0.0,0.0,3.0,0.0,1.0,1.0,4.0,15.0,0.0,0,966.0,966.0,962.9943710242248,Y1
1.0,0.0,3.0,0.0,0.0,0.0,0.0,9.0,0.0,0,911.0,911.0,926.4559208318152,Y1
1.0,1.0,3.0,1.0,1.0,1.0,0.0,15.0,1.0,0,896.0,896.0,888.8404152475889,Y1
1.0,0.0,1.0,1.0,0.0,2.0,0.0,8.0,0.0,1,910.0,910.7748311842926,910.0,Y0
1.0,0.0,2.0,0.0,0.0,0.0,0.0,15.0,0.0,0,934.0,934.0,953.8120040361333,Y1
0.0,0.0,2.0,0.0,1.0,1.0,0.0,12.0,0.0,1,967.0,953.5136729051346,967.0,Y0
0.0,1.0,9.0,1.0,0.0,0.0,3.0,9.0,0.0,0,787.0,787.0,868.4755034646158,Y1
0.0,0.0,2.0,0.0,1.0,0.0,0.0,18.0,0.0,0,944.0,944.0,985.1364505160988,Y1
1.0,0.0,3.0,0.0,3.0,0.0,0.0,5.0,0.0,0,923.0,923.0,933.2980625697602,Y1
0.0,0.0,0.0,0.0,0.0,2.0,0.0,8.0,0.0,1,952.0,953.1320505817154,952.0,Y0
0.0,0.0,2.0,1.0,0.0,0.0,-1.0,12.0,0.0,1,926.0,900.1252215501515,926.0,Y0
0.0,1.0,1.0,1.0,0.0,1.0,0.0,6.0,0.0,1,1050.0,901.3642262434863,1050.0,Y0
1.0,1.0,1.0,1.0,2.0,0.0,0.0,12.0,1.0,0,983.0,983.0,913.1844068814747,Y1
1.0,0.0,2.0,0.0,0.0,0.0,0.0,13.0,0.0,0,897.0,897.0,934.8529717193067,Y1
1.0,1.0,3.0,1.0,2.0,1.0,4.0,12.0,0.0,1,839.0,917.4481787727076,839.0,Y0
1.0,0.0,0.0,0.0,0.0,1.0,0.0,8.0,0.0,1,914.0,925.6331434412743,914.0,Y0
1.0,0.0,3.0,0.0,1.0,2.0,0.0,12.0,0.0,0,954.0,954.0,955.3970064690786,Y1
0.0,0.0,1.0,0.0,3.0,0.0,0.0,13.0,0.0,0,1014.0,1014.0,981.2321725469376,Y1
1.0,0.0,3.0,0.0,1.0,0.0,0.0,11.0,0.0,1,891.0,932.4198407815952,891.0,Y0
0.0,0.0,3.0,1.0,0.0,0.0,0.0,27.0,0.0,1,953.0,884.7307238088439,953.0,Y0
0.0,0.0,2.0,0.0,0.0,0.0,-1.0,2.0,0.0,0,1089.0,1089.0,921.8287873121698,Y1
1.0,1.0,0.0,0.0,1.0,0.0,2.0,1.0,1.0,0,924.0,924.0,916.5440143064004,Y1
1.0,1.0,1.0,1.0,2.0,1.0,4.0,12.0,0.0,1,862.0,934.5929609893765,862.0,Y0
1.0,0.0,3.0,1.0,2.0,1.0,0.0,11.0,0.0,0,856.0,856.0,891.0483255619137,Y1
0.0,0.0,2.0,0.0,1.0,1.0,0.0,15.0,1.0,0,917.0,917.0,979.3636430203496,Y1
1.0,0.0,4.0,0.0,0.0,0.0,0.0,11.0,0.0,0,974.0,974.0,946.6135983785355,Y1
1.0,1.0,0.0,1.0,2.0,0.0,2.0,2.0,0.0,1,987.0,886.9621965428162,987.0,Y0
1.0,1.0,3.0,1.0,2.0,1.0,0.0,22.0,0.0,0,800.0,800.0,870.8317523058065,Y1
0.0,1.0,3.0,0.0,1.0,0.0,2.0,1.0,1.0,0,1044.0,1044.0,893.3135021001946,Y1
1.0,0.0,2.0,0.0,1.0,1.0,0.0,7.0,0.0,1,978.0,910.8638696267583,978.0,Y0
0.0,0.0,1.0,0.0,0.0,0.0,3.0,9.0,0.0,0,1087.0,1087.0,924.0294101176452,Y1
0.0,1.0,3.0,1.0,2.0,0.0,0.0,6.0,1.0,1,900.0,884.8545493778903,900.0,Y0
0.0,0.0,2.0,0.0,0.0,0.0,-1.0,1.0,0.0,1,879.0,934.3296416728244,879.0,Y0
1.0,0.0,2.0,0.0,0.0,0.0,2.0,2.0,0.0,0,862.0,862.0,902.7179892679814,Y1
0.0,1.0,2.0,1.0,2.0,0.0,1.0,0.0,0.0,0,1006.0,1006.0,962.7540412376143,Y1
1.0,1.0,4.0,1.0,1.0,0.0,0.0,11.0,0.0,0,896.0,896.0,898.9321693144711,Y1
1.0,0.0,2.0,0.0,0.0,1.0,0.0,6.0,0.0,0,873.0,873.0,947.1625226902695,Y1
1.0,0.0,1.0,0.0,3.0,0.0,0.0,21.0,0.0,1,895.0,947.3467077774535,895.0,Y0
0.0,1.0,0.0,0.0,2.0,1.0,0.0,11.0,1.0,0,936.0,936.0,932.3278688285077,Y1
0.0,0.0,1.0,1.0,0.0,1.0,0.0,12.0,0.0,1,994.0,921.9722404188147,994.0,Y0
0.0,0.0,0.0,1.0,3.0,0.0,2.0,5.0,0.0,0,871.0,871.0,919.6864409724448,Y1
1.0,1.0,2.0,1.0,2.0,0.0,0.0,7.0,0.0,0,825.0,825.0,925.2084657605653,Y1
1.0,1.0,0.0,0.0,2.0,0.0,1.0,9.0,1.0,1,986.0,932.9076464968035,986.0,Y0
0.0,0.0,2.0,0.0,0.0,0.0,0.0,13.0,-1.0,0,989.0,989.0,939.4583715572552,Y1
1.0,1.0,0.0,0.0,0.0,1.0,0.0,8.0,0.0,0,1136.0,1136.0,917.1456379242876,Y1
0.0,0.0,2.0,0.0,1.0,1.0,0.0,8.0,0.0,1,991.0,935.1475362767933,991.0,Y0
1.0,0.0,0.0,1.0,0.0,0.0,0.0,8.0,0.0,0,964.0,964.0,915.085036947434,Y1
0.0,0.0,0.0,0.0,0.0,1.0,0.0,5.0,0.0,1,996.0,956.061215415916,996.0,Y0
1.0,0.0,3.0,-1.0,0.0,0.0,0.0,10.0,-1.0,1,910.0,907.7976763578188,910.0,Y0
0.0,0.0,7.0,0.0,1.0,0.0,0.0,15.0,0.0,0,947.0,947.0,952.8152292998307,Y1
1.0,1.0,2.0,1.0,1.0,0.0,-1.0,3.0,0.0,1,1144.0,861.749943957611,1144.0,Y0
1.0,0.0,8.0,1.0,0.0,1.0,0.0,13.0,0.0,1,889.0,876.7328094660166,889.0,Y0
0.0,0.0,0.0,0.0,0.0,1.0,0.0,6.0,0.0,0,867.0,867.0,961.3903569943986,Y1
0.0,0.0,3.0,1.0,0.0,1.0,0.0,8.0,0.0,0,865.0,865.0,895.6666295827836,Y1
0.0,1.0,2.0,1.0,2.0,0.0,2.0,1.0,1.0,0,924.0,924.0,883.2099013955859,Y1
1.0,0.0,1.0,1.0,0.0,0.0,0.0,12.0,0.0,0,1005.0,1005.0,925.4731104505173,Y1
1.0,0.0,1.0,0.0,1.0,0.0,0.0,7.0,0.0,0,902.0,902.0,982.996152672321,Y1
0.0,1.0,0.0,1.0,2.0,1.0,0.0,10.0,1.0,1,844.0,917.6284795747916,844.0,Y0
0.0,0.0,0.0,0.0,0.0,1.0,0.0,9.0,0.0,0,949.0,949.0,958.9651328823779,Y1
1.0,0.0,0.0,0.0,0.0,1.0,0.0,6.0,0.0,0,961.0,961.0,953.9915881205379,Y1
1.0,1.0,0.0,1.0,1.0,1.0,0.0,24.0,0.0,0,924.0,924.0,895.7051747407285,Y1
0.0,0.0,3.0,0.0,3.0,0.0,1.0,1.0,0.0,1,864.0,946.8865614898075,864.0,Y0
0.0,0.0,2.0,0.0,3.0,1.0,0.0,12.0,0.0,1,813.0,955.4749294043459,813.0,Y0
0.0,1.0,0.0,0.0,2.0,1.0,0.0,8.0,0.0,1,825.0,929.0538643364988,825.0,Y0
1.0,0.0,1.0,0.0,0.0,0.0,1.0,0.0,0.0,0,973.0,973.0,1013.0260937719028,Y1
1.0,0.0,0.0,0.0,0.0,0.0,-1.0,4.0,0.0,0,1069.0,1069.0,986.7899967569423,Y1
1.0,0.0,1.0,1.0,0.0,0.0,0.0,13.0,0.0,0,931.0,931.0,919.2927245379274,Y1
0.0,1.0,2.0,0.0,1.0,0.0,-1.0,12.0,1.0,0,883.0,883.0,895.4221401925271,Y1
0.0,1.0,2.0,0.0,2.0,0.0,0.0,6.0,1.0,0,962.0,962.0,960.4121758064019,Y1
1.0,0.0,0.0,0.0,0.0,1.0,0.0,8.0,0.0,0,924.0,924.0,948.5159012793089,Y1
0.0,0.0,3.0,1.0,0.0,1.0,0.0,8.0,0.0,0,985.0,985.0,895.6666295827836,Y1
0.0,1.0,3.0,1.0,1.0,0.0,-1.0,12.0,1.0,0,900.0,900.0,885.2863808492685,Y1
1.0,0.0,2.0,1.0,0.0,1.0,0.0,6.0,0.0,1,1104.0,895.3033148737895,1104.0,Y0
0.0,1.0,2.0,1.0,2.0,0.0,0.0,24.0,1.0,0,914.0,914.0,871.062817140954,Y1
0.0,1.0,3.0,1.0,2.0,0.0,0.0,5.0,1.0,0,761.0,761.0,932.5323756593006,Y1
0.0,0.0,0.0,0.0,1.0,2.0,0.0,13.0,0.0,0,847.0,847.0,975.6445670337866,Y1
1.0,0.0,0.0,1.0,0.0,0.0,0.0,8.0,0.0,1,962.0,892.9203350333123,962.0,Y0
0.0,0.0,3.0,1.0,0.0,0.0,-1.0,4.0,0.0,0,829.0,829.0,944.0662147417848,Y1
1.0,0.0,3.0,0.0,0.0,1.0,4.0,16.0,0.0,0,892.0,892.0,944.1633548932937,Y1
0.0,0.0,0.0,1.0,0.0,1.0,0.0,12.0,0.0,0,916.0,916.0,929.0968386949165,Y1
1.0,1.0,1.0,1.0,2.0,0.0,0.0,6.0,0.0,1,962.0,869.9328378733452,962.0,Y0
1.0,0.0,2.0,0.0,1.0,1.0,0.0,4.0,0.0,1,942.0,916.457759255266,942.0,Y0
1.0,0.0,1.0,0.0,0.0,0.0,0.0,6.0,0.0,0,881.0,881.0,979.6324220927687,Y1
0.0,1.0,1.0,1.0,2.0,0.0,2.0,0.0,0.0,0,795.0,795.0,951.0374376209137,Y1
1.0,1.0,3.0,1.0,2.0,0.0,0.0,24.0,1.0,0,967.0,967.0,863.0894477938181,Y1
1.0,0.0,3.0,0.0,0.0,0.0,0.0,12.0,0.0,0,877.0,877.0,930.8366985333331,Y1
1.0,0.0,0.0,0.0,0.0,0.0,0.0,4.0,0.0,1,1097.0,925.0811350722453,1097.0,Y0
0.0,0.0,2.0,0.0,0.0,0.0,0.0,8.0,0.0,0,1087.0,1087.0,942.4557569309445,Y1
1.0,1.0,5.0,1.0,2.0,1.0,0.0,11.0,1.0,0,934.0,934.0,879.2708355247364,Y1
0.0,1.0,2.0,0.0,1.0,0.0,0.0,21.0,0.0,1,875.0,932.3655434242346,875.0,Y0
1.0,1.0,1.0,1.0,2.0,0.0,1.0,1.0,0.0,1,891.0,904.8081227684019,891.0,Y0
0.0,1.0,3.0,1.0,2.0,0.0,1.0,9.0,1.0,1,936.0,905.7666252872228,936.0,Y0
1.0,1.0,1.0,1.0,1.0,0.0,0.0,6.0,0.0,0,899.0,899.0,936.2938781144239,Y1
1.0,0.0,3.0,1.0,0.0,1.0,5.0,11.0,0.0,1,857.0,964.7318331686668,857.0,Y0
1.0,0.0,3.0,0.0,0.0,0.0,2.0,1.0,0.0,0,862.0,862.0,885.0195861302191,Y1
0.0,0.0,0.0,1.0,0.0,0.0,0.0,20.0,0.0,0,925.0,925.0,916.0144171662595,Y1
0.0,0.0,0.0,0.0,0.0,1.0,0.0,9.0,0.0,1,1016.0,955.88116384542,1016.0,Y0
1.0,0.0,2.0,1.0,0.0,0.0,0.0,14.0,0.0,0,837.0,837.0,939.5224640359888,Y1
1.0,0.0,2.0,0.0,0.0,0.0,0.0,12.0,0.0,0,973.0,973.0,941.0333576318966,Y1
1.0,1.0,3.0,1.0,1.0,0.0,2.0,5.0,1.0,1,891.0,887.1366832182374,891.0,Y0
0.0,0.0,2.0,0.0,1.0,0.0,1.0,14.0,0.0,0,857.0,857.0,1001.1309756885422,Y1
1.0,0.0,8.0,1.0,0.0,1.0,0.0,12.0,0.0,0,834.0,834.0,882.0118149645513,Y1
1.0,1.0,3.0,1.0,2.0,0.0,0.0,10.0,1.0,0,894.0,894.0,878.4272303586628,Y1
0.0,1.0,2.0,0.0,1.0,0.0,0.0,20.0,1.0,0,1076.0,1076.0,902.0804083037913,Y1
1.0,1.0,0.0,0.0,2.0,0.0,0.0,10.0,1.0,0,928.0,928.0,933.1732303276783,Y1
1.0,0.0,0.0,0.0,3.0,0.0,1.0,0.0,0.0,0,935.0,935.0,978.660044591809,Y1
0.0,0.0,0.0,0.0,3.0,0.0,2.0,1.0,0.0,1,924.0,963.8930461983072,924.0,Y0
1.0,0.0,1.0,1.0,0.0,1.0,0.0,5.0,0.0,0,930.0,930.0,928.4586837347662,Y1
1.0,0.0,2.0,0.0,0.0,0.0,0.0,8.0,0.0,0,954.0,954.0,936.6525799303787,Y1
1.0,0.0,0.0,1.0,3.0,0.0,0.0,13.0,0.0,0,849.0,849.0,919.6694994896212,Y1
0.0,1.0,3.0,0.0,2.0,0.0,1.0,0.0,1.0,0,933.0,933.0,957.0211326259683,Y1
0.0,0.0,3.0,0.0,0.0,1.0,0.0,5.0,0.0,0,887.0,887.0,938.603877780369,Y1
1.0,1.0,3.0,1.0,2.0,0.0,-1.0,14.0,1.0,1,931.0,864.7322964822592,931.0,Y0
0.0,1.0,3.0,1.0,2.0,1.0,0.0,10.0,1.0,0,856.0,856.0,868.7341946269931,Y1
1.0,1.0,2.0,1.0,1.0,0.0,-1.0,4.0,0.0,0,831.0,831.0,957.3882814754948,Y1
0.0,1.0,2.0,1.0,1.0,1.0,0.0,10.0,0.0,0,862.0,862.0,877.4079775283025,Y1
0.0,0.0,7.0,1.0,0.0,1.0,0.0,12.0,0.0,1,891.0,892.6209069164013,891.0,Y0
1.0,0.0,0.0,1.0,1.0,2.0,0.0,12.0,0.0,0,1058.0,1058.0,891.7784079872984,Y1
1.0,0.0,2.0,1.0,0.0,0.0,3.0,9.0,0.0,0,993.0,993.0,885.7709069630711,Y1
0.0,0.0,4.0,0.0,1.0,1.0,0.0,14.0,1.0,1,923.0,951.6518066368274,923.0,Y0
1.0,1.0,2.0,0.0,1.0,1.0,0.0,13.0,0.0,0,842.0,842.0,906.9260174372554,Y1
1.0,1.0,2.0,1.0,2.0,0.0,2.0,0.0,0.0,0,861.0,861.0,972.3997951552432,Y1
0.0,0.0,1.0,0.0,1.0,0.0,2.0,1.0,1.0,0,1048.0,1048.0,949.1628236150697,Y1
0.0,0.0,2.0,0.0,0.0,0.0,0.0,11.0,0.0,0,937.0,937.0,948.436380072838,Y1
0.0,0.0,3.0,0.0,0.0,1.0,0.0,17.0,0.0,0,841.0,841.0,941.37751682612,Y1
1.0,0.0,1.0,0.0,0.0,1.0,0.0,12.0,0.0,0,962.0,962.0,963.0518166706545,Y1
0.0,0.0,4.0,0.0,1.0,0.0,0.0,17.0,0.0,0,907.0,907.0,965.6992977203345,Y1
1.0,0.0,1.0,0.0,1.0,0.0,1.0,0.0,0.0,0,914.0,914.0,1017.1921625152295,Y1
0.0,0.0,2.0,0.0,3.0,0.0,2.0,5.0,0.0,0,847.0,847.0,953.7467895752251,Y1
0.0,0.0,3.0,1.0,0.0,1.0,0.0,12.0,0.0,1,870.0,892.300160098541,870.0,Y0
1.0,1.0,2.0,1.0,2.0,0.0,1.0,0.0,0.0,0,981.0,981.0,993.8038676529825,Y1
1.0,0.0,1.0,0.0,1.0,0.0,0.0,18.0,0.0,0,971.0,971.0,995.0772642691522,Y1
0.0,0.0,0.0,1.0,1.0,1.0,0.0,15.0,1.0,0,936.0,936.0,947.0430852846148,Y1
0.0,0.0,2.0,0.0,1.0,1.0,0.0,22.0,0.0,0,967.0,967.0,916.2234655785988,Y1
0.0,1.0,2.0,1.0,1.0,0.0,0.0,11.0,1.0,1,865.0,932.6821068740776,865.0,Y0
0.0,0.0,0.0,0.0,1.0,0.0,0.0,10.0,0.0,1,944.0,969.0456935345436,944.0,Y0
1.0,0.0,7.0,1.0,0.0,1.0,0.0,15.0,0.0,1,862.0,909.9571798509872,862.0,Y0
1.0,1.0,1.0,0.0,0.0,0.0,0.0,8.0,0.0,0,907.0,907.0,949.2733169390864,Y1
1.0,0.0,3.0,0.0,3.0,1.0,0.0,4.0,0.0,0,909.0,909.0,934.436512821646,Y1
1.0,0.0,1.0,1.0,3.0,0.0,2.0,5.0,0.0,0,864.0,864.0,909.8188916818672,Y1
1.0,1.0,5.0,1.0,0.0,0.0,0.0,13.0,0.0,0,911.0,911.0,888.2981643373307,Y1
1.0,0.0,1.0,0.0,0.0,1.0,0.0,13.0,0.0,0,917.0,917.0,955.8542671858097,Y1
0.0,1.0,1.0,1.0,0.0,0.0,0.0,7.0,0.0,0,782.0,782.0,951.3481271492053,Y1
1.0,0.0,2.0,0.0,0.0,0.0,0.0,3.0,0.0,0,937.0,937.0,956.7345190094832,Y1
0.0,0.0,3.0,0.0,0.0,0.0,0.0,20.0,0.0,0,906.0,906.0,892.9244199908269,Y1
1.0,0.0,1.0,0.0,0.0,1.0,0.0,6.0,0.0,0,885.0,885.0,969.0365958171512,Y1
1.0,1.0,4.0,1.0,1.0,0.0,0.0,5.0,1.0,0,899.0,899.0,921.8237824733816,Y1
1.0,0.0,1.0,0.0,0.0,1.0,0.0,8.0,0.0,1,877.0,933.4778819336035,877.0,Y0
1.0,1.0,2.0,0.0,1.0,0.0,0.0,11.0,1.0,1,943.0,932.8865140567124,943.0,Y0
0.0,0.0,3.0,0.0,1.0,2.0,0.0,13.0,0.0,0,1023.0,1023.0,958.6569217992973,Y1
0.0,0.0,0.0,0.0,1.0,1.0,0.0,8.0,0.0,1,936.0,951.5243563201435,936.0,Y0
0.0,0.0,3.0,1.0,0.0,1.0,0.0,13.0,0.0,1,846.0,885.623100110724,846.0,Y0
0.0,1.0,3.0,1.0,2.0,0.0,0.0,6.0,1.0,0,876.0,876.0,932.5323756593006,Y1
0.0,0.0,11.0,0.0,0.0,1.0,0.0,11.0,0.0,0,1180.0,1180.0,913.6053965938837,Y1
1.0,0.0,3.0,1.0,0.0,0.0,0.0,12.0,0.0,0,881.0,881.0,894.6378637370847,Y1
1.0,1.0,2.0,1.0,2.0,0.0,2.0,1.0,0.0,1,816.0,887.3650295517834,816.0,Y0
0.0,0.0,3.0,0.0,1.0,0.0,0.0,16.0,0.0,0,966.0,966.0,983.1294134426313,Y1
1.0,0.0,3.0,1.0,0.0,0.0,2.0,3.0,1.0,0,635.0,635.0,857.2865776105956,Y1
0.0,0.0,0.0,0.0,0.0,3.0,0.0,14.0,0.0,1,1034.0,960.7592740364578,1034.0,Y0
0.0,0.0,0.0,0.0,0.0,1.0,0.0,13.0,0.0,0,894.0,894.0,960.8332380289927,Y1
0.0,0.0,0.0,0.0,0.0,1.0,0.0,12.0,0.0,0,953.0,953.0,960.9635313075233,Y1
0.0,0.0,3.0,1.0,0.0,1.0,0.0,13.0,0.0,0,834.0,834.0,893.5982280758576,Y1
0.0,0.0,2.0,0.0,0.0,1.0,0.0,6.0,0.0,0,957.0,957.0,949.915236961627,Y1
1.0,0.0,3.0,0.0,1.0,2.0,0.0,13.0,0.0,0,943.0,943.0,948.1994569842338,Y1
0.0,1.0,2.0,1.0,2.0,0.0,0.0,5.0,0.0,0,890.0,890.0,941.1684179457254,Y1
1.0,0.0,2.0,1.0,0.0,0.0,0.0,11.0,0.0,0,855.0,855.0,912.3810093272263,Y1
0.0,1.0,0.0,1.0,2.0,0.0,0.0,7.0,0.0,0,886.0,886.0,949.238022838757,Y1
1.0,0.0,0.0,0.0,0.0,0.0,0.0,20.0,0.0,0,958.0,958.0,938.2628606679793,Y1
0.0,1.0,3.0,1.0,2.0,0.0,2.0,2.0,1.0,1,809.0,893.7009454677302,809.0,Y0
1.0,1.0,2.0,1.0,2.0,0.0,0.0,12.0,1.0,0,995.0,995.0,898.9769653311145,Y1
0.0,0.0,2.0,0.0,0.0,0.0,0.0,4.0,0.0,1,1094.0,936.3931545539203,1094.0,Y0
1.0,1.0,7.0,1.0,2.0,1.0,0.0,10.0,1.0,0,918.0,918.0,859.0221289010259,Y1
0.0,0.0,2.0,0.0,1.0,1.0,0.0,22.0,0.0,0,966.0,966.0,916.2234655785988,Y1
1.0,1.0,1.0,1.0,2.0,0.0,0.0,11.0,0.0,0,967.0,967.0,912.5309830528862,Y1
1.0,1.0,0.0,1.0,2.0,0.0,0.0,3.0,1.0,0,868.0,868.0,972.5755083482638,Y1
1.0,1.0,3.0,1.0,2.0,0.0,0.0,6.0,0.0,0,825.0,825.0,914.5523276129793,Y1
1.0,0.0,2.0,1.0,0.0,1.0,0.0,9.0,0.0,1,909.0,898.9063483595847,909.0,Y0
1.0,0.0,3.0,0.0,0.0,0.0,0.0,8.0,0.0,0,1002.0,1002.0,926.4559208318152,Y1
0.0,1.0,0.0,1.0,2.0,0.0,0.0,11.0,0.0,0,859.0,859.0,924.460878006417,Y1
1.0,0.0,7.0,1.0,1.0,1.0,0.0,22.0,0.0,0,898.0,898.0,863.4144115293362,Y1
0.0,0.0,2.0,0.0,1.0,0.0,0.0,16.0,0.0,0,933.0,933.0,989.0803416273377,Y1
1.0,0.0,0.0,1.0,0.0,0.0,0.0,10.0,0.0,0,925.0,925.0,906.8374189119709,Y1
0.0,0.0,3.0,0.0,0.0,0.0,0.0,19.0,0.0,0,1023.0,1023.0,939.5752234060669,Y1
1.0,1.0,0.0,1.0,2.0,0.0,0.0,11.0,0.0,0,831.0,831.0,906.321993606943,Y1
1.0,0.0,2.0,1.0,0.0,1.0,0.0,10.0,0.0,0,860.0,860.0,901.7868906396484,Y1
0.0,0.0,3.0,0.0,0.0,1.0,0.0,12.0,0.0,0,950.0,950.0,931.0888561862444,Y1
1.0,0.0,0.0,0.0,0.0,1.0,0.0,4.0,0.0,0,872.0,872.0,984.0729239406485,Y1
0.0,0.0,2.0,1.0,0.0,0.0,0.0,16.0,0.0,0,949.0,949.0,946.2981409056807,Y1
0.0,0.0,0.0,1.0,0.0,0.0,0.0,8.0,0.0,0,903.0,903.0,930.7914041047483,Y1
1.0,1.0,3.0,1.0,2.0,0.0,0.0,24.0,1.0,0,858.0,858.0,863.0894477938181,Y1
1.0,0.0,2.0,1.0,0.0,0.0,0.0,19.0,0.0,1,852.0,952.6137574471429,852.0,Y0
0.0,0.0,3.0,1.0,3.0,0.0,-1.0,11.0,0.0,0,1008.0,1008.0,828.5591899861904,Y1
0.0,0.0,3.0,1.0,3.0,1.0,0.0,7.0,0.0,1,950.0,903.7218414390427,950.0,Y0
1.0,0.0,3.0,0.0,1.0,0.0,-1.0,3.0,0.0,0,942.0,942.0,962.7731849798458,Y1
1.0,0.0,2.0,0.0,3.0,0.0,0.0,13.0,0.0,1,910.0,938.8756020133709,910.0,Y0
1.0,0.0,3.0,0.0,0.0,1.0,0.0,9.0,0.0,0,854.0,854.0,925.6213844670748,Y1
0.0,0.0,3.0,0.0,0.0,0.0,-1.0,9.0,0.0,0,905.0,905.0,894.1030250099949,Y1
0.0,0.0,0.0,0.0,3.0,0.0,0.0,14.0,0.0,0,1156.0,1156.0,1017.1673327494944,Y1
1.0,0.0,0.0,0.0,1.0,0.0,0.0,17.0,0.0,0,975.0,975.0,957.2140238125529,Y1
1.0,0.0,1.0,0.0,0.0,1.0,0.0,12.0,0.0,0,969.0,969.0,963.0518166706545,Y1
1.0,0.0,0.0,0.0,0.0,0.0,0.0,9.0,0.0,1,1012.0,941.3200309773794,1012.0,Y0
1.0,1.0,2.0,1.0,1.0,0.0,-1.0,0.0,0.0,0,911.0,911.0,945.2226474133719,Y1
0.0,1.0,0.0,1.0,2.0,0.0,2.0,1.0,1.0,1,897.0,910.5987233750501,897.0,Y0
1.0,0.0,0.0,1.0,0.0,1.0,0.0,12.0,0.0,0,944.0,944.0,909.8044850274638,Y1
0.0,0.0,3.0,1.0,3.0,2.0,0.0,13.0,0.0,0,939.0,939.0,934.3768283575662,Y1
1.0,0.0,2.0,0.0,0.0,2.0,0.0,12.0,0.0,0,984.0,984.0,962.2600828674202,Y1
0.0,1.0,0.0,1.0,1.0,0.0,0.0,21.0,1.0,0,891.0,891.0,925.565204155031,Y1
0.0,1.0,2.0,1.0,1.0,0.0,0.0,21.0,1.0,0,886.0,886.0,887.2958169131042,Y1
0.0,0.0,1.0,0.0,0.0,0.0,-1.0,9.0,0.0,0,993.0,993.0,922.659820075417,Y1
1.0,0.0,3.0,1.0,3.0,1.0,0.0,6.0,0.0,0,884.0,884.0,881.4491755131332,Y1
1.0,1.0,1.0,1.0,2.0,2.0,0.0,8.0,0.0,0,879.0,879.0,865.3782138969739,Y1
0.0,0.0,1.0,0.0,3.0,0.0,0.0,3.0,0.0,0,1124.0,1124.0,994.6833323361797,Y1
1.0,0.0,2.0,0.0,1.0,1.0,0.0,14.0,0.0,0,971.0,971.0,979.9735551019284,Y1
0.0,0.0,3.0,1.0,0.0,1.0,0.0,9.0,0.0,1,881.0,887.4962912332459,881.0,Y0
1.0,1.0,3.0,1.0,1.0,1.0,0.0,24.0,0.0,0,947.0,947.0,871.3922810372472,Y1
1.0,0.0,2.0,0.0,0.0,1.0,0.0,5.0,0.0,0,871.0,871.0,947.1625226902695,Y1
0.0,0.0,2.0,1.0,0.0,1.0,0.0,9.0,0.0,0,897.0,897.0,918.4168744283512,Y1
0.0,1.0,0.0,1.0,0.0,0.0,3.0,10.0,0.0,0,974.0,974.0,898.8783082633256,Y1
1.0,0.0,1.0,1.0,0.0,1.0,0.0,6.0,0.0,0,930.0,930.0,930.0239877403683,Y1
1.0,1.0,0.0,1.0,2.0,0.0,-1.0,3.0,0.0,1,809.0,865.9965860689601,809.0,Y0
0.0,1.0,3.0,1.0,1.0,0.0,2.0,1.0,0.0,0,876.0,876.0,868.3427588475301,Y1
0.0,1.0,2.0,1.0,2.0,0.0,-1.0,6.0,1.0,0,1074.0,1074.0,894.505216500551,Y1
1.0,0.0,3.0,0.0,1.0,2.0,0.0,12.0,0.0,0,954.0,954.0,955.3970064690786,Y1
0.0,1.0,3.0,1.0,2.0,0.0,0.0,3.0,1.0,0,870.0,870.0,968.3085897819681,Y1
1.0,1.0,3.0,1.0,2.0,1.0,0.0,6.0,0.0,1,947.0,837.6045197373422,947.0,Y0
0.0,1.0,3.0,1.0,1.0,0.0,2.0,3.0,0.0,0,822.0,822.0,905.8582044104451,Y1
1.0,1.0,3.0,1.0,2.0,0.0,2.0,2.0,1.0,1,837.0,877.710273592355,837.0,Y0
1.0,0.0,2.0,0.0,0.0,0.0,0.0,6.0,0.0,0,864.0,864.0,957.758348965887,Y1
1.0,0.0,0.0,0.0,3.0,0.0,0.0,5.0,0.0,0,911.0,911.0,959.9493268590712,Y1
0.0,0.0,0.0,0.0,0.0,1.0,0.0,13.0,0.0,0,834.0,834.0,960.8332380289927,Y1
1.0,0.0,1.0,0.0,0.0,0.0,0.0,11.0,0.0,0,892.0,892.0,968.7078343026606,Y1
1.0,1.0,3.0,1.0,2.0,0.0,2.0,1.0,1.0,0,931.0,931.0,860.939917954288,Y1
1.0,1.0,3.0,1.0,2.0,0.0,2.0,1.0,1.0,0,837.0,837.0,860.939917954288,Y1
0.0,0.0,2.0,0.0,1.0,0.0,0.0,8.0,0.0,0,913.0,913.0,942.54799583327,Y1
1.0,1.0,2.0,1.0,2.0,0.0,0.0,12.0,1.0,0,1006.0,1006.0,898.9769653311145,Y1
1.0,0.0,2.0,0.0,3.0,0.0,0.0,11.0,0.0,0,889.0,889.0,928.2832892370827,Y1
1.0,0.0,2.0,0.0,0.0,0.0,0.0,11.0,0.0,0,934.0,934.0,941.0333576318966,Y1
0.0,1.0,0.0,1.0,2.0,0.0,-1.0,9.0,1.0,0,903.0,903.0,877.9760977512428,Y1
1.0,0.0,3.0,0.0,0.0,1.0,0.0,6.0,0.0,0,773.0,773.0,935.8128958268499,Y1
1.0,0.0,3.0,0.0,1.0,1.0,0.0,7.0,0.0,1,947.0,904.8107645096202,947.0,Y0
0.0,0.0,2.0,0.0,1.0,0.0,0.0,16.0,0.0,0,968.0,968.0,989.0803416273377,Y1
0.0,1.0,0.0,1.0,2.0,1.0,0.0,22.0,0.0,0,855.0,855.0,881.8117734880566,Y1
0.0,1.0,3.0,1.0,2.0,0.0,2.0,1.0,1.0,1,873.0,895.9891084842446,873.0,Y0
1.0,0.0,0.0,0.0,0.0,0.0,0.0,11.0,0.0,0,883.0,883.0,961.1670477627999,Y1
1.0,1.0,3.0,1.0,2.0,0.0,0.0,6.0,1.0,0,831.0,831.0,919.4933577939439,Y1
0.0,1.0,2.0,1.0,2.0,0.0,0.0,12.0,1.0,0,984.0,984.0,910.5352134379286,Y1
1.0,0.0,2.0,1.0,0.0,1.0,0.0,6.0,0.0,1,1076.0,895.3033148737895,1076.0,Y0
0.0,0.0,3.0,0.0,0.0,1.0,5.0,11.0,0.0,1,859.0,980.0628882248182,859.0,Y0
1.0,1.0,1.0,1.0,2.0,0.0,0.0,20.0,1.0,0,1003.0,1003.0,891.5930486630741,Y1
0.0,1.0,2.0,1.0,1.0,0.0,0.0,10.0,0.0,1,853.0,899.4751289799962,853.0,Y0
1.0,0.0,2.0,0.0,0.0,0.0,0.0,11.0,0.0,0,919.0,919.0,941.0333576318966,Y1
0.0,0.0,2.0,0.0,0.0,0.0,0.0,16.0,0.0,0,939.0,939.0,985.9277021629683,Y1
0.0,0.0,3.0,0.0,1.0,0.0,0.0,16.0,0.0,0,939.0,939.0,983.1294134426313,Y1
0.0,0.0,3.0,0.0,0.0,0.0,-1.0,9.0,0.0,0,971.0,971.0,894.1030250099949,Y1
1.0,0.0,0.0,-1.0,3.0,1.0,0.0,14.0,-1.0,1,927.0,1003.0111247394934,927.0,Y0
1.0,1.0,1.0,0.0,1.0,0.0,0.0,7.0,0.0,0,937.0,937.0,974.7251909950403,Y1
1.0,0.0,3.0,0.0,0.0,0.0,0.0,9.0,0.0,1,957.0,915.8318208999783,957.0,Y0
1.0,0.0,4.0,1.0,0.0,1.0,0.0,8.0,0.0,0,887.0,887.0,895.4526147038312,Y1
1.0,0.0,0.0,0.0,3.0,0.0,2.0,5.0,0.0,0,1083.0,1083.0,921.3465382394126,Y1
1.0,0.0,0.0,0.0,0.0,1.0,0.0,5.0,0.0,0,910.0,910.0,953.9915881205379,Y1
0.0,0.0,5.0,0.0,1.0,0.0,0.0,7.0,0.0,0,836.0,836.0,966.7303334282459,Y1
0.0,0.0,3.0,0.0,0.0,2.0,0.0,12.0,0.0,0,966.0,966.0,957.343625354976,Y1
1.0,0.0,1.0,0.0,1.0,0.0,0.0,17.0,0.0,0,961.0,961.0,965.814139812892,Y1
1.0,0.0,1.0,0.0,0.0,1.0,0.0,10.0,0.0,0,878.0,878.0,955.386486642023,Y1
0.0,1.0,0.0,0.0,2.0,1.0,0.0,11.0,0.0,0,892.0,892.0,928.7806422234288,Y1
0.0,1.0,2.0,1.0,2.0,1.0,0.0,13.0,1.0,1,890.0,893.5361329398185,890.0,Y0
1.0,1.0,1.0,1.0,2.0,0.0,2.0,1.0,0.0,0,934.0,934.0,889.7264614940264,Y1
0.0,1.0,1.0,1.0,2.0,0.0,1.0,0.0,1.0,0,845.0,845.0,995.0210890933771,Y1
1.0,0.0,7.0,1.0,0.0,0.0,3.0,27.0,0.0,0,891.0,891.0,834.5292300435522,Y1
1.0,0.0,2.0,1.0,3.0,0.0,0.0,8.0,0.0,0,847.0,847.0,894.8850970087195,Y1
0.0,0.0,0.0,0.0,3.0,0.0,0.0,5.0,0.0,0,936.0,936.0,966.5420734076641,Y1
1.0,1.0,1.0,0.0,0.0,2.0,0.0,12.0,0.0,0,898.0,898.0,951.1932475867152,Y1
1.0,0.0,8.0,1.0,3.0,1.0,0.0,8.0,0.0,0,904.0,904.0,852.4437266385129,Y1
1.0,0.0,1.0,0.0,0.0,0.0,2.0,2.0,0.0,0,1038.0,1038.0,926.1195351996664,Y1
1.0,0.0,3.0,0.0,0.0,1.0,0.0,20.0,0.0,0,1033.0,1033.0,890.0094441543129,Y1
1.0,0.0,1.0,0.0,0.0,0.0,0.0,13.0,0.0,0,906.0,906.0,960.8027138041866,Y1
1.0,0.0,3.0,0.0,1.0,0.0,1.0,14.0,0.0,0,948.0,948.0,986.4076947767761,Y1
0.0,0.0,0.0,1.0,1.0,0.0,-1.0,18.0,1.0,0,825.0,825.0,931.3476530241313,Y1
0.0,2.0,4.0,0.0,1.0,1.0,0.0,18.0,0.0,1,982.0,988.3064123947242,982.0,Y0
0.0,0.0,3.0,0.0,1.0,0.0,3.0,13.0,0.0,1,992.0,994.4934462850141,992.0,Y0
1.0,0.0,0.0,0.0,0.0,0.0,0.0,9.0,0.0,0,886.0,886.0,953.8299108700371,Y1
0.0,1.0,0.0,1.0,2.0,0.0,0.0,9.0,1.0,0,857.0,857.0,919.5700210591131,Y1
1.0,0.0,3.0,0.0,0.0,1.0,0.0,12.0,0.0,0,865.0,865.0,924.7883128464837,Y1
0.0,1.0,3.0,1.0,0.0,0.0,3.0,10.0,0.0,0,994.0,994.0,851.9161758965198,Y1
1.0,0.0,1.0,0.0,3.0,0.0,1.0,0.0,0.0,0,1061.0,1061.0,999.8215369064758,Y1
0.0,0.0,2.0,1.0,0.0,1.0,0.0,13.0,0.0,0,886.0,886.0,917.7401756069481,Y1
1.0,0.0,1.0,1.0,1.0,0.0,-1.0,2.0,0.0,0,992.0,992.0,920.3098837358893,Y1
0.0,0.0,1.0,0.0,0.0,1.0,0.0,8.0,0.0,0,1171.0,1171.0,969.364085976488,Y1
0.0,0.0,3.0,1.0,0.0,0.0,2.0,2.0,0.0,0,959.0,959.0,867.6839847516165,Y1
0.0,1.0,2.0,1.0,2.0,0.0,-1.0,2.0,0.0,1,807.0,879.874936665086,807.0,Y0
1.0,1.0,1.0,1.0,2.0,0.0,2.0,2.0,0.0,1,868.0,903.8575369269214,868.0,Y0
0.0,0.0,0.0,1.0,1.0,1.0,0.0,4.0,0.0,1,859.0,919.0629631640204,859.0,Y0
0.0,0.0,3.0,0.0,0.0,1.0,0.0,20.0,0.0,0,938.0,938.0,895.8350044365415,Y1
1.0,0.0,0.0,0.0,0.0,0.0,2.0,1.0,0.0,0,842.0,842.0,898.2762315681811,Y1
0.0,0.0,2.0,0.0,3.0,0.0,0.0,5.0,0.0,0,1094.0,1094.0,952.8995435623107,Y1
0.0,1.0,2.0,1.0,0.0,0.0,-1.0,5.0,0.0,0,868.0,868.0,906.2155117395607,Y1
0.0,0.0,0.0,0.0,0.0,1.0,0.0,20.0,0.0,0,902.0,902.0,949.6597685591415,Y1
0.0,0.0,2.0,0.0,1.0,2.0,0.0,12.0,0.0,0,900.0,900.0,969.0509927470999,Y1
0.0,1.0,1.0,1.0,1.0,0.0,2.0,1.0,1.0,0,933.0,933.0,921.8981396979499,Y1
0.0,1.0,0.0,1.0,2.0,0.0,0.0,7.0,0.0,0,860.0,860.0,949.238022838757,Y1
1.0,0.0,1.0,0.0,0.0,0.0,0.0,10.0,0.0,1,891.0,960.0379155424549,891.0,Y0
0.0,0.0,2.0,0.0,3.0,1.0,0.0,7.0,0.0,1,1009.0,953.6733915753878,1009.0,Y0
0.0,1.0,2.0,0.0,1.0,0.0,3.0,13.0,0.0,1,979.0,957.7223922814644,979.0,Y0
1.0,0.0,0.0,1.0,0.0,0.0,0.0,13.0,0.0,0,883.0,883.0,914.8324351428687,Y1
1.0,0.0,0.0,0.0,0.0,0.0,0.0,13.0,-1.0,0,869.0,869.0,936.5328116742252,Y1
1.0,1.0,1.0,1.0,2.0,1.0,0.0,10.0,1.0,0,842.0,842.0,881.9621385931808,Y1
0.0,0.0,9.0,1.0,3.0,2.0,0.0,13.0,0.0,0,832.0,832.0,911.1767371273396,Y1
1.0,1.0,1.0,1.0,0.0,0.0,2.0,1.0,0.0,1,873.0,907.2543235699053,873.0,Y0
1.0,0.0,3.0,1.0,0.0,1.0,0.0,13.0,0.0,0,824.0,824.0,882.0704436372428,Y1
1.0,0.0,0.0,0.0,1.0,1.0,0.0,12.0,0.0,0,999.0,999.0,947.4136626977873,Y1
0.0,0.0,3.0,1.0,3.0,0.0,0.0,11.0,0.0,0,924.0,924.0,885.0653371792212,Y1
1.0,0.0,2.0,1.0,3.0,0.0,0.0,21.0,0.0,1,961.0,890.4783139992135,961.0,Y0
1.0,1.0,3.0,0.0,2.0,0.0,0.0,3.0,1.0,1,987.0,876.2221149547881,987.0,Y0
1.0,0.0,1.0,0.0,3.0,2.0,0.0,12.0,0.0,1,1003.0,943.2258623913123,1003.0,Y0
1.0,1.0,3.0,0.0,1.0,0.0,5.0,3.0,0.0,0,879.0,879.0,929.2218556841071,Y1
1.0,1.0,2.0,1.0,2.0,1.0,0.0,7.0,0.0,0,903.0,903.0,880.1085798300925,Y1
0.0,0.0,2.0,1.0,0.0,0.0,0.0,12.0,0.0,0,937.0,937.0,921.9375174416499,Y1
0.0,0.0,3.0,1.0,3.0,0.0,0.0,21.0,0.0,1,978.0,892.5783105566105,978.0,Y0
1.0,0.0,1.0,0.0,1.0,0.0,0.0,5.0,1.0,0,897.0,897.0,981.7229282857311,Y1
0.0,0.0,2.0,0.0,0.0,1.0,0.0,12.0,0.0,0,975.0,975.0,944.5050970267159,Y1
0.0,0.0,1.0,1.0,1.0,0.0,0.0,8.0,0.0,0,849.0,849.0,934.0260536174953,Y1
1.0,1.0,2.0,0.0,3.0,0.0,0.0,11.0,0.0,1,883.0,891.8526022713982,883.0,Y0
0.0,0.0,2.0,0.0,1.0,1.0,4.0,15.0,0.0,0,1206.0,1206.0,972.5200565213901,Y1
0.0,0.0,2.0,0.0,0.0,0.0,2.0,2.0,0.0,0,856.0,856.0,904.7174259073869,Y1
1.0,0.0,2.0,1.0,0.0,1.0,0.0,12.0,0.0,1,987.0,902.8770691384993,987.0,Y0
1.0,1.0,0.0,1.0,0.0,1.0,4.0,16.0,0.0,0,974.0,974.0,882.685601540254,Y1
1.0,0.0,0.0,0.0,0.0,0.0,2.0,2.0,0.0,1,907.0,924.5172750411134,907.0,Y0
0.0,0.0,3.0,1.0,0.0,1.0,0.0,12.0,0.0,0,892.0,892.0,895.9345046218125,Y1
1.0,0.0,4.0,1.0,3.0,0.0,0.0,11.0,0.0,1,1000.0,899.4261093958845,1000.0,Y0
0.0,1.0,0.0,0.0,1.0,1.0,0.0,10.0,0.0,0,961.0,961.0,918.696278535884,Y1
1.0,1.0,7.0,1.0,2.0,0.0,0.0,11.0,0.0,0,883.0,883.0,892.6292811150129,Y1
0.0,0.0,0.0,0.0,1.0,0.0,-1.0,5.0,0.0,1,841.0,970.6898672352995,841.0,Y0
1.0,1.0,2.0,0.0,1.0,0.0,0.0,12.0,1.0,1,886.0,937.454154974777,886.0,Y0
1.0,1.0,3.0,1.0,2.0,0.0,0.0,6.0,1.0,0,782.0,782.0,919.4933577939439,Y1
0.0,1.0,3.0,0.0,2.0,0.0,-1.0,9.0,1.0,0,1016.0,1016.0,893.6388880867938,Y1
1.0,1.0,11.0,0.0,2.0,0.0,0.0,3.0,1.0,1,971.0,959.3852631741655,971.0,Y0
0.0,0.0,3.0,0.0,1.0,0.0,0.0,3.0,0.0,0,894.0,894.0,962.6164880260364,Y1
1.0,1.0,0.0,1.0,0.0,0.0,-1.0,9.0,0.0,0,902.0,902.0,866.219951466022,Y1
0.0,0.0,1.0,1.0,0.0,1.0,0.0,12.0,0.0,0,805.0,805.0,936.866641541197,Y1
1.0,0.0,2.0,1.0,0.0,0.0,0.0,4.0,0.0,1,892.0,888.2467546065759,892.0,Y0
1.0,0.0,1.0,0.0,0.0,0.0,0.0,8.0,0.0,1,959.0,927.9437680469247,959.0,Y0
0.0,1.0,2.0,1.0,2.0,0.0,0.0,3.0,1.0,0,957.0,957.0,981.6895899657422,Y1
1.0,1.0,0.0,1.0,2.0,1.0,0.0,11.0,0.0,0,899.0,899.0,876.4737623912106,Y1
0.0,1.0,2.0,0.0,2.0,0.0,-1.0,9.0,1.0,0,979.0,979.0,889.6922335706164,Y1
1.0,0.0,3.0,0.0,0.0,0.0,0.0,13.0,-1.0,0,955.0,955.0,915.6057143933376,Y1
0.0,0.0,0.0,0.0,3.0,0.0,0.0,13.0,0.0,1,978.0,967.2721315306882,978.0,Y0
1.0,0.0,1.0,0.0,3.0,1.0,0.0,4.0,0.0,0,1016.0,1016.0,978.1625069410095,Y1
1.0,1.0,0.0,1.0,2.0,0.0,0.0,5.0,0.0,1,968.0,877.8014131758522,968.0,Y0
1.0,1.0,1.0,1.0,0.0,0.0,0.0,11.0,0.0,0,962.0,962.0,916.2185123554531,Y1
0.0,0.0,0.0,1.0,0.0,1.0,0.0,5.0,0.0,0,826.0,826.0,935.7478383074305,Y1
1.0,0.0,4.0,1.0,3.0,0.0,2.0,5.0,0.0,0,919.0,919.0,911.3731663478178,Y1
1.0,1.0,2.0,1.0,1.0,1.0,0.0,24.0,0.0,0,983.0,983.0,886.9416018399028,Y1
1.0,0.0,1.0,0.0,0.0,0.0,0.0,8.0,0.0,1,1052.0,927.9437680469247,1052.0,Y0
1.0,0.0,2.0,0.0,3.0,0.0,0.0,11.0,0.0,0,910.0,910.0,928.2832892370827,Y1
1.0,0.0,2.0,1.0,3.0,1.0,0.0,7.0,0.0,1,874.0,895.7646288259791,874.0,Y0
0.0,0.0,3.0,0.0,0.0,1.0,0.0,15.0,0.0,0,996.0,996.0,952.4194966567765,Y1
1.0,0.0,2.0,0.0,0.0,0.0,2.0,3.0,1.0,0,839.0,839.0,893.3097526178361,Y1
0.0,0.0,0.0,0.0,0.0,1.0,0.0,13.0,0.0,0,889.0,889.0,960.8332380289927,Y1
1.0,0.0,4.0,0.0,0.0,0.0,0.0,12.0,0.0,1,950.0,935.6708709301505,950.0,Y0
0.0,0.0,1.0,0.0,0.0,0.0,0.0,16.0,0.0,0,950.0,950.0,993.3945139147212,Y1
0.0,0.0,2.0,1.0,1.0,1.0,0.0,15.0,1.0,0,937.0,937.0,940.4125968349143,Y1
1.0,0.0,2.0,0.0,1.0,0.0,0.0,8.0,0.0,0,872.0,872.0,936.7448188327041,Y1
1.0,0.0,1.0,0.0,0.0,0.0,2.0,1.0,0.0,0,978.0,978.0,916.5228524411355,Y1
1.0,0.0,0.0,0.0,0.0,0.0,0.0,19.0,0.0,0,1108.0,1108.0,959.5865844602957,Y1
1.0,0.0,3.0,0.0,1.0,0.0,-1.0,10.0,1.0,1,1074.0,918.887904886523,1074.0,Y0
0.0,0.0,0.0,1.0,0.0,0.0,-1.0,6.0,0.0,1,938.0,929.7092820435009,938.0,Y0
1.0,0.0,3.0,0.0,0.0,1.0,0.0,17.0,0.0,0,875.0,875.0,933.8768225280418,Y1
1.0,0.0,0.0,0.0,0.0,1.0,0.0,8.0,0.0,1,832.0,925.6331434412743,832.0,Y0
0.0,0.0,0.0,0.0,1.0,0.0,-1.0,10.0,1.0,1,868.0,955.5591780569442,868.0,Y0
1.0,0.0,0.0,0.0,0.0,0.0,0.0,8.0,0.0,1,973.0,920.0990295545955,973.0,Y0
0.0,1.0,2.0,1.0,2.0,0.0,-1.0,9.0,1.0,0,917.0,917.0,875.9601022853168,Y1
0.0,1.0,1.0,0.0,3.0,0.0,-1.0,11.0,0.0,0,881.0,881.0,873.9142212532199,Y1
0.0,0.0,3.0,0.0,0.0,0.0,0.0,3.0,0.0,0,870.0,870.0,945.225788441602,Y1
0.0,1.0,1.0,1.0,2.0,0.0,0.0,11.0,0.0,0,964.0,964.0,928.0099539196199,Y1
1.0,0.0,3.0,1.0,0.0,0.0,0.0,10.0,0.0,0,894.0,894.0,882.0826637016676,Y1
0.0,-1.0,-1.0,1.0,2.0,0.0,0.0,5.0,0.0,0,936.0,936.0,961.7592273586074,Y1
0.0,1.0,1.0,1.0,2.0,0.0,0.0,16.0,1.0,0,883.0,883.0,923.2598066022011,Y1
1.0,1.0,0.0,1.0,2.0,1.0,0.0,6.0,0.0,1,810.0,865.8648784460985,810.0,Y0
1.0,0.0,3.0,0.0,3.0,0.0,0.0,14.0,0.0,1,962.0,941.38857846664,962.0,Y0
1.0,1.0,2.0,1.0,2.0,0.0,0.0,11.0,0.0,0,856.0,856.0,896.5988069166419,Y1
1.0,1.0,0.0,1.0,1.0,0.0,-1.0,18.0,1.0,0,965.0,965.0,909.7758928647162,Y1
0.0,0.0,3.0,0.0,0.0,1.0,3.0,11.0,0.0,0,992.0,992.0,906.6587752977246,Y1
0.0,1.0,2.0,0.0,2.0,0.0,1.0,0.0,1.0,0,892.0,892.0,960.4260971853748,Y1
0.0,0.0,1.0,0.0,0.0,1.0,0.0,13.0,0.0,0,971.0,971.0,969.5102652511639,Y1
0.0,0.0,0.0,1.0,0.0,1.0,0.0,9.0,0.0,0,872.0,872.0,927.5973390505267,Y1
0.0,1.0,0.0,1.0,2.0,1.0,0.0,13.0,1.0,1,1067.0,900.9705774184595,1067.0,Y0
0.0,0.0,0.0,0.0,3.0,0.0,1.0,0.0,0.0,0,979.0,979.0,927.1614617757248,Y1
0.0,1.0,3.0,1.0,2.0,0.0,0.0,10.0,1.0,0,939.0,939.0,885.8465562399289,Y1
1.0,0.0,1.0,0.0,1.0,1.0,0.0,14.0,0.0,0,951.0,951.0,1000.6992456956332,Y1
0.0,0.0,2.0,1.0,0.0,1.0,0.0,9.0,0.0,1,1006.0,910.0316354347175,1006.0,Y0
0.0,1.0,2.0,1.0,1.0,1.0,0.0,24.0,0.0,0,967.0,967.0,881.3957595550802,Y1
0.0,0.0,3.0,0.0,0.0,1.0,0.0,13.0,0.0,0,1033.0,1033.0,928.7525796402895,Y1
0.0,1.0,2.0,1.0,2.0,0.0,0.0,12.0,1.0,0,954.0,954.0,910.5352134379286,Y1
0.0,1.0,2.0,1.0,2.0,1.0,0.0,22.0,0.0,0,804.0,804.0,880.1372660948169,Y1
0.0,0.0,2.0,0.0,0.0,0.0,1.0,0.0,0.0,0,1005.0,1005.0,928.9791826832301,Y1
1.0,1.0,2.0,1.0,1.0,0.0,0.0,5.0,1.0,0,956.0,956.0,930.0354954874392,Y1
0.0,0.0,3.0,0.0,0.0,0.0,2.0,3.0,1.0,0,817.0,817.0,890.1037457071625,Y1
1.0,0.0,0.0,0.0,1.0,0.0,-1.0,10.0,1.0,1,960.0,941.6590816512445,960.0,Y0
0.0,1.0,3.0,1.0,2.0,0.0,0.0,6.0,1.0,1,1039.0,884.8545493778903,1039.0,Y0
1.0,0.0,2.0,1.0,0.0,0.0,2.0,3.0,1.0,0,790.0,790.0,878.0189387294821,Y1
0.0,0.0,3.0,1.0,0.0,0.0,1.0,0.0,0.0,0,870.0,870.0,936.0436793301179,Y1
1.0,0.0,3.0,0.0,0.0,1.0,0.0,8.0,1.0,0,853.0,853.0,930.5624146480394,Y1
0.0,0.0,3.0,0.0,0.0,0.0,3.0,10.0,0.0,0,1181.0,1181.0,895.3679964322804,Y1
1.0,1.0,2.0,1.0,2.0,1.0,0.0,6.0,0.0,1,796.0,843.8091731854079,796.0,Y0
0.0,0.0,0.0,1.0,0.0,0.0,0.0,4.0,0.0,0,940.0,940.0,974.8346207613359,Y1
1.0,1.0,0.0,0.0,1.0,1.0,0.0,10.0,0.0,0,921.0,921.0,907.8961271032887,Y1
0.0,0.0,0.0,1.0,1.0,0.0,-1.0,10.0,1.0,1,956.0,919.8722877918602,956.0,Y0
0.0,1.0,3.0,1.0,2.0,0.0,0.0,16.0,1.0,0,873.0,873.0,913.2248778950446,Y1
0.0,1.0,8.0,1.0,3.0,1.0,0.0,6.0,0.0,0,857.0,857.0,877.605712068037,Y1
0.0,0.0,1.0,0.0,0.0,1.0,0.0,6.0,0.0,0,1031.0,1031.0,971.7893100885087,Y1
1.0,0.0,0.0,0.0,0.0,0.0,0.0,12.0,0.0,0,946.0,946.0,959.442313176916,Y1
1.0,0.0,4.0,1.0,0.0,0.0,0.0,5.0,0.0,1,890.0,882.2083241848834,890.0,Y0
1.0,1.0,1.0,0.0,0.0,0.0,0.0,13.0,0.0,0,864.0,864.0,947.7976880433378,Y1
1.0,0.0,0.0,1.0,3.0,0.0,0.0,11.0,0.0,1,872.0,903.6812390224284,872.0,Y0
1.0,0.0,4.0,0.0,1.0,0.0,0.0,12.0,0.0,0,905.0,905.0,950.2631713688116,Y1
1.0,0.0,1.0,0.0,3.0,0.0,0.0,11.0,0.0,0,831.0,831.0,955.5778747840111,Y1
0.0,0.0,12.0,0.0,3.0,0.0,0.0,8.0,0.0,0,976.0,976.0,1015.2577643193836,Y1
0.0,0.0,0.0,0.0,0.0,1.0,0.0,20.0,0.0,0,956.0,956.0,949.6597685591415,Y1
0.0,0.0,3.0,0.0,3.0,0.0,0.0,8.0,0.0,0,949.0,949.0,915.584252201288,Y1
0.0,0.0,3.0,0.0,3.0,0.0,-1.0,11.0,0.0,0,981.0,981.0,859.8714836073397,Y1
1.0,0.0,0.0,1.0,0.0,0.0,-1.0,4.0,0.0,0,870.0,870.0,956.6415276442377,Y1
1.0,0.0,1.0,0.0,0.0,1.0,0.0,7.0,0.0,0,913.0,913.0,966.2542309087983,Y1
1.0,0.0,2.0,1.0,0.0,0.0,0.0,8.0,0.0,1,821.0,883.2646490889261,821.0,Y0
1.0,0.0,1.0,0.0,1.0,0.0,0.0,3.0,0.0,0,934.0,934.0,1000.2700911070041,Y1
0.0,0.0,2.0,1.0,3.0,0.0,2.0,5.0,0.0,0,816.0,816.0,936.4177030484648,Y1
1.0,0.0,2.0,0.0,2.0,0.0,-1.0,10.0,1.0,0,906.0,906.0,918.873668704545,Y1
0.0,1.0,3.0,0.0,2.0,1.0,0.0,11.0,0.0,0,937.0,937.0,901.8252341690551,Y1
1.0,0.0,1.0,0.0,0.0,2.0,0.0,12.0,0.0,0,915.0,915.0,984.5024436329567,Y1
1.0,1.0,2.0,1.0,2.0,0.0,1.0,0.0,0.0,0,968.0,968.0,993.8038676529825,Y1
0.0,0.0,3.0,0.0,0.0,1.0,0.0,12.0,0.0,0,1031.0,1031.0,931.0888561862444,Y1
1.0,0.0,0.0,1.0,0.0,0.0,0.0,12.0,0.0,0,883.0,883.0,920.1985404735573,Y1
1.0,1.0,1.0,1.0,2.0,0.0,2.0,2.0,1.0,1,911.0,902.3896535484477,911.0,Y0
1.0,1.0,7.0,1.0,3.0,1.0,0.0,6.0,0.0,0,866.0,866.0,859.8969313773762,Y1
1.0,0.0,1.0,0.0,0.0,0.0,0.0,10.0,0.0,1,886.0,960.0379155424549,886.0,Y0
1.0,0.0,5.0,0.0,1.0,0.0,0.0,3.0,0.0,0,969.0,969.0,971.2923144765069,Y1
0.0,1.0,0.0,1.0,2.0,1.0,1.0,6.0,0.0,0,813.0,813.0,911.487577013376,Y1
0.0,1.0,2.0,1.0,1.0,0.0,-1.0,2.0,0.0,0,897.0,897.0,922.3661023171936,Y1
0.0,0.0,1.0,0.0,1.0,0.0,-1.0,3.0,0.0,0,960.0,960.0,989.9101321554789,Y1
0.0,1.0,0.0,1.0,2.0,0.0,0.0,10.0,1.0,0,868.0,868.0,911.6733228531762,Y1
1.0,1.0,2.0,1.0,2.0,1.0,0.0,11.0,0.0,0,780.0,780.0,873.0418686569795,Y1
0.0,1.0,2.0,1.0,1.0,0.0,-1.0,0.0,0.0,0,847.0,847.0,946.4976889587543,Y1
1.0,1.0,0.0,0.0,1.0,0.0,0.0,11.0,1.0,1,942.0,947.1664577599169,942.0,Y0
1.0,0.0,3.0,0.0,3.0,2.0,0.0,12.0,0.0,1,1009.0,917.263364486611,1009.0,Y0
0.0,0.0,0.0,0.0,0.0,1.0,0.0,12.0,0.0,0,979.0,979.0,960.9635313075233,Y1
0.0,0.0,3.0,0.0,1.0,0.0,0.0,14.0,0.0,1,1050.0,946.9681945182791,1050.0,Y0
0.0,0.0,1.0,1.0,0.0,3.0,0.0,10.0,0.0,1,818.0,939.3101989769466,818.0,Y0
0.0,1.0,3.0,1.0,2.0,0.0,2.0,1.0,0.0,1,842.0,895.4883678125527,842.0,Y0
0.0,1.0,2.0,1.0,2.0,1.0,4.0,12.0,0.0,1,842.0,950.9331442122889,842.0,Y0
1.0,0.0,2.0,0.0,1.0,0.0,-1.0,10.0,1.0,1,1004.0,925.135155155375,1004.0,Y0
1.0,0.0,0.0,0.0,0.0,0.0,0.0,12.0,0.0,0,978.0,978.0,959.442313176916,Y1
1.0,0.0,7.0,1.0,3.0,1.0,0.0,6.0,0.0,0,831.0,831.0,858.6903831891271,Y1
0.0,0.0,0.0,0.0,0.0,1.0,0.0,10.0,0.0,0,873.0,873.0,951.5673334571966,Y1
1.0,0.0,2.0,0.0,0.0,0.0,2.0,3.0,1.0,0,834.0,834.0,893.3097526178361,Y1
0.0,0.0,0.0,0.0,1.0,0.0,0.0,17.0,0.0,0,842.0,842.0,969.8688134300751,Y1
0.0,0.0,8.0,0.0,1.0,1.0,0.0,14.0,0.0,0,895.0,895.0,986.955537767724,Y1
0.0,1.0,1.0,1.0,1.0,0.0,0.0,5.0,1.0,0,917.0,917.0,955.8077074284852,Y1
1.0,1.0,0.0,1.0,2.0,1.0,0.0,10.0,1.0,1,868.0,902.756238001767,868.0,Y0
0.0,1.0,0.0,1.0,2.0,0.0,1.0,0.0,0.0,0,966.0,966.0,950.7550275875672,Y1
0.0,1.0,0.0,1.0,2.0,1.0,2.0,24.0,0.0,0,1102.0,1102.0,872.8939672110366,Y1
0.0,0.0,3.0,1.0,0.0,1.0,0.0,8.0,0.0,0,893.0,893.0,895.6666295827836,Y1
0.0,0.0,3.0,0.0,0.0,0.0,-1.0,12.0,0.0,1,849.0,914.884046229422,849.0,Y0
0.0,0.0,3.0,0.0,1.0,0.0,0.0,0.0,0.0,0,934.0,934.0,919.1694295337446,Y1
1.0,1.0,3.0,1.0,2.0,1.0,1.0,6.0,0.0,0,820.0,820.0,884.8161293548452,Y1
1.0,0.0,0.0,0.0,0.0,0.0,2.0,2.0,0.0,0,836.0,836.0,912.3056705224193,Y1
1.0,1.0,8.0,1.0,2.0,0.0,0.0,12.0,0.0,0,829.0,829.0,899.5847986362852,Y1
1.0,0.0,3.0,0.0,0.0,0.0,0.0,5.0,0.0,1,903.0,894.4658869645227,903.0,Y0
1.0,0.0,1.0,1.0,0.0,1.0,0.0,13.0,0.0,0,880.0,880.0,915.0227929914028,Y1
0.0,0.0,2.0,0.0,0.0,1.0,0.0,10.0,0.0,0,1018.0,1018.0,935.9148207025585,Y1
1.0,0.0,0.0,0.0,0.0,0.0,0.0,11.0,0.0,0,1024.0,1024.0,961.1670477627999,Y1
0.0,0.0,0.0,1.0,0.0,1.0,0.0,12.0,0.0,0,901.0,901.0,929.0968386949165,Y1
1.0,0.0,1.0,0.0,0.0,1.0,0.0,11.0,0.0,0,896.0,896.0,964.7765512565385,Y1
0.0,0.0,2.0,0.0,0.0,0.0,0.0,7.0,0.0,1,1029.0,933.8000320576529,1029.0,Y0
1.0,1.0,3.0,1.0,0.0,1.0,0.0,10.0,0.0,0,903.0,903.0,854.5935061249363,Y1
1.0,0.0,2.0,0.0,1.0,1.0,0.0,12.0,0.0,0,923.0,923.0,937.1943134881,Y1
1.0,1.0,3.0,1.0,2.0,0.0,1.0,0.0,0.0,0,928.0,928.0,1001.4037516172859,Y1
0.0,0.0,2.0,0.0,0.0,1.0,0.0,11.0,0.0,0,1091.0,1091.0,944.5050970267159,Y1
0.0,0.0,2.0,0.0,0.0,0.0,0.0,14.0,0.0,0,941.0,941.0,998.5571181348507,Y1
1.0,0.0,1.0,0.0,0.0,1.0,0.0,13.0,0.0,0,952.0,952.0,955.8542671858097,Y1
1.0,0.0,2.0,0.0,0.0,0.0,-1.0,2.0,0.0,0,935.0,935.0,923.6313059005748,Y1
1.0,0.0,1.0,1.0,0.0,0.0,0.0,27.0,0.0,1,925.0,884.5567560810476,925.0,Y0
1.0,0.0,0.0,0.0,0.0,0.0,0.0,4.0,0.0,1,1007.0,925.0811350722453,1007.0,Y0
0.0,0.0,2.0,1.0,1.0,1.0,0.0,12.0,0.0,0,994.0,994.0,918.7769883697056,Y1
1.0,0.0,3.0,1.0,0.0,0.0,0.0,20.0,0.0,1,886.0,902.3260798575913,886.0,Y0
1.0,0.0,2.0,0.0,1.0,2.0,0.0,12.0,0.0,0,944.0,944.0,962.3523217697457,Y1
1.0,0.0,2.0,0.0,3.0,0.0,0.0,5.0,0.0,0,942.0,942.0,948.9667105464581,Y1
1.0,1.0,3.0,0.0,1.0,0.0,-1.0,2.0,0.0,0,861.0,861.0,932.390325904679,Y1
1.0,1.0,2.0,0.0,2.0,0.0,0.0,11.0,0.0,0,837.0,837.0,922.2383017769625,Y1
0.0,0.0,2.0,0.0,0.0,1.0,0.0,12.0,0.0,0,954.0,954.0,944.5050970267159,Y1
1.0,1.0,3.0,1.0,2.0,0.0,-1.0,6.0,1.0,0,989.0,989.0,887.245478186344,Y1
1.0,0.0,1.0,0.0,1.0,0.0,1.0,0.0,0.0,1,1034.0,950.1953080738082,1034.0,Y0
1.0,0.0,2.0,0.0,0.0,1.0,0.0,12.0,0.0,0,956.0,956.0,937.1020745857745,Y1
1.0,0.0,1.0,0.0,0.0,0.0,2.0,1.0,0.0,1,1022.0,950.0232185287547,1022.0,Y0
1.0,0.0,3.0,0.0,3.0,1.0,0.0,8.0,0.0,0,1092.0,1092.0,913.1502826027481,Y1
1.0,0.0,8.0,0.0,0.0,1.0,0.0,4.0,0.0,0,819.0,819.0,913.6516380124507,Y1
1.0,1.0,1.0,1.0,3.0,1.0,0.0,12.0,0.0,1,810.0,883.5316544478052,810.0,Y0
0.0,0.0,2.0,0.0,0.0,0.0,0.0,4.0,0.0,0,904.0,904.0,983.3819840443385,Y1
1.0,0.0,2.0,1.0,0.0,1.0,0.0,15.0,0.0,0,1042.0,1042.0,919.3838261236933,Y1
1.0,0.0,1.0,0.0,0.0,0.0,0.0,10.0,0.0,0,961.0,961.0,954.103920366036,Y1
0.0,0.0,4.0,0.0,0.0,1.0,0.0,13.0,0.0,0,932.0,932.0,944.5294794854918,Y1
0.0,0.0,2.0,0.0,0.0,0.0,0.0,19.0,0.0,0,983.0,983.0,961.3872494072832,Y1
1.0,0.0,2.0,0.0,0.0,0.0,0.0,13.0,0.0,0,1039.0,1039.0,934.8529717193067,Y1
1.0,0.0,3.0,0.0,1.0,0.0,0.0,21.0,1.0,0,935.0,935.0,900.3724554281202,Y1
1.0,0.0,0.0,0.0,3.0,0.0,1.0,0.0,0.0,0,897.0,897.0,978.660044591809,Y1
1.0,0.0,1.0,0.0,0.0,0.0,0.0,3.0,0.0,1,1063.0,932.0262791045222,1063.0,Y0
0.0,0.0,1.0,0.0,1.0,0.0,1.0,0.0,0.0,0,947.0,947.0,964.3631187974614,Y1
1.0,1.0,0.0,0.0,1.0,0.0,0.0,3.0,0.0,1,1059.0,904.6750409421044,1059.0,Y0
1.0,0.0,3.0,0.0,1.0,0.0,0.0,0.0,0.0,0,992.0,992.0,971.960205569351,Y1
1.0,0.0,3.0,0.0,0.0,1.0,0.0,20.0,0.0,0,957.0,957.0,890.0094441543129,Y1
1.0,0.0,3.0,1.0,0.0,1.0,0.0,6.0,0.0,0,899.0,899.0,900.8127048803073,Y1
0.0,0.0,3.0,1.0,0.0,0.0,0.0,7.0,0.0,1,1006.0,877.7675610849907,1006.0,Y0
0.0,0.0,2.0,0.0,0.0,1.0,0.0,12.0,0.0,0,884.0,884.0,944.5050970267159,Y1
1.0,0.0,1.0,1.0,0.0,1.0,0.0,8.0,0.0,0,866.0,866.0,923.2283335622708,Y1
0.0,0.0,2.0,0.0,3.0,0.0,0.0,21.0,0.0,1,1031.0,942.4167574620877,1031.0,Y0
1.0,0.0,8.0,0.0,0.0,0.0,0.0,10.0,0.0,1,819.0,933.757731985711,819.0,Y0
0.0,0.0,8.0,1.0,0.0,0.0,2.0,3.0,0.0,1,845.0,873.3244870951062,845.0,Y0
1.0,0.0,3.0,0.0,0.0,1.0,0.0,8.0,1.0,0,881.0,881.0,930.5624146480394,Y1
1.0,1.0,3.0,1.0,2.0,0.0,1.0,0.0,1.0,0,839.0,839.0,1014.6204192597415,Y1
1.0,0.0,1.0,0.0,0.0,0.0,0.0,14.0,0.0,0,945.0,945.0,1006.006701787037,Y1
0.0,0.0,0.0,1.0,0.0,1.0,0.0,15.0,0.0,1,881.0,920.1998678206915,881.0,Y0
1.0,0.0,0.0,0.0,0.0,0.0,0.0,3.0,0.0,1,1203.0,917.400120897924,1203.0,Y0
1.0,0.0,1.0,1.0,0.0,0.0,0.0,11.0,0.0,0,884.0,884.0,927.1978450364013,Y1
1.0,1.0,0.0,1.0,2.0,0.0,0.0,7.0,0.0,0,873.0,873.0,926.7283720660419,Y1
1.0,1.0,1.0,1.0,2.0,1.0,0.0,10.0,1.0,1,881.0,904.8945628830413,881.0,Y0
1.0,0.0,4.0,0.0,0.0,0.0,0.0,7.0,0.0,0,881.0,881.0,961.0938245587249,Y1
0.0,0.0,2.0,1.0,1.0,1.0,0.0,7.0,0.0,1,877.0,907.691381411986,877.0,Y0
1.0,0.0,0.0,0.0,1.0,1.0,1.0,8.0,0.0,1,882.0,917.2142844803337,882.0,Y0
0.0,1.0,2.0,1.0,2.0,1.0,0.0,17.0,0.0,0,831.0,831.0,886.5475850134466,Y1
0.0,0.0,3.0,1.0,2.0,0.0,0.0,9.0,0.0,0,919.0,919.0,898.435655117282,Y1
1.0,0.0,3.0,1.0,0.0,0.0,0.0,5.0,0.0,0,866.0,866.0,910.5493710793301,Y1
1.0,0.0,2.0,1.0,0.0,0.0,0.0,2.0,0.0,1,860.0,897.2238532395455,860.0,Y0
1.0,1.0,0.0,1.0,2.0,1.0,0.0,11.0,1.0,0,877.0,877.0,878.8519208056831,Y1
1.0,0.0,3.0,1.0,3.0,0.0,0.0,11.0,0.0,0,939.0,939.0,876.1841152281328,Y1
0.0,0.0,0.0,0.0,3.0,0.0,0.0,8.0,0.0,0,1087.0,1087.0,947.0369823504642,Y1
0.0,0.0,1.0,0.0,0.0,0.0,0.0,20.0,0.0,0,961.0,961.0,955.9760438150995,Y1
0.0,0.0,2.0,0.0,1.0,0.0,-1.0,0.0,0.0,1,870.0,934.7036792115704,870.0,Y0
1.0,0.0,3.0,1.0,0.0,0.0,0.0,11.0,0.0,0,823.0,823.0,894.6378637370847,Y1
1.0,1.0,4.0,1.0,2.0,0.0,0.0,24.0,1.0,0,879.0,879.0,873.0112677410234,Y1
1.0,0.0,2.0,0.0,0.0,1.0,0.0,9.0,0.0,0,886.0,886.0,937.9351462063656,Y1
0.0,1.0,1.0,1.0,2.0,1.0,0.0,17.0,0.0,0,810.0,810.0,901.8624420491876,Y1
0.0,0.0,2.0,0.0,0.0,0.0,0.0,2.0,0.0,0,958.0,958.0,924.9656132008794,Y1
0.0,1.0,1.0,1.0,2.0,1.0,0.0,7.0,0.0,0,952.0,952.0,908.5948581115246,Y1
0.0,0.0,0.0,0.0,3.0,0.0,0.0,14.0,0.0,0,987.0,987.0,1017.1673327494944,Y1
1.0,1.0,3.0,1.0,2.0,0.0,0.0,5.0,1.0,0,830.0,830.0,919.4933577939439,Y1
0.0,0.0,3.0,0.0,0.0,0.0,-1.0,9.0,0.0,0,889.0,889.0,894.1030250099949,Y1
1.0,0.0,9.0,0.0,0.0,0.0,0.0,13.0,-1.0,0,921.0,921.0,883.4908400640892,Y1
0.0,0.0,3.0,1.0,0.0,0.0,2.0,1.0,0.0,0,814.0,814.0,856.438495307263,Y1
1.0,0.0,3.0,0.0,0.0,1.0,0.0,6.0,0.0,0,827.0,827.0,935.8128958268499,Y1
1.0,0.0,0.0,0.0,0.0,1.0,0.0,11.0,0.0,0,826.0,826.0,950.6391888499627,Y1
1.0,0.0,3.0,0.0,1.0,0.0,-1.0,5.0,0.0,1,945.0,920.509397998886,945.0,Y0
1.0,1.0,0.0,1.0,2.0,1.0,0.0,17.0,0.0,0,907.0,907.0,872.2951395366567,Y1
0.0,0.0,0.0,1.0,0.0,0.0,2.0,2.0,0.0,1,905.0,913.3353934287398,905.0,Y0
0.0,0.0,0.0,0.0,0.0,1.0,0.0,6.0,0.0,0,1144.0,1144.0,961.3903569943986,Y1
1.0,0.0,0.0,0.0,1.0,2.0,0.0,12.0,0.0,0,1051.0,1051.0,962.8176154989008,Y1
0.0,0.0,0.0,0.0,0.0,1.0,0.0,5.0,0.0,0,926.0,926.0,961.3903569943986,Y1
1.0,1.0,1.0,1.0,2.0,1.0,0.0,13.0,1.0,1,905.0,889.3567781889305,905.0,Y0
1.0,0.0,2.0,1.0,0.0,0.0,2.0,1.0,0.0,0,890.0,890.0,862.5500389327099,Y1
1.0,0.0,0.0,0.0,0.0,0.0,3.0,10.0,0.0,0,877.0,877.0,909.1538102001529,Y1
0.0,0.0,0.0,0.0,0.0,0.0,0.0,13.0,0.0,0,958.0,958.0,970.3921194443219,Y1
0.0,1.0,3.0,1.0,2.0,0.0,-1.0,3.0,1.0,0,772.0,772.0,916.0890587091961,Y1
0.0,1.0,2.0,1.0,2.0,1.0,2.0,24.0,0.0,0,1144.0,1144.0,872.5380163283586,Y1
0.0,0.0,1.0,0.0,0.0,1.0,0.0,13.0,0.0,0,989.0,989.0,969.5102652511639,Y1
1.0,1.0,1.0,1.0,2.0,0.0,2.0,1.0,1.0,1,961.0,906.1058643618538,961.0,Y0
0.0,0.0,2.0,1.0,0.0,0.0,0.0,10.0,0.0,0,961.0,961.0,908.1333917953834,Y1
1.0,0.0,3.0,1.0,0.0,1.0,0.0,5.0,0.0,1,870.0,875.1658565372237,870.0,Y0
1.0,0.0,2.0,1.0,0.0,1.0,0.0,6.0,0.0,1,911.0,895.3033148737895,911.0,Y0
1.0,0.0,2.0,0.0,1.0,0.0,0.0,5.0,1.0,0,975.0,975.0,960.2287462826849,Y1
0.0,1.0,2.0,1.0,2.0,0.0,-1.0,9.0,1.0,0,928.0,928.0,875.9601022853168,Y1
1.0,1.0,3.0,1.0,2.0,0.0,-1.0,10.0,1.0,0,849.0,849.0,875.9321303604867,Y1
1.0,0.0,0.0,0.0,0.0,3.0,0.0,14.0,0.0,1,931.0,950.976215068408,931.0,Y0
0.0,1.0,3.0,0.0,2.0,0.0,0.0,9.0,0.0,0,873.0,873.0,918.8493370340586,Y1
1.0,1.0,1.0,1.0,2.0,1.0,0.0,11.0,0.0,0,872.0,872.0,888.9740447932238,Y1
0.0,0.0,0.0,0.0,1.0,1.0,0.0,8.0,0.0,0,914.0,914.0,957.4643413160866,Y1
0.0,1.0,0.0,1.0,2.0,0.0,-1.0,2.0,0.0,0,857.0,857.0,858.8773619657591,Y1
1.0,1.0,0.0,1.0,2.0,0.0,2.0,1.0,1.0,0,891.0,891.0,892.599696817552,Y1
0.0,0.0,1.0,1.0,1.0,0.0,-1.0,3.0,0.0,0,901.0,901.0,980.0438858440242,Y1
1.0,0.0,1.0,1.0,0.0,0.0,0.0,6.0,0.0,0,831.0,831.0,939.9412989441335,Y1
1.0,0.0,0.0,0.0,0.0,2.0,0.0,12.0,0.0,0,896.0,896.0,964.3184070651921,Y1
0.0,0.0,0.0,0.0,0.0,1.0,0.0,13.0,0.0,0,891.0,891.0,960.8332380289927,Y1
1.0,0.0,2.0,1.0,0.0,0.0,0.0,14.0,0.0,0,1031.0,1031.0,939.5224640359888,Y1
1.0,1.0,3.0,1.0,2.0,0.0,0.0,6.0,0.0,1,1065.0,844.5100933804449,1065.0,Y0
0.0,1.0,2.0,0.0,1.0,0.0,0.0,6.0,0.0,0,873.0,873.0,952.7000435564141,Y1
1.0,0.0,2.0,0.0,1.0,0.0,0.0,5.0,0.0,1,979.0,916.4511482631967,979.0,Y0
1.0,0.0,1.0,0.0,0.0,1.0,3.0,11.0,0.0,0,952.0,952.0,928.1528140006002,Y1
1.0,0.0,0.0,0.0,0.0,0.0,0.0,16.0,0.0,0,898.0,898.0,975.2501364565761,Y1
0.0,0.0,3.0,0.0,1.0,0.0,0.0,15.0,0.0,0,947.0,947.0,963.2341205598447,Y1
1.0,0.0,0.0,0.0,1.0,1.0,0.0,12.0,0.0,0,958.0,958.0,947.4136626977873,Y1
1.0,1.0,3.0,1.0,2.0,0.0,0.0,16.0,1.0,0,856.0,856.0,904.525543635218,Y1
0.0,1.0,3.0,1.0,2.0,0.0,2.0,1.0,1.0,1,897.0,895.9891084842446,897.0,Y0
0.0,0.0,0.0,1.0,2.0,0.0,0.0,9.0,0.0,0,874.0,874.0,925.8734127434307,Y1
1.0,0.0,3.0,0.0,0.0,0.0,0.0,15.0,0.0,1,936.0,934.7412042132586,936.0,Y0
1.0,1.0,4.0,1.0,2.0,0.0,0.0,3.0,1.0,1,873.0,870.3175132658548,873.0,Y0
0.0,0.0,0.0,0.0,0.0,1.0,0.0,6.0,0.0,0,985.0,985.0,961.3903569943986,Y1
1.0,0.0,2.0,0.0,1.0,0.0,0.0,17.0,0.0,0,901.0,901.0,945.8784499750567,Y1
0.0,1.0,3.0,1.0,1.0,0.0,-1.0,4.0,0.0,0,893.0,893.0,945.9197891357678,Y1
1.0,1.0,4.0,1.0,2.0,0.0,0.0,6.0,1.0,0,829.0,829.0,923.2463003706404,Y1
0.0,0.0,0.0,0.0,3.0,1.0,0.0,8.0,0.0,0,992.0,992.0,948.4904244613418,Y1
1.0,0.0,1.0,0.0,0.0,1.0,0.0,6.0,0.0,0,1008.0,1008.0,969.0365958171512,Y1
0.0,0.0,3.0,1.0,0.0,1.0,0.0,3.0,0.0,0,926.0,926.0,913.2498382669352,Y1
0.0,1.0,3.0,1.0,2.0,0.0,0.0,5.0,1.0,0,879.0,879.0,932.5323756593006,Y1
1.0,1.0,0.0,1.0,2.0,0.0,0.0,12.0,0.0,0,885.0,885.0,904.597259021059,Y1
1.0,1.0,3.0,1.0,2.0,0.0,2.0,1.0,0.0,0,856.0,856.0,858.6813933189392,Y1
0.0,0.0,7.0,0.0,0.0,0.0,0.0,2.0,0.0,0,865.0,865.0,895.4264303954232,Y1
1.0,0.0,0.0,0.0,0.0,1.0,0.0,10.0,0.0,0,1027.0,1027.0,940.7671820246013,Y1
1.0,0.0,4.0,1.0,0.0,0.0,0.0,4.0,0.0,0,868.0,868.0,937.0122707115979,Y1
0.0,0.0,3.0,0.0,0.0,0.0,0.0,4.0,0.0,1,1058.0,911.0794015000263,1058.0,Y0
0.0,0.0,0.0,1.0,0.0,0.0,0.0,15.0,0.0,1,869.0,913.4635749909751,869.0,Y0
1.0,1.0,2.0,1.0,2.0,0.0,1.0,0.0,0.0,0,911.0,911.0,993.8038676529825,Y1
0.0,0.0,0.0,0.0,0.0,1.0,0.0,13.0,0.0,0,1015.0,1015.0,960.8332380289927,Y1
1.0,0.0,3.0,0.0,0.0,0.0,0.0,5.0,0.0,1,848.0,894.4658869645227,848.0,Y0
1.0,0.0,3.0,0.0,0.0,0.0,0.0,15.0,0.0,0,903.0,903.0,940.3595510529481,Y1
0.0,0.0,0.0,1.0,0.0,1.0,0.0,12.0,0.0,0,824.0,824.0,929.0968386949165,Y1
0.0,1.0,3.0,1.0,2.0,0.0,0.0,5.0,0.0,0,859.0,859.0,926.4222772877296,Y1
1.0,1.0,3.0,1.0,2.0,0.0,0.0,11.0,0.0,0,974.0,974.0,886.0414002131153,Y1
1.0,0.0,2.0,1.0,0.0,1.0,0.0,10.0,0.0,0,825.0,825.0,901.7868906396484,Y1
0.0,0.0,0.0,1.0,0.0,1.0,0.0,13.0,0.0,0,889.0,889.0,928.9665454163859,Y1
0.0,0.0,1.0,0.0,3.0,0.0,0.0,8.0,0.0,0,988.0,988.0,954.8886345081569,Y1
1.0,0.0,3.0,1.0,1.0,0.0,0.0,7.0,0.0,0,886.0,886.0,918.7484795084484,Y1
0.0,0.0,2.0,0.0,0.0,1.0,0.0,8.0,0.0,0,892.0,892.0,943.7383232069315,Y1
0.0,0.0,4.0,0.0,1.0,0.0,2.0,3.0,0.0,0,853.0,853.0,930.4703201920729,Y1
1.0,0.0,2.0,1.0,0.0,0.0,-1.0,2.0,0.0,0,910.0,910.0,894.8441749354531,Y1
1.0,0.0,2.0,0.0,0.0,0.0,0.0,15.0,0.0,1,857.0,943.1928062886236,857.0,Y0
0.0,0.0,2.0,0.0,2.0,1.0,1.0,3.0,1.0,0,923.0,923.0,975.6149204421566,Y1
0.0,1.0,2.0,1.0,2.0,0.0,0.0,10.0,1.0,0,979.0,979.0,896.7310877916622,Y1
0.0,1.0,1.0,1.0,2.0,0.0,2.0,1.0,0.0,0,908.0,908.0,906.3611076289403,Y1
1.0,0.0,3.0,0.0,0.0,0.0,0.0,6.0,0.0,1,996.0,899.646392458441,996.0,Y0
0.0,0.0,3.0,0.0,0.0,1.0,0.0,8.0,1.0,0,932.0,932.0,936.4321807380309,Y1
0.0,0.0,3.0,1.0,0.0,0.0,2.0,2.0,0.0,1,912.0,905.9719355896257,912.0,Y0
1.0,0.0,2.0,0.0,0.0,0.0,0.0,20.0,0.0,1,834.0,955.0065911031585,834.0,Y0
0.0,0.0,1.0,0.0,3.0,0.0,2.0,1.0,0.0,1,921.0,984.3082873511515,921.0,Y0
1.0,1.0,0.0,1.0,2.0,0.0,0.0,6.0,0.0,0,831.0,831.0,929.0691247450953,Y1
0.0,0.0,3.0,0.0,0.0,0.0,-1.0,1.0,0.0,1,914.0,909.0158886189304,914.0,Y0
1.0,1.0,1.0,0.0,1.0,0.0,2.0,1.0,1.0,0,973.0,973.0,930.4820801529622,Y1
0.0,0.0,2.0,0.0,1.0,1.0,0.0,22.0,0.0,0,983.0,983.0,916.2234655785988,Y1
0.0,1.0,2.0,1.0,2.0,1.0,2.0,24.0,0.0,0,1087.0,1087.0,872.5380163283586,Y1
0.0,1.0,3.0,0.0,1.0,0.0,2.0,5.0,1.0,1,1010.0,922.2709681292207,1010.0,Y0
1.0,0.0,0.0,0.0,0.0,0.0,0.0,7.0,0.0,0,854.0,854.0,974.835373063933,Y1
1.0,0.0,3.0,1.0,0.0,1.0,3.0,11.0,0.0,0,869.0,869.0,865.3493907645453,Y1
0.0,0.0,2.0,1.0,0.0,1.0,0.0,6.0,0.0,0,1048.0,1048.0,931.8843673335319,Y1
1.0,0.0,2.0,0.0,0.0,1.0,0.0,12.0,0.0,0,896.0,896.0,937.1020745857745,Y1
0.0,1.0,0.0,1.0,1.0,0.0,2.0,1.0,1.0,0,942.0,942.0,912.0759856473605,Y1
1.0,1.0,0.0,1.0,0.0,0.0,0.0,9.0,0.0,0,966.0,966.0,905.2344186580375,Y1
0.0,1.0,0.0,1.0,2.0,0.0,1.0,0.0,1.0,0,711.0,711.0,982.6702978878427,Y1
1.0,0.0,2.0,1.0,0.0,0.0,0.0,20.0,0.0,0,858.0,858.0,887.8448302524021,Y1
0.0,1.0,2.0,0.0,1.0,0.0,0.0,20.0,1.0,0,1012.0,1012.0,902.0804083037913,Y1
1.0,0.0,3.0,0.0,0.0,0.0,-1.0,2.0,0.0,0,816.0,816.0,918.7221865959713,Y1
1.0,0.0,1.0,0.0,1.0,1.0,0.0,17.0,0.0,1,860.0,939.1722543147558,860.0,Y0
1.0,0.0,2.0,0.0,0.0,1.0,0.0,6.0,0.0,0,787.0,787.0,947.1625226902695,Y1
0.0,0.0,0.0,0.0,0.0,1.0,0.0,5.0,0.0,0,1012.0,1012.0,961.3903569943986,Y1
0.0,0.0,0.0,1.0,0.0,0.0,0.0,14.0,0.0,0,950.0,950.0,964.3992986481561,Y1
1.0,0.0,2.0,0.0,0.0,0.0,0.0,8.0,0.0,0,953.0,953.0,936.6525799303787,Y1
0.0,0.0,3.0,1.0,3.0,1.0,0.0,4.0,0.0,0,1019.0,1019.0,905.0559952217998,Y1
0.0,0.0,1.0,1.0,0.0,0.0,0.0,20.0,0.0,0,1027.0,1027.0,921.4795293508879,Y1
0.0,0.0,2.0,1.0,0.0,1.0,5.0,11.0,0.0,1,856.0,974.9744567938596,856.0,Y0
0.0,0.0,0.0,0.0,0.0,1.0,0.0,13.0,0.0,0,1019.0,1019.0,960.8332380289927,Y1
1.0,1.0,0.0,1.0,2.0,0.0,0.0,10.0,1.0,0,942.0,942.0,893.6142958739451,Y1
1.0,0.0,2.0,0.0,0.0,0.0,0.0,3.0,0.0,0,822.0,822.0,956.7345190094832,Y1
1.0,0.0,0.0,1.0,0.0,1.0,0.0,15.0,0.0,1,891.0,919.6165573450925,891.0,Y0
1.0,0.0,3.0,1.0,1.0,0.0,0.0,5.0,1.0,0,958.0,958.0,919.1399742505708,Y1
1.0,0.0,3.0,0.0,1.0,0.0,0.0,7.0,0.0,0,941.0,941.0,956.2350836780081,Y1
1.0,0.0,1.0,0.0,1.0,1.0,0.0,20.0,0.0,1,951.0,993.5093670627094,951.0,Y0
0.0,1.0,1.0,1.0,2.0,0.0,0.0,3.0,1.0,1,963.0,901.0317279623455,963.0,Y0
0.0,0.0,0.0,0.0,0.0,0.0,0.0,16.0,0.0,0,1008.0,1008.0,987.9049260740983,Y1
1.0,0.0,1.0,1.0,3.0,0.0,0.0,13.0,0.0,1,1042.0,915.4561362815289,1042.0,Y0
0.0,1.0,0.0,1.0,2.0,1.0,0.0,17.0,0.0,0,966.0,966.0,895.012018649734,Y1
1.0,0.0,2.0,0.0,1.0,1.0,0.0,15.0,0.0,1,980.0,947.6167957443073,980.0,Y0
0.0,0.0,3.0,0.0,0.0,0.0,0.0,15.0,0.0,1,932.0,938.9073922546987,932.0,Y0
0.0,1.0,1.0,1.0,0.0,0.0,0.0,14.0,0.0,1,919.0,895.0901958989384,919.0,Y0
0.0,0.0,2.0,0.0,3.0,0.0,0.0,5.0,0.0,0,1044.0,1044.0,952.8995435623107,Y1
0.0,0.0,0.0,0.0,1.0,0.0,0.0,15.0,0.0,0,931.0,931.0,986.1771315869029,Y1
1.0,3.0,2.0,1.0,0.0,1.0,0.0,9.0,0.0,0,890.0,890.0,876.1342308878922,Y1
0.0,0.0,2.0,0.0,3.0,1.0,0.0,8.0,0.0,0,1038.0,1038.0,934.8566452545122,Y1
1.0,0.0,7.0,1.0,0.0,0.0,0.0,15.0,0.0,1,909.0,904.3292335932789,909.0,Y0
1.0,0.0,0.0,0.0,0.0,3.0,0.0,14.0,0.0,1,1003.0,950.976215068408,1003.0,Y0
1.0,1.0,3.0,1.0,2.0,0.0,0.0,12.0,0.0,0,812.0,812.0,886.0414002131153,Y1
1.0,0.0,0.0,1.0,0.0,0.0,-1.0,6.0,0.0,1,960.0,921.4398405348222,960.0,Y0
0.0,0.0,3.0,0.0,3.0,0.0,-1.0,11.0,0.0,0,991.0,991.0,859.8714836073397,Y1
0.0,1.0,3.0,1.0,2.0,0.0,-1.0,14.0,1.0,1,891.0,875.747244680348,891.0,Y0
1.0,0.0,0.0,1.0,0.0,0.0,-1.0,4.0,0.0,0,873.0,873.0,956.6415276442377,Y1
0.0,1.0,1.0,0.0,1.0,0.0,3.0,13.0,0.0,1,939.0,996.8919287526,939.0,Y0
0.0,0.0,3.0,0.0,0.0,0.0,0.0,15.0,0.0,0,910.0,910.0,947.8602453510263,Y1
0.0,0.0,0.0,0.0,0.0,0.0,0.0,8.0,0.0,0,917.0,917.0,962.2930014033433,Y1
1.0,1.0,3.0,0.0,2.0,0.0,2.0,1.0,1.0,1,858.0,897.6669604703562,858.0,Y0
1.0,0.0,1.0,0.0,0.0,0.0,0.0,15.0,0.0,0,918.0,918.0,974.9175857536737,Y1
0.0,0.0,2.0,1.0,1.0,0.0,-1.0,0.0,0.0,0,921.0,921.0,929.3254690485903,Y1
1.0,0.0,4.0,0.0,1.0,0.0,-1.0,3.0,0.0,0,871.0,871.0,967.5747799085689,Y1
1.0,0.0,3.0,0.0,0.0,0.0,0.0,10.0,0.0,0,956.0,956.0,918.281498497916,Y1
0.0,1.0,5.0,1.0,2.0,0.0,2.0,1.0,1.0,1,949.0,911.8447996152113,949.0,Y0
0.0,0.0,3.0,1.0,1.0,0.0,-1.0,5.0,0.0,1,874.0,903.2923050685442,874.0,Y0
1.0,1.0,3.0,1.0,2.0,0.0,0.0,6.0,1.0,0,849.0,849.0,919.4933577939439,Y1
0.0,1.0,3.0,1.0,2.0,1.0,0.0,17.0,0.0,0,918.0,918.0,877.6465996902386,Y1
0.0,0.0,3.0,1.0,0.0,0.0,2.0,2.0,0.0,0,987.0,987.0,867.6839847516165,Y1
0.0,0.0,4.0,1.0,0.0,0.0,0.0,20.0,0.0,0,961.0,961.0,878.19355653941,Y1
1.0,0.0,3.0,0.0,1.0,0.0,-1.0,18.0,1.0,0,878.0,878.0,953.4419887486777,Y1
0.0,0.0,1.0,0.0,0.0,0.0,1.0,0.0,0.0,0,1109.0,1109.0,960.1970500541347,Y1
0.0,0.0,0.0,0.0,2.0,0.0,-1.0,10.0,1.0,0,973.0,973.0,905.8069718380339,Y1
0.0,1.0,2.0,1.0,2.0,0.0,0.0,24.0,1.0,0,1002.0,1002.0,871.062817140954,Y1
0.0,0.0,2.0,1.0,0.0,0.0,0.0,2.0,0.0,0,888.0,888.0,900.753680132516,Y1
0.0,0.0,3.0,-1.0,1.0,2.0,0.0,12.0,-1.0,0,927.0,927.0,922.382834534524,Y1
0.0,0.0,0.0,0.0,1.0,0.0,0.0,8.0,0.0,0,877.0,877.0,959.9422153212982,Y1
0.0,0.0,3.0,0.0,1.0,0.0,0.0,8.0,0.0,0,915.0,915.0,934.8061917214765,Y1
1.0,0.0,2.0,0.0,1.0,1.0,1.0,8.0,0.0,1,1156.0,894.8454059970935,1156.0,Y0
1.0,0.0,3.0,0.0,1.0,0.0,0.0,15.0,0.0,0,890.0,890.0,955.7334262617665,Y1
1.0,0.0,0.0,1.0,0.0,0.0,0.0,8.0,0.0,0,931.0,931.0,915.085036947434,Y1
1.0,0.0,0.0,1.0,0.0,1.0,4.0,16.0,0.0,0,822.0,822.0,909.9358687038981,Y1
1.0,1.0,2.0,1.0,1.0,0.0,2.0,1.0,1.0,0,846.0,846.0,869.8672910051715,Y1
1.0,0.0,0.0,0.0,0.0,0.0,0.0,6.0,0.0,0,911.0,911.0,971.1839902628706,Y1
0.0,1.0,1.0,0.0,2.0,0.0,0.0,5.0,0.0,0,1003.0,1003.0,980.876928099425,Y1
0.0,1.0,5.0,1.0,2.0,1.0,1.0,6.0,0.0,0,809.0,809.0,901.7988617309982,Y1
0.0,1.0,2.0,1.0,0.0,0.0,2.0,2.0,0.0,0,796.0,796.0,893.0692086477744,Y1
1.0,1.0,1.0,1.0,2.0,1.0,0.0,6.0,0.0,1,927.0,868.0032033273727,927.0,Y0
1.0,0.0,2.0,0.0,3.0,0.0,0.0,8.0,0.0,0,951.0,951.0,924.569183063241,Y1
1.0,0.0,1.0,0.0,0.0,0.0,0.0,6.0,0.0,0,929.0,929.0,979.6324220927687,Y1
1.0,0.0,3.0,0.0,0.0,1.0,0.0,17.0,0.0,0,868.0,868.0,933.8768225280418,Y1
1.0,0.0,1.0,0.0,1.0,0.0,0.0,20.0,1.0,0,1066.0,1066.0,951.6725518153733,Y1
1.0,0.0,4.0,1.0,3.0,2.0,0.0,13.0,0.0,0,893.0,893.0,920.1552086227202,Y1
1.0,0.0,2.0,1.0,0.0,0.0,0.0,13.0,0.0,0,917.0,917.0,906.2006234146363,Y1
0.0,0.0,2.0,0.0,0.0,0.0,0.0,9.0,0.0,1,1053.0,946.1569114921043,1053.0,Y0
0.0,1.0,2.0,0.0,0.0,1.0,4.0,16.0,0.0,0,951.0,951.0,932.5093895359691,Y1
1.0,1.0,0.0,1.0,3.0,0.0,1.0,1.0,0.0,1,856.0,893.7000997907744,856.0,Y0
1.0,0.0,2.0,1.0,0.0,1.0,0.0,7.0,0.0,0,1031.0,1031.0,915.1185551757873,Y1
0.0,0.0,0.0,0.0,0.0,1.0,0.0,6.0,0.0,1,995.0,960.558950078579,995.0,Y0
1.0,0.0,2.0,0.0,1.0,0.0,-1.0,15.0,0.0,1,849.0,907.5169636642044,849.0,Y0
0.0,1.0,3.0,1.0,1.0,0.0,0.0,5.0,1.0,0,867.0,867.0,928.3674700143916,Y1
1.0,0.0,0.0,0.0,0.0,0.0,0.0,15.0,0.0,1,1062.0,949.1423569714208,1062.0,Y0
1.0,1.0,3.0,1.0,2.0,0.0,0.0,6.0,0.0,0,829.0,829.0,914.5523276129793,Y1
0.0,1.0,2.0,0.0,1.0,0.0,0.0,6.0,0.0,0,873.0,873.0,952.7000435564141,Y1
1.0,0.0,1.0,1.0,2.0,0.0,-1.0,10.0,1.0,0,948.0,948.0,897.5969713867522,Y1
1.0,0.0,0.0,0.0,0.0,0.0,0.0,19.0,0.0,0,915.0,915.0,959.5865844602957,Y1
0.0,0.0,2.0,0.0,0.0,1.0,0.0,12.0,0.0,1,879.0,949.601530468271,879.0,Y0
1.0,1.0,0.0,0.0,1.0,0.0,0.0,6.0,0.0,0,916.0,916.0,965.3866751839457,Y1
1.0,0.0,3.0,1.0,0.0,3.0,3.0,8.0,0.0,1,883.0,920.9169400115368,883.0,Y0
1.0,1.0,3.0,0.0,3.0,1.0,0.0,6.0,0.0,0,844.0,844.0,891.1065763307154,Y1
1.0,0.0,2.0,0.0,0.0,1.0,0.0,13.0,0.0,0,934.0,934.0,929.9045251009297,Y1
0.0,0.0,2.0,0.0,1.0,1.0,0.0,14.0,0.0,0,971.0,971.0,993.6295531672826,Y1
1.0,1.0,0.0,1.0,2.0,0.0,2.0,2.0,1.0,1,937.0,886.4742987789302,937.0,Y0
1.0,1.0,2.0,1.0,2.0,1.0,0.0,10.0,1.0,0,923.0,923.0,868.078676358144,Y1
1.0,0.0,3.0,1.0,0.0,0.0,0.0,13.0,0.0,0,933.0,933.0,888.4574778244947,Y1
1.0,1.0,3.0,0.0,2.0,0.0,1.0,0.0,1.0,0,907.0,907.0,1006.6169529065334,Y1
0.0,0.0,3.0,1.0,0.0,0.0,2.0,1.0,0.0,0,791.0,791.0,856.438495307263,Y1
0.0,1.0,3.0,1.0,0.0,0.0,0.0,12.0,0.0,1,830.0,873.5680863198373,830.0,Y0
0.0,1.0,3.0,1.0,3.0,0.0,2.0,5.0,0.0,0,837.0,837.0,923.2307522704577,Y1
1.0,0.0,0.0,0.0,0.0,0.0,0.0,13.0,0.0,0,795.0,795.0,954.0762078462274,Y1
0.0,0.0,1.0,0.0,0.0,0.0,-1.0,4.0,0.0,0,950.0,950.0,999.3054992791012,Y1
0.0,0.0,2.0,0.0,0.0,0.0,-1.0,2.0,0.0,0,940.0,940.0,921.8287873121698,Y1
0.0,0.0,3.0,0.0,1.0,2.0,0.0,13.0,0.0,0,963.0,963.0,958.6569217992973,Y1
1.0,0.0,2.0,0.0,0.0,1.0,0.0,8.0,0.0,0,855.0,855.0,937.9351462063656,Y1
0.0,0.0,2.0,0.0,0.0,0.0,2.0,1.0,0.0,0,958.0,958.0,897.2006786008955,Y1
1.0,0.0,13.0,0.0,1.0,0.0,0.0,8.0,1.0,0,962.0,962.0,1022.0472291740771,Y1
0.0,0.0,0.0,0.0,1.0,1.0,4.0,15.0,0.0,0,1071.0,1071.0,971.28276493964,Y1
1.0,0.0,2.0,0.0,0.0,1.0,0.0,6.0,0.0,1,1100.0,911.7324520675901,1100.0,Y0
1.0,0.0,0.0,1.0,0.0,0.0,0.0,19.0,0.0,1,764.0,964.6891472345874,764.0,Y0
1.0,0.0,0.0,0.0,3.0,0.0,0.0,14.0,0.0,0,971.0,971.0,1000.8962759783382,Y1
0.0,1.0,2.0,1.0,2.0,0.0,1.0,0.0,0.0,0,975.0,975.0,962.7540412376143,Y1
1.0,1.0,3.0,1.0,2.0,2.0,0.0,8.0,0.0,0,834.0,834.0,843.969184633701,Y1
1.0,0.0,3.0,1.0,1.0,2.0,0.0,12.0,0.0,0,910.0,910.0,886.3997545883474,Y1
1.0,1.0,2.0,0.0,2.0,1.0,0.0,8.0,0.0,1,937.0,861.5660454207547,937.0,Y0
0.0,0.0,2.0,1.0,0.0,1.0,0.0,8.0,0.0,0,810.0,810.0,918.4168744283512,Y1
1.0,0.0,0.0,0.0,0.0,0.0,-1.0,5.0,0.0,0,945.0,945.0,920.9613339262052,Y1
0.0,0.0,3.0,0.0,0.0,0.0,3.0,10.0,0.0,0,905.0,905.0,895.3679964322804,Y1
0.0,0.0,3.0,0.0,1.0,1.0,0.0,12.0,0.0,1,953.0,935.7362354385008,953.0,Y0
0.0,0.0,2.0,0.0,1.0,1.0,0.0,12.0,0.0,1,902.0,953.5136729051346,902.0,Y0
0.0,1.0,1.0,0.0,1.0,0.0,2.0,1.0,1.0,0,921.0,921.0,933.3467847003957,Y1
0.0,0.0,2.0,0.0,0.0,0.0,0.0,11.0,0.0,0,934.0,934.0,948.436380072838,Y1
1.0,0.0,1.0,1.0,0.0,0.0,0.0,20.0,0.0,0,923.0,923.0,905.9165106579476,Y1
0.0,0.0,1.0,1.0,0.0,0.0,0.0,16.0,0.0,0,872.0,872.0,947.6488883044345,Y1
1.0,0.0,2.0,0.0,0.0,0.0,0.0,8.0,0.0,0,983.0,983.0,936.6525799303787,Y1
1.0,0.0,0.0,0.0,1.0,1.0,4.0,15.0,0.0,0,933.0,933.0,959.5383027042972,Y1
0.0,0.0,2.0,0.0,0.0,0.0,2.0,3.0,0.0,1,837.0,929.0962436198892,837.0,Y0
0.0,0.0,3.0,1.0,0.0,1.0,0.0,21.0,0.0,0,924.0,924.0,879.719472725475,Y1
0.0,0.0,1.0,1.0,0.0,0.0,0.0,8.0,0.0,1,978.0,905.7420994951488,978.0,Y0
1.0,0.0,3.0,0.0,1.0,0.0,0.0,3.0,0.0,0,903.0,903.0,962.9625194390873,Y1
1.0,0.0,0.0,1.0,0.0,0.0,0.0,20.0,0.0,0,906.0,906.0,897.7914849405788,Y1
0.0,0.0,2.0,0.0,0.0,0.0,0.0,15.0,0.0,0,981.0,981.0,963.8068801209151,Y1
0.0,0.0,1.0,1.0,1.0,0.0,-1.0,3.0,0.0,1,1039.0,907.7190307271851,1039.0,Y0
1.0,1.0,3.0,1.0,1.0,0.0,0.0,11.0,1.0,1,810.0,916.7539253373991,810.0,Y0
0.0,1.0,3.0,1.0,2.0,0.0,0.0,11.0,0.0,0,915.0,915.0,893.5405835146244,Y1
1.0,0.0,3.0,1.0,0.0,1.0,0.0,8.0,0.0,0,847.0,847.0,890.5999635234342,Y1
1.0,1.0,1.0,1.0,2.0,0.0,-1.0,2.0,0.0,0,899.0,899.0,855.3266390556319,Y1
1.0,0.0,3.0,1.0,1.0,0.0,-1.0,2.0,0.0,0,878.0,878.0,890.8948926717661,Y1
1.0,0.0,1.0,0.0,1.0,1.0,4.0,15.0,0.0,0,1116.0,1116.0,971.8061547074088,Y1
1.0,0.0,0.0,0.0,0.0,0.0,0.0,13.0,0.0,0,886.0,886.0,954.0762078462274,Y1
0.0,0.0,1.0,0.0,0.0,1.0,0.0,13.0,0.0,0,881.0,881.0,969.5102652511639,Y1
1.0,0.0,3.0,0.0,1.0,0.0,-1.0,0.0,0.0,1,881.0,899.5251073838731,881.0,Y0
1.0,0.0,0.0,0.0,0.0,1.0,0.0,6.0,0.0,0,910.0,910.0,953.9915881205379,Y1
0.0,0.0,3.0,1.0,0.0,1.0,0.0,12.0,0.0,0,825.0,825.0,895.9345046218125,Y1
0.0,0.0,0.0,1.0,0.0,0.0,0.0,8.0,0.0,0,916.0,916.0,930.7914041047483,Y1
0.0,0.0,1.0,0.0,1.0,0.0,0.0,15.0,0.0,0,950.0,950.0,992.1173340545016,Y1
1.0,0.0,1.0,0.0,0.0,1.0,0.0,13.0,0.0,1,923.0,942.0284343674977,923.0,Y0
0.0,0.0,0.0,1.0,0.0,1.0,0.0,5.0,0.0,0,933.0,933.0,935.7478383074305,Y1
0.0,1.0,3.0,1.0,1.0,0.0,0.0,21.0,1.0,0,902.0,902.0,870.1243535535909,Y1
0.0,1.0,0.0,1.0,2.0,0.0,2.0,1.0,1.0,1,848.0,910.5987233750501,848.0,Y0
0.0,0.0,2.0,0.0,1.0,1.0,0.0,7.0,0.0,1,906.0,941.4320565643329,906.0,Y0
1.0,0.0,1.0,1.0,3.0,2.0,0.0,12.0,0.0,1,883.0,902.7841467708889,883.0,Y0
0.0,1.0,1.0,0.0,3.0,1.0,0.0,13.0,0.0,1,993.0,931.2917517678974,993.0,Y0
0.0,0.0,2.0,0.0,0.0,0.0,2.0,3.0,1.0,0,814.0,814.0,896.478257447848,Y1
1.0,1.0,3.0,1.0,2.0,0.0,-1.0,10.0,1.0,0,857.0,857.0,875.9321303604867,Y1
1.0,1.0,2.0,0.0,0.0,0.0,2.0,3.0,1.0,0,836.0,836.0,895.2884357366327,Y1
1.0,0.0,8.0,1.0,0.0,1.0,0.0,13.0,0.0,0,863.0,863.0,874.8142654797065,Y1
0.0,0.0,1.0,0.0,1.0,0.0,0.0,14.0,0.0,1,971.0,969.7854505171997,971.0,Y0
0.0,1.0,2.0,0.0,1.0,1.0,0.0,20.0,0.0,1,900.0,984.8980441178699,900.0,Y0
0.0,0.0,0.0,0.0,0.0,1.0,0.0,13.0,0.0,0,1063.0,1063.0,960.8332380289927,Y1
0.0,0.0,2.0,0.0,0.0,0.0,0.0,3.0,0.0,0,964.0,964.0,956.3502199142707,Y1
0.0,0.0,0.0,0.0,0.0,0.0,2.0,2.0,0.0,1,898.0,949.297541972198,898.0,Y0
0.0,1.0,2.0,1.0,2.0,1.0,0.0,10.0,1.0,0,881.0,881.0,878.3879988541088,Y1
1.0,1.0,2.0,1.0,2.0,0.0,-1.0,10.0,1.0,0,808.0,808.0,881.6332528097482,Y1
1.0,0.0,1.0,0.0,1.0,0.0,-1.0,15.0,0.0,1,866.0,915.0835050127669,866.0,Y0
0.0,1.0,3.0,1.0,2.0,0.0,-1.0,3.0,1.0,0,812.0,812.0,916.0890587091961,Y1
0.0,1.0,1.0,1.0,2.0,0.0,1.0,0.0,0.0,0,884.0,884.0,967.5385749888086,Y1
0.0,0.0,2.0,0.0,0.0,2.0,0.0,12.0,0.0,0,898.0,898.0,968.9587538447745,Y1
1.0,0.0,3.0,1.0,0.0,0.0,0.0,9.0,0.0,1,903.0,885.4749941109286,903.0,Y0
0.0,1.0,1.0,1.0,2.0,1.0,0.0,11.0,1.0,0,919.0,919.0,908.0002422650364,Y1
1.0,0.0,0.0,0.0,0.0,1.0,4.0,16.0,0.0,0,986.0,986.0,938.6226416071329,Y1
0.0,1.0,0.0,1.0,1.0,2.0,0.0,12.0,0.0,0,914.0,914.0,880.2116216163748,Y1
1.0,0.0,3.0,0.0,3.0,1.0,0.0,12.0,0.0,0,857.0,857.0,911.6505394544808,Y1
0.0,0.0,4.0,0.0,1.0,0.0,0.0,18.0,0.0,0,1012.0,1012.0,1006.0943049118019,Y1
1.0,0.0,2.0,1.0,3.0,1.0,0.0,12.0,0.0,0,886.0,886.0,898.7788525436252,Y1
0.0,0.0,6.0,0.0,1.0,0.0,-1.0,10.0,1.0,1,849.0,950.3412068477818,849.0,Y0
1.0,0.0,2.0,0.0,1.0,1.0,4.0,15.0,0.0,0,915.0,915.0,964.0347781228808,Y1
0.0,0.0,0.0,1.0,3.0,0.0,0.0,11.0,0.0,0,881.0,881.0,921.7761605459692,Y1
1.0,0.0,0.0,1.0,0.0,0.0,0.0,4.0,0.0,1,1044.0,897.9024405509621,1044.0,Y0
1.0,0.0,3.0,0.0,0.0,1.0,0.0,13.0,0.0,0,996.0,996.0,917.5907633616389,Y1
0.0,0.0,5.0,1.0,0.0,0.0,0.0,4.0,0.0,1,820.0,891.2362946915702,820.0,Y0
1.0,2.0,1.0,0.0,1.0,0.0,0.0,11.0,0.0,0,981.0,981.0,953.8679099711362,Y1
1.0,1.0,0.0,1.0,2.0,0.0,0.0,16.0,1.0,0,943.0,943.0,899.9837970457403,Y1
1.0,1.0,3.0,1.0,0.0,1.0,0.0,9.0,0.0,0,1020.0,1020.0,863.2668272395911,Y1
1.0,1.0,1.0,1.0,2.0,1.0,0.0,7.0,0.0,0,872.0,872.0,888.7451208715497,Y1
1.0,1.0,3.0,1.0,2.0,0.0,0.0,3.0,1.0,1,901.0,859.3086934954664,901.0,Y0
0.0,1.0,0.0,0.0,1.0,0.0,-1.0,4.0,0.0,0,960.0,960.0,977.0498107334987,Y1
1.0,0.0,3.0,0.0,0.0,1.0,0.0,13.0,0.0,0,893.0,893.0,917.5907633616389,Y1
0.0,1.0,1.0,1.0,0.0,0.0,0.0,7.0,0.0,0,803.0,803.0,951.3481271492053,Y1
1.0,1.0,3.0,1.0,1.0,0.0,0.0,12.0,1.0,1,962.0,917.6923128140139,962.0,Y0
0.0,0.0,2.0,0.0,1.0,1.0,0.0,8.0,0.0,0,1017.0,1017.0,943.8305621092569,Y1
0.0,1.0,5.0,0.0,1.0,0.0,3.0,13.0,0.0,1,936.0,945.8019531872457,936.0,Y0
0.0,0.0,2.0,0.0,0.0,0.0,0.0,11.0,0.0,0,921.0,921.0,948.436380072838,Y1
0.0,0.0,0.0,1.0,0.0,0.0,0.0,12.0,0.0,0,992.0,992.0,937.5047530712471,Y1
1.0,0.0,1.0,0.0,0.0,1.0,5.0,11.0,0.0,1,898.0,1005.4812679091094,898.0,Y0
1.0,1.0,5.0,1.0,2.0,0.0,2.0,1.0,0.0,1,844.0,903.7296974507783,844.0,Y0
1.0,0.0,3.0,0.0,0.0,0.0,0.0,6.0,0.0,0,978.0,978.0,947.7933811033271,Y1
1.0,0.0,3.0,0.0,3.0,0.0,0.0,14.0,0.0,0,949.0,949.0,974.6384446957578,Y1
1.0,0.0,3.0,0.0,0.0,0.0,0.0,16.0,0.0,1,870.0,936.0119599514535,870.0,Y0
1.0,1.0,3.0,1.0,3.0,0.0,1.0,0.0,0.0,0,803.0,803.0,972.1137699878674,Y1
1.0,1.0,3.0,1.0,2.0,0.0,0.0,14.0,0.0,1,865.0,866.9890886437977,865.0,Y0
1.0,3.0,2.0,0.0,1.0,0.0,0.0,10.0,0.0,1,947.0,929.9791939135655,947.0,Y0
0.0,0.0,0.0,0.0,3.0,0.0,0.0,3.0,0.0,0,957.0,957.0,981.466247331138,Y1
1.0,0.0,2.0,1.0,0.0,0.0,3.0,9.0,0.0,0,1046.0,1046.0,885.7709069630711,Y1
0.0,0.0,3.0,1.0,0.0,1.0,0.0,13.0,0.0,0,836.0,836.0,893.5982280758576,Y1
0.0,1.0,3.0,0.0,1.0,0.0,-1.0,12.0,1.0,0,870.0,870.0,895.1271415793875,Y1
0.0,0.0,2.0,0.0,0.0,1.0,0.0,9.0,0.0,0,1044.0,1044.0,943.7383232069315,Y1
1.0,0.0,0.0,0.0,0.0,0.0,0.0,13.0,0.0,0,855.0,855.0,954.0762078462274,Y1
0.0,1.0,0.0,0.0,1.0,0.0,0.0,5.0,1.0,0,1253.0,1253.0,974.3465295931225,Y1
0.0,1.0,2.0,1.0,2.0,0.0,0.0,3.0,1.0,0,945.0,945.0,981.6895899657422,Y1
0.0,0.0,4.0,0.0,0.0,1.0,0.0,8.0,0.0,0,992.0,992.0,939.9301048411534,Y1
1.0,0.0,0.0,0.0,0.0,1.0,0.0,13.0,0.0,0,976.0,976.0,942.5311853611353,Y1
0.0,0.0,3.0,1.0,3.0,1.0,0.0,4.0,0.0,0,946.0,946.0,905.0559952217998,Y1
1.0,1.0,0.0,1.0,2.0,0.0,0.0,3.0,1.0,1,889.0,875.1802143369646,889.0,Y0
0.0,0.0,3.0,0.0,3.0,0.0,0.0,17.0,0.0,0,864.0,864.0,968.1711068889617,Y1
0.0,0.0,1.0,0.0,1.0,0.0,0.0,18.0,0.0,0,994.0,994.0,1005.0721403539341,Y1
1.0,0.0,2.0,1.0,0.0,0.0,0.0,13.0,0.0,0,867.0,867.0,906.2006234146363,Y1
0.0,1.0,1.0,1.0,1.0,0.0,2.0,1.0,0.0,0,935.0,935.0,905.3737686004882,Y1
1.0,0.0,3.0,0.0,0.0,0.0,0.0,3.0,0.0,1,960.0,892.358406733289,960.0,Y0
0.0,0.0,2.0,1.0,0.0,0.0,0.0,8.0,0.0,0,852.0,852.0,916.455793080512,Y1
1.0,0.0,2.0,1.0,1.0,0.0,-1.0,0.0,0.0,0,875.0,875.0,928.166599121777,Y1
1.0,0.0,3.0,0.0,0.0,0.0,0.0,20.0,0.0,1,870.0,948.5012567252023,870.0,Y0
0.0,0.0,0.0,0.0,0.0,1.0,0.0,12.0,0.0,0,976.0,976.0,960.9635313075233,Y1
1.0,1.0,0.0,1.0,0.0,0.0,0.0,10.0,0.0,0,918.0,918.0,896.9868006225744,Y1
1.0,0.0,2.0,1.0,0.0,0.0,0.0,6.0,0.0,1,887.0,892.9708817468886,887.0,Y0
1.0,0.0,2.0,1.0,1.0,1.0,0.0,22.0,0.0,0,795.0,795.0,915.4632787141518,Y1
0.0,0.0,0.0,0.0,0.0,1.0,0.0,8.0,1.0,0,896.0,896.0,962.5123594874568,Y1
1.0,0.0,2.0,0.0,1.0,0.0,0.0,8.0,0.0,0,949.0,949.0,936.7448188327041,Y1
0.0,1.0,2.0,1.0,2.0,0.0,2.0,1.0,0.0,0,944.0,944.0,882.3451803361228,Y1
0.0,0.0,1.0,0.0,0.0,0.0,0.0,22.0,0.0,1,837.0,932.6929221583274,837.0,Y0
1.0,1.0,1.0,1.0,2.0,0.0,0.0,24.0,1.0,0,921.0,921.0,895.397057694029,Y1
0.0,0.0,0.0,0.0,0.0,0.0,0.0,13.0,0.0,0,960.0,960.0,970.3921194443219,Y1
0.0,1.0,3.0,0.0,1.0,0.0,0.0,16.0,1.0,1,890.0,955.751443654395,890.0,Y0
0.0,0.0,1.0,0.0,0.0,0.0,0.0,10.0,0.0,0,1030.0,1030.0,960.2580171961281,Y1
0.0,1.0,2.0,0.0,1.0,0.0,2.0,5.0,1.0,1,865.0,936.4120089486892,865.0,Y0
1.0,0.0,2.0,0.0,3.0,0.0,0.0,11.0,0.0,1,820.0,931.9137367198471,820.0,Y0
1.0,0.0,7.0,1.0,0.0,1.0,0.0,13.0,0.0,0,1043.0,1043.0,874.2164277767001,Y1
1.0,0.0,0.0,0.0,0.0,1.0,0.0,8.0,1.0,0,847.0,847.0,950.8940596937814,Y1
1.0,1.0,3.0,0.0,0.0,2.0,0.0,6.0,0.0,1,880.0,870.5578217551159,880.0,Y0
0.0,0.0,0.0,0.0,0.0,0.0,0.0,7.0,0.0,0,849.0,849.0,981.3887476513733,Y1
0.0,0.0,2.0,0.0,0.0,0.0,0.0,19.0,0.0,1,1067.0,1000.2534899737715,1067.0,Y0
0.0,0.0,3.0,0.0,0.0,0.0,0.0,8.0,0.0,0,917.0,917.0,931.1566187312003,Y1
1.0,0.0,4.0,1.0,0.0,0.0,0.0,14.0,0.0,1,1065.0,904.4134624544683,1065.0,Y0
0.0,0.0,1.0,0.0,1.0,1.0,0.0,13.0,0.0,0,1038.0,1038.0,969.2226130296538,Y1
0.0,1.0,2.0,1.0,2.0,2.0,0.0,8.0,0.0,0,855.0,855.0,860.2840861377692,Y1
1.0,1.0,2.0,0.0,1.0,0.0,-1.0,12.0,1.0,0,837.0,837.0,909.2425314534904,Y1
0.0,0.0,3.0,1.0,0.0,1.0,0.0,10.0,0.0,0,954.0,954.0,887.344228297655,Y1
0.0,1.0,1.0,1.0,2.0,1.0,0.0,17.0,0.0,0,873.0,873.0,901.8624420491876,Y1
0.0,0.0,2.0,0.0,0.0,0.0,0.0,9.0,0.0,0,970.0,970.0,942.4557569309445,Y1
0.0,1.0,2.0,1.0,0.0,1.0,0.0,8.0,0.0,1,881.0,867.4972811810868,881.0,Y0
0.0,0.0,2.0,1.0,1.0,0.0,0.0,12.0,1.0,1,952.0,944.050390223421,952.0,Y0
0.0,0.0,2.0,1.0,1.0,0.0,0.0,7.0,0.0,0,816.0,816.0,943.5794115330922,Y1
1.0,1.0,0.0,0.0,1.0,1.0,0.0,15.0,1.0,0,872.0,872.0,945.1904954765523,Y1
1.0,0.0,0.0,0.0,3.0,1.0,0.0,8.0,0.0,0,905.0,905.0,938.7707900596437,Y1
0.0,1.0,0.0,1.0,3.0,1.0,0.0,8.0,0.0,0,885.0,885.0,882.4891548309696,Y1
0.0,1.0,1.0,0.0,1.0,0.0,0.0,20.0,1.0,0,1092.0,1092.0,944.6144964511143,Y1
0.0,1.0,0.0,1.0,2.0,0.0,0.0,10.0,1.0,0,994.0,994.0,911.6733228531762,Y1
1.0,1.0,3.0,1.0,2.0,0.0,2.0,1.0,1.0,0,848.0,848.0,860.939917954288,Y1
1.0,0.0,4.0,1.0,0.0,0.0,0.0,12.0,0.0,0,828.0,828.0,905.6593922879905,Y1
1.0,1.0,3.0,1.0,2.0,0.0,0.0,5.0,1.0,0,864.0,864.0,919.4933577939439,Y1
1.0,0.0,2.0,0.0,1.0,1.0,0.0,8.0,0.0,0,965.0,965.0,938.0273851086911,Y1
0.0,1.0,0.0,1.0,3.0,0.0,1.0,0.0,0.0,0,895.0,895.0,929.1637911570823,Y1
1.0,1.0,2.0,0.0,2.0,1.0,0.0,6.0,0.0,1,967.0,856.5582230479065,967.0,Y0
0.0,0.0,3.0,0.0,1.0,1.0,1.0,8.0,0.0,1,888.0,909.2900688954454,888.0,Y0
0.0,1.0,1.0,1.0,2.0,1.0,1.0,6.0,0.0,0,785.0,785.0,920.2494501029236,Y1
1.0,1.0,1.0,1.0,2.0,0.0,2.0,2.0,0.0,1,1026.0,903.8575369269214,1026.0,Y0
0.0,0.0,0.0,0.0,3.0,0.0,0.0,17.0,0.0,0,904.0,904.0,1001.0147975678237,Y1
0.0,0.0,3.0,0.0,3.0,0.0,0.0,3.0,0.0,0,950.0,950.0,951.09732180107,Y1
0.0,1.0,3.0,1.0,2.0,0.0,0.0,5.0,0.0,0,952.0,952.0,926.4222772877296,Y1
0.0,0.0,0.0,0.0,1.0,1.0,0.0,8.0,0.0,1,1008.0,951.5243563201435,1008.0,Y0
1.0,0.0,8.0,1.0,0.0,1.0,0.0,12.0,0.0,0,880.0,880.0,882.0118149645513,Y1
0.0,0.0,3.0,0.0,0.0,0.0,-1.0,5.0,0.0,0,911.0,911.0,911.8891512106302,Y1
0.0,0.0,3.0,1.0,0.0,0.0,2.0,2.0,0.0,0,1054.0,1054.0,867.6839847516165,Y1
1.0,0.0,1.0,0.0,1.0,0.0,0.0,11.0,1.0,1,1070.0,968.1605987453627,1070.0,Y0
0.0,1.0,0.0,1.0,1.0,0.0,-1.0,12.0,1.0,0,949.0,949.0,909.3878854886041,Y1
0.0,0.0,2.0,0.0,0.0,1.0,0.0,10.0,0.0,0,936.0,936.0,935.9148207025585,Y1
0.0,1.0,3.0,1.0,2.0,0.0,0.0,9.0,0.0,0,931.0,931.0,888.0588591534864,Y1
0.0,1.0,3.0,1.0,1.0,1.0,0.0,24.0,0.0,0,924.0,924.0,861.5647394522031,Y1
0.0,0.0,1.0,0.0,0.0,0.0,0.0,8.0,0.0,0,828.0,828.0,968.0815197005011,Y1
0.0,0.0,2.0,0.0,0.0,1.0,0.0,5.0,0.0,1,920.0,939.6843953725657,920.0,Y0
0.0,0.0,0.0,0.0,0.0,0.0,0.0,10.0,0.0,0,1044.0,1044.0,954.8952019781619,Y1
0.0,1.0,1.0,0.0,1.0,0.0,0.0,21.0,0.0,1,1051.0,945.8722797704545,1051.0,Y0
1.0,1.0,1.0,1.0,2.0,0.0,0.0,5.0,0.0,1,999.0,879.9397380571264,999.0,Y0
0.0,1.0,3.0,1.0,1.0,0.0,2.0,1.0,0.0,0,953.0,953.0,868.3427588475301,Y1
1.0,0.0,1.0,0.0,3.0,0.0,0.0,8.0,0.0,0,956.0,956.0,949.815054708962,Y1
1.0,0.0,1.0,0.0,1.0,0.0,-1.0,10.0,1.0,1,1074.0,942.6457908807107,1074.0,Y0
0.0,0.0,2.0,1.0,0.0,0.0,2.0,2.0,0.0,0,914.0,914.0,884.9817315484194,Y1
0.0,0.0,3.0,0.0,1.0,0.0,-1.0,15.0,0.0,1,912.0,910.6910617108806,912.0,Y0
1.0,0.0,0.0,0.0,3.0,0.0,0.0,11.0,0.0,0,997.0,997.0,945.9739543836156,Y1
0.0,1.0,0.0,1.0,2.0,0.0,0.0,11.0,0.0,1,996.0,891.1881616270172,996.0,Y0
1.0,0.0,2.0,0.0,1.0,1.0,0.0,17.0,0.0,1,865.0,924.2577496459837,865.0,Y0
0.0,0.0,3.0,0.0,1.0,1.0,4.0,15.0,0.0,0,965.0,965.0,962.9943710242248,Y1
1.0,0.0,3.0,1.0,0.0,1.0,0.0,11.0,0.0,0,823.0,823.0,889.2679931220875,Y1
0.0,0.0,2.0,0.0,0.0,0.0,0.0,19.0,0.0,1,976.0,1000.2534899737715,976.0,Y0
1.0,1.0,1.0,1.0,1.0,0.0,-1.0,15.0,0.0,1,785.0,870.325178172402,785.0,Y0
0.0,1.0,3.0,0.0,1.0,0.0,-1.0,12.0,1.0,0,907.0,907.0,895.1271415793875,Y1
1.0,0.0,3.0,0.0,0.0,0.0,0.0,16.0,0.0,1,991.0,936.0119599514535,991.0,Y0
0.0,0.0,3.0,0.0,0.0,1.0,0.0,6.0,0.0,1,906.0,920.084502644515,906.0,Y0
0.0,0.0,2.0,0.0,3.0,1.0,0.0,13.0,0.0,1,947.0,947.5699128214183,947.0,Y0
1.0,0.0,3.0,0.0,1.0,0.0,0.0,5.0,0.0,1,992.0,910.16341077641,992.0,Y0
1.0,1.0,1.0,1.0,2.0,0.0,0.0,6.0,1.0,1,892.0,895.5743846203142,892.0,Y0
1.0,0.0,3.0,0.0,0.0,1.0,0.0,8.0,0.0,1,949.0,893.0625000141792,949.0,Y0
0.0,0.0,0.0,0.0,0.0,0.0,2.0,2.0,0.0,1,923.0,949.297541972198,923.0,Y0
0.0,0.0,1.0,0.0,0.0,1.0,0.0,12.0,0.0,0,1027.0,1027.0,970.4548391115959,Y1
1.0,1.0,2.0,1.0,2.0,0.0,-1.0,3.0,0.0,1,815.0,852.4475145751892,815.0,Y0
0.0,0.0,1.0,0.0,0.0,0.0,0.0,14.0,0.0,0,966.0,966.0,1019.6626998523911,Y1
1.0,0.0,1.0,0.0,1.0,1.0,1.0,8.0,0.0,1,945.0,925.0590229726629,945.0,Y0
1.0,0.0,0.0,0.0,0.0,1.0,0.0,10.0,0.0,0,907.0,907.0,940.7671820246013,Y1
0.0,0.0,1.0,1.0,0.0,0.0,-1.0,6.0,0.0,1,953.0,929.8542481741946,953.0,Y0
0.0,0.0,3.0,1.0,0.0,0.0,0.0,15.0,0.0,1,864.0,896.1632861693555,864.0,Y0
1.0,1.0,0.0,1.0,2.0,0.0,0.0,6.0,0.0,0,785.0,785.0,929.0691247450953,Y1
1.0,0.0,3.0,0.0,0.0,0.0,0.0,5.0,0.0,0,887.0,887.0,947.7933811033271,Y1
0.0,1.0,2.0,1.0,2.0,1.0,0.0,15.0,1.0,0,815.0,815.0,905.5239290489363,Y1
1.0,1.0,3.0,1.0,2.0,0.0,0.0,6.0,1.0,0,922.0,922.0,919.4933577939439,Y1
1.0,0.0,2.0,0.0,0.0,1.0,0.0,8.0,0.0,0,826.0,826.0,937.9351462063656,Y1
1.0,0.0,3.0,1.0,0.0,0.0,1.0,0.0,0.0,0,892.0,892.0,970.8686431412776,Y1
1.0,1.0,3.0,1.0,2.0,0.0,2.0,1.0,0.0,1,787.0,880.9257437340692,787.0,Y0
0.0,0.0,2.0,0.0,0.0,0.0,2.0,3.0,1.0,0,886.0,886.0,896.478257447848,Y1
1.0,0.0,2.0,0.0,1.0,1.0,4.0,15.0,0.0,0,952.0,952.0,964.0347781228808,Y1
0.0,0.0,2.0,0.0,1.0,0.0,-1.0,0.0,0.0,1,935.0,934.7036792115704,935.0,Y0
0.0,0.0,3.0,0.0,0.0,1.0,0.0,9.0,0.0,0,911.0,911.0,930.3220823664599,Y1
1.0,0.0,2.0,1.0,3.0,0.0,0.0,13.0,0.0,0,914.0,914.0,911.8681935122003,Y1
0.0,0.0,1.0,0.0,0.0,0.0,0.0,6.0,0.0,1,1056.0,963.5471310885831,1056.0,Y0
0.0,0.0,0.0,0.0,0.0,0.0,0.0,13.0,0.0,0,1057.0,1057.0,970.3921194443219,Y1
1.0,1.0,3.0,0.0,2.0,0.0,0.0,6.0,1.0,1,956.0,884.6801717791102,956.0,Y0
1.0,1.0,0.0,1.0,0.0,0.0,0.0,10.0,0.0,0,877.0,877.0,896.9868006225744,Y1
1.0,0.0,0.0,0.0,0.0,1.0,0.0,13.0,0.0,0,851.0,851.0,942.5311853611353,Y1
1.0,0.0,0.0,0.0,0.0,0.0,0.0,6.0,0.0,1,1019.0,929.805262212558,1019.0,Y0
0.0,0.0,2.0,0.0,0.0,1.0,0.0,9.0,0.0,0,881.0,881.0,943.7383232069315,Y1
0.0,0.0,2.0,0.0,1.0,0.0,0.0,5.0,1.0,0,931.0,931.0,964.1505287446488,Y1
0.0,0.0,2.0,1.0,0.0,0.0,0.0,4.0,0.0,1,926.0,903.0702747591491,926.0,Y0
0.0,1.0,0.0,1.0,2.0,0.0,0.0,12.0,0.0,0,839.0,839.0,922.736143420533,Y1
1.0,0.0,4.0,0.0,0.0,1.0,0.0,8.0,0.0,0,833.0,833.0,935.2294069417683,Y1
1.0,0.0,2.0,1.0,0.0,0.0,3.0,27.0,0.0,0,842.0,842.0,880.1287993260961,Y1
0.0,0.0,3.0,1.0,0.0,1.0,0.0,13.0,0.0,0,855.0,855.0,893.5982280758576,Y1
0.0,0.0,0.0,0.0,0.0,1.0,0.0,12.0,0.0,0,970.0,970.0,960.9635313075233,Y1
1.0,1.0,0.0,1.0,2.0,0.0,2.0,1.0,0.0,1,869.0,894.1373576686849,869.0,Y0
1.0,1.0,0.0,0.0,0.0,1.0,0.0,8.0,0.0,1,896.0,898.5947937647061,896.0,Y0
1.0,1.0,0.0,1.0,2.0,0.0,0.0,14.0,0.0,1,831.0,882.2030247143201,831.0,Y0
0.0,1.0,0.0,1.0,2.0,1.0,0.0,17.0,0.0,0,927.0,927.0,895.012018649734,Y1
0.0,1.0,3.0,1.0,2.0,0.0,0.0,11.0,0.0,1,893.0,875.6248556162543,893.0,Y0
0.0,0.0,2.0,0.0,1.0,0.0,0.0,8.0,0.0,0,866.0,866.0,942.54799583327,Y1
1.0,1.0,1.0,1.0,2.0,0.0,-1.0,3.0,1.0,0,742.0,742.0,940.2001919761286,Y1
0.0,0.0,3.0,0.0,0.0,1.0,0.0,20.0,0.0,0,952.0,952.0,895.8350044365415,Y1
0.0,0.0,2.0,0.0,0.0,1.0,0.0,7.0,0.0,0,1136.0,1136.0,948.2736188366164,Y1
0.0,1.0,2.0,1.0,0.0,0.0,0.0,3.0,0.0,0,826.0,826.0,951.7774754957868,Y1
1.0,0.0,1.0,0.0,0.0,1.0,0.0,5.0,0.0,0,931.0,931.0,969.0365958171512,Y1
0.0,0.0,3.0,0.0,0.0,1.0,0.0,13.0,0.0,0,877.0,877.0,928.7525796402895,Y1
1.0,0.0,1.0,0.0,0.0,0.0,0.0,4.0,0.0,1,1206.0,932.9258735645744,1206.0,Y0
0.0,0.0,3.0,0.0,1.0,0.0,0.0,3.0,0.0,0,851.0,851.0,962.6164880260364,Y1
0.0,0.0,1.0,0.0,0.0,1.0,0.0,13.0,0.0,0,953.0,953.0,969.5102652511639,Y1
0.0,0.0,2.0,1.0,0.0,0.0,0.0,4.0,0.0,1,937.0,903.0702747591491,937.0,Y0
1.0,0.0,2.0,1.0,3.0,0.0,0.0,14.0,0.0,1,933.0,905.2476984249629,933.0,Y0
1.0,1.0,3.0,1.0,3.0,0.0,1.0,1.0,0.0,1,832.0,875.6940709206407,832.0,Y0
0.0,0.0,1.0,0.0,0.0,0.0,0.0,6.0,0.0,1,859.0,963.5471310885831,859.0,Y0
0.0,0.0,3.0,1.0,0.0,0.0,-1.0,1.0,0.0,1,861.0,876.9541180583154,861.0,Y0
0.0,0.0,1.0,1.0,0.0,0.0,0.0,4.0,0.0,0,807.0,807.0,983.7223553429421,Y1
0.0,1.0,0.0,1.0,2.0,0.0,0.0,21.0,1.0,1,857.0,915.6695318038743,857.0,Y0
0.0,1.0,2.0,1.0,2.0,0.0,0.0,3.0,1.0,1,1073.0,887.1811894889664,1073.0,Y0
0.0,1.0,1.0,1.0,2.0,0.0,0.0,3.0,1.0,1,1079.0,901.0317279623455,1079.0,Y0
0.0,0.0,0.0,0.0,0.0,0.0,0.0,6.0,0.0,0,934.0,934.0,976.5966180669684,Y1
0.0,1.0,2.0,0.0,2.0,1.0,0.0,15.0,1.0,0,882.0,882.0,943.1265602520925,Y1
0.0,0.0,1.0,0.0,0.0,0.0,0.0,2.0,0.0,0,1043.0,1043.0,963.8346206497118,Y1
1.0,0.0,3.0,0.0,0.0,0.0,0.0,22.0,0.0,1,957.0,902.3043703343884,957.0,Y0
0.0,0.0,2.0,0.0,1.0,1.0,0.0,15.0,0.0,1,992.0,961.5104221221831,992.0,Y0
0.0,0.0,1.0,0.0,0.0,0.0,0.0,8.0,0.0,1,1094.0,951.3902259902218,1094.0,Y0
0.0,0.0,3.0,0.0,0.0,1.0,0.0,8.0,0.0,0,900.0,900.0,930.3220823664599,Y1
1.0,0.0,0.0,0.0,0.0,1.0,0.0,12.0,0.0,0,1024.0,1024.0,948.9144542640787,Y1
1.0,0.0,4.0,0.0,0.0,1.0,0.0,8.0,0.0,0,1007.0,1007.0,935.2294069417683,Y1
1.0,1.0,0.0,1.0,2.0,1.0,0.0,15.0,1.0,0,946.0,946.0,892.061484328016,Y1
1.0,1.0,0.0,1.0,0.0,1.0,0.0,13.0,0.0,0,770.0,770.0,887.5179054759335,Y1
0.0,0.0,3.0,1.0,0.0,0.0,0.0,6.0,0.0,0,816.0,816.0,921.2422370120323,Y1
1.0,0.0,1.0,0.0,2.0,1.0,1.0,3.0,1.0,0,859.0,859.0,1000.2043337885985,Y1
1.0,0.0,3.0,0.0,1.0,0.0,2.0,1.0,1.0,0,948.0,948.0,905.6352996969997,Y1
0.0,0.0,4.0,0.0,1.0,0.0,0.0,7.0,0.0,0,924.0,924.0,967.5343795025202,Y1
1.0,1.0,3.0,1.0,2.0,1.0,1.0,6.0,0.0,0,727.0,727.0,884.8161293548452,Y1
0.0,0.0,2.0,0.0,3.0,2.0,0.0,12.0,0.0,1,1015.0,944.8989685212587,1015.0,Y0
1.0,1.0,8.0,1.0,2.0,0.0,0.0,6.0,0.0,1,925.0,842.8147687131027,925.0,Y0
0.0,0.0,3.0,0.0,3.0,0.0,1.0,0.0,0.0,0,900.0,900.0,903.4920907603852,Y1
0.0,0.0,2.0,0.0,0.0,0.0,0.0,11.0,0.0,0,1073.0,1073.0,948.436380072838,Y1
1.0,1.0,0.0,1.0,2.0,2.0,0.0,8.0,0.0,0,862.0,862.0,853.5179800862708,Y1
0.0,1.0,3.0,1.0,2.0,0.0,0.0,5.0,0.0,0,859.0,859.0,926.4222772877296,Y1
1.0,0.0,1.0,1.0,0.0,0.0,0.0,16.0,0.0,0,834.0,834.0,930.4107355956446,Y1
1.0,0.0,0.0,0.0,1.0,1.0,0.0,14.0,1.0,1,928.0,961.4003852788509,928.0,Y0
0.0,0.0,0.0,0.0,1.0,0.0,1.0,14.0,0.0,0,1066.0,1066.0,1011.6320321896088,Y1
0.0,0.0,0.0,0.0,3.0,1.0,0.0,13.0,0.0,1,987.0,956.7918280818479,987.0,Y0
1.0,0.0,2.0,0.0,0.0,1.0,3.0,11.0,0.0,0,956.0,956.0,913.432651339013,Y1
1.0,0.0,1.0,0.0,0.0,0.0,-1.0,9.0,0.0,0,933.0,933.0,918.2748625680438,Y1
1.0,1.0,2.0,1.0,2.0,0.0,-1.0,2.0,0.0,0,952.0,952.0,838.5513317926664,Y1
1.0,1.0,3.0,1.0,2.0,0.0,1.0,0.0,1.0,0,870.0,870.0,1014.6204192597415,Y1
1.0,0.0,2.0,0.0,0.0,0.0,0.0,13.0,0.0,0,931.0,931.0,934.8529717193067,Y1
0.0,0.0,3.0,0.0,3.0,1.0,0.0,8.0,0.0,0,878.0,878.0,920.0656909534966,Y1
0.0,1.0,2.0,1.0,1.0,1.0,0.0,15.0,1.0,0,957.0,957.0,906.7824225091996,Y1
0.0,0.0,2.0,1.0,0.0,0.0,0.0,8.0,0.0,0,870.0,870.0,916.455793080512,Y1
1.0,0.0,1.0,0.0,0.0,0.0,0.0,9.0,0.0,1,874.0,949.1647694697085,874.0,Y0
1.0,0.0,2.0,0.0,0.0,0.0,0.0,16.0,0.0,0,979.0,979.0,975.9328260781865,Y1
1.0,0.0,3.0,0.0,0.0,0.0,2.0,1.0,0.0,0,873.0,873.0,885.0195861302191,Y1
1.0,0.0,0.0,1.0,0.0,0.0,0.0,6.0,0.0,1,884.0,902.6265676912748,884.0,Y0
1.0,0.0,3.0,0.0,1.0,0.0,0.0,7.0,0.0,0,877.0,877.0,956.2350836780081,Y1
1.0,0.0,2.0,0.0,1.0,0.0,2.0,3.0,0.0,0,939.0,939.0,924.7170918602003,Y1
1.0,0.0,1.0,0.0,0.0,0.0,0.0,19.0,0.0,1,961.0,1005.2615419049878,961.0,Y0
1.0,1.0,1.0,1.0,2.0,1.0,0.0,5.0,0.0,0,931.0,931.0,897.5196212600187,Y1
0.0,0.0,1.0,0.0,1.0,0.0,0.0,5.0,1.0,0,1108.0,1108.0,985.644710747695,Y1
1.0,0.0,1.0,0.0,0.0,0.0,0.0,8.0,0.0,0,841.0,841.0,962.2783426999353,Y1
1.0,0.0,0.0,1.0,3.0,0.0,0.0,13.0,0.0,1,989.0,911.5888433049299,989.0,Y0
0.0,1.0,2.0,1.0,2.0,0.0,0.0,7.0,0.0,0,971.0,971.0,939.9684120500143,Y1
1.0,0.0,0.0,1.0,0.0,0.0,0.0,19.0,0.0,0,1053.0,1053.0,908.8638987889016,Y1
0.0,0.0,0.0,0.0,0.0,0.0,0.0,21.0,0.0,1,1253.0,943.9719700077635,1253.0,Y0
1.0,1.0,3.0,1.0,2.0,0.0,-1.0,14.0,1.0,1,854.0,864.7322964822592,854.0,Y0
1.0,1.0,2.0,1.0,0.0,0.0,0.0,13.0,0.0,0,854.0,854.0,893.7260591827833,Y1
0.0,0.0,3.0,0.0,0.0,0.0,0.0,3.0,0.0,0,954.0,954.0,945.225788441602,Y1
0.0,0.0,1.0,1.0,0.0,0.0,0.0,10.0,0.0,0,881.0,881.0,925.991304553877,Y1
1.0,0.0,0.0,0.0,0.0,0.0,0.0,12.0,0.0,0,876.0,876.0,959.442313176916,Y1
0.0,0.0,3.0,1.0,0.0,0.0,0.0,8.0,0.0,0,877.0,877.0,895.8226508756717,Y1
0.0,1.0,3.0,1.0,3.0,1.0,0.0,12.0,0.0,1,809.0,876.7968499115551,809.0,Y0
1.0,1.0,1.0,1.0,1.0,0.0,0.0,21.0,0.0,1,989.0,904.1579006594629,989.0,Y0
1.0,0.0,3.0,0.0,0.0,0.0,0.0,13.0,0.0,0,1042.0,1042.0,924.6563126207432,Y1
1.0,0.0,3.0,0.0,3.0,0.0,0.0,14.0,0.0,0,909.0,909.0,974.6384446957578,Y1
0.0,0.0,2.0,0.0,0.0,0.0,0.0,12.0,0.0,1,1086.0,951.5542716409792,1086.0,Y0
0.0,0.0,2.0,0.0,1.0,0.0,0.0,3.0,0.0,0,934.0,934.0,970.1835854107544,Y1
0.0,0.0,1.0,0.0,1.0,0.0,5.0,3.0,0.0,0,950.0,950.0,937.3084359940488,Y1
0.0,1.0,0.0,1.0,2.0,0.0,0.0,21.0,1.0,1,934.0,915.6695318038743,934.0,Y0
0.0,1.0,0.0,1.0,2.0,0.0,2.0,1.0,1.0,0,900.0,900.0,913.0633246758126,Y1
1.0,0.0,3.0,0.0,0.0,1.0,3.0,11.0,0.0,0,921.0,921.0,901.8678296442364,Y1
1.0,0.0,0.0,1.0,2.0,1.0,0.0,10.0,1.0,1,785.0,913.402276175656,785.0,Y0
0.0,0.0,0.0,0.0,1.0,1.0,0.0,18.0,0.0,1,962.0,954.420865426392,962.0,Y0
0.0,0.0,2.0,0.0,0.0,1.0,0.0,7.0,0.0,0,938.0,938.0,948.2736188366164,Y1
0.0,0.0,2.0,0.0,1.0,0.0,0.0,3.0,0.0,0,1007.0,1007.0,970.1835854107544,Y1
0.0,0.0,3.0,0.0,0.0,1.0,0.0,8.0,0.0,0,896.0,896.0,930.3220823664599,Y1
0.0,0.0,0.0,1.0,0.0,0.0,0.0,20.0,0.0,0,799.0,799.0,916.0144171662595,Y1
0.0,0.0,0.0,0.0,3.0,0.0,1.0,0.0,0.0,0,954.0,954.0,927.1614617757248,Y1
1.0,0.0,1.0,1.0,1.0,0.0,2.0,1.0,1.0,0,989.0,989.0,914.0150687599559,Y1
0.0,0.0,2.0,0.0,3.0,0.0,2.0,1.0,0.0,1,1105.0,956.9260896541264,1105.0,Y0
1.0,1.0,3.0,1.0,2.0,0.0,2.0,1.0,1.0,0,870.0,870.0,860.939917954288,Y1
1.0,0.0,8.0,1.0,0.0,0.0,-1.0,12.0,0.0,1,881.0,864.1578368837263,881.0,Y0
0.0,1.0,1.0,0.0,2.0,0.0,0.0,10.0,1.0,0,921.0,921.0,949.4759970701821,Y1
1.0,1.0,0.0,1.0,2.0,0.0,0.0,6.0,1.0,0,866.0,866.0,931.4472831595679,Y1
1.0,1.0,3.0,0.0,1.0,0.0,0.0,21.0,1.0,0,1073.0,1073.0,884.6042125603387,Y1
0.0,0.0,2.0,1.0,0.0,0.0,0.0,8.0,0.0,0,881.0,881.0,916.455793080512,Y1
1.0,1.0,2.0,1.0,2.0,0.0,0.0,20.0,1.0,0,924.0,924.0,874.7446748283177,Y1
1.0,0.0,1.0,0.0,1.0,0.0,0.0,11.0,0.0,0,912.0,912.0,968.4201820811504,Y1
0.0,0.0,0.0,1.0,0.0,0.0,0.0,6.0,0.0,1,981.0,910.8960091999535,981.0,Y0
0.0,0.0,0.0,1.0,0.0,0.0,0.0,21.0,0.0,1,1033.0,896.8449789686122,1033.0,Y0
1.0,1.0,1.0,1.0,1.0,0.0,0.0,5.0,1.0,0,991.0,991.0,938.6720365288965,Y1
1.0,0.0,2.0,0.0,1.0,0.0,-1.0,18.0,1.0,0,866.0,866.0,951.5496979160841,Y1
1.0,1.0,3.0,1.0,2.0,1.0,0.0,10.0,1.0,0,849.0,849.0,861.314868745727,Y1
1.0,1.0,0.0,1.0,2.0,0.0,0.0,6.0,1.0,0,852.0,852.0,931.4472831595679,Y1
0.0,1.0,3.0,1.0,0.0,0.0,0.0,7.0,0.0,0,781.0,781.0,918.7065300966038,Y1
1.0,1.0,0.0,1.0,2.0,0.0,-1.0,6.0,1.0,0,1031.0,1031.0,884.4054545477986,Y1
1.0,0.0,0.0,1.0,0.0,0.0,2.0,2.0,0.0,1,914.0,903.3904081641016,914.0,Y0
1.0,1.0,2.0,1.0,2.0,0.0,0.0,6.0,1.0,0,798.0,798.0,929.9273768540913,Y1
0.0,0.0,3.0,1.0,1.0,1.0,0.0,13.0,0.0,0,934.0,934.0,897.2478010661338,Y1
1.0,1.0,-1.0,1.0,2.0,0.0,0.0,5.0,0.0,1,943.0,843.0421668702907,943.0,Y0
0.0,0.0,0.0,0.0,0.0,0.0,0.0,12.0,0.0,0,928.0,928.0,969.5052491505977,Y1
1.0,0.0,2.0,0.0,0.0,0.0,0.0,6.0,0.0,1,862.0,909.4000189406892,862.0,Y0
1.0,1.0,3.0,0.0,1.0,0.0,0.0,16.0,0.0,0,907.0,907.0,953.519974838635,Y1
0.0,0.0,0.0,0.0,3.0,0.0,-1.0,11.0,0.0,0,908.0,908.0,870.6027799906369,Y1
0.0,1.0,2.0,1.0,2.0,1.0,0.0,17.0,0.0,0,920.0,920.0,886.5475850134466,Y1
0.0,1.0,1.0,1.0,2.0,1.0,2.0,24.0,0.0,0,1140.0,1140.0,879.350764576603,Y1
1.0,0.0,2.0,0.0,3.0,0.0,0.0,8.0,0.0,0,874.0,874.0,924.569183063241,Y1
0.0,0.0,3.0,0.0,0.0,1.0,0.0,8.0,0.0,0,943.0,943.0,930.3220823664599,Y1
1.0,0.0,0.0,0.0,1.0,0.0,-1.0,5.0,0.0,1,1017.0,947.2023787575415,1017.0,Y0
0.0,0.0,2.0,0.0,0.0,0.0,0.0,19.0,0.0,1,1139.0,1000.2534899737715,1139.0,Y0
0.0,0.0,1.0,0.0,0.0,0.0,0.0,13.0,0.0,0,902.0,902.0,974.4587118695408,Y1
1.0,0.0,2.0,1.0,0.0,1.0,0.0,12.0,0.0,0,975.0,975.0,909.1282413529565,Y1
0.0,0.0,7.0,1.0,0.0,0.0,0.0,13.0,0.0,0,884.0,884.0,898.7854806966549,Y1
0.0,0.0,1.0,0.0,1.0,1.0,0.0,8.0,0.0,0,861.0,861.0,969.0764337549779,Y1
1.0,0.0,0.0,1.0,0.0,0.0,0.0,2.0,0.0,1,927.0,890.6452297371688,927.0,Y0
1.0,0.0,0.0,1.0,2.0,0.0,0.0,9.0,0.0,1,908.0,898.4376277874142,908.0,Y0
0.0,0.0,1.0,1.0,0.0,0.0,0.0,12.0,0.0,1,899.0,920.4960708285391,899.0,Y0
0.0,1.0,1.0,1.0,2.0,0.0,0.0,12.0,1.0,0,1024.0,1024.0,929.8324459388148,Y1
0.0,0.0,3.0,1.0,0.0,1.0,0.0,12.0,0.0,0,842.0,842.0,895.9345046218125,Y1
1.0,0.0,7.0,1.0,0.0,1.0,0.0,9.0,0.0,0,847.0,847.0,865.4166994035337,Y1
1.0,1.0,4.0,1.0,0.0,1.0,0.0,15.0,0.0,0,925.0,925.0,880.629551210109,Y1
1.0,0.0,5.0,1.0,0.0,1.0,0.0,8.0,0.0,0,973.0,973.0,894.6485686295568,Y1
1.0,0.0,3.0,0.0,0.0,1.0,0.0,8.0,1.0,0,858.0,858.0,930.5624146480394,Y1
0.0,0.0,1.0,0.0,3.0,1.0,0.0,14.0,0.0,1,1028.0,972.9222757261504,1028.0,Y0
1.0,0.0,0.0,0.0,0.0,0.0,0.0,8.0,0.0,0,925.0,925.0,953.8299108700371,Y1
0.0,1.0,5.0,0.0,2.0,0.0,0.0,21.0,1.0,1,911.0,950.2443029126327,911.0,Y0
1.0,1.0,3.0,0.0,2.0,0.0,2.0,1.0,1.0,0,939.0,939.0,890.3036808490374,Y1
0.0,1.0,0.0,1.0,1.0,0.0,0.0,6.0,0.0,0,809.0,809.0,947.8037596201659,Y1
0.0,0.0,2.0,0.0,0.0,0.0,0.0,5.0,0.0,1,918.0,936.2633222257382,918.0,Y0
0.0,1.0,3.0,1.0,2.0,0.0,2.0,2.0,1.0,1,870.0,893.7009454677302,870.0,Y0
1.0,0.0,3.0,1.0,0.0,0.0,0.0,11.0,0.0,0,883.0,883.0,894.6378637370847,Y1
1.0,2.0,0.0,0.0,0.0,0.0,0.0,7.0,0.0,0,823.0,823.0,966.9560977287072,Y1
0.0,0.0,1.0,1.0,0.0,0.0,-1.0,12.0,0.0,1,930.0,899.8634443931242,930.0,Y0
0.0,1.0,1.0,1.0,2.0,0.0,-1.0,10.0,1.0,0,862.0,862.0,889.233116186595,Y1
1.0,0.0,1.0,0.0,1.0,1.0,0.0,8.0,0.0,1,976.0,938.3322787751135,976.0,Y0
0.0,1.0,2.0,1.0,2.0,0.0,2.0,2.0,0.0,1,825.0,903.234459824598,825.0,Y0
1.0,1.0,2.0,1.0,2.0,2.0,0.0,8.0,0.0,0,821.0,821.0,851.494751661937,Y1
0.0,0.0,3.0,0.0,1.0,0.0,-1.0,3.0,0.0,0,906.0,906.0,961.0089340736024,Y1
0.0,0.0,3.0,0.0,3.0,0.0,0.0,13.0,0.0,0,1043.0,1043.0,933.6315396646578,Y1
1.0,0.0,2.0,1.0,0.0,0.0,0.0,13.0,-1.0,0,794.0,794.0,897.2624968618519,Y1
0.0,0.0,0.0,0.0,0.0,1.0,0.0,13.0,0.0,0,796.0,796.0,960.8332380289927,Y1
1.0,0.0,3.0,0.0,0.0,0.0,0.0,14.0,0.0,0,972.0,972.0,980.3543168554963,Y1
1.0,0.0,3.0,1.0,0.0,0.0,2.0,2.0,0.0,0,862.0,862.0,860.3269668636565,Y1
0.0,0.0,3.0,0.0,3.0,0.0,0.0,3.0,0.0,0,1048.0,1048.0,951.09732180107,Y1
1.0,1.0,0.0,1.0,2.0,0.0,0.0,7.0,0.0,0,870.0,870.0,926.7283720660419,Y1
0.0,1.0,2.0,1.0,2.0,0.0,0.0,3.0,1.0,1,897.0,887.1811894889664,897.0,Y0
1.0,0.0,0.0,0.0,0.0,0.0,0.0,16.0,0.0,0,978.0,978.0,975.2501364565761,Y1
0.0,0.0,0.0,0.0,0.0,1.0,0.0,13.0,0.0,1,908.0,949.735874832027,908.0,Y0
0.0,0.0,3.0,0.0,0.0,0.0,0.0,13.0,0.0,0,952.0,952.0,935.8181288993937,Y1
0.0,0.0,2.0,0.0,0.0,1.0,0.0,13.0,0.0,0,1018.0,1018.0,943.5605231662839,Y1
1.0,1.0,0.0,1.0,2.0,0.0,0.0,21.0,1.0,1,873.0,920.3665579513607,873.0,Y0
1.0,0.0,8.0,1.0,0.0,1.0,0.0,12.0,0.0,0,898.0,898.0,882.0118149645513,Y1
0.0,0.0,3.0,0.0,3.0,0.0,0.0,8.0,0.0,0,933.0,933.0,915.584252201288,Y1
0.0,1.0,0.0,1.0,2.0,0.0,0.0,5.0,0.0,1,880.0,894.3612573142425,880.0,Y0
0.0,1.0,5.0,0.0,2.0,0.0,0.0,5.0,0.0,1,993.0,888.2953093544513,993.0,Y0
1.0,0.0,2.0,1.0,0.0,0.0,0.0,19.0,0.0,0,1022.0,1022.0,909.6093263917315,Y1
0.0,1.0,3.0,1.0,2.0,0.0,-1.0,2.0,0.0,1,812.0,865.2348740505216,812.0,Y0
0.0,1.0,3.0,1.0,1.0,0.0,1.0,0.0,0.0,1,978.0,884.8941853981311,978.0,Y0
0.0,0.0,2.0,0.0,0.0,1.0,0.0,13.0,0.0,0,1052.0,1052.0,943.5605231662839,Y1
1.0,0.0,0.0,0.0,3.0,0.0,1.0,0.0,0.0,0,949.0,949.0,978.660044591809,Y1
0.0,0.0,4.0,0.0,0.0,1.0,0.0,8.0,0.0,0,945.0,945.0,939.9301048411534,Y1
1.0,0.0,3.0,0.0,1.0,1.0,0.0,7.0,0.0,1,908.0,904.8107645096202,908.0,Y0
0.0,0.0,9.0,1.0,0.0,0.0,0.0,8.0,0.0,0,840.0,840.0,870.7364048977009,Y1
0.0,1.0,1.0,1.0,1.0,0.0,-1.0,4.0,0.0,0,878.0,878.0,983.0018005050487,Y1
1.0,1.0,3.0,1.0,0.0,1.0,0.0,10.0,0.0,0,873.0,873.0,854.5935061249363,Y1
0.0,1.0,2.0,1.0,2.0,0.0,0.0,10.0,1.0,0,934.0,934.0,896.7310877916622,Y1
0.0,1.0,3.0,1.0,1.0,0.0,-1.0,2.0,0.0,0,921.0,921.0,913.2835726907233,Y1
0.0,0.0,3.0,1.0,1.0,0.0,0.0,12.0,1.0,1,872.0,925.928195946786,872.0,Y0
1.0,0.0,2.0,1.0,0.0,0.0,0.0,7.0,0.0,1,981.0,886.0098569161403,981.0,Y0
1.0,1.0,2.0,1.0,2.0,1.0,4.0,12.0,0.0,1,926.0,912.1056925738054,926.0,Y0
1.0,0.0,2.0,1.0,0.0,1.0,0.0,12.0,0.0,0,915.0,915.0,909.1282413529565,Y1
0.0,0.0,3.0,0.0,0.0,1.0,4.0,16.0,0.0,0,1069.0,1069.0,950.1544515050994,Y1
0.0,1.0,2.0,0.0,1.0,0.0,0.0,20.0,1.0,0,1164.0,1164.0,902.0804083037913,Y1
1.0,1.0,2.0,1.0,2.0,1.0,2.0,24.0,0.0,0,1066.0,1066.0,876.5611876448868,Y1
0.0,0.0,7.0,1.0,1.0,0.0,0.0,14.0,0.0,1,891.0,898.9341832052863,891.0,Y0
0.0,1.0,1.0,0.0,2.0,1.0,0.0,8.0,0.0,1,912.0,930.6347076304033,912.0,Y0
0.0,0.0,0.0,0.0,1.0,1.0,4.0,15.0,0.0,0,1056.0,1056.0,971.28276493964,Y1
0.0,1.0,3.0,1.0,2.0,0.0,-1.0,6.0,1.0,0,1063.0,1063.0,884.6153600968203,Y1
1.0,0.0,2.0,0.0,1.0,0.0,0.0,3.0,0.0,0,889.0,889.0,970.5678845059668,Y1
1.0,1.0,3.0,1.0,2.0,0.0,2.0,1.0,1.0,1,851.0,881.4264844057611,851.0,Y0
0.0,1.0,0.0,1.0,2.0,0.0,2.0,1.0,1.0,0,858.0,858.0,913.0633246758126,Y1
0.0,0.0,0.0,0.0,0.0,0.0,0.0,22.0,0.0,1,829.0,921.9156492483257,829.0,Y0
1.0,0.0,7.0,0.0,0.0,1.0,0.0,13.0,0.0,1,834.0,930.4290697854958,834.0,Y0
0.0,0.0,1.0,0.0,1.0,2.0,0.0,13.0,0.0,0,980.0,980.0,989.9688885283688,Y1
1.0,1.0,3.0,1.0,2.0,0.0,2.0,2.0,0.0,1,939.0,875.6970505872132,939.0,Y0
0.0,0.0,3.0,1.0,0.0,0.0,0.0,20.0,0.0,0,896.0,896.0,867.1720279885042,Y1
1.0,0.0,1.0,0.0,0.0,0.0,0.0,10.0,0.0,1,900.0,960.0379155424549,900.0,Y0
0.0,0.0,7.0,1.0,1.0,0.0,-1.0,15.0,0.0,1,888.0,904.7333961511321,888.0,Y0
1.0,0.0,2.0,0.0,1.0,1.0,0.0,14.0,0.0,0,947.0,947.0,979.9735551019284,Y1
0.0,1.0,0.0,0.0,0.0,0.0,0.0,7.0,0.0,1,984.0,931.4468651851524,984.0,Y0
0.0,0.0,1.0,0.0,1.0,0.0,1.0,0.0,0.0,0,848.0,848.0,964.3631187974614,Y1
0.0,1.0,1.0,1.0,2.0,1.0,0.0,7.0,0.0,0,1148.0,1148.0,908.5948581115246,Y1
0.0,1.0,0.0,1.0,2.0,1.0,4.0,12.0,0.0,1,899.0,963.9431865998165,899.0,Y0
0.0,1.0,3.0,1.0,2.0,0.0,-1.0,2.0,0.0,0,826.0,826.0,850.0111380029064,Y1
0.0,0.0,2.0,0.0,1.0,0.0,0.0,15.0,0.0,0,983.0,983.0,971.3916434607968,Y1
0.0,0.0,3.0,0.0,1.0,0.0,0.0,16.0,1.0,1,960.0,963.1857606784766,960.0,Y0
1.0,1.0,2.0,1.0,2.0,0.0,2.0,1.0,0.0,1,901.0,887.3650295517834,901.0,Y0
1.0,1.0,0.0,1.0,2.0,0.0,0.0,11.0,0.0,1,896.0,877.9703257602355,896.0,Y0
1.0,0.0,3.0,1.0,3.0,0.0,0.0,17.0,0.0,0,863.0,863.0,908.4414263427395,Y1
0.0,1.0,2.0,1.0,2.0,1.0,2.0,24.0,0.0,0,1069.0,1069.0,872.5380163283586,Y1
1.0,0.0,3.0,0.0,0.0,0.0,0.0,12.0,0.0,0,883.0,883.0,930.8366985333331,Y1
0.0,0.0,9.0,1.0,0.0,1.0,0.0,10.0,0.0,0,899.0,899.0,858.0493967508241,Y1
0.0,0.0,3.0,1.0,0.0,0.0,0.0,12.0,0.0,1,941.0,895.3386489892314,941.0,Y0
1.0,1.0,2.0,1.0,2.0,1.0,0.0,13.0,1.0,1,861.0,875.801155841473,861.0,Y0
0.0,0.0,1.0,0.0,0.0,1.0,0.0,6.0,0.0,0,950.0,950.0,971.7893100885087,Y1
1.0,1.0,3.0,0.0,1.0,1.0,0.0,24.0,0.0,0,973.0,973.0,885.7512348253623,Y1
0.0,1.0,1.0,1.0,2.0,0.0,2.0,1.0,1.0,0,928.0,928.0,922.885478726402,Y1
1.0,0.0,2.0,1.0,0.0,1.0,0.0,21.0,0.0,0,963.0,963.0,898.7094524429689,Y1
1.0,1.0,3.0,1.0,0.0,0.0,0.0,13.0,0.0,0,851.0,851.0,878.0806818606992,Y1
1.0,1.0,2.0,0.0,1.0,0.0,-1.0,0.0,0.0,0,888.0,888.0,944.2616004171208,Y1
0.0,1.0,3.0,1.0,2.0,0.0,2.0,1.0,0.0,1,901.0,895.4883678125527,901.0,Y0
0.0,0.0,3.0,0.0,0.0,1.0,0.0,8.0,0.0,1,878.0,909.1516124531266,878.0,Y0
0.0,1.0,1.0,1.0,2.0,0.0,2.0,1.0,1.0,0,949.0,949.0,922.885478726402,Y1
0.0,0.0,0.0,0.0,3.0,1.0,0.0,4.0,0.0,0,942.0,942.0,957.9073996576053,Y1
1.0,0.0,2.0,0.0,1.0,1.0,0.0,7.0,0.0,1,1043.0,910.8638696267583,1043.0,Y0
0.0,0.0,2.0,0.0,0.0,0.0,0.0,6.0,0.0,0,980.0,980.0,960.5110632372445,Y1
1.0,0.0,0.0,0.0,0.0,0.0,0.0,8.0,0.0,0,866.0,866.0,953.8299108700371,Y1
0.0,1.0,3.0,0.0,0.0,1.0,0.0,10.0,0.0,0,881.0,881.0,890.6219536032874,Y1
1.0,0.0,4.0,1.0,0.0,0.0,2.0,2.0,0.0,0,986.0,986.0,864.7054366810539,Y1
1.0,0.0,2.0,1.0,0.0,1.0,0.0,12.0,0.0,0,886.0,886.0,909.1282413529565,Y1
1.0,1.0,4.0,1.0,2.0,0.0,0.0,5.0,1.0,0,905.0,905.0,923.2463003706404,Y1
0.0,0.0,9.0,1.0,0.0,0.0,2.0,1.0,0.0,0,861.0,861.0,839.3956464231698,Y1
0.0,1.0,0.0,1.0,2.0,0.0,0.0,11.0,0.0,0,795.0,795.0,924.460878006417,Y1
0.0,0.0,5.0,-1.0,3.0,0.0,0.0,5.0,-1.0,0,899.0,899.0,926.454101219565,Y1
0.0,0.0,1.0,0.0,0.0,1.0,0.0,13.0,0.0,0,1065.0,1065.0,969.5102652511639,Y1
0.0,0.0,0.0,0.0,0.0,1.0,0.0,6.0,0.0,0,975.0,975.0,961.3903569943986,Y1
0.0,0.0,0.0,0.0,3.0,0.0,0.0,5.0,0.0,0,944.0,944.0,966.5420734076641,Y1
1.0,1.0,1.0,1.0,2.0,0.0,2.0,1.0,0.0,0,976.0,976.0,889.7264614940264,Y1
0.0,0.0,0.0,0.0,1.0,0.0,0.0,12.0,0.0,0,1004.0,1004.0,967.1544630685527,Y1
0.0,1.0,2.0,1.0,1.0,0.0,-1.0,4.0,0.0,0,876.0,876.0,965.3425382581847,Y1
1.0,0.0,0.0,1.0,0.0,1.0,0.0,5.0,0.0,0,959.0,959.0,915.1351809959449,Y1
1.0,0.0,3.0,0.0,0.0,1.0,0.0,11.0,0.0,0,927.0,927.0,924.7883128464837,Y1
0.0,0.0,1.0,0.0,0.0,0.0,0.0,7.0,0.0,0,857.0,857.0,987.177265948531,Y1
0.0,0.0,1.0,0.0,3.0,0.0,1.0,0.0,0.0,0,1010.0,1010.0,947.3399401314186,Y1
0.0,1.0,0.0,1.0,1.0,0.0,0.0,11.0,1.0,1,900.0,935.722850866164,900.0,Y0
1.0,0.0,0.0,1.0,0.0,0.0,0.0,15.0,0.0,1,949.0,912.8802645153761,949.0,Y0
1.0,1.0,0.0,0.0,2.0,0.0,0.0,9.0,1.0,0,846.0,846.0,940.9219495823859,Y1
0.0,0.0,1.0,0.0,0.0,0.0,0.0,2.0,0.0,1,973.0,967.7722815450802,973.0,Y0
0.0,1.0,3.0,0.0,1.0,0.0,3.0,13.0,0.0,1,889.0,949.5074854867364,889.0,Y0
0.0,0.0,2.0,1.0,1.0,2.0,0.0,12.0,0.0,0,960.0,960.0,909.753713031429,Y1
0.0,1.0,3.0,1.0,2.0,1.0,0.0,15.0,1.0,0,856.0,856.0,896.9792207759748,Y1
0.0,0.0,1.0,0.0,0.0,0.0,0.0,15.0,0.0,0,1139.0,1139.0,984.9124618384556,Y1
1.0,0.0,7.0,1.0,0.0,0.0,0.0,4.0,0.0,0,939.0,939.0,911.3800317698326,Y1
0.0,0.0,1.0,0.0,1.0,0.0,0.0,15.0,0.0,0,932.0,932.0,992.1173340545016,Y1
0.0,0.0,1.0,1.0,0.0,1.0,3.0,11.0,0.0,0,1005.0,1005.0,918.8221568871179,Y1
0.0,1.0,3.0,-1.0,1.0,0.0,0.0,5.0,-1.0,0,908.0,908.0,929.2365341350113,Y1
0.0,1.0,2.0,1.0,2.0,1.0,0.0,22.0,0.0,0,884.0,884.0,880.1372660948169,Y1
1.0,0.0,3.0,0.0,0.0,1.0,0.0,5.0,0.0,0,912.0,912.0,935.8128958268499,Y1
1.0,0.0,0.0,0.0,3.0,2.0,0.0,12.0,0.0,1,1082.0,928.1705773053388,1082.0,Y0
1.0,0.0,0.0,0.0,0.0,0.0,0.0,11.0,0.0,1,1012.0,936.5241601881157,1012.0,Y0
1.0,0.0,2.0,1.0,0.0,1.0,0.0,13.0,0.0,0,832.0,832.0,901.9306918681117,Y1
0.0,0.0,3.0,0.0,0.0,0.0,0.0,8.0,0.0,1,921.0,906.029272239426,921.0,Y0
1.0,1.0,-1.0,1.0,2.0,1.0,0.0,6.0,0.0,1,943.0,831.105632140537,943.0,Y0
0.0,0.0,0.0,0.0,0.0,0.0,0.0,10.0,0.0,0,937.0,937.0,954.8952019781619,Y1
1.0,0.0,3.0,0.0,1.0,0.0,0.0,7.0,0.0,0,848.0,848.0,956.2350836780081,Y1
1.0,0.0,0.0,0.0,0.0,1.0,0.0,4.0,0.0,1,1072.0,928.3843570314014,1072.0,Y0
1.0,0.0,1.0,0.0,0.0,0.0,0.0,13.0,0.0,0,895.0,895.0,960.8027138041866,Y1
0.0,0.0,2.0,1.0,0.0,1.0,0.0,9.0,0.0,0,945.0,945.0,918.4168744283512,Y1
0.0,1.0,2.0,1.0,2.0,0.0,1.0,0.0,1.0,0,933.0,933.0,974.5769053041843,Y1
1.0,0.0,2.0,0.0,3.0,1.0,0.0,12.0,0.0,0,889.0,889.0,928.28332230705,Y1
1.0,0.0,0.0,0.0,0.0,1.0,3.0,11.0,0.0,0,1043.0,1043.0,917.2468463408131,Y1
0.0,0.0,0.0,0.0,1.0,1.0,0.0,12.0,0.0,1,918.0,962.0322920901781,918.0,Y0
0.0,0.0,3.0,0.0,0.0,0.0,0.0,13.0,-1.0,0,841.0,841.0,926.7675306719882,Y1
0.0,0.0,2.0,0.0,1.0,2.0,0.0,13.0,0.0,0,945.0,945.0,968.1064188866679,Y1
0.0,0.0,3.0,0.0,0.0,1.0,0.0,5.0,0.0,0,916.0,916.0,938.603877780369,Y1
1.0,0.0,3.0,0.0,1.0,1.0,0.0,15.0,0.0,1,1144.0,942.6762442392836,1144.0,Y0
0.0,0.0,0.0,0.0,1.0,1.0,0.0,13.0,0.0,0,998.0,998.0,960.9449656962604,Y1
1.0,0.0,3.0,0.0,3.0,0.0,0.0,3.0,0.0,0,948.0,948.0,947.3189268168915,Y1
1.0,1.0,2.0,1.0,2.0,0.0,0.0,11.0,0.0,0,796.0,796.0,896.5988069166419,Y1
0.0,0.0,2.0,0.0,0.0,0.0,0.0,20.0,0.0,0,980.0,980.0,914.7364459920432,Y1
0.0,1.0,1.0,1.0,2.0,0.0,-1.0,2.0,0.0,0,931.0,931.0,875.1864761829444,Y1
0.0,0.0,0.0,0.0,1.0,0.0,0.0,11.0,0.0,0,939.0,939.0,968.8791976544367,Y1
0.0,0.0,0.0,0.0,1.0,0.0,2.0,1.0,1.0,0,963.0,963.0,935.945738610028,Y1
0.0,1.0,2.0,1.0,2.0,0.0,0.0,12.0,1.0,0,882.0,882.0,910.5352134379286,Y1
1.0,1.0,2.0,0.0,0.0,3.0,0.0,14.0,0.0,1,971.0,901.9799513792889,971.0,Y0
1.0,1.0,0.0,0.0,0.0,1.0,0.0,13.0,0.0,0,849.0,849.0,925.4123999323162,Y1
0.0,0.0,2.0,1.0,1.0,1.0,0.0,17.0,0.0,1,873.0,900.3262975226579,873.0,Y0
1.0,0.0,1.0,1.0,0.0,0.0,-1.0,2.0,0.0,0,871.0,871.0,916.5804470795864,Y1
1.0,0.0,1.0,0.0,3.0,0.0,0.0,3.0,0.0,0,923.0,923.0,993.887512686897,Y1
0.0,0.0,2.0,1.0,0.0,0.0,0.0,4.0,0.0,0,962.0,962.0,964.2506993797745,Y1
0.0,0.0,0.0,0.0,0.0,0.0,0.0,14.0,0.0,1,1043.0,958.9254159394706,1043.0,Y0
0.0,0.0,2.0,0.0,0.0,1.0,0.0,13.0,0.0,0,948.0,948.0,943.5605231662839,Y1
1.0,1.0,1.0,0.0,0.0,0.0,2.0,3.0,1.0,0,814.0,814.0,914.9340163473845,Y1
1.0,1.0,1.0,1.0,2.0,0.0,-1.0,9.0,1.0,0,891.0,891.0,889.5407214589951,Y1
1.0,1.0,2.0,1.0,2.0,1.0,0.0,17.0,0.0,0,868.0,868.0,873.5665514533983,Y1
0.0,0.0,2.0,0.0,0.0,1.0,0.0,20.0,0.0,0,933.0,933.0,919.7641330784851,Y1
1.0,0.0,2.0,0.0,0.0,1.0,0.0,17.0,0.0,0,875.0,875.0,947.2397834357087,Y1
0.0,0.0,0.0,0.0,1.0,0.0,0.0,17.0,0.0,0,964.0,964.0,969.8688134300751,Y1
1.0,0.0,3.0,1.0,1.0,2.0,0.0,13.0,0.0,0,890.0,890.0,879.2022051035026,Y1
1.0,0.0,2.0,0.0,0.0,1.0,0.0,7.0,0.0,0,1073.0,1073.0,944.3801577819165,Y1
1.0,0.0,3.0,0.0,0.0,0.0,0.0,6.0,0.0,0,933.0,933.0,947.7933811033271,Y1
0.0,0.0,3.0,0.0,0.0,0.0,0.0,15.0,0.0,1,829.0,938.9073922546987,829.0,Y0
0.0,0.0,3.0,1.0,0.0,0.0,-1.0,6.0,0.0,1,957.0,903.5418587592865,957.0,Y0
0.0,0.0,3.0,0.0,1.0,1.0,0.0,7.0,0.0,1,967.0,921.483089000336,967.0,Y0
1.0,0.0,3.0,0.0,1.0,0.0,0.0,17.0,0.0,0,912.0,912.0,942.4217035770539,Y1
1.0,0.0,4.0,1.0,0.0,0.0,-1.0,9.0,0.0,0,847.0,847.0,854.0637699039407,Y1
1.0,0.0,2.0,0.0,1.0,1.0,0.0,13.0,0.0,0,916.0,916.0,929.9967640032552,Y1
1.0,0.0,1.0,1.0,0.0,0.0,0.0,5.0,0.0,0,884.0,884.0,938.3759949385313,Y1
0.0,1.0,2.0,1.0,1.0,0.0,-1.0,3.0,0.0,1,1068.0,878.613224722767,1068.0,Y0
1.0,0.0,3.0,0.0,0.0,0.0,0.0,8.0,0.0,0,880.0,880.0,926.4559208318152,Y1
0.0,0.0,1.0,1.0,0.0,1.0,0.0,8.0,0.0,0,852.0,852.0,936.2747871868447,Y1
1.0,0.0,2.0,1.0,3.0,0.0,0.0,5.0,0.0,0,980.0,980.0,919.037287823203,Y1
1.0,1.0,1.0,1.0,2.0,0.0,1.0,0.0,0.0,0,1006.0,1006.0,993.4986104536509,Y1
1.0,0.0,7.0,1.0,3.0,1.0,0.0,12.0,0.0,1,831.0,897.445729873783,831.0,Y0
0.0,0.0,0.0,0.0,1.0,0.0,0.0,10.0,0.0,1,953.0,969.0456935345436,953.0,Y0
1.0,1.0,1.0,1.0,2.0,0.0,0.0,10.0,1.0,0,1072.0,1072.0,900.3052275307342,Y1
1.0,1.0,3.0,1.0,1.0,0.0,-1.0,12.0,1.0,0,825.0,825.0,893.1199371138176,Y1
1.0,0.0,0.0,0.0,0.0,1.0,0.0,17.0,0.0,0,902.0,902.0,952.8092871573011,Y1
1.0,0.0,2.0,0.0,1.0,0.0,0.0,5.0,1.0,0,846.0,846.0,960.2287462826849,Y1
1.0,0.0,2.0,1.0,0.0,1.0,0.0,4.0,0.0,1,992.0,889.5863413543606,992.0,Y0
1.0,0.0,0.0,0.0,0.0,1.0,0.0,12.0,0.0,0,965.0,965.0,948.9144542640787,Y1
1.0,0.0,7.0,1.0,1.0,0.0,0.0,15.0,0.0,0,823.0,823.0,904.0500509658868,Y1
1.0,1.0,5.0,1.0,2.0,1.0,0.0,7.0,0.0,0,896.0,896.0,877.9874209930681,Y1
1.0,1.0,1.0,1.0,2.0,0.0,-1.0,3.0,1.0,0,779.0,779.0,940.2001919761286,Y1
0.0,0.0,2.0,1.0,0.0,1.0,0.0,12.0,0.0,0,930.0,930.0,918.6847494673801,Y1
0.0,0.0,0.0,0.0,0.0,0.0,0.0,13.0,0.0,0,904.0,904.0,970.3921194443219,Y1
0.0,0.0,3.0,0.0,0.0,0.0,0.0,11.0,0.0,0,944.0,944.0,937.1372418730938,Y1
0.0,0.0,0.0,1.0,0.0,0.0,0.0,11.0,0.0,1,1098.0,908.9254345169179,1098.0,Y0
1.0,1.0,2.0,1.0,2.0,0.0,2.0,1.0,0.0,1,839.0,887.3650295517834,839.0,Y0
1.0,0.0,7.0,0.0,0.0,0.0,0.0,15.0,0.0,0,987.0,987.0,927.9825534115828,Y1
1.0,0.0,0.0,1.0,1.0,0.0,-1.0,18.0,1.0,0,903.0,903.0,927.1187227374814,Y1
1.0,1.0,4.0,1.0,0.0,1.0,0.0,4.0,0.0,0,870.0,870.0,919.3062967536486,Y1
1.0,0.0,1.0,1.0,0.0,1.0,0.0,13.0,0.0,0,895.0,895.0,915.0227929914028,Y1
1.0,0.0,0.0,0.0,0.0,1.0,0.0,13.0,0.0,0,921.0,921.0,942.5311853611353,Y1
0.0,0.0,2.0,0.0,1.0,0.0,-1.0,5.0,0.0,1,820.0,956.2766824033207,820.0,Y0
0.0,1.0,3.0,1.0,2.0,0.0,2.0,1.0,1.0,1,967.0,895.9891084842446,967.0,Y0
1.0,0.0,3.0,0.0,0.0,0.0,-1.0,5.0,0.0,0,950.0,950.0,910.5163887503037,Y1
0.0,0.0,1.0,0.0,0.0,1.0,0.0,12.0,0.0,0,919.0,919.0,970.4548391115959,Y1
1.0,1.0,2.0,1.0,0.0,1.0,0.0,13.0,0.0,0,816.0,816.0,883.4034352770683,Y1
1.0,0.0,0.0,1.0,3.0,0.0,-1.0,11.0,0.0,0,1007.0,1007.0,828.594322508012,Y1
1.0,0.0,3.0,1.0,0.0,0.0,3.0,9.0,0.0,0,989.0,989.0,863.302343552753,Y1
0.0,0.0,1.0,0.0,0.0,1.0,5.0,11.0,0.0,1,859.0,1031.8227865202346,859.0,Y0
0.0,0.0,0.0,0.0,3.0,1.0,0.0,13.0,0.0,1,1074.0,956.7918280818479,1074.0,Y0
1.0,0.0,1.0,1.0,0.0,0.0,0.0,6.0,0.0,0,913.0,913.0,939.9412989441335,Y1
1.0,0.0,2.0,0.0,0.0,0.0,0.0,8.0,0.0,1,906.0,899.6937862827267,906.0,Y0
1.0,0.0,0.0,0.0,0.0,0.0,0.0,10.0,0.0,1,888.0,952.1931770501258,888.0,Y0
0.0,0.0,2.0,0.0,3.0,0.0,0.0,21.0,0.0,1,952.0,942.4167574620877,952.0,Y0
0.0,1.0,7.0,0.0,1.0,0.0,2.0,5.0,1.0,1,970.0,920.2092783393423,970.0,Y0
0.0,1.0,3.0,1.0,2.0,0.0,-1.0,6.0,1.0,0,842.0,842.0,884.6153600968203,Y1
0.0,0.0,2.0,0.0,0.0,1.0,0.0,3.0,0.0,0,917.0,917.0,948.3733765313168,Y1
1.0,0.0,3.0,0.0,0.0,0.0,0.0,8.0,0.0,0,886.0,886.0,926.4559208318152,Y1
0.0,0.0,0.0,0.0,0.0,3.0,0.0,14.0,0.0,1,1008.0,960.7592740364578,1008.0,Y0
0.0,0.0,2.0,0.0,0.0,1.0,0.0,10.0,0.0,0,871.0,871.0,935.9148207025585,Y1
1.0,0.0,2.0,1.0,0.0,0.0,-1.0,5.0,0.0,0,942.0,942.0,891.8280381392633,Y1
1.0,0.0,0.0,0.0,1.0,1.0,0.0,14.0,0.0,0,936.0,936.0,983.6537531308444,Y1
1.0,1.0,0.0,0.0,2.0,0.0,0.0,9.0,1.0,0,961.0,961.0,940.9219495823859,Y1
1.0,1.0,2.0,0.0,1.0,0.0,-1.0,12.0,1.0,0,891.0,891.0,909.2425314534904,Y1
1.0,1.0,1.0,1.0,2.0,1.0,0.0,10.0,1.0,1,847.0,904.8945628830413,847.0,Y0
1.0,0.0,2.0,0.0,0.0,1.0,0.0,13.0,0.0,0,928.0,928.0,929.9045251009297,Y1
0.0,0.0,0.0,0.0,0.0,0.0,0.0,4.0,0.0,0,885.0,885.0,999.4675388740625,Y1
1.0,0.0,2.0,0.0,0.0,0.0,-1.0,9.0,0.0,0,953.0,953.0,898.2310402382617,Y1
0.0,0.0,1.0,0.0,0.0,1.0,0.0,5.0,0.0,0,922.0,922.0,971.7893100885087,Y1
0.0,0.0,2.0,0.0,0.0,1.0,0.0,6.0,0.0,0,971.0,971.0,949.915236961627,Y1
1.0,0.0,1.0,1.0,0.0,0.0,0.0,2.0,0.0,1,909.0,915.4093547171669,909.0,Y0
1.0,0.0,2.0,0.0,1.0,0.0,5.0,3.0,0.0,0,971.0,971.0,933.426296565764,Y1
1.0,0.0,1.0,1.0,0.0,1.0,0.0,12.0,0.0,0,949.0,949.0,922.2203424762475,Y1
1.0,0.0,4.0,1.0,0.0,0.0,0.0,12.0,0.0,0,796.0,796.0,905.6593922879905,Y1
0.0,0.0,0.0,0.0,1.0,0.0,0.0,18.0,0.0,0,1015.0,1015.0,999.1319378863353,Y1
0.0,0.0,0.0,0.0,0.0,1.0,0.0,13.0,0.0,0,902.0,902.0,960.8332380289927,Y1
0.0,0.0,4.0,1.0,0.0,0.0,-1.0,12.0,0.0,1,802.0,883.2702923062559,802.0,Y0
0.0,1.0,0.0,1.0,2.0,0.0,2.0,1.0,1.0,1,933.0,910.5987233750501,933.0,Y0
0.0,0.0,3.0,1.0,3.0,1.0,0.0,14.0,0.0,1,1000.0,907.7282315832608,1000.0,Y0
1.0,1.0,2.0,1.0,2.0,0.0,-1.0,3.0,1.0,0,777.0,777.0,932.2117944371228,Y1
0.0,1.0,3.0,1.0,1.0,0.0,-1.0,2.0,0.0,0,883.0,883.0,913.2835726907233,Y1
1.0,1.0,0.0,1.0,2.0,0.0,0.0,11.0,0.0,0,976.0,976.0,906.321993606943,Y1
1.0,0.0,3.0,0.0,0.0,1.0,0.0,11.0,0.0,0,887.0,887.0,924.7883128464837,Y1
0.0,0.0,2.0,1.0,1.0,1.0,0.0,15.0,0.0,1,976.0,923.6853436209815,976.0,Y0
1.0,1.0,0.0,1.0,0.0,0.0,0.0,9.0,0.0,1,951.0,884.5025407670629,951.0,Y0
0.0,0.0,0.0,0.0,1.0,1.0,0.0,15.0,0.0,1,1047.0,964.0131270860736,1047.0,Y0
1.0,0.0,1.0,0.0,3.0,2.0,0.0,12.0,0.0,1,1073.0,943.2258623913123,1073.0,Y0
0.0,0.0,2.0,1.0,0.0,1.0,0.0,6.0,0.0,0,940.0,940.0,931.8843673335319,Y1
0.0,0.0,3.0,1.0,0.0,2.0,0.0,8.0,0.0,1,868.0,882.6141681561902,868.0,Y0
0.0,0.0,0.0,0.0,3.0,2.0,0.0,13.0,0.0,0,889.0,889.0,1022.8701517907086,Y1
1.0,0.0,3.0,0.0,1.0,1.0,1.0,8.0,0.0,1,921.0,888.7923008799554,921.0,Y0
1.0,1.0,3.0,0.0,2.0,0.0,0.0,9.0,1.0,0,871.0,871.0,918.256997513854,Y1
0.0,0.0,3.0,1.0,0.0,0.0,0.0,3.0,0.0,0,816.0,816.0,921.9328255788965,Y1
1.0,0.0,0.0,0.0,0.0,0.0,0.0,20.0,0.0,0,1015.0,1015.0,938.2628606679793,Y1
0.0,0.0,0.0,1.0,0.0,0.0,0.0,2.0,0.0,1,883.0,898.3259586691102,883.0,Y0
1.0,0.0,1.0,0.0,0.0,1.0,0.0,8.0,1.0,0,886.0,886.0,965.9390673903947,Y1
0.0,0.0,1.0,-1.0,0.0,0.0,0.0,2.0,-1.0,0,919.0,919.0,926.0882633723719,Y1
1.0,1.0,0.0,1.0,2.0,0.0,0.0,6.0,0.0,1,896.0,867.794512992071,896.0,Y0
0.0,1.0,0.0,1.0,1.0,0.0,-1.0,18.0,1.0,0,981.0,981.0,914.004823151366,Y1
1.0,0.0,3.0,1.0,0.0,1.0,0.0,12.0,0.0,0,867.0,867.0,889.2679931220875,Y1
0.0,1.0,2.0,1.0,0.0,0.0,3.0,9.0,0.0,0,961.0,961.0,883.4993689386076,Y1
0.0,1.0,0.0,1.0,2.0,0.0,0.0,16.0,1.0,0,868.0,868.0,920.7145350890547,Y1
1.0,1.0,0.0,1.0,2.0,0.0,1.0,0.0,0.0,0,841.0,841.0,975.7320490934364,Y1
1.0,0.0,3.0,0.0,1.0,1.0,0.0,12.0,0.0,1,845.0,930.3197393675197,845.0,Y0
1.0,1.0,2.0,0.0,0.0,0.0,0.0,21.0,0.0,1,860.0,924.4488311997486,860.0,Y0
0.0,1.0,1.0,0.0,1.0,0.0,0.0,3.0,0.0,1,920.0,945.4132972591441,920.0,Y0
0.0,1.0,3.0,1.0,0.0,0.0,-1.0,6.0,0.0,1,747.0,881.7224838813379,747.0,Y0
0.0,1.0,0.0,1.0,2.0,1.0,0.0,11.0,1.0,0,952.0,952.0,900.1460144655264,Y1
1.0,0.0,0.0,1.0,3.0,0.0,-1.0,11.0,0.0,0,963.0,963.0,828.594322508012,Y1
0.0,0.0,2.0,0.0,1.0,0.0,-1.0,18.0,1.0,0,856.0,856.0,939.1520921083549,Y1
0.0,0.0,2.0,0.0,2.0,1.0,1.0,3.0,1.0,0,806.0,806.0,975.6149204421566,Y1
1.0,1.0,0.0,1.0,2.0,1.0,0.0,7.0,0.0,0,945.0,945.0,875.337193179499,Y1
0.0,0.0,3.0,1.0,0.0,0.0,0.0,13.0,0.0,0,828.0,828.0,899.9852622631096,Y1
1.0,0.0,1.0,1.0,0.0,0.0,0.0,8.0,0.0,1,997.0,899.395179550995,997.0,Y0
1.0,0.0,1.0,0.0,1.0,0.0,1.0,14.0,0.0,0,963.0,963.0,1007.9753260059559,Y1
1.0,0.0,3.0,0.0,1.0,1.0,0.0,14.0,0.0,0,886.0,886.0,976.8669833351515,Y1
1.0,0.0,3.0,0.0,0.0,1.0,0.0,15.0,0.0,0,879.0,879.0,944.9188023586983,Y1
0.0,1.0,3.0,1.0,2.0,0.0,0.0,6.0,0.0,0,834.0,834.0,926.4222772877296,Y1
1.0,0.0,4.0,1.0,0.0,1.0,0.0,4.0,0.0,0,837.0,837.0,925.710300506973,Y1
0.0,0.0,0.0,0.0,0.0,1.0,0.0,9.0,0.0,0,964.0,964.0,958.9651328823779,Y1
1.0,0.0,1.0,0.0,3.0,1.0,0.0,6.0,0.0,0,882.0,882.0,953.6121964394199,Y1
1.0,1.0,0.0,1.0,2.0,0.0,0.0,11.0,0.0,0,995.0,995.0,906.321993606943,Y1
1.0,0.0,2.0,1.0,0.0,0.0,0.0,5.0,0.0,0,863.0,863.0,929.3595627732385,Y1
1.0,1.0,2.0,0.0,0.0,0.0,0.0,11.0,0.0,0,972.0,972.0,924.0153034250872,Y1
1.0,1.0,2.0,1.0,1.0,0.0,-1.0,2.0,0.0,0,917.0,917.0,910.3384438880571,Y1
1.0,0.0,7.0,0.0,3.0,0.0,1.0,1.0,0.0,1,861.0,955.966549582651,861.0,Y0
1.0,0.0,2.0,0.0,0.0,0.0,0.0,4.0,0.0,1,1024.0,904.6758918003765,1024.0,Y0
0.0,0.0,0.0,0.0,0.0,0.0,0.0,8.0,0.0,0,972.0,972.0,962.2930014033433,Y1
0.0,0.0,2.0,0.0,1.0,0.0,0.0,8.0,0.0,0,923.0,923.0,942.54799583327,Y1
1.0,0.0,2.0,1.0,3.0,0.0,2.0,5.0,0.0,0,918.0,918.0,923.670773379003,Y1
1.0,0.0,1.0,1.0,0.0,0.0,0.0,8.0,0.0,0,831.0,831.0,921.2672522144316,Y1
0.0,0.0,1.0,0.0,1.0,1.0,0.0,12.0,0.0,0,1156.0,1156.0,970.1671868900858,Y1
1.0,0.0,0.0,0.0,0.0,0.0,0.0,13.0,0.0,0,1105.0,1105.0,954.0762078462274,Y1
1.0,0.0,3.0,0.0,0.0,0.0,0.0,13.0,0.0,0,879.0,879.0,924.6563126207432,Y1
0.0,1.0,2.0,1.0,2.0,0.0,0.0,6.0,1.0,0,897.0,897.0,944.7156445508043,Y1
1.0,0.0,2.0,0.0,0.0,0.0,0.0,12.0,0.0,1,903.0,931.4350314715683,903.0,Y0
1.0,0.0,0.0,0.0,1.0,0.0,1.0,0.0,0.0,0,852.0,852.0,996.0306702005627,Y1
1.0,0.0,3.0,1.0,0.0,1.0,0.0,4.0,0.0,0,874.0,874.0,930.2916758507188,Y1
0.0,0.0,3.0,1.0,0.0,1.0,0.0,20.0,0.0,0,928.0,928.0,870.761127506071,Y1
0.0,1.0,0.0,0.0,1.0,0.0,0.0,21.0,1.0,0,948.0,948.0,960.4742709269328,Y1
1.0,0.0,0.0,0.0,2.0,0.0,0.0,9.0,0.0,0,909.0,909.0,949.609884237542,Y1
0.0,0.0,0.0,0.0,0.0,1.0,0.0,12.0,0.0,0,914.0,914.0,960.9635313075233,Y1
1.0,0.0,0.0,0.0,1.0,0.0,0.0,11.0,0.0,1,928.0,942.3177936550434,928.0,Y0
1.0,0.0,2.0,0.0,0.0,1.0,0.0,3.0,0.0,0,931.0,931.0,948.7576756265292,Y1
1.0,0.0,0.0,0.0,0.0,0.0,3.0,10.0,0.0,0,1090.0,1090.0,909.1538102001529,Y1
0.0,0.0,1.0,0.0,1.0,0.0,0.0,8.0,0.0,0,869.0,869.0,967.7938674789909,Y1
1.0,0.0,4.0,0.0,0.0,0.0,0.0,11.0,0.0,0,1156.0,1156.0,946.6135983785355,Y1
0.0,1.0,0.0,1.0,2.0,0.0,0.0,5.0,0.0,1,957.0,894.3612573142425,957.0,Y0
0.0,0.0,0.0,0.0,3.0,0.0,-1.0,11.0,0.0,0,1019.0,1019.0,870.6027799906369,Y1
1.0,0.0,2.0,1.0,3.0,0.0,0.0,17.0,0.0,0,873.0,873.0,933.7556054783671,Y1
1.0,0.0,4.0,0.0,0.0,0.0,0.0,15.0,0.0,1,919.0,946.5437368775431,919.0,Y0
0.0,1.0,3.0,1.0,1.0,0.0,2.0,1.0,0.0,0,948.0,948.0,868.3427588475301,Y1
1.0,1.0,1.0,1.0,2.0,0.0,-1.0,2.0,0.0,0,868.0,868.0,855.3266390556319,Y1
0.0,1.0,4.0,1.0,2.0,0.0,-1.0,2.0,0.0,0,825.0,825.0,850.0573616373329,Y1
0.0,1.0,1.0,0.0,1.0,1.0,0.0,20.0,0.0,1,924.0,1010.7805968027803,924.0,Y0
1.0,2.0,2.0,0.0,1.0,0.0,-1.0,10.0,1.0,1,926.0,924.5939370398704,926.0,Y0
0.0,0.0,0.0,0.0,0.0,0.0,0.0,6.0,0.0,0,842.0,842.0,976.5966180669684,Y1
1.0,0.0,0.0,0.0,3.0,1.0,0.0,14.0,0.0,1,990.0,954.8895940805206,990.0,Y0
1.0,0.0,2.0,0.0,1.0,0.0,0.0,17.0,0.0,0,919.0,919.0,945.8784499750567,Y1
0.0,1.0,3.0,1.0,1.0,0.0,-1.0,0.0,0.0,0,865.0,865.0,953.7116669756394,Y1
1.0,0.0,0.0,0.0,0.0,0.0,0.0,16.0,0.0,0,949.0,949.0,975.2501364565761,Y1
0.0,0.0,0.0,0.0,0.0,1.0,0.0,6.0,0.0,0,858.0,858.0,961.3903569943986,Y1
1.0,1.0,1.0,0.0,1.0,0.0,0.0,11.0,1.0,1,1014.0,948.2191501779474,1014.0,Y0
1.0,0.0,1.0,1.0,0.0,0.0,0.0,21.0,0.0,1,955.0,908.5124000883528,955.0,Y0
0.0,0.0,1.0,1.0,0.0,1.0,0.0,12.0,0.0,0,877.0,877.0,936.866641541197,Y1
0.0,0.0,2.0,1.0,0.0,0.0,0.0,11.0,0.0,0,996.0,996.0,921.9375174416499,Y1
1.0,0.0,0.0,1.0,0.0,0.0,1.0,0.0,0.0,0,900.0,900.0,952.3245520775158,Y1
1.0,1.0,0.0,1.0,0.0,1.0,0.0,8.0,0.0,0,978.0,978.0,879.7500422486604,Y1
0.0,0.0,4.0,0.0,3.0,0.0,1.0,1.0,0.0,1,981.0,947.0205409341738,981.0,Y0
0.0,0.0,3.0,0.0,1.0,0.0,0.0,18.0,0.0,0,896.0,896.0,979.1855223313923,Y1
0.0,0.0,0.0,0.0,1.0,0.0,0.0,12.0,0.0,0,916.0,916.0,967.1544630685527,Y1
0.0,0.0,0.0,0.0,0.0,0.0,-1.0,2.0,0.0,0,923.0,923.0,939.3843450969576,Y1
1.0,0.0,4.0,1.0,0.0,1.0,0.0,6.0,0.0,1,805.0,889.2731243440959,805.0,Y0
1.0,1.0,2.0,1.0,2.0,0.0,0.0,6.0,1.0,0,873.0,873.0,929.9273768540913,Y1
0.0,1.0,3.0,0.0,2.0,0.0,-1.0,9.0,1.0,0,862.0,862.0,893.6388880867938,Y1
1.0,0.0,0.0,1.0,0.0,0.0,0.0,19.0,0.0,1,886.0,964.6891472345874,886.0,Y0
0.0,1.0,3.0,1.0,1.0,0.0,2.0,1.0,0.0,0,944.0,944.0,868.3427588475301,Y1
1.0,1.0,2.0,1.0,2.0,0.0,-1.0,3.0,1.0,0,780.0,780.0,932.2117944371228,Y1
0.0,1.0,2.0,0.0,2.0,1.0,0.0,15.0,1.0,0,812.0,812.0,943.1265602520925,Y1
0.0,1.0,1.0,1.0,2.0,0.0,-1.0,2.0,0.0,0,913.0,913.0,875.1864761829444,Y1
1.0,1.0,0.0,1.0,2.0,0.0,-1.0,3.0,1.0,0,808.0,808.0,921.231164226203,Y1
0.0,0.0,3.0,1.0,0.0,0.0,0.0,12.0,0.0,0,898.0,898.0,901.3043752368096,Y1
0.0,0.0,2.0,0.0,1.0,0.0,-1.0,0.0,0.0,1,846.0,934.7036792115704,846.0,Y0
0.0,1.0,0.0,1.0,2.0,1.0,0.0,15.0,1.0,0,923.0,923.0,914.7783634410933,Y1
1.0,0.0,3.0,1.0,0.0,1.0,0.0,13.0,0.0,0,944.0,944.0,882.0704436372428,Y1
1.0,0.0,0.0,0.0,0.0,1.0,0.0,13.0,0.0,0,878.0,878.0,942.5311853611353,Y1
1.0,0.0,2.0,1.0,0.0,0.0,0.0,16.0,0.0,1,1010.0,910.4895078574939,1010.0,Y0
0.0,0.0,1.0,0.0,0.0,0.0,0.0,19.0,0.0,0,1140.0,1140.0,979.9727028253469,Y1
0.0,0.0,0.0,0.0,0.0,0.0,0.0,13.0,0.0,0,1042.0,1042.0,970.3921194443219,Y1
0.0,0.0,0.0,0.0,0.0,0.0,0.0,7.0,0.0,1,1048.0,948.2132168896317,1048.0,Y0
1.0,1.0,7.0,1.0,3.0,1.0,0.0,12.0,0.0,1,841.0,867.537956359432,841.0,Y0
1.0,0.0,2.0,0.0,0.0,0.0,0.0,3.0,0.0,0,863.0,863.0,956.7345190094832,Y1
1.0,0.0,1.0,0.0,0.0,1.0,0.0,8.0,0.0,0,1156.0,1156.0,963.5609089759222,Y1
1.0,1.0,1.0,0.0,1.0,0.0,1.0,0.0,0.0,1,1007.0,924.2085219989722,1007.0,Y0
0.0,1.0,2.0,1.0,0.0,0.0,2.0,3.0,1.0,0,857.0,857.0,896.3817517387599,Y1
0.0,1.0,1.0,1.0,2.0,0.0,0.0,16.0,1.0,0,895.0,895.0,923.2598066022011,Y1
1.0,1.0,1.0,1.0,2.0,1.0,0.0,10.0,1.0,0,848.0,848.0,881.9621385931808,Y1
1.0,0.0,2.0,1.0,0.0,1.0,0.0,8.0,0.0,0,821.0,821.0,910.4602117543031,Y1
1.0,0.0,0.0,0.0,3.0,0.0,1.0,1.0,0.0,1,874.0,935.5148686528178,874.0,Y0
0.0,0.0,1.0,0.0,0.0,0.0,0.0,12.0,0.0,0,914.0,914.0,974.386122157718,Y1
0.0,1.0,0.0,1.0,1.0,1.0,0.0,24.0,0.0,0,998.0,998.0,883.0702669483198,Y1
1.0,0.0,2.0,1.0,1.0,1.0,0.0,15.0,1.0,0,924.0,924.0,928.2642350766503,Y1
0.0,0.0,0.0,0.0,0.0,0.0,0.0,8.0,0.0,1,978.0,943.0173366220187,978.0,Y0
1.0,1.0,4.0,1.0,2.0,0.0,-1.0,3.0,1.0,0,886.0,886.0,922.9196802069044,Y1
0.0,0.0,2.0,1.0,1.0,0.0,0.0,12.0,1.0,1,950.0,944.050390223421,950.0,Y0
1.0,1.0,3.0,1.0,2.0,0.0,0.0,12.0,1.0,0,1019.0,1019.0,890.9824303940799,Y1
0.0,1.0,0.0,1.0,2.0,0.0,0.0,6.0,1.0,0,919.0,919.0,953.985255339547,Y1
1.0,0.0,3.0,0.0,3.0,0.0,0.0,5.0,0.0,0,892.0,892.0,933.2980625697602,Y1
1.0,1.0,2.0,1.0,2.0,0.0,0.0,3.0,1.0,0,887.0,887.0,971.0556020427873,Y1
1.0,1.0,1.0,1.0,2.0,0.0,2.0,1.0,0.0,0,829.0,829.0,889.7264614940264,Y1
0.0,1.0,3.0,1.0,2.0,0.0,0.0,11.0,0.0,0,826.0,826.0,893.5405835146244,Y1
0.0,0.0,3.0,0.0,0.0,1.0,0.0,7.0,0.0,0,939.0,939.0,936.9622596553584,Y1
0.0,1.0,2.0,0.0,2.0,0.0,0.0,16.0,1.0,0,923.0,923.0,959.0748650513866,Y1
1.0,0.0,4.0,0.0,0.0,1.0,0.0,13.0,0.0,0,944.0,944.0,933.3676632068413,Y1
0.0,0.0,0.0,0.0,0.0,1.0,0.0,9.0,0.0,0,846.0,846.0,958.9651328823779,Y1
0.0,0.0,3.0,0.0,0.0,0.0,0.0,8.0,0.0,1,953.0,906.029272239426,953.0,Y0
1.0,0.0,3.0,0.0,0.0,0.0,0.0,6.0,0.0,0,1052.0,1052.0,947.7933811033271,Y1
0.0,0.0,0.0,1.0,0.0,1.0,0.0,13.0,0.0,0,947.0,947.0,928.9665454163859,Y1
0.0,0.0,1.0,0.0,0.0,0.0,-1.0,12.0,0.0,1,969.0,942.9592457684894,969.0,Y0
1.0,1.0,3.0,1.0,2.0,0.0,2.0,1.0,0.0,0,869.0,869.0,858.6813933189392,Y1
0.0,0.0,3.0,0.0,0.0,0.0,0.0,4.0,0.0,1,1031.0,911.0794015000263,1031.0,Y0
1.0,0.0,2.0,1.0,0.0,1.0,0.0,5.0,0.0,1,885.0,890.8055802111265,885.0,Y0
0.0,1.0,3.0,1.0,2.0,0.0,2.0,2.0,0.0,1,878.0,891.6877224625885,878.0,Y0
0.0,0.0,3.0,0.0,1.0,0.0,0.0,3.0,0.0,0,914.0,914.0,962.6164880260364,Y1
0.0,0.0,2.0,1.0,0.0,1.0,0.0,20.0,0.0,0,923.0,923.0,904.0242601531107,Y1
1.0,0.0,2.0,0.0,1.0,1.0,0.0,14.0,0.0,0,941.0,941.0,979.9735551019284,Y1
1.0,1.0,0.0,1.0,0.0,0.0,0.0,12.0,0.0,1,861.0,883.5665511112172,861.0,Y0
1.0,1.0,2.0,1.0,2.0,0.0,0.0,14.0,0.0,1,815.0,872.1595757963299,815.0,Y0
0.0,0.0,1.0,1.0,0.0,0.0,3.0,27.0,0.0,0,969.0,969.0,883.5334347348675,Y1
0.0,1.0,3.0,1.0,2.0,1.0,0.0,7.0,0.0,0,943.0,943.0,883.3842937658013,Y1
0.0,0.0,2.0,1.0,0.0,0.0,0.0,4.0,0.0,0,929.0,929.0,964.2506993797745,Y1
0.0,1.0,0.0,1.0,2.0,1.0,2.0,24.0,0.0,0,1071.0,1071.0,872.8939672110366,Y1
1.0,1.0,0.0,1.0,2.0,2.0,0.0,8.0,0.0,0,834.0,834.0,853.5179800862708,Y1
1.0,1.0,3.0,1.0,2.0,0.0,0.0,9.0,1.0,0,816.0,816.0,887.1005514733175,Y1
1.0,0.0,0.0,1.0,0.0,1.0,0.0,15.0,0.0,1,1015.0,919.6165573450925,1015.0,Y0
1.0,0.0,3.0,0.0,0.0,2.0,0.0,8.0,0.0,1,1010.0,897.6431000871971,1010.0,Y0
1.0,1.0,0.0,1.0,2.0,1.0,1.0,6.0,0.0,0,752.0,752.0,889.4928261548547,Y1
0.0,0.0,0.0,0.0,0.0,0.0,0.0,8.0,0.0,1,929.0,943.0173366220187,929.0,Y0
0.0,0.0,2.0,0.0,0.0,1.0,0.0,12.0,0.0,0,886.0,886.0,944.5050970267159,Y1
1.0,1.0,2.0,1.0,2.0,0.0,0.0,12.0,0.0,0,790.0,790.0,896.5988069166419,Y1
0.0,0.0,2.0,1.0,3.0,0.0,0.0,14.0,0.0,0,944.0,944.0,960.3248329462444,Y1
1.0,1.0,0.0,0.0,2.0,0.0,0.0,9.0,1.0,0,918.0,918.0,940.9219495823859,Y1
0.0,0.0,1.0,0.0,0.0,1.0,0.0,6.0,0.0,0,1022.0,1022.0,971.7893100885087,Y1
0.0,0.0,2.0,1.0,0.0,0.0,0.0,5.0,0.0,1,917.0,902.940442430967,917.0,Y0
0.0,1.0,2.0,1.0,2.0,0.0,0.0,11.0,0.0,0,962.0,962.0,906.9879868328497,Y1
0.0,1.0,2.0,1.0,2.0,0.0,0.0,5.0,0.0,1,1031.0,879.6960882143961,1031.0,Y0
0.0,0.0,1.0,0.0,1.0,0.0,0.0,16.0,1.0,1,1019.0,989.1657614232907,1019.0,Y0
0.0,0.0,3.0,0.0,0.0,0.0,0.0,8.0,0.0,1,802.0,906.029272239426,802.0,Y0
0.0,1.0,0.0,1.0,2.0,0.0,-1.0,10.0,1.0,0,910.0,910.0,878.7151378959503,Y1
1.0,1.0,0.0,1.0,2.0,0.0,1.0,0.0,0.0,0,979.0,979.0,975.7320490934364,Y1
1.0,0.0,2.0,0.0,1.0,0.0,0.0,11.0,0.0,0,902.0,902.0,941.125596534222,Y1
0.0,0.0,2.0,0.0,1.0,1.0,0.0,8.0,0.0,1,978.0,935.1475362767933,978.0,Y0
0.0,5.0,9.0,1.0,0.0,1.0,0.0,12.0,0.0,1,863.0,812.4343404467392,863.0,Y0
0.0,0.0,1.0,1.0,0.0,1.0,0.0,6.0,0.0,0,954.0,954.0,945.9905904493506,Y1
0.0,0.0,2.0,1.0,0.0,0.0,0.0,16.0,0.0,0,940.0,940.0,946.2981409056807,Y1
1.0,0.0,1.0,0.0,1.0,0.0,0.0,16.0,0.0,0,981.0,981.0,986.1723861704731,Y1
0.0,1.0,3.0,1.0,2.0,1.0,0.0,5.0,0.0,0,864.0,864.0,889.7193100311574,Y1
1.0,0.0,2.0,1.0,0.0,0.0,0.0,14.0,0.0,0,872.0,872.0,939.5224640359888,Y1
0.0,0.0,0.0,0.0,1.0,0.0,0.0,8.0,1.0,0,942.0,942.0,963.4894419263771,Y1
1.0,0.0,2.0,0.0,0.0,0.0,0.0,12.0,0.0,0,949.0,949.0,941.0333576318966,Y1
0.0,0.0,1.0,0.0,0.0,1.0,0.0,13.0,0.0,0,876.0,876.0,969.5102652511639,Y1
0.0,0.0,3.0,0.0,3.0,0.0,0.0,8.0,0.0,0,917.0,917.0,915.584252201288,Y1
0.0,0.0,2.0,1.0,2.0,1.0,1.0,3.0,1.0,0,876.0,876.0,959.601278563916,Y1
0.0,1.0,3.0,1.0,2.0,0.0,0.0,11.0,0.0,0,783.0,783.0,893.5405835146244,Y1
1.0,1.0,0.0,1.0,2.0,0.0,0.0,3.0,1.0,0,934.0,934.0,972.5755083482638,Y1
0.0,0.0,0.0,0.0,1.0,1.0,0.0,13.0,0.0,0,994.0,994.0,960.9449656962604,Y1
1.0,0.0,0.0,0.0,0.0,0.0,0.0,15.0,0.0,0,925.0,925.0,966.7680843803105,Y1
1.0,0.0,0.0,1.0,0.0,1.0,0.0,8.0,0.0,0,883.0,883.0,909.9048308234495,Y1
0.0,1.0,2.0,1.0,1.0,1.0,0.0,10.0,0.0,0,834.0,834.0,877.4079775283025,Y1
1.0,1.0,0.0,1.0,2.0,0.0,1.0,0.0,1.0,0,874.0,874.0,1006.4782512031057,Y1
1.0,0.0,4.0,0.0,0.0,0.0,0.0,3.0,0.0,0,870.0,870.0,954.7056609663468,Y1
1.0,0.0,1.0,1.0,1.0,0.0,0.0,7.0,0.0,0,846.0,846.0,940.1983940327506,Y1
1.0,1.0,3.0,1.0,2.0,0.0,0.0,20.0,1.0,0,874.0,874.0,863.3855472996327,Y1
0.0,0.0,1.0,0.0,0.0,1.0,0.0,21.0,0.0,0,941.0,941.0,975.6249789752962,Y1
1.0,1.0,0.0,1.0,2.0,0.0,2.0,1.0,0.0,1,833.0,894.1373576686849,833.0,Y0
1.0,0.0,3.0,0.0,1.0,0.0,1.0,14.0,0.0,0,1027.0,1027.0,986.4076947767761,Y1
0.0,1.0,0.0,1.0,2.0,0.0,-1.0,14.0,1.0,1,887.0,895.0500225552803,887.0,Y0
0.0,1.0,0.0,1.0,2.0,0.0,0.0,3.0,1.0,0,908.0,908.0,990.959200754485,Y1
0.0,0.0,0.0,0.0,0.0,0.0,0.0,10.0,0.0,0,1037.0,1037.0,954.8952019781619,Y1
1.0,0.0,2.0,0.0,0.0,1.0,0.0,6.0,0.0,0,931.0,931.0,947.1625226902695,Y1
0.0,2.0,2.0,0.0,0.0,0.0,0.0,11.0,0.0,0,919.0,919.0,929.8710795168632,Y1
0.0,0.0,0.0,0.0,0.0,0.0,0.0,6.0,0.0,1,1018.0,955.17424172038,1018.0,Y0
0.0,0.0,0.0,1.0,0.0,0.0,0.0,14.0,0.0,0,880.0,880.0,964.3992986481561,Y1
1.0,1.0,2.0,0.0,1.0,0.0,2.0,1.0,1.0,0,846.0,846.0,889.2829784120585,Y1
1.0,1.0,1.0,0.0,2.0,0.0,0.0,6.0,0.0,0,802.0,802.0,975.3818260804173,Y1
0.0,0.0,3.0,0.0,1.0,1.0,0.0,18.0,0.0,1,940.0,937.314947288387,940.0,Y0
0.0,0.0,0.0,0.0,1.0,0.0,0.0,17.0,0.0,0,939.0,939.0,969.8688134300751,Y1
1.0,0.0,0.0,0.0,1.0,0.0,1.0,0.0,0.0,0,926.0,926.0,996.0306702005627,Y1
1.0,0.0,3.0,0.0,0.0,1.0,0.0,8.0,0.0,0,929.0,929.0,925.6213844670748,Y1
0.0,0.0,2.0,0.0,0.0,0.0,0.0,11.0,0.0,0,948.0,948.0,948.436380072838,Y1
0.0,0.0,1.0,0.0,1.0,1.0,0.0,7.0,0.0,1,894.0,966.1817659758863,894.0,Y0
1.0,0.0,3.0,0.0,1.0,1.0,4.0,15.0,0.0,0,964.0,964.0,957.0032744124192,Y1
1.0,0.0,2.0,0.0,0.0,1.0,0.0,9.0,0.0,0,918.0,918.0,937.9351462063656,Y1
1.0,0.0,4.0,1.0,1.0,0.0,2.0,1.0,1.0,0,923.0,923.0,871.9957253514415,Y1
1.0,0.0,1.0,0.0,0.0,0.0,0.0,11.0,0.0,0,873.0,873.0,968.7078343026606,Y1
1.0,1.0,0.0,1.0,2.0,0.0,2.0,2.0,0.0,1,911.0,886.9621965428162,911.0,Y0
1.0,1.0,2.0,1.0,2.0,0.0,2.0,1.0,1.0,1,856.0,887.8657702234754,856.0,Y0
0.0,0.0,0.0,0.0,0.0,1.0,0.0,4.0,0.0,0,1102.0,1102.0,984.2612778014927,Y1
0.0,1.0,3.0,1.0,2.0,0.0,-1.0,10.0,1.0,0,846.0,846.0,867.6823202868724,Y1
0.0,1.0,3.0,1.0,2.0,1.0,0.0,11.0,1.0,0,872.0,872.0,877.3244709511506,Y1
1.0,0.0,3.0,0.0,0.0,1.0,0.0,5.0,0.0,0,885.0,885.0,935.8128958268499,Y1
1.0,0.0,0.0,0.0,0.0,1.0,0.0,12.0,0.0,0,921.0,921.0,948.9144542640787,Y1
1.0,0.0,7.0,0.0,0.0,2.0,0.0,6.0,0.0,1,922.0,921.0433500417031,922.0,Y0
0.0,0.0,1.0,0.0,0.0,0.0,-1.0,12.0,0.0,1,876.0,942.9592457684894,876.0,Y0
0.0,1.0,3.0,1.0,2.0,0.0,-1.0,9.0,1.0,0,911.0,911.0,867.3689832213565,Y1
0.0,0.0,1.0,0.0,1.0,0.0,0.0,7.0,0.0,0,912.0,912.0,986.8896137270209,Y1
0.0,1.0,2.0,1.0,2.0,0.0,0.0,16.0,1.0,0,901.0,901.0,920.7937187763781,Y1
1.0,0.0,1.0,0.0,0.0,1.0,0.0,6.0,0.0,0,888.0,888.0,969.0365958171512,Y1
0.0,0.0,0.0,1.0,0.0,0.0,0.0,4.0,0.0,0,875.0,875.0,974.8346207613359,Y1
0.0,0.0,2.0,0.0,0.0,1.0,0.0,17.0,0.0,0,950.0,950.0,957.2346595204905,Y1
1.0,1.0,3.0,1.0,1.0,0.0,-1.0,2.0,0.0,0,899.0,899.0,903.0051640929431,Y1
0.0,0.0,0.0,0.0,0.0,1.0,0.0,15.0,0.0,0,988.0,988.0,981.4887931473579,Y1
1.0,0.0,3.0,0.0,2.0,0.0,0.0,9.0,1.0,0,852.0,852.0,933.1772834526059,Y1
0.0,0.0,1.0,0.0,0.0,0.0,1.0,0.0,0.0,0,1171.0,1171.0,960.1970500541347,Y1
0.0,1.0,1.0,1.0,2.0,0.0,-1.0,14.0,1.0,1,915.0,890.3628708108276,915.0,Y0
1.0,0.0,1.0,0.0,0.0,1.0,0.0,20.0,0.0,0,989.0,989.0,952.6839888326092,Y1
0.0,0.0,3.0,0.0,1.0,0.0,0.0,5.0,1.0,0,808.0,808.0,960.3440344186934,Y1
0.0,0.0,2.0,1.0,1.0,0.0,0.0,16.0,0.0,0,979.0,979.0,949.4507803700501,Y1
0.0,1.0,2.0,1.0,2.0,0.0,2.0,2.0,0.0,1,862.0,903.234459824598,862.0,Y0
1.0,0.0,2.0,0.0,0.0,0.0,-1.0,9.0,0.0,0,954.0,954.0,898.2310402382617,Y1
1.0,1.0,3.0,1.0,2.0,0.0,0.0,14.0,0.0,1,909.0,866.9890886437977,909.0,Y0
1.0,0.0,1.0,0.0,0.0,0.0,0.0,13.0,0.0,0,947.0,947.0,960.8027138041866,Y1
0.0,0.0,2.0,0.0,1.0,1.0,0.0,20.0,0.0,1,902.0,984.0746113804457,902.0,Y0
1.0,0.0,1.0,0.0,0.0,0.0,0.0,5.0,0.0,0,915.0,915.0,979.6324220927687,Y1
0.0,0.0,3.0,1.0,0.0,0.0,0.0,14.0,0.0,0,862.0,862.0,938.9569587690254,Y1
1.0,1.0,2.0,1.0,2.0,0.0,-1.0,2.0,0.0,1,862.0,861.0410695781123,862.0,Y0
0.0,0.0,3.0,0.0,0.0,0.0,2.0,1.0,0.0,0,929.0,929.0,889.1372259038258,Y1
1.0,1.0,1.0,-1.0,2.0,0.0,0.0,6.0,-1.0,0,879.0,879.0,940.2918391680583,Y1
1.0,0.0,2.0,0.0,0.0,0.0,0.0,16.0,0.0,0,911.0,911.0,975.9328260781865,Y1
0.0,0.0,0.0,1.0,0.0,0.0,0.0,16.0,0.0,0,987.0,987.0,944.4255170267122,Y1
1.0,0.0,0.0,0.0,1.0,0.0,0.0,12.0,1.0,1,986.0,966.3084983984357,986.0,Y0
0.0,1.0,3.0,1.0,2.0,0.0,0.0,10.0,1.0,0,879.0,879.0,885.8465562399289,Y1
1.0,0.0,2.0,0.0,1.0,0.0,0.0,5.0,1.0,0,905.0,905.0,960.2287462826849,Y1
0.0,1.0,1.0,0.0,2.0,0.0,0.0,9.0,1.0,0,920.0,920.0,957.299499574555,Y1
0.0,0.0,1.0,1.0,0.0,0.0,2.0,2.0,0.0,0,1017.0,1017.0,911.6607127112511,Y1
0.0,1.0,3.0,1.0,2.0,0.0,-1.0,3.0,1.0,0,798.0,798.0,916.0890587091961,Y1
0.0,0.0,0.0,0.0,1.0,1.0,0.0,20.0,0.0,1,942.0,994.9911937357036,942.0,Y0
1.0,1.0,3.0,0.0,0.0,1.0,0.0,8.0,0.0,0,882.0,882.0,893.7447582082752,Y1
0.0,0.0,3.0,0.0,1.0,2.0,0.0,13.0,0.0,0,895.0,895.0,958.6569217992973,Y1
1.0,0.0,0.0,0.0,3.0,0.0,0.0,14.0,0.0,0,982.0,982.0,1000.8962759783382,Y1
1.0,0.0,2.0,1.0,0.0,0.0,0.0,2.0,0.0,1,832.0,897.2238532395455,832.0,Y0
0.0,0.0,4.0,0.0,0.0,1.0,0.0,12.0,0.0,1,1046.0,934.1219881101347,1046.0,Y0
0.0,1.0,3.0,1.0,2.0,0.0,0.0,12.0,1.0,0,997.0,997.0,899.6506818861953,Y1
0.0,0.0,0.0,0.0,3.0,0.0,0.0,11.0,0.0,0,911.0,911.0,955.3072931559265,Y1
0.0,0.0,1.0,0.0,0.0,0.0,0.0,6.0,0.0,0,895.0,895.0,982.3851363641262,Y1
1.0,1.0,3.0,0.0,0.0,1.0,0.0,8.0,0.0,0,895.0,895.0,893.7447582082752,Y1
1.0,0.0,7.0,1.0,0.0,1.0,0.0,5.0,0.0,0,879.0,879.0,872.9644281511041,Y1
1.0,1.0,3.0,1.0,1.0,0.0,2.0,1.0,1.0,0,857.0,857.0,861.1643301428794,Y1
0.0,0.0,3.0,0.0,0.0,1.0,0.0,12.0,0.0,0,950.0,950.0,931.0888561862444,Y1
1.0,0.0,9.0,1.0,3.0,1.0,0.0,6.0,0.0,0,837.0,837.0,849.2130584734357,Y1
0.0,1.0,2.0,1.0,2.0,0.0,2.0,2.0,1.0,1,845.0,906.9020885359827,845.0,Y0
0.0,1.0,3.0,1.0,2.0,0.0,-1.0,14.0,1.0,1,894.0,875.747244680348,894.0,Y0
1.0,0.0,3.0,1.0,0.0,1.0,0.0,8.0,0.0,0,940.0,940.0,890.5999635234342,Y1
0.0,0.0,2.0,0.0,1.0,0.0,-1.0,2.0,0.0,0,1006.0,1006.0,925.9381150923083,Y1
0.0,1.0,1.0,1.0,1.0,0.0,-1.0,12.0,1.0,0,877.0,877.0,917.5145194815705,Y1
1.0,1.0,3.0,1.0,2.0,1.0,0.0,6.0,0.0,1,922.0,837.6045197373422,922.0,Y0
0.0,1.0,3.0,1.0,0.0,1.0,0.0,13.0,0.0,0,881.0,881.0,880.5165697182167,Y1
1.0,1.0,2.0,1.0,2.0,0.0,0.0,12.0,1.0,0,1003.0,1003.0,898.9769653311145,Y1
0.0,0.0,1.0,0.0,2.0,0.0,0.0,9.0,1.0,0,917.0,917.0,970.3045253354039,Y1
1.0,0.0,2.0,0.0,1.0,0.0,0.0,3.0,0.0,0,925.0,925.0,970.5678845059668,Y1
1.0,0.0,1.0,0.0,0.0,1.0,0.0,13.0,0.0,0,900.0,900.0,955.8542671858097,Y1
0.0,0.0,0.0,0.0,0.0,0.0,0.0,2.0,0.0,1,915.0,941.1101117145616,915.0,Y0
0.0,1.0,3.0,1.0,0.0,1.0,3.0,11.0,0.0,0,871.0,871.0,846.9291295137687,Y1
1.0,1.0,3.0,1.0,0.0,0.0,0.0,8.0,0.0,0,863.0,863.0,880.3791888525268,Y1
0.0,0.0,1.0,0.0,0.0,1.0,0.0,8.0,1.0,0,952.0,952.0,972.9113125815669,Y1
1.0,0.0,0.0,1.0,0.0,0.0,0.0,14.0,0.0,0,906.0,906.0,940.8401104260535,Y1
1.0,1.0,2.0,1.0,2.0,1.0,0.0,17.0,0.0,0,877.0,877.0,873.5665514533983,Y1
0.0,1.0,2.0,1.0,2.0,0.0,0.0,6.0,0.0,0,851.0,851.0,941.1684179457254,Y1
1.0,0.0,4.0,1.0,0.0,2.0,0.0,12.0,0.0,0,917.0,917.0,893.771710148977,Y1
1.0,0.0,1.0,1.0,0.0,1.0,0.0,10.0,0.0,0,993.0,993.0,914.555012447616,Y1
1.0,0.0,0.0,0.0,0.0,0.0,3.0,10.0,0.0,0,971.0,971.0,909.1538102001529,Y1
1.0,1.0,2.0,0.0,1.0,0.0,-1.0,10.0,1.0,1,945.0,908.8709176333165,945.0,Y0
1.0,0.0,2.0,0.0,0.0,0.0,0.0,8.0,0.0,0,908.0,908.0,936.6525799303787,Y1
1.0,0.0,1.0,0.0,1.0,0.0,0.0,16.0,0.0,0,1171.0,1171.0,986.1723861704731,Y1
0.0,0.0,4.0,0.0,0.0,1.0,0.0,15.0,0.0,0,1051.0,1051.0,968.1963965019788,Y1
1.0,1.0,3.0,0.0,1.0,0.0,0.0,6.0,0.0,0,971.0,971.0,944.265025759159,Y1
0.0,0.0,2.0,1.0,0.0,0.0,0.0,14.0,0.0,1,852.0,915.9999164329606,852.0,Y0
1.0,1.0,1.0,1.0,2.0,0.0,-1.0,9.0,1.0,0,894.0,894.0,889.5407214589951,Y1
1.0,0.0,3.0,0.0,0.0,0.0,0.0,6.0,0.0,0,889.0,889.0,947.7933811033271,Y1
0.0,0.0,2.0,1.0,2.0,0.0,0.0,9.0,0.0,1,902.0,903.0984902749441,902.0,Y0
0.0,0.0,3.0,1.0,0.0,1.0,0.0,13.0,0.0,0,889.0,889.0,893.5982280758576,Y1
0.0,0.0,0.0,1.0,0.0,1.0,0.0,9.0,0.0,0,867.0,867.0,927.5973390505267,Y1
1.0,0.0,0.0,0.0,3.0,0.0,0.0,13.0,0.0,0,887.0,887.0,960.4439087235866,Y1
1.0,1.0,0.0,0.0,2.0,0.0,2.0,2.0,0.0,1,998.0,906.8645025264162,998.0,Y0
0.0,0.0,4.0,0.0,1.0,0.0,0.0,17.0,0.0,0,910.0,910.0,965.6992977203345,Y1
0.0,0.0,0.0,0.0,0.0,1.0,0.0,9.0,0.0,0,1031.0,1031.0,958.9651328823779,Y1
0.0,0.0,0.0,0.0,1.0,0.0,1.0,0.0,0.0,0,950.0,950.0,944.1846404417676,Y1
1.0,1.0,0.0,1.0,2.0,0.0,0.0,11.0,0.0,0,951.0,951.0,906.321993606943,Y1
0.0,1.0,3.0,1.0,2.0,0.0,2.0,1.0,0.0,1,907.0,895.4883678125527,907.0,Y0
0.0,0.0,3.0,1.0,0.0,0.0,0.0,12.0,0.0,0,901.0,901.0,901.3043752368096,Y1
1.0,0.0,0.0,0.0,0.0,0.0,0.0,8.0,0.0,0,990.0,990.0,953.8299108700371,Y1
1.0,0.0,7.0,0.0,1.0,0.0,0.0,5.0,0.0,1,928.0,922.7127799650586,928.0,Y0
0.0,1.0,3.0,0.0,1.0,0.0,0.0,20.0,1.0,0,1106.0,1106.0,894.2429489493741,Y1
1.0,0.0,1.0,0.0,1.0,1.0,0.0,12.0,0.0,0,1002.0,1002.0,962.7641644491443,Y1
1.0,0.0,0.0,0.0,3.0,0.0,0.0,11.0,0.0,0,898.0,898.0,945.9739543836156,Y1
0.0,0.0,1.0,0.0,0.0,1.0,0.0,4.0,0.0,1,1083.0,963.571090733185,1083.0,Y0
1.0,1.0,1.0,1.0,2.0,0.0,2.0,0.0,0.0,0,851.0,851.0,976.9974730857559,Y1
1.0,0.0,3.0,0.0,3.0,0.0,0.0,8.0,0.0,0,905.0,905.0,908.6688438505395,Y1
1.0,1.0,2.0,1.0,2.0,0.0,0.0,6.0,1.0,0,845.0,845.0,929.9273768540913,Y1
0.0,0.0,2.0,0.0,0.0,1.0,0.0,4.0,0.0,1,996.0,938.8213813216316,996.0,Y0
1.0,1.0,4.0,1.0,2.0,2.0,0.0,8.0,0.0,0,783.0,783.0,847.7221272103975,Y1
1.0,0.0,1.0,1.0,0.0,1.0,0.0,8.0,1.0,0,904.0,904.0,925.6064919767433,Y1
1.0,0.0,3.0,1.0,0.0,0.0,0.0,19.0,0.0,1,909.0,940.6372385974377,909.0,Y0
1.0,0.0,2.0,1.0,0.0,1.0,0.0,15.0,0.0,1,955.0,913.409832228032,955.0,Y0
1.0,1.0,8.0,0.0,0.0,1.0,0.0,7.0,0.0,0,832.0,832.0,891.1748671992174,Y1
1.0,1.0,2.0,0.0,2.0,0.0,2.0,1.0,0.0,1,913.0,894.0622517700107,913.0,Y0
1.0,0.0,2.0,0.0,3.0,0.0,1.0,0.0,0.0,0,826.0,826.0,968.9835606594067,Y1
1.0,0.0,3.0,1.0,3.0,0.0,0.0,13.0,0.0,1,872.0,897.0870204804618,872.0,Y0
1.0,0.0,4.0,1.0,0.0,1.0,0.0,13.0,0.0,0,869.0,869.0,893.0919721881486,Y1
1.0,1.0,3.0,1.0,2.0,1.0,0.0,8.0,0.0,1,855.0,842.6123421101904,855.0,Y0
1.0,0.0,0.0,1.0,0.0,1.0,0.0,8.0,0.0,1,852.0,898.4544489199911,852.0,Y0
1.0,0.0,3.0,0.0,0.0,0.0,0.0,11.0,0.0,1,1028.0,922.4775474879508,1028.0,Y0
0.0,0.0,3.0,0.0,1.0,1.0,0.0,8.0,0.0,0,948.0,948.0,933.971655356736,Y1
1.0,1.0,0.0,1.0,2.0,0.0,0.0,6.0,0.0,0,881.0,881.0,929.0691247450953,Y1
1.0,0.0,3.0,0.0,1.0,0.0,0.0,16.0,1.0,1,1032.0,960.9010636671005,1032.0,Y0
0.0,1.0,2.0,0.0,3.0,1.0,0.0,12.0,0.0,1,876.0,917.7930107004162,876.0,Y0
0.0,0.0,5.0,1.0,0.0,0.0,0.0,19.0,0.0,0,967.0,967.0,901.6331866945891,Y1
1.0,1.0,3.0,1.0,2.0,0.0,0.0,20.0,1.0,0,933.0,933.0,863.3855472996327,Y1
1.0,0.0,2.0,0.0,0.0,1.0,0.0,13.0,0.0,0,856.0,856.0,929.9045251009297,Y1
0.0,1.0,3.0,1.0,2.0,0.0,1.0,1.0,0.0,1,927.0,888.9460041744802,927.0,Y0
0.0,0.0,1.0,0.0,0.0,0.0,1.0,0.0,0.0,0,1014.0,1014.0,960.1970500541347,Y1
0.0,0.0,2.0,0.0,1.0,0.0,0.0,7.0,0.0,0,928.0,928.0,965.3954317239748,Y1
0.0,0.0,1.0,0.0,1.0,0.0,-1.0,5.0,0.0,1,942.0,972.2047273406397,942.0,Y0
0.0,0.0,3.0,0.0,0.0,0.0,0.0,8.0,0.0,1,896.0,906.029272239426,896.0,Y0
0.0,0.0,3.0,0.0,2.0,1.0,1.0,3.0,1.0,0,835.0,835.0,969.226035823071,Y1
0.0,0.0,3.0,0.0,0.0,0.0,0.0,15.0,0.0,1,904.0,938.9073922546987,904.0,Y0
1.0,0.0,3.0,0.0,1.0,1.0,0.0,12.0,0.0,1,948.0,930.3197393675197,948.0,Y0
1.0,0.0,1.0,0.0,0.0,0.0,0.0,13.0,0.0,0,911.0,911.0,960.8027138041866,Y1
1.0,1.0,3.0,0.0,3.0,1.0,0.0,13.0,0.0,1,879.0,880.0983800254412,879.0,Y0
0.0,0.0,1.0,0.0,0.0,1.0,4.0,16.0,0.0,0,1004.0,1004.0,957.3914161629137,Y1
1.0,0.0,8.0,0.0,0.0,0.0,0.0,8.0,0.0,0,922.0,922.0,890.1968164651888,Y1
1.0,1.0,2.0,1.0,2.0,0.0,1.0,0.0,0.0,0,888.0,888.0,993.8038676529825,Y1
1.0,0.0,3.0,0.0,0.0,0.0,0.0,13.0,0.0,0,887.0,887.0,924.6563126207432,Y1
1.0,0.0,0.0,0.0,0.0,3.0,0.0,14.0,0.0,1,1032.0,950.976215068408,1032.0,Y0
1.0,1.0,0.0,1.0,2.0,0.0,0.0,12.0,0.0,0,825.0,825.0,904.597259021059,Y1
1.0,1.0,3.0,1.0,2.0,0.0,1.0,0.0,0.0,0,947.0,947.0,1001.4037516172859,Y1
1.0,0.0,7.0,1.0,0.0,1.0,0.0,13.0,0.0,0,881.0,881.0,874.2164277767001,Y1
1.0,0.0,2.0,1.0,1.0,0.0,2.0,1.0,1.0,0,864.0,864.0,877.0455466450477,Y1
0.0,0.0,2.0,0.0,0.0,0.0,0.0,14.0,0.0,0,993.0,993.0,998.5571181348507,Y1
1.0,0.0,0.0,0.0,1.0,0.0,0.0,5.0,0.0,1,927.0,936.8563915350655,927.0,Y0
0.0,0.0,2.0,1.0,0.0,0.0,0.0,19.0,0.0,1,898.0,959.3949217608046,898.0,Y0
0.0,1.0,1.0,1.0,2.0,0.0,0.0,10.0,1.0,0,1034.0,1034.0,915.7043409772249,Y1
1.0,0.0,1.0,1.0,0.0,0.0,0.0,5.0,0.0,1,816.0,904.6036775462944,816.0,Y0
0.0,0.0,2.0,0.0,0.0,1.0,0.0,17.0,0.0,0,907.0,907.0,957.2346595204905,Y1
1.0,0.0,2.0,0.0,0.0,1.0,0.0,5.0,0.0,1,916.0,907.2347174049271,916.0,Y0
1.0,0.0,0.0,0.0,0.0,0.0,0.0,15.0,0.0,0,979.0,979.0,966.7680843803105,Y1
0.0,0.0,0.0,1.0,0.0,1.0,0.0,21.0,0.0,0,913.0,913.0,950.1336929740872,Y1
0.0,0.0,1.0,0.0,0.0,0.0,0.0,5.0,0.0,0,951.0,951.0,982.3851363641262,Y1
0.0,1.0,2.0,1.0,2.0,0.0,2.0,2.0,1.0,1,934.0,906.9020885359827,934.0,Y0
0.0,0.0,1.0,1.0,0.0,0.0,0.0,5.0,0.0,1,1021.0,913.4012699308471,1021.0,Y0
1.0,1.0,3.0,1.0,2.0,0.0,2.0,1.0,0.0,0,905.0,905.0,858.6813933189392,Y1
0.0,1.0,3.0,1.0,1.0,0.0,0.0,21.0,0.0,1,916.0,883.408342897239,916.0,Y0
1.0,1.0,2.0,1.0,2.0,0.0,-1.0,2.0,0.0,0,846.0,846.0,838.5513317926664,Y1
0.0,0.0,0.0,0.0,3.0,2.0,0.0,12.0,0.0,1,937.0,944.7820438853203,937.0,Y0
1.0,0.0,2.0,0.0,0.0,0.0,0.0,6.0,0.0,1,1017.0,909.4000189406892,1017.0,Y0
0.0,0.0,0.0,0.0,3.0,1.0,0.0,13.0,0.0,1,956.0,956.7918280818479,956.0,Y0
1.0,0.0,0.0,0.0,1.0,0.0,0.0,16.0,0.0,0,907.0,907.0,977.5722701701341,Y1
0.0,1.0,4.0,-1.0,2.0,0.0,-1.0,2.0,-1.0,1,847.0,871.5402047235126,847.0,Y0
0.0,1.0,2.0,1.0,1.0,0.0,-1.0,3.0,0.0,1,949.0,878.613224722767,949.0,Y0
0.0,1.0,3.0,1.0,0.0,0.0,0.0,21.0,0.0,1,807.0,878.7336050798292,807.0,Y0
1.0,0.0,0.0,0.0,0.0,1.0,0.0,4.0,0.0,0,878.0,878.0,984.0729239406485,Y1
0.0,1.0,0.0,1.0,2.0,1.0,0.0,6.0,0.0,1,943.0,883.5133626044154,943.0,Y0
1.0,1.0,0.0,0.0,2.0,0.0,-1.0,14.0,1.0,1,874.0,885.6109705264029,874.0,Y0
1.0,0.0,3.0,1.0,0.0,1.0,0.0,13.0,0.0,0,825.0,825.0,882.0704436372428,Y1
0.0,1.0,5.0,0.0,2.0,0.0,0.0,3.0,1.0,1,1124.0,899.9693857992601,1124.0,Y0
1.0,1.0,2.0,0.0,1.0,0.0,0.0,21.0,1.0,0,1015.0,1015.0,889.9474901280523,Y1
1.0,1.0,1.0,1.0,2.0,0.0,0.0,11.0,0.0,0,773.0,773.0,912.5309830528862,Y1
1.0,1.0,0.0,1.0,2.0,0.0,2.0,1.0,0.0,0,915.0,915.0,872.8116377149894,Y1
0.0,1.0,3.0,1.0,2.0,0.0,0.0,11.0,0.0,0,807.0,807.0,893.5405835146244,Y1
1.0,1.0,3.0,1.0,2.0,1.0,0.0,17.0,0.0,0,934.0,934.0,868.947265430412,Y1
1.0,1.0,0.0,1.0,2.0,0.0,1.0,9.0,1.0,1,901.0,907.2034786004085,901.0,Y0
1.0,0.0,3.0,0.0,0.0,0.0,0.0,6.0,0.0,1,847.0,899.646392458441,847.0,Y0
1.0,0.0,1.0,0.0,0.0,0.0,0.0,12.0,0.0,1,933.0,948.9365395985095,933.0,Y0
1.0,0.0,1.0,0.0,3.0,0.0,1.0,0.0,0.0,0,906.0,906.0,999.8215369064758,Y1
0.0,0.0,2.0,0.0,0.0,0.0,0.0,22.0,0.0,1,937.0,918.5317127842759,937.0,Y0
1.0,0.0,2.0,1.0,0.0,0.0,0.0,13.0,0.0,0,797.0,797.0,906.2006234146363,Y1
1.0,0.0,0.0,0.0,3.0,0.0,-1.0,11.0,0.0,0,900.0,900.0,862.6876607115187,Y1
1.0,0.0,2.0,0.0,1.0,0.0,0.0,15.0,0.0,0,932.0,932.0,961.396767376015,Y1
1.0,0.0,1.0,1.0,0.0,0.0,2.0,1.0,0.0,1,991.0,926.3535896850616,991.0,Y0
0.0,0.0,1.0,0.0,0.0,1.0,3.0,11.0,0.0,0,1024.0,1024.0,931.6625030206511,Y1
1.0,0.0,4.0,0.0,1.0,0.0,0.0,11.0,0.0,1,1041.0,941.138600107021,1041.0,Y0
0.0,1.0,0.0,1.0,2.0,1.0,0.0,22.0,0.0,0,928.0,928.0,881.8117734880566,Y1
1.0,0.0,1.0,0.0,0.0,1.0,0.0,9.0,0.0,0,1181.0,1181.0,963.5609089759222,Y1
1.0,0.0,2.0,0.0,3.0,1.0,0.0,17.0,0.0,1,1046.0,917.9343863671444,1046.0,Y0
1.0,1.0,2.0,0.0,1.0,0.0,0.0,21.0,1.0,0,942.0,942.0,889.9474901280523,Y1
1.0,0.0,1.0,0.0,1.0,0.0,1.0,0.0,0.0,1,914.0,950.1953080738082,914.0,Y0
1.0,0.0,1.0,1.0,0.0,0.0,3.0,27.0,0.0,0,898.0,898.0,889.1487784745982,Y1
1.0,1.0,2.0,1.0,2.0,1.0,0.0,5.0,0.0,0,889.0,889.0,888.8830802185614,Y1
0.0,0.0,1.0,0.0,0.0,3.0,0.0,14.0,0.0,1,1046.0,967.7071661773233,1046.0,Y0
1.0,0.0,2.0,0.0,1.0,0.0,0.0,18.0,0.0,0,927.0,927.0,975.1415744313169,Y1
0.0,0.0,1.0,0.0,0.0,1.0,0.0,12.0,0.0,0,978.0,978.0,970.4548391115959,Y1
0.0,1.0,2.0,1.0,2.0,0.0,0.0,21.0,1.0,1,872.0,911.6290456709919,872.0,Y0
1.0,0.0,0.0,1.0,3.0,2.0,0.0,13.0,0.0,0,898.0,898.0,919.1587050400627,Y1
1.0,0.0,1.0,1.0,0.0,0.0,0.0,15.0,0.0,1,887.0,917.9301118057211,887.0,Y0
1.0,1.0,3.0,1.0,2.0,0.0,0.0,12.0,0.0,0,796.0,796.0,886.0414002131153,Y1
1.0,0.0,2.0,0.0,0.0,1.0,0.0,6.0,0.0,0,909.0,909.0,947.1625226902695,Y1
1.0,0.0,3.0,0.0,0.0,1.0,0.0,3.0,0.0,0,831.0,831.0,936.2103174708392,Y1
1.0,1.0,2.0,1.0,2.0,0.0,0.0,9.0,1.0,0,813.0,813.0,895.0950864103521,Y1
0.0,1.0,2.0,1.0,2.0,0.0,0.0,6.0,0.0,1,1019.0,869.6891880306149,1019.0,Y0
0.0,0.0,3.0,1.0,0.0,0.0,0.0,2.0,0.0,1,882.0,886.7285807068714,882.0,Y0
1.0,0.0,0.0,0.0,0.0,0.0,0.0,5.0,0.0,1,933.0,925.307527549895,933.0,Y0
1.0,0.0,8.0,1.0,0.0,0.0,0.0,12.0,0.0,1,962.0,884.3738829391733,962.0,Y0
1.0,0.0,1.0,0.0,0.0,0.0,3.0,9.0,0.0,0,1116.0,1116.0,922.1195665379698,Y1
1.0,1.0,1.0,1.0,2.0,0.0,0.0,7.0,0.0,0,831.0,831.0,933.8450068020226,Y1
0.0,0.0,0.0,0.0,0.0,0.0,2.0,1.0,0.0,1,868.0,949.4753396136376,868.0,Y0
0.0,0.0,8.0,0.0,0.0,0.0,-1.0,5.0,0.0,0,998.0,998.0,904.7093991289107,Y1
1.0,0.0,1.0,0.0,3.0,1.0,0.0,12.0,0.0,0,1032.0,1032.0,953.8531732680943,Y1
1.0,1.0,3.0,1.0,2.0,0.0,-1.0,3.0,1.0,0,817.0,817.0,922.873456572478,Y1
1.0,0.0,2.0,0.0,0.0,0.0,0.0,6.0,0.0,1,1109.0,909.4000189406892,1109.0,Y0
0.0,1.0,3.0,0.0,2.0,0.0,2.0,2.0,0.0,1,994.0,913.0928533904194,994.0,Y0
0.0,1.0,2.0,1.0,2.0,0.0,0.0,20.0,1.0,0,839.0,839.0,886.0505743725163,Y1
1.0,0.0,1.0,0.0,1.0,0.0,1.0,14.0,0.0,0,768.0,768.0,1007.9753260059559,Y1
1.0,1.0,2.0,1.0,2.0,0.0,-1.0,14.0,1.0,1,857.0,869.9027836347915,857.0,Y0
1.0,0.0,3.0,0.0,0.0,1.0,0.0,8.0,0.0,0,810.0,810.0,925.6213844670748,Y1
0.0,1.0,1.0,1.0,2.0,1.0,0.0,11.0,0.0,0,859.0,859.0,904.4530156599575,Y1
0.0,1.0,2.0,1.0,0.0,0.0,0.0,9.0,0.0,0,920.0,920.0,903.9812288486589,Y1
1.0,0.0,2.0,0.0,1.0,0.0,-1.0,3.0,0.0,0,896.0,896.0,967.5923845826211,Y1
0.0,0.0,0.0,0.0,0.0,1.0,0.0,4.0,0.0,0,963.0,963.0,984.2612778014927,Y1
0.0,1.0,2.0,1.0,2.0,2.0,0.0,8.0,0.0,0,930.0,930.0,860.2840861377692,Y1
0.0,0.0,2.0,0.0,0.0,0.0,0.0,13.0,0.0,0,986.0,986.0,948.5089697846608,Y1
1.0,0.0,3.0,0.0,1.0,1.0,0.0,13.0,0.0,0,968.0,968.0,921.2403363519151,Y1
1.0,0.0,1.0,0.0,3.0,0.0,0.0,14.0,0.0,1,1253.0,960.6084444027557,1253.0,Y0
0.0,0.0,3.0,0.0,1.0,0.0,0.0,7.0,0.0,0,842.0,842.0,959.0260656315272,Y1
0.0,0.0,2.0,0.0,0.0,0.0,0.0,22.0,0.0,1,914.0,918.5317127842759,914.0,Y0
1.0,0.0,1.0,1.0,1.0,0.0,0.0,20.0,1.0,0,958.0,958.0,909.9327607271535,Y1
0.0,0.0,0.0,0.0,1.0,1.0,0.0,8.0,0.0,1,963.0,951.5243563201435,963.0,Y0
0.0,1.0,3.0,1.0,2.0,0.0,2.0,1.0,0.0,0,873.0,873.0,870.8607344065889,Y1
0.0,0.0,1.0,0.0,0.0,0.0,0.0,12.0,0.0,0,894.0,894.0,974.386122157718,Y1
0.0,1.0,0.0,1.0,2.0,0.0,0.0,3.0,1.0,1,1078.0,893.7506889874296,1078.0,Y0
0.0,0.0,2.0,0.0,1.0,1.0,0.0,12.0,0.0,0,854.0,854.0,944.5973359290414,Y1
0.0,0.0,0.0,0.0,0.0,0.0,0.0,19.0,0.0,1,914.0,1008.624859608046,914.0,Y0
0.0,0.0,1.0,1.0,0.0,0.0,2.0,2.0,0.0,0,1071.0,1071.0,911.6607127112511,Y1
0.0,1.0,0.0,1.0,2.0,0.0,1.0,9.0,1.0,1,907.0,925.2725415274849,907.0,Y0
0.0,0.0,0.0,0.0,0.0,0.0,0.0,8.0,0.0,0,951.0,951.0,962.2930014033433,Y1
0.0,1.0,2.0,1.0,2.0,0.0,0.0,14.0,0.0,1,965.0,883.8960244269613,965.0,Y0
1.0,1.0,8.0,1.0,2.0,0.0,0.0,6.0,1.0,0,889.0,889.0,934.5734117433041,Y1
0.0,0.0,0.0,0.0,1.0,0.0,0.0,11.0,0.0,0,841.0,841.0,968.8791976544367,Y1
1.0,1.0,2.0,1.0,1.0,0.0,2.0,5.0,1.0,1,906.0,893.5759690359516,906.0,Y0
1.0,0.0,3.0,0.0,0.0,0.0,0.0,20.0,0.0,1,859.0,948.5012567252023,859.0,Y0
1.0,0.0,2.0,0.0,0.0,1.0,0.0,6.0,0.0,1,918.0,911.7324520675901,918.0,Y0
1.0,1.0,0.0,1.0,2.0,1.0,0.0,10.0,1.0,0,933.0,933.0,868.9799139803217,Y1
0.0,0.0,2.0,1.0,0.0,0.0,0.0,11.0,0.0,1,969.0,911.3874564682757,969.0,Y0
0.0,1.0,2.0,0.0,1.0,0.0,2.0,1.0,1.0,0,991.0,991.0,894.5314186941099,Y1
0.0,0.0,2.0,1.0,0.0,1.0,0.0,6.0,0.0,1,1073.0,910.8592502404575,1073.0,Y0
0.0,0.0,3.0,0.0,1.0,1.0,0.0,14.0,1.0,1,951.0,948.7414283417721,951.0,Y0
1.0,0.0,1.0,0.0,1.0,0.0,0.0,17.0,0.0,0,1010.0,1010.0,965.814139812892,Y1
0.0,1.0,3.0,1.0,1.0,0.0,0.0,8.0,1.0,0,899.0,899.0,895.2055262737233,Y1
1.0,1.0,3.0,0.0,2.0,0.0,0.0,9.0,1.0,0,920.0,920.0,918.256997513854,Y1
0.0,0.0,7.0,1.0,0.0,1.0,0.0,12.0,0.0,0,920.0,920.0,890.0385951426211,Y1
1.0,0.0,0.0,0.0,0.0,0.0,0.0,6.0,0.0,0,924.0,924.0,971.1839902628706,Y1
1.0,1.0,0.0,1.0,2.0,0.0,2.0,1.0,1.0,0,824.0,824.0,892.599696817552,Y1
1.0,1.0,3.0,1.0,2.0,1.0,0.0,11.0,1.0,0,883.0,883.0,868.6562194590351,Y1
1.0,0.0,0.0,0.0,1.0,0.0,0.0,8.0,1.0,0,938.0,938.0,953.8572832024646,Y1
1.0,1.0,1.0,1.0,2.0,0.0,0.0,5.0,0.0,1,864.0,879.9397380571264,864.0,Y0
1.0,1.0,2.0,1.0,0.0,1.0,0.0,13.0,0.0,0,913.0,913.0,883.4034352770683,Y1
0.0,0.0,2.0,0.0,1.0,0.0,0.0,15.0,0.0,0,921.0,921.0,971.3916434607968,Y1
1.0,0.0,3.0,0.0,0.0,1.0,0.0,11.0,0.0,0,1034.0,1034.0,924.7883128464837,Y1
0.0,0.0,1.0,0.0,0.0,1.0,0.0,13.0,0.0,0,1019.0,1019.0,969.5102652511639,Y1
0.0,0.0,2.0,0.0,0.0,0.0,0.0,8.0,0.0,0,1033.0,1033.0,942.4557569309445,Y1
1.0,0.0,0.0,0.0,0.0,0.0,0.0,10.0,0.0,0,961.0,961.0,946.0811916153295,Y1
0.0,0.0,0.0,1.0,0.0,0.0,0.0,8.0,0.0,0,858.0,858.0,930.7914041047483,Y1
0.0,0.0,1.0,0.0,1.0,1.0,0.0,12.0,0.0,1,954.0,968.9801842310436,954.0,Y0
1.0,1.0,2.0,0.0,1.0,0.0,-1.0,12.0,1.0,0,888.0,888.0,909.2425314534904,Y1
0.0,0.0,1.0,1.0,0.0,1.0,0.0,13.0,0.0,0,839.0,839.0,935.922067680765,Y1
0.0,1.0,2.0,1.0,0.0,0.0,0.0,8.0,0.0,0,836.0,836.0,903.9812288486589,Y1
0.0,1.0,3.0,0.0,2.0,1.0,0.0,8.0,0.0,1,1076.0,882.1792968199447,1076.0,Y0
1.0,0.0,2.0,0.0,0.0,1.0,0.0,10.0,0.0,0,942.0,942.0,929.7607238724664,Y1
1.0,0.0,2.0,1.0,0.0,0.0,0.0,12.0,0.0,0,861.0,861.0,912.3810093272263,Y1
1.0,1.0,2.0,1.0,2.0,0.0,0.0,11.0,0.0,1,950.0,867.7791797852291,950.0,Y0
0.0,1.0,3.0,1.0,2.0,0.0,0.0,10.0,1.0,0,1014.0,1014.0,885.8465562399289,Y1
1.0,0.0,1.0,0.0,1.0,0.0,0.0,11.0,0.0,0,975.0,975.0,968.4201820811504,Y1
1.0,0.0,0.0,0.0,1.0,0.0,1.0,0.0,0.0,1,1048.0,928.3531511757471,1048.0,Y0
0.0,0.0,2.0,1.0,3.0,0.0,2.0,5.0,0.0,0,934.0,934.0,936.4177030484648,Y1
0.0,0.0,7.0,0.0,0.0,0.0,0.0,12.0,0.0,1,900.0,936.2032058551634,900.0,Y0
0.0,0.0,2.0,1.0,0.0,0.0,0.0,8.0,0.0,0,956.0,956.0,916.455793080512,Y1
1.0,1.0,2.0,1.0,2.0,1.0,0.0,5.0,0.0,0,857.0,857.0,888.8830802185614,Y1
0.0,0.0,2.0,0.0,2.0,0.0,0.0,9.0,0.0,0,918.0,918.0,941.5114270846041,Y1
0.0,1.0,2.0,1.0,2.0,0.0,0.0,6.0,1.0,0,890.0,890.0,944.7156445508043,Y1
1.0,0.0,0.0,0.0,1.0,0.0,0.0,7.0,0.0,0,949.0,949.0,972.484586981888,Y1
1.0,1.0,3.0,1.0,2.0,0.0,-1.0,6.0,1.0,0,984.0,984.0,887.245478186344,Y1
1.0,3.0,4.0,0.0,0.0,0.0,0.0,14.0,0.0,1,1078.0,913.8671044318629,1078.0,Y0
0.0,0.0,2.0,0.0,0.0,1.0,5.0,11.0,0.0,1,971.0,994.1989938123911,971.0,Y0
0.0,0.0,2.0,0.0,0.0,1.0,0.0,8.0,0.0,1,871.0,932.1746304653473,871.0,Y0
0.0,1.0,2.0,1.0,2.0,1.0,2.0,24.0,0.0,0,1062.0,1062.0,872.5380163283586,Y1
1.0,1.0,3.0,1.0,3.0,0.0,0.0,5.0,0.0,0,891.0,891.0,894.9849181918775,Y1
0.0,1.0,3.0,1.0,2.0,0.0,2.0,1.0,1.0,1,887.0,895.9891084842446,887.0,Y0
0.0,1.0,0.0,0.0,1.0,0.0,0.0,20.0,1.0,0,988.0,988.0,939.3692869699111,Y1
1.0,0.0,1.0,1.0,1.0,1.0,0.0,12.0,0.0,1,918.0,921.8924944152226,918.0,Y0
1.0,0.0,2.0,0.0,1.0,1.0,0.0,15.0,0.0,1,955.0,947.6167957443073,955.0,Y0
1.0,0.0,0.0,0.0,0.0,1.0,0.0,13.0,0.0,0,864.0,864.0,942.5311853611353,Y1
1.0,0.0,2.0,0.0,1.0,0.0,0.0,5.0,0.0,1,970.0,916.4511482631967,970.0,Y0
0.0,0.0,2.0,0.0,0.0,0.0,0.0,4.0,0.0,0,1229.0,1229.0,983.3819840443385,Y1
0.0,1.0,1.0,1.0,2.0,0.0,0.0,6.0,1.0,0,936.0,936.0,958.4419765427874,Y1
0.0,1.0,2.0,1.0,2.0,0.0,-1.0,6.0,1.0,0,968.0,968.0,894.505216500551,Y1
0.0,0.0,0.0,0.0,1.0,0.0,0.0,18.0,0.0,0,919.0,919.0,999.1319378863353,Y1
1.0,1.0,3.0,1.0,2.0,2.0,0.0,8.0,0.0,0,804.0,804.0,843.969184633701,Y1
0.0,0.0,2.0,1.0,0.0,0.0,0.0,20.0,0.0,0,909.0,909.0,898.3180579948165,Y1
1.0,0.0,1.0,1.0,0.0,0.0,2.0,3.0,0.0,1,822.0,901.9889782997925,822.0,Y0
0.0,1.0,1.0,0.0,2.0,0.0,-1.0,10.0,1.0,0,861.0,861.0,909.6003553114627,Y1
1.0,1.0,0.0,1.0,2.0,1.0,0.0,11.0,1.0,0,934.0,934.0,878.8519208056831,Y1
0.0,1.0,1.0,0.0,2.0,0.0,-1.0,2.0,0.0,1,931.0,933.8958031561123,931.0,Y0
1.0,0.0,3.0,0.0,0.0,1.0,4.0,16.0,0.0,0,1031.0,1031.0,944.1633548932937,Y1
1.0,0.0,1.0,0.0,0.0,0.0,0.0,21.0,0.0,1,818.0,947.8095366096999,818.0,Y0
1.0,0.0,0.0,0.0,0.0,1.0,0.0,8.0,0.0,1,852.0,925.6331434412743,852.0,Y0
0.0,0.0,1.0,1.0,3.0,1.0,0.0,17.0,0.0,1,902.0,901.7439100720526,902.0,Y0
1.0,0.0,2.0,0.0,1.0,1.0,0.0,14.0,0.0,0,899.0,899.0,979.9735551019284,Y1
0.0,0.0,2.0,0.0,0.0,0.0,0.0,8.0,0.0,1,949.0,928.6041517900399,949.0,Y0
0.0,0.0,1.0,1.0,0.0,0.0,0.0,6.0,0.0,0,1116.0,1116.0,955.9079016531158,Y1
1.0,1.0,0.0,0.0,1.0,2.0,0.0,12.0,0.0,0,955.0,955.0,931.4473521438795,Y1
1.0,0.0,2.0,0.0,0.0,0.0,0.0,9.0,0.0,0,952.0,952.0,936.6525799303787,Y1
1.0,0.0,2.0,1.0,0.0,1.0,0.0,13.0,0.0,0,802.0,802.0,901.9306918681117,Y1
1.0,0.0,0.0,0.0,1.0,2.0,0.0,12.0,0.0,0,939.0,939.0,962.8176154989008,Y1
0.0,0.0,2.0,0.0,1.0,0.0,0.0,11.0,0.0,0,949.0,949.0,948.5286189751635,Y1
0.0,1.0,0.0,1.0,1.0,0.0,0.0,8.0,1.0,0,902.0,902.0,922.1372263383856,Y1
1.0,1.0,0.0,1.0,2.0,0.0,-1.0,14.0,1.0,1,936.0,879.3295604597785,936.0,Y0
0.0,0.0,3.0,0.0,1.0,0.0,0.0,18.0,0.0,0,1006.0,1006.0,979.1855223313923,Y1
1.0,0.0,1.0,0.0,0.0,1.0,0.0,8.0,0.0,1,914.0,933.4778819336035,914.0,Y0
0.0,0.0,0.0,0.0,0.0,1.0,0.0,11.0,0.0,0,975.0,975.0,962.6882658934073,Y1
1.0,0.0,4.0,1.0,1.0,0.0,0.0,8.0,0.0,0,856.0,856.0,899.2582089869954,Y1
0.0,0.0,2.0,0.0,0.0,1.0,0.0,6.0,0.0,0,949.0,949.0,949.915236961627,Y1
0.0,2.0,0.0,0.0,1.0,0.0,0.0,0.0,0.0,0,956.0,956.0,949.1981729042441,Y1
0.0,0.0,1.0,0.0,0.0,0.0,0.0,2.0,0.0,1,931.0,967.7722815450802,931.0,Y0
0.0,1.0,0.0,1.0,2.0,2.0,0.0,8.0,0.0,0,834.0,834.0,872.0431601151321,Y1
1.0,0.0,0.0,1.0,0.0,1.0,0.0,10.0,0.0,0,948.0,948.0,901.6572127879864,Y1
1.0,0.0,0.0,1.0,0.0,1.0,0.0,10.0,0.0,0,915.0,915.0,901.6572127879864,Y1
0.0,0.0,2.0,0.0,0.0,1.0,0.0,10.0,0.0,0,850.0,850.0,935.9148207025585,Y1
0.0,1.0,0.0,1.0,1.0,1.0,0.0,10.0,0.0,0,898.0,898.0,888.0450607035093,Y1
0.0,0.0,3.0,0.0,1.0,0.0,0.0,12.0,1.0,1,878.0,955.2644518875306,878.0,Y0
1.0,0.0,1.0,0.0,0.0,1.0,0.0,5.0,0.0,1,1006.0,937.4483343804965,1006.0,Y0
1.0,1.0,0.0,1.0,2.0,0.0,2.0,1.0,1.0,1,924.0,892.1369775713491,924.0,Y0
1.0,1.0,2.0,1.0,1.0,0.0,-1.0,4.0,0.0,0,863.0,863.0,957.3882814754948,Y1
0.0,0.0,0.0,0.0,0.0,1.0,0.0,6.0,0.0,1,939.0,960.558950078579,939.0,Y0
1.0,0.0,8.0,1.0,0.0,0.0,0.0,5.0,0.0,1,844.0,878.3130155841089,844.0,Y0
1.0,0.0,0.0,0.0,1.0,0.0,0.0,16.0,0.0,0,1074.0,1074.0,977.5722701701341,Y1
0.0,0.0,1.0,0.0,0.0,0.0,1.0,0.0,0.0,0,1042.0,1042.0,960.1970500541347,Y1
0.0,1.0,0.0,0.0,2.0,0.0,0.0,11.0,0.0,1,1036.0,932.7078283268701,1036.0,Y0
0.0,0.0,0.0,0.0,0.0,0.0,2.0,2.0,0.0,0,886.0,886.0,914.5812849599472,Y1
0.0,0.0,1.0,1.0,0.0,3.0,0.0,10.0,0.0,1,936.0,939.3101989769466,936.0,Y0
0.0,1.0,4.0,1.0,2.0,0.0,0.0,6.0,0.0,1,899.0,853.5986352672469,899.0,Y0
0.0,0.0,3.0,0.0,0.0,1.0,0.0,8.0,1.0,0,856.0,856.0,936.4321807380309,Y1
1.0,1.0,0.0,1.0,1.0,0.0,-1.0,0.0,0.0,0,876.0,876.0,927.7681892560611,Y1
0.0,0.0,1.0,0.0,0.0,2.0,0.0,8.0,0.0,1,818.0,961.5049399499185,818.0,Y0
0.0,1.0,0.0,1.0,2.0,0.0,0.0,6.0,1.0,1,892.0,911.6503095836731,892.0,Y0
0.0,0.0,4.0,1.0,0.0,0.0,0.0,12.0,0.0,1,868.0,899.1001681424447,868.0,Y0
1.0,1.0,5.0,1.0,2.0,0.0,2.0,1.0,0.0,0,938.0,938.0,865.7799974616572,Y1
1.0,0.0,0.0,1.0,0.0,1.0,0.0,5.0,0.0,0,901.0,901.0,915.1351809959449,Y1
0.0,0.0,0.0,0.0,0.0,3.0,3.0,8.0,0.0,1,1007.0,1008.6051991984073,1007.0,Y0
0.0,1.0,3.0,1.0,2.0,1.0,0.0,10.0,1.0,0,884.0,884.0,868.7341946269931,Y1
0.0,0.0,0.0,0.0,0.0,1.0,0.0,4.0,0.0,0,976.0,976.0,984.2612778014927,Y1
0.0,0.0,2.0,0.0,3.0,1.0,0.0,17.0,0.0,1,1087.0,936.1937886255447,1087.0,Y0
0.0,0.0,1.0,1.0,0.0,0.0,-1.0,6.0,0.0,1,903.0,929.8542481741946,903.0,Y0
0.0,0.0,1.0,1.0,0.0,1.0,0.0,8.0,0.0,1,1008.0,911.2762133818276,1008.0,Y0
1.0,0.0,1.0,0.0,1.0,2.0,0.0,12.0,0.0,0,899.0,899.0,984.2147914114465,Y1
0.0,0.0,0.0,0.0,0.0,1.0,0.0,13.0,0.0,0,951.0,951.0,960.8332380289927,Y1
1.0,0.0,1.0,1.0,0.0,0.0,-1.0,2.0,0.0,0,844.0,844.0,916.5804470795864,Y1
1.0,0.0,0.0,1.0,0.0,0.0,0.0,3.0,0.0,0,849.0,849.0,939.8016833100286,Y1
1.0,0.0,2.0,0.0,0.0,0.0,3.0,10.0,0.0,0,1000.0,1000.0,901.2736954436908,Y1
1.0,1.0,2.0,0.0,1.0,1.0,0.0,24.0,0.0,0,906.0,906.0,893.7540691364397,Y1
1.0,0.0,0.0,0.0,0.0,1.0,0.0,7.0,0.0,0,983.0,983.0,951.209223212185,Y1
1.0,0.0,3.0,0.0,0.0,1.0,5.0,11.0,0.0,1,872.0,957.5015254996597,872.0,Y0
0.0,0.0,0.0,0.0,0.0,0.0,0.0,8.0,0.0,1,949.0,943.0173366220187,949.0,Y0
1.0,0.0,3.0,0.0,0.0,0.0,0.0,4.0,0.0,0,930.0,930.0,976.6769856311672,Y1
1.0,0.0,0.0,1.0,0.0,0.0,0.0,15.0,0.0,1,897.0,912.8802645153761,897.0,Y0
1.0,0.0,1.0,0.0,0.0,0.0,0.0,14.0,0.0,1,1133.0,955.5620982364123,1133.0,Y0
0.0,0.0,0.0,0.0,0.0,1.0,0.0,7.0,0.0,0,1124.0,1124.0,959.748738869388,Y1
1.0,0.0,0.0,1.0,0.0,1.0,0.0,13.0,0.0,0,916.0,916.0,903.4212161245204,Y1
1.0,0.0,2.0,1.0,3.0,0.0,0.0,13.0,0.0,1,939.0,905.7247181155012,939.0,Y0
1.0,0.0,2.0,0.0,1.0,0.0,0.0,11.0,0.0,1,869.0,932.6610240204313,869.0,Y0
0.0,0.0,3.0,0.0,1.0,1.0,0.0,12.0,0.0,0,1101.0,1101.0,934.7384291765205,Y1
1.0,1.0,2.0,1.0,2.0,0.0,-1.0,10.0,1.0,0,873.0,873.0,881.6332528097482,Y1
1.0,1.0,1.0,0.0,1.0,1.0,0.0,10.0,0.0,0,868.0,868.0,921.7896383742714,Y1
1.0,0.0,1.0,0.0,0.0,1.0,0.0,13.0,0.0,0,947.0,947.0,955.8542671858097,Y1
0.0,0.0,3.0,1.0,0.0,1.0,4.0,16.0,0.0,0,1042.0,1042.0,900.871282159273,Y1
0.0,0.0,1.0,0.0,0.0,0.0,0.0,16.0,0.0,0,881.0,881.0,993.3945139147212,Y1
1.0,0.0,4.0,0.0,0.0,0.0,0.0,8.0,0.0,1,884.0,901.5519578954335,884.0,Y0
1.0,0.0,2.0,1.0,0.0,1.0,0.0,5.0,0.0,0,827.0,827.0,919.4422515694733,Y1
0.0,0.0,1.0,1.0,0.0,1.0,0.0,5.0,0.0,0,919.0,919.0,944.4252864437485,Y1
0.0,0.0,0.0,0.0,0.0,0.0,0.0,8.0,0.0,0,960.0,960.0,962.2930014033433,Y1
0.0,0.0,0.0,0.0,1.0,0.0,1.0,14.0,0.0,0,882.0,882.0,1011.6320321896088,Y1
0.0,0.0,2.0,0.0,0.0,0.0,0.0,21.0,0.0,1,903.0,942.8670385670441,903.0,Y0
0.0,1.0,8.0,1.0,2.0,1.0,0.0,7.0,0.0,0,904.0,904.0,887.0881421503796,Y1
0.0,1.0,0.0,1.0,0.0,0.0,0.0,16.0,0.0,1,921.0,891.3036026795688,921.0,Y0
1.0,0.0,3.0,1.0,2.0,1.0,1.0,3.0,1.0,0,770.0,770.0,935.225551038972,Y1
0.0,1.0,2.0,1.0,2.0,1.0,0.0,13.0,1.0,1,919.0,893.5361329398185,919.0,Y0
0.0,0.0,2.0,0.0,0.0,0.0,0.0,8.0,0.0,1,991.0,928.6041517900399,991.0,Y0
1.0,0.0,3.0,0.0,0.0,1.0,0.0,13.0,0.0,0,850.0,850.0,917.5907633616389,Y1
1.0,0.0,1.0,1.0,0.0,0.0,0.0,8.0,0.0,1,902.0,899.395179550995,902.0,Y0
1.0,1.0,2.0,1.0,0.0,0.0,0.0,7.0,0.0,0,768.0,768.0,925.2243454915878,Y1
0.0,0.0,1.0,0.0,0.0,0.0,2.0,2.0,0.0,0,1073.0,1073.0,925.735236104454,Y1
0.0,0.0,2.0,1.0,0.0,1.0,0.0,8.0,1.0,0,870.0,870.0,921.9641010334301,Y1
1.0,0.0,1.0,0.0,0.0,2.0,0.0,6.0,0.0,1,927.0,945.3731861323197,927.0,Y0
1.0,0.0,0.0,0.0,0.0,0.0,0.0,19.0,0.0,1,907.0,998.8418006399962,907.0,Y0
0.0,1.0,3.0,1.0,0.0,0.0,0.0,19.0,0.0,1,878.0,924.5653147641937,878.0,Y0
1.0,1.0,0.0,1.0,2.0,0.0,-1.0,6.0,1.0,0,971.0,971.0,884.4054545477986,Y1
1.0,0.0,7.0,1.0,1.0,0.0,0.0,3.0,0.0,1,857.0,897.8887932102265,857.0,Y0
0.0,0.0,1.0,1.0,0.0,0.0,0.0,9.0,0.0,1,934.0,919.8649183249888,934.0,Y0
1.0,1.0,0.0,1.0,1.0,0.0,2.0,1.0,1.0,0,826.0,826.0,894.35474553675,Y1
0.0,1.0,2.0,1.0,2.0,0.0,1.0,9.0,1.0,1,1046.0,917.6626120861939,1046.0,Y0
1.0,0.0,2.0,1.0,0.0,0.0,0.0,6.0,0.0,1,837.0,892.9708817468886,837.0,Y0
0.0,0.0,2.0,1.0,0.0,1.0,0.0,12.0,0.0,0,973.0,973.0,918.6847494673801,Y1
1.0,0.0,1.0,0.0,0.0,0.0,0.0,13.0,0.0,0,1104.0,1104.0,960.8027138041866,Y1
1.0,0.0,3.0,1.0,3.0,0.0,-1.0,11.0,0.0,0,868.0,868.0,814.3728415906639,Y1
1.0,0.0,0.0,0.0,1.0,0.0,-1.0,18.0,1.0,0,841.0,841.0,952.7257732340425,Y1
0.0,0.0,0.0,1.0,0.0,0.0,0.0,12.0,0.0,1,1027.0,914.9180726623201,1027.0,Y0
0.0,1.0,1.0,1.0,2.0,1.0,0.0,15.0,1.0,0,897.0,897.0,921.6287868405469,Y1
1.0,0.0,0.0,0.0,0.0,0.0,-1.0,4.0,0.0,0,837.0,837.0,986.7899967569423,Y1
0.0,0.0,2.0,0.0,0.0,0.0,0.0,3.0,0.0,0,918.0,918.0,956.3502199142707,Y1
0.0,0.0,1.0,0.0,0.0,0.0,0.0,3.0,0.0,0,921.0,921.0,986.4323176391435,Y1
1.0,0.0,1.0,0.0,3.0,2.0,0.0,13.0,0.0,0,996.0,996.0,1024.2876815104626,Y1
0.0,1.0,0.0,1.0,2.0,0.0,0.0,3.0,1.0,1,1164.0,893.7506889874296,1164.0,Y0
0.0,0.0,0.0,0.0,3.0,0.0,1.0,1.0,0.0,1,956.0,962.7794204343629,956.0,Y0
1.0,1.0,0.0,0.0,1.0,0.0,0.0,12.0,0.0,0,936.0,936.0,946.0254340252422,Y1
1.0,0.0,3.0,1.0,0.0,1.0,0.0,5.0,0.0,0,865.0,865.0,899.2474008747051,Y1
0.0,0.0,3.0,1.0,0.0,1.0,0.0,20.0,0.0,0,901.0,901.0,870.761127506071,Y1
1.0,0.0,3.0,0.0,0.0,1.0,0.0,9.0,0.0,0,936.0,936.0,925.6213844670748,Y1
0.0,1.0,2.0,0.0,1.0,1.0,0.0,20.0,0.0,1,911.0,984.8980441178699,911.0,Y0
0.0,0.0,2.0,0.0,3.0,1.0,0.0,13.0,0.0,1,966.0,947.5699128214183,966.0,Y0
1.0,1.0,0.0,1.0,0.0,1.0,0.0,6.0,0.0,0,878.0,878.0,895.9047897181633,Y1
0.0,0.0,2.0,1.0,0.0,0.0,0.0,12.0,0.0,1,852.0,915.9550973863403,852.0,Y0
1.0,1.0,3.0,1.0,2.0,1.0,0.0,17.0,0.0,0,912.0,912.0,868.947265430412,Y1
0.0,0.0,3.0,0.0,0.0,0.0,0.0,8.0,0.0,1,1031.0,906.029272239426,1031.0,Y0
1.0,0.0,0.0,0.0,3.0,0.0,0.0,13.0,0.0,0,870.0,870.0,960.4439087235866,Y1
0.0,0.0,3.0,1.0,0.0,0.0,0.0,16.0,0.0,1,896.0,897.4340419075504,896.0,Y0
0.0,0.0,1.0,0.0,1.0,1.0,0.0,17.0,0.0,1,1090.0,947.6019731286156,1090.0,Y0
1.0,0.0,3.0,0.0,0.0,0.0,0.0,12.0,0.0,1,984.0,923.4159349645656,984.0,Y0
1.0,0.0,1.0,0.0,0.0,0.0,0.0,6.0,0.0,0,918.0,918.0,979.6324220927687,Y1
0.0,0.0,3.0,0.0,3.0,1.0,0.0,12.0,0.0,0,962.0,962.0,920.165793245605,Y1
0.0,0.0,4.0,0.0,0.0,0.0,0.0,3.0,0.0,0,829.0,829.0,954.359629553296,Y1
0.0,0.0,1.0,0.0,0.0,0.0,0.0,6.0,0.0,1,939.0,963.5471310885831,939.0,Y0
1.0,0.0,1.0,0.0,1.0,0.0,-1.0,15.0,0.0,1,1030.0,915.0835050127669,1030.0,Y0
0.0,0.0,2.0,0.0,3.0,0.0,1.0,0.0,0.0,0,955.0,955.0,916.5019638843496,Y1
1.0,1.0,3.0,1.0,2.0,0.0,-1.0,2.0,0.0,0,870.0,870.0,836.990341657476,Y1
0.0,1.0,2.0,1.0,2.0,1.0,0.0,11.0,1.0,0,839.0,839.0,886.9782751782662,Y1
0.0,1.0,1.0,1.0,2.0,1.0,0.0,5.0,0.0,0,943.0,943.0,916.2286117166511,Y1
1.0,1.0,1.0,0.0,1.0,0.0,0.0,21.0,0.0,1,1004.0,942.9485550084448,1004.0,Y0
0.0,0.0,0.0,0.0,0.0,0.0,0.0,4.0,0.0,1,911.0,950.8063393858992,911.0,Y0
0.0,1.0,2.0,1.0,2.0,0.0,0.0,14.0,0.0,1,831.0,883.8960244269613,831.0,Y0
0.0,0.0,2.0,1.0,0.0,1.0,5.0,11.0,0.0,1,842.0,974.9744567938596,842.0,Y0
1.0,0.0,2.0,0.0,1.0,0.0,0.0,8.0,0.0,0,892.0,892.0,936.7448188327041,Y1
0.0,1.0,0.0,1.0,1.0,0.0,0.0,8.0,1.0,0,907.0,907.0,922.1372263383856,Y1
1.0,0.0,2.0,0.0,0.0,1.0,0.0,15.0,0.0,0,954.0,954.0,960.4883579826109,Y1
1.0,0.0,7.0,0.0,0.0,0.0,2.0,1.0,0.0,1,887.0,929.5863597107943,887.0,Y0
0.0,1.0,3.0,1.0,2.0,0.0,0.0,5.0,0.0,1,999.0,865.0560255998317,999.0,Y0
0.0,1.0,1.0,1.0,2.0,1.0,0.0,11.0,0.0,0,867.0,867.0,904.4530156599575,Y1
1.0,0.0,2.0,0.0,1.0,0.0,0.0,17.0,0.0,0,970.0,970.0,945.8784499750567,Y1
1.0,0.0,3.0,1.0,3.0,0.0,0.0,11.0,0.0,1,811.0,892.974590494884,811.0,Y0
1.0,0.0,4.0,0.0,2.0,0.0,0.0,9.0,1.0,0,860.0,860.0,941.6855973235989,Y1
1.0,0.0,1.0,1.0,0.0,1.0,0.0,13.0,0.0,0,1034.0,1034.0,915.0227929914028,Y1
0.0,0.0,14.0,1.0,0.0,0.0,0.0,9.0,0.0,0,902.0,902.0,986.6984832120025,Y1
0.0,0.0,3.0,1.0,3.0,1.0,0.0,4.0,0.0,0,971.0,971.0,905.0559952217998,Y1
0.0,0.0,0.0,0.0,0.0,1.0,0.0,12.0,0.0,0,973.0,973.0,960.9635313075233,Y1
1.0,1.0,3.0,1.0,2.0,2.0,0.0,8.0,0.0,0,820.0,820.0,843.969184633701,Y1
0.0,0.0,0.0,0.0,3.0,0.0,0.0,5.0,0.0,0,939.0,939.0,966.5420734076641,Y1
1.0,1.0,2.0,0.0,2.0,0.0,0.0,6.0,1.0,0,951.0,951.0,953.748005596788,Y1
0.0,1.0,2.0,0.0,0.0,0.0,0.0,6.0,0.0,1,961.0,910.3318417525089,961.0,Y0
1.0,0.0,0.0,0.0,0.0,1.0,0.0,8.0,0.0,1,873.0,925.6331434412743,873.0,Y0
1.0,0.0,0.0,1.0,1.0,0.0,0.0,12.0,1.0,1,839.0,939.8213566258025,839.0,Y0
1.0,0.0,3.0,1.0,1.0,2.0,0.0,13.0,0.0,0,957.0,957.0,879.2022051035026,Y1
1.0,0.0,2.0,0.0,0.0,0.0,0.0,6.0,0.0,0,956.0,956.0,957.758348965887,Y1
1.0,0.0,1.0,1.0,0.0,0.0,0.0,4.0,0.0,1,937.0,904.3772850686447,937.0,Y0
0.0,0.0,0.0,1.0,1.0,0.0,-1.0,0.0,0.0,1,901.0,893.9401951288777,901.0,Y0
1.0,1.0,2.0,1.0,2.0,0.0,1.0,1.0,0.0,1,897.0,883.0869222464079,897.0,Y0
1.0,0.0,3.0,0.0,0.0,1.0,0.0,8.0,0.0,0,849.0,849.0,925.6213844670748,Y1
1.0,1.0,3.0,1.0,2.0,1.0,4.0,12.0,0.0,1,900.0,917.4481787727076,900.0,Y0
1.0,0.0,2.0,0.0,1.0,0.0,0.0,12.0,0.0,0,906.0,906.0,941.125596534222,Y1
0.0,0.0,3.0,0.0,0.0,0.0,0.0,20.0,0.0,1,952.0,952.6674447666425,952.0,Y0
1.0,0.0,0.0,1.0,0.0,0.0,0.0,12.0,0.0,1,848.0,909.99063942525,848.0,Y0
1.0,0.0,2.0,1.0,0.0,0.0,0.0,12.0,0.0,0,847.0,847.0,912.3810093272263,Y1
0.0,1.0,0.0,0.0,2.0,0.0,1.0,9.0,1.0,1,947.0,961.1947781088767,947.0,Y0
1.0,1.0,0.0,1.0,2.0,0.0,0.0,6.0,0.0,1,937.0,867.794512992071,937.0,Y0
1.0,0.0,9.0,0.0,1.0,2.0,0.0,13.0,0.0,0,924.0,924.0,914.109154038845,Y1
0.0,1.0,1.0,0.0,1.0,1.0,0.0,15.0,1.0,0,929.0,929.0,967.5931362214145,Y1
1.0,0.0,3.0,1.0,0.0,0.0,0.0,3.0,0.0,0,906.0,906.0,916.9595434255544,Y1
0.0,1.0,3.0,1.0,2.0,0.0,1.0,0.0,0.0,0,805.0,805.0,968.6046753705615,Y1
0.0,0.0,0.0,0.0,0.0,1.0,0.0,15.0,0.0,0,1054.0,1054.0,981.4887931473579,Y1
1.0,0.0,3.0,0.0,1.0,0.0,1.0,0.0,0.0,0,886.0,886.0,979.6227520113888,Y1
0.0,1.0,0.0,1.0,0.0,0.0,0.0,6.0,0.0,0,962.0,962.0,950.154545702211,Y1
0.0,0.0,3.0,-1.0,0.0,0.0,0.0,15.0,-1.0,0,930.0,930.0,917.3154071687129,Y1
0.0,1.0,2.0,1.0,1.0,0.0,-1.0,3.0,0.0,1,993.0,878.613224722767,993.0,Y0
0.0,0.0,3.0,1.0,1.0,0.0,0.0,8.0,0.0,0,939.0,939.0,899.4722238659479,Y1
1.0,1.0,1.0,1.0,2.0,1.0,0.0,22.0,0.0,0,855.0,855.0,904.4715066478918,Y1
0.0,0.0,0.0,0.0,0.0,1.0,0.0,17.0,0.0,0,836.0,836.0,967.4502178445862,Y1
0.0,0.0,3.0,1.0,0.0,0.0,0.0,7.0,0.0,1,907.0,877.7675610849907,907.0,Y0
0.0,1.0,1.0,1.0,1.0,2.0,0.0,12.0,0.0,0,906.0,906.0,892.564829695726,Y1
1.0,0.0,0.0,0.0,0.0,0.0,0.0,8.0,0.0,1,997.0,920.0990295545955,997.0,Y0
0.0,0.0,3.0,0.0,0.0,0.0,0.0,9.0,0.0,1,908.0,923.1298080010234,908.0,Y0
0.0,2.0,5.0,0.0,3.0,1.0,0.0,12.0,0.0,1,834.0,927.6899349073847,834.0,Y0
0.0,0.0,2.0,1.0,0.0,0.0,0.0,5.0,0.0,0,877.0,877.0,940.236374531695,Y1
0.0,0.0,3.0,0.0,0.0,1.0,0.0,10.0,0.0,0,894.0,894.0,922.4985798620869,Y1
1.0,1.0,1.0,1.0,2.0,0.0,2.0,1.0,0.0,1,882.0,909.0862300737774,882.0,Y0
0.0,1.0,5.0,1.0,2.0,1.0,0.0,7.0,0.0,0,960.0,960.0,889.8573706678184,Y1
1.0,0.0,0.0,0.0,0.0,1.0,0.0,13.0,0.0,0,927.0,927.0,942.5311853611353,Y1
1.0,0.0,0.0,0.0,0.0,1.0,0.0,8.0,0.0,0,1141.0,1141.0,948.5159012793089,Y1
0.0,0.0,3.0,0.0,0.0,0.0,0.0,2.0,0.0,1,848.0,917.6174832754516,848.0,Y0
0.0,1.0,1.0,1.0,3.0,1.0,0.0,6.0,0.0,0,861.0,861.0,905.3432129174471,Y1
1.0,1.0,2.0,1.0,2.0,0.0,1.0,9.0,1.0,1,824.0,896.7308136337967,824.0,Y0
1.0,0.0,0.0,0.0,0.0,1.0,0.0,5.0,0.0,0,931.0,931.0,953.9915881205379,Y1
0.0,0.0,0.0,0.0,0.0,0.0,-1.0,2.0,0.0,0,905.0,905.0,939.3843450969576,Y1
0.0,0.0,0.0,0.0,0.0,1.0,0.0,11.0,0.0,0,887.0,887.0,962.6882658934073,Y1
1.0,1.0,0.0,0.0,2.0,1.0,1.0,3.0,1.0,0,849.0,849.0,966.4515255381915,Y1
1.0,0.0,0.0,0.0,1.0,0.0,0.0,17.0,0.0,0,871.0,871.0,957.2140238125529,Y1
1.0,1.0,0.0,0.0,1.0,0.0,-1.0,4.0,0.0,0,1010.0,1010.0,980.26581743561,Y1
1.0,1.0,0.0,1.0,2.0,0.0,2.0,2.0,1.0,1,948.0,886.4742987789302,948.0,Y0
0.0,0.0,3.0,0.0,1.0,0.0,-1.0,0.0,0.0,1,890.0,914.5200792779249,890.0,Y0
1.0,0.0,0.0,0.0,1.0,0.0,5.0,3.0,0.0,0,1106.0,1106.0,938.7274431125311,Y1
0.0,0.0,0.0,0.0,0.0,0.0,0.0,8.0,0.0,0,891.0,891.0,962.2930014033433,Y1
0.0,0.0,3.0,1.0,3.0,0.0,0.0,11.0,0.0,1,847.0,906.5407052780639,847.0,Y0
1.0,0.0,3.0,0.0,1.0,0.0,0.0,12.0,0.0,0,956.0,956.0,934.4862715236093,Y1
1.0,0.0,0.0,0.0,0.0,1.0,0.0,13.0,0.0,0,962.0,962.0,942.5311853611353,Y1
1.0,0.0,2.0,1.0,0.0,0.0,0.0,5.0,0.0,0,926.0,926.0,929.3595627732385,Y1
0.0,1.0,1.0,1.0,2.0,0.0,2.0,0.0,0.0,0,875.0,875.0,951.0374376209137,Y1
1.0,1.0,0.0,1.0,2.0,0.0,2.0,2.0,0.0,1,844.0,886.9621965428162,844.0,Y0
0.0,0.0,2.0,0.0,0.0,1.0,0.0,11.0,0.0,0,908.0,908.0,944.5050970267159,Y1
0.0,0.0,2.0,1.0,0.0,1.0,4.0,16.0,0.0,0,1120.0,1120.0,930.7878466789161,Y1
0.0,0.0,2.0,1.0,0.0,0.0,0.0,6.0,0.0,0,813.0,813.0,941.8016785372971,Y1
1.0,1.0,1.0,1.0,2.0,0.0,2.0,0.0,0.0,0,850.0,850.0,976.9974730857559,Y1
0.0,5.0,3.0,1.0,0.0,1.0,0.0,13.0,0.0,0,807.0,807.0,880.1749431916584,Y1
1.0,0.0,3.0,1.0,0.0,1.0,0.0,5.0,0.0,0,862.0,862.0,899.2474008747051,Y1
1.0,0.0,9.0,1.0,0.0,0.0,0.0,4.0,0.0,0,889.0,889.0,901.9027070541413,Y1
0.0,0.0,3.0,0.0,1.0,0.0,0.0,18.0,0.0,0,969.0,969.0,979.1855223313923,Y1
0.0,1.0,0.0,1.0,2.0,0.0,2.0,0.0,0.0,0,852.0,852.0,934.253890219672,Y1
0.0,0.0,1.0,0.0,0.0,0.0,0.0,2.0,0.0,0,975.0,975.0,963.8346206497118,Y1
1.0,0.0,0.0,1.0,0.0,0.0,0.0,5.0,0.0,1,917.0,898.1288330286118,917.0,Y0
1.0,0.0,3.0,0.0,0.0,0.0,0.0,7.0,0.0,0,790.0,790.0,952.5855106877319,Y1
0.0,0.0,0.0,1.0,0.0,1.0,0.0,12.0,0.0,0,933.0,933.0,929.0968386949165,Y1
0.0,0.0,2.0,0.0,3.0,0.0,1.0,1.0,0.0,1,865.0,955.8124638901821,865.0,Y0
1.0,0.0,1.0,0.0,0.0,0.0,2.0,3.0,1.0,0,822.0,822.0,910.4375363335322,Y1
0.0,1.0,0.0,1.0,1.0,0.0,0.0,3.0,0.0,1,948.0,894.516769309206,948.0,Y0
1.0,0.0,1.0,0.0,1.0,1.0,0.0,22.0,0.0,0,973.0,973.0,966.641010577461,Y1
0.0,1.0,3.0,1.0,2.0,0.0,0.0,10.0,1.0,0,947.0,947.0,885.8465562399289,Y1
0.0,1.0,1.0,1.0,2.0,0.0,0.0,6.0,1.0,0,834.0,834.0,958.4419765427874,Y1
1.0,0.0,2.0,0.0,3.0,1.0,0.0,4.0,0.0,0,961.0,961.0,951.3028920906144,Y1
1.0,0.0,2.0,0.0,0.0,0.0,2.0,2.0,0.0,0,913.0,913.0,902.7179892679814,Y1
0.0,1.0,3.0,1.0,2.0,0.0,0.0,3.0,1.0,0,1015.0,1015.0,968.3085897819681,Y1
1.0,0.0,3.0,1.0,0.0,1.0,0.0,10.0,0.0,0,868.0,868.0,881.9266424087795,Y1
1.0,0.0,3.0,1.0,0.0,0.0,0.0,6.0,0.0,0,1038.0,1038.0,912.1146750849322,Y1
1.0,0.0,3.0,1.0,0.0,1.0,0.0,3.0,0.0,0,816.0,816.0,908.2765561135931,Y1
0.0,0.0,1.0,1.0,3.0,0.0,0.0,17.0,0.0,0,949.0,949.0,959.6787378945291,Y1
0.0,0.0,1.0,0.0,3.0,0.0,0.0,14.0,0.0,0,1050.0,1050.0,1025.8063304305815,Y1
1.0,0.0,2.0,0.0,0.0,1.0,0.0,12.0,0.0,0,926.0,926.0,937.1020745857745,Y1
1.0,1.0,1.0,1.0,2.0,1.0,0.0,17.0,0.0,0,952.0,952.0,883.7916175386135,Y1
0.0,1.0,3.0,1.0,2.0,0.0,-1.0,2.0,0.0,0,869.0,869.0,850.0111380029064,Y1
0.0,1.0,2.0,1.0,0.0,0.0,-1.0,5.0,0.0,0,818.0,818.0,906.2155117395607,Y1
1.0,0.0,2.0,1.0,0.0,1.0,0.0,12.0,0.0,1,969.0,902.8770691384993,969.0,Y0
0.0,1.0,3.0,1.0,2.0,0.0,2.0,1.0,0.0,1,911.0,895.4883678125527,911.0,Y0
0.0,1.0,2.0,0.0,0.0,0.0,0.0,11.0,0.0,0,871.0,871.0,931.4183258660286,Y1
0.0,0.0,3.0,0.0,1.0,0.0,1.0,0.0,0.0,0,870.0,870.0,926.8319759757824,Y1
1.0,0.0,2.0,0.0,0.0,0.0,0.0,3.0,0.0,0,956.0,956.0,956.7345190094832,Y1
0.0,0.0,0.0,0.0,0.0,1.0,0.0,12.0,0.0,0,927.0,927.0,960.9635313075233,Y1
0.0,1.0,3.0,1.0,2.0,0.0,-1.0,2.0,0.0,0,879.0,879.0,850.0111380029064,Y1
1.0,0.0,1.0,1.0,0.0,0.0,1.0,0.0,0.0,0,946.0,946.0,969.1566939687472,Y1
1.0,1.0,1.0,1.0,2.0,0.0,-1.0,10.0,1.0,0,894.0,894.0,889.5031386949847,Y1
1.0,0.0,1.0,1.0,0.0,0.0,0.0,19.0,0.0,0,967.0,967.0,916.9889245062703,Y1
1.0,0.0,3.0,0.0,0.0,1.0,0.0,4.0,0.0,1,957.0,894.1494494795191,957.0,Y0
0.0,1.0,1.0,1.0,3.0,0.0,2.0,1.0,0.0,1,932.0,928.3778981917125,932.0,Y0
1.0,0.0,3.0,1.0,0.0,1.0,0.0,9.0,0.0,1,981.0,883.4971715764702,981.0,Y0
1.0,0.0,2.0,0.0,0.0,1.0,0.0,6.0,0.0,1,973.0,911.7324520675901,973.0,Y0
1.0,0.0,1.0,0.0,0.0,0.0,0.0,20.0,0.0,0,1062.0,1062.0,947.6563017461673,Y1
1.0,0.0,2.0,1.0,3.0,1.0,0.0,7.0,0.0,1,905.0,895.7646288259791,905.0,Y0
0.0,0.0,1.0,0.0,3.0,0.0,0.0,14.0,0.0,1,938.0,973.40393909714,938.0,Y0
1.0,1.0,0.0,1.0,2.0,0.0,0.0,10.0,1.0,0,990.0,990.0,893.6142958739451,Y1
0.0,1.0,2.0,1.0,1.0,1.0,0.0,10.0,0.0,0,876.0,876.0,877.4079775283025,Y1
0.0,1.0,0.0,1.0,2.0,1.0,0.0,10.0,1.0,0,847.0,847.0,889.0250820293156,Y1
1.0,0.0,0.0,1.0,3.0,1.0,0.0,17.0,0.0,1,961.0,892.836410134265,961.0,Y0
1.0,0.0,1.0,0.0,0.0,1.0,0.0,12.0,0.0,0,877.0,877.0,963.0518166706545,Y1
0.0,0.0,3.0,0.0,0.0,2.0,0.0,6.0,0.0,1,1003.0,923.5116197336753,1003.0,Y0
1.0,0.0,1.0,0.0,1.0,0.0,0.0,3.0,0.0,0,1004.0,1004.0,1000.2700911070041,Y1
0.0,1.0,2.0,1.0,1.0,0.0,-1.0,0.0,0.0,0,886.0,886.0,946.4976889587543,Y1
0.0,1.0,1.0,1.0,0.0,0.0,0.0,3.0,0.0,0,870.0,870.0,971.2491314589545,Y1
0.0,0.0,0.0,0.0,1.0,0.0,0.0,16.0,0.0,0,1141.0,1141.0,990.2270597876562,Y1
0.0,1.0,4.0,0.0,1.0,0.0,0.0,21.0,0.0,1,957.0,925.0116808806953,957.0,Y0
0.0,0.0,3.0,0.0,0.0,1.0,0.0,3.0,0.0,0,821.0,821.0,935.8642860577884,Y1
0.0,1.0,3.0,1.0,3.0,0.0,-1.0,11.0,0.0,0,860.0,860.0,821.0678940115756,Y1
0.0,0.0,3.0,0.0,2.0,1.0,0.0,11.0,0.0,0,975.0,975.0,933.7018604278546,Y1
1.0,0.0,3.0,0.0,1.0,0.0,0.0,17.0,0.0,0,863.0,863.0,942.4217035770539,Y1
1.0,0.0,1.0,0.0,0.0,1.0,0.0,11.0,0.0,0,1060.0,1060.0,964.7765512565385,Y1
0.0,0.0,2.0,1.0,0.0,0.0,0.0,15.0,0.0,0,917.0,917.0,924.1773188636275,Y1
1.0,1.0,3.0,1.0,1.0,0.0,0.0,6.0,0.0,0,865.0,865.0,913.1298097157205,Y1
1.0,0.0,0.0,0.0,0.0,1.0,0.0,6.0,0.0,0,1026.0,1026.0,953.9915881205379,Y1
1.0,1.0,3.0,1.0,2.0,0.0,-1.0,2.0,0.0,1,837.0,854.6017837603981,837.0,Y0
0.0,0.0,2.0,1.0,0.0,1.0,0.0,8.0,0.0,1,954.0,898.851750670576,954.0,Y0
1.0,1.0,1.0,1.0,1.0,0.0,0.0,21.0,0.0,1,946.0,904.1579006594629,946.0,Y0
1.0,0.0,1.0,0.0,1.0,0.0,0.0,5.0,0.0,1,1027.0,944.7011300273947,1027.0,Y0
0.0,1.0,3.0,1.0,1.0,0.0,1.0,0.0,0.0,1,1077.0,884.8941853981311,1077.0,Y0
1.0,0.0,2.0,1.0,3.0,0.0,1.0,1.0,0.0,1,881.0,902.4145076533683,881.0,Y0
1.0,1.0,2.0,1.0,2.0,0.0,0.0,5.0,1.0,0,837.0,837.0,929.9273768540913,Y1
1.0,0.0,1.0,1.0,0.0,1.0,0.0,15.0,0.0,1,841.0,924.6664046354375,841.0,Y0
0.0,1.0,2.0,0.0,2.0,0.0,0.0,20.0,1.0,0,962.0,962.0,902.3525513741347,Y1
1.0,0.0,0.0,1.0,0.0,0.0,0.0,11.0,0.0,1,1020.0,903.9980012798478,1020.0,Y0
0.0,0.0,1.0,0.0,3.0,0.0,0.0,3.0,0.0,0,1062.0,1062.0,994.6833323361797,Y1
0.0,1.0,1.0,0.0,1.0,0.0,0.0,20.0,1.0,0,1082.0,1082.0,944.6144964511143,Y1
1.0,0.0,0.0,-1.0,0.0,1.0,0.0,8.0,-1.0,1,892.0,966.4527013274826,892.0,Y0
1.0,0.0,1.0,1.0,0.0,1.0,0.0,8.0,0.0,1,1181.0,904.9292934376738,1181.0,Y0
1.0,0.0,1.0,0.0,0.0,0.0,0.0,3.0,0.0,1,1019.0,932.0262791045222,1019.0,Y0
0.0,0.0,3.0,0.0,0.0,1.0,0.0,12.0,0.0,0,901.0,901.0,931.0888561862444,Y1
1.0,0.0,0.0,0.0,0.0,0.0,2.0,3.0,0.0,1,855.0,911.002804423945,855.0,Y0
1.0,0.0,3.0,1.0,0.0,0.0,0.0,3.0,0.0,0,820.0,820.0,916.9595434255544,Y1
0.0,1.0,2.0,1.0,1.0,0.0,0.0,3.0,0.0,1,984.0,885.4461490417151,984.0,Y0
1.0,0.0,2.0,1.0,0.0,1.0,0.0,8.0,0.0,0,914.0,914.0,910.4602117543031,Y1
0.0,1.0,2.0,1.0,2.0,0.0,0.0,14.0,0.0,1,878.0,883.8960244269613,878.0,Y0
1.0,1.0,0.0,1.0,2.0,0.0,0.0,14.0,0.0,1,836.0,882.2030247143201,836.0,Y0
0.0,0.0,2.0,0.0,0.0,0.0,0.0,11.0,0.0,1,943.0,946.9866307229146,943.0,Y0
1.0,0.0,7.0,0.0,1.0,0.0,5.0,3.0,0.0,0,847.0,847.0,902.9291032576702,Y1
1.0,0.0,0.0,0.0,0.0,0.0,-1.0,9.0,0.0,0,946.0,946.0,905.2488726583823,Y1
0.0,0.0,1.0,0.0,3.0,0.0,0.0,14.0,0.0,1,987.0,973.40393909714,987.0,Y0
0.0,1.0,0.0,1.0,0.0,0.0,0.0,10.0,0.0,0,921.0,921.0,913.0440876094149,Y1
1.0,1.0,0.0,0.0,1.0,2.0,0.0,13.0,0.0,0,931.0,931.0,940.9280804006974,Y1
1.0,0.0,0.0,1.0,0.0,0.0,-1.0,1.0,0.0,1,891.0,882.8172350676256,891.0,Y0
0.0,1.0,2.0,1.0,3.0,0.0,2.0,5.0,0.0,0,870.0,870.0,937.3609138082498,Y1
0.0,1.0,0.0,1.0,2.0,1.0,0.0,11.0,0.0,0,846.0,846.0,896.5987878604475,Y1
0.0,0.0,3.0,0.0,1.0,0.0,5.0,3.0,0.0,0,1000.0,1000.0,927.558681669218,Y1
0.0,0.0,2.0,0.0,0.0,1.0,0.0,13.0,0.0,0,920.0,920.0,943.5605231662839,Y1
1.0,0.0,2.0,1.0,0.0,0.0,0.0,3.0,0.0,1,913.0,887.6980161424063,913.0,Y0
1.0,1.0,1.0,0.0,2.0,0.0,0.0,9.0,1.0,0,868.0,868.0,949.4945825815987,Y1
1.0,0.0,0.0,0.0,0.0,2.0,0.0,8.0,0.0,1,934.0,930.2137435142922,934.0,Y0
0.0,1.0,0.0,1.0,3.0,0.0,1.0,0.0,0.0,0,893.0,893.0,929.1637911570823,Y1
1.0,0.0,3.0,0.0,0.0,0.0,-1.0,12.0,0.0,1,889.0,907.5860591283769,889.0,Y0
0.0,0.0,2.0,0.0,3.0,0.0,0.0,5.0,0.0,0,986.0,986.0,952.8995435623107,Y1
0.0,1.0,3.0,0.0,1.0,1.0,0.0,4.0,0.0,1,907.0,898.7666850576239,907.0,Y0
0.0,1.0,2.0,1.0,1.0,0.0,2.0,5.0,1.0,1,978.0,914.0016870342156,978.0,Y0
0.0,0.0,3.0,0.0,3.0,0.0,2.0,5.0,0.0,0,945.0,945.0,953.4677604676721,Y1
0.0,1.0,3.0,1.0,2.0,1.0,0.0,13.0,1.0,1,881.0,880.1597871081768,881.0,Y0
1.0,0.0,1.0,0.0,1.0,0.0,0.0,16.0,1.0,1,987.0,979.0816369031882,987.0,Y0
0.0,0.0,1.0,1.0,0.0,1.0,0.0,8.0,0.0,1,1011.0,911.2762133818276,1011.0,Y0
0.0,1.0,1.0,1.0,2.0,0.0,-1.0,2.0,0.0,0,850.0,850.0,875.1864761829444,Y1
0.0,0.0,2.0,1.0,3.0,0.0,0.0,17.0,0.0,0,863.0,863.0,945.8591124096929,Y1
0.0,0.0,0.0,0.0,1.0,0.0,0.0,5.0,0.0,1,925.0,960.3438800128235,925.0,Y0
0.0,0.0,1.0,1.0,3.0,0.0,0.0,14.0,0.0,0,777.0,777.0,974.9344591869502,Y1
1.0,0.0,1.0,0.0,1.0,2.0,0.0,12.0,0.0,0,1071.0,1071.0,984.2147914114465,Y1
1.0,0.0,3.0,0.0,1.0,1.0,0.0,7.0,0.0,1,930.0,904.8107645096202,930.0,Y0
1.0,0.0,3.0,1.0,0.0,1.0,0.0,8.0,0.0,1,897.0,871.878174921586,897.0,Y0
0.0,0.0,1.0,0.0,0.0,1.0,0.0,4.0,0.0,1,1068.0,963.571090733185,1068.0,Y0
1.0,0.0,0.0,0.0,0.0,0.0,0.0,4.0,0.0,0,924.0,924.0,1001.2653260829811,Y1
1.0,0.0,0.0,1.0,3.0,2.0,0.0,13.0,0.0,0,837.0,837.0,919.1587050400627,Y1
1.0,0.0,2.0,1.0,0.0,0.0,0.0,4.0,0.0,1,1024.0,888.2467546065759,1024.0,Y0
0.0,1.0,1.0,0.0,0.0,1.0,0.0,8.0,0.0,1,821.0,931.9252906723461,821.0,Y0
0.0,0.0,0.0,0.0,0.0,0.0,0.0,3.0,0.0,1,1031.0,943.1253252115779,1031.0,Y0
0.0,0.0,4.0,1.0,3.0,0.0,0.0,8.0,0.0,0,891.0,891.0,884.0032269224558,Y1
0.0,1.0,2.0,1.0,2.0,0.0,0.0,24.0,1.0,0,953.0,953.0,871.062817140954,Y1
0.0,1.0,2.0,1.0,2.0,0.0,-1.0,6.0,1.0,0,917.0,917.0,894.505216500551,Y1
0.0,1.0,1.0,1.0,2.0,0.0,2.0,1.0,0.0,0,990.0,990.0,906.3611076289403,Y1
1.0,0.0,1.0,0.0,0.0,0.0,0.0,20.0,0.0,0,919.0,919.0,947.6563017461673,Y1
0.0,1.0,3.0,1.0,2.0,0.0,2.0,1.0,0.0,1,884.0,895.4883678125527,884.0,Y0
0.0,0.0,1.0,0.0,0.0,0.0,0.0,4.0,0.0,1,942.0,959.1792287541023,942.0,Y0
1.0,1.0,3.0,1.0,1.0,0.0,0.0,3.0,0.0,1,879.0,862.1435824588449,879.0,Y0
0.0,0.0,9.0,1.0,0.0,1.0,0.0,8.0,0.0,0,881.0,881.0,865.8842556920762,Y1
1.0,1.0,0.0,0.0,1.0,0.0,2.0,1.0,0.0,0,1001.0,1001.0,896.7559552038379,Y1
1.0,0.0,0.0,0.0,0.0,1.0,0.0,6.0,0.0,1,1089.0,934.1013305508303,1089.0,Y0
0.0,1.0,0.0,1.0,2.0,0.0,-1.0,3.0,0.0,1,800.0,882.9126550131823,800.0,Y0
1.0,1.0,3.0,1.0,2.0,0.0,-1.0,6.0,1.0,0,943.0,943.0,887.245478186344,Y1
1.0,0.0,0.0,1.0,0.0,0.0,0.0,2.0,0.0,1,894.0,890.6452297371688,894.0,Y0
1.0,1.0,1.0,1.0,1.0,0.0,0.0,8.0,1.0,0,837.0,837.0,912.3784257264457,Y1
1.0,0.0,1.0,0.0,0.0,0.0,3.0,27.0,0.0,0,877.0,877.0,959.1631821486113,Y1
1.0,1.0,2.0,0.0,2.0,0.0,0.0,9.0,0.0,1,862.0,888.4225771282606,862.0,Y0
0.0,0.0,1.0,0.0,1.0,0.0,-1.0,18.0,1.0,0,863.0,863.0,953.5058415064157,Y1
1.0,0.0,2.0,1.0,0.0,1.0,0.0,6.0,0.0,1,902.0,895.3033148737895,902.0,Y0
1.0,0.0,2.0,1.0,0.0,0.0,0.0,4.0,0.0,0,885.0,885.0,961.6015690415226,Y1
0.0,0.0,1.0,1.0,0.0,0.0,0.0,27.0,0.0,1,910.0,907.219611708405,910.0,Y0
1.0,1.0,0.0,1.0,0.0,1.0,0.0,13.0,0.0,0,844.0,844.0,887.5179054759335,Y1
1.0,1.0,2.0,1.0,2.0,0.0,2.0,1.0,0.0,1,853.0,887.3650295517834,853.0,Y0
1.0,1.0,0.0,1.0,2.0,0.0,1.0,0.0,1.0,0,884.0,884.0,1006.4782512031057,Y1
0.0,1.0,3.0,1.0,2.0,0.0,0.0,12.0,1.0,0,1019.0,1019.0,899.6506818861953,Y1
0.0,0.0,1.0,1.0,0.0,0.0,0.0,8.0,0.0,1,1085.0,905.7420994951488,1085.0,Y0
0.0,1.0,2.0,1.0,2.0,1.0,0.0,17.0,0.0,0,842.0,842.0,886.5475850134466,Y1
0.0,0.0,2.0,1.0,3.0,2.0,0.0,13.0,0.0,0,893.0,893.0,940.9153310662075,Y1
1.0,0.0,0.0,1.0,0.0,0.0,0.0,16.0,0.0,0,1020.0,1020.0,924.5274507851819,Y1
0.0,0.0,1.0,0.0,1.0,0.0,0.0,17.0,0.0,0,978.0,978.0,975.8090158976738,Y1
1.0,1.0,-1.0,0.0,1.0,0.0,0.0,0.0,0.0,0,834.0,834.0,1013.1307258067292,Y1
0.0,0.0,0.0,0.0,0.0,1.0,0.0,13.0,0.0,0,940.0,940.0,960.8332380289927,Y1
0.0,0.0,2.0,0.0,1.0,0.0,2.0,3.0,0.0,0,864.0,864.0,926.7165284996058,Y1
0.0,1.0,1.0,0.0,2.0,1.0,0.0,11.0,0.0,0,949.0,949.0,937.5461566810624,Y1
1.0,2.0,3.0,0.0,3.0,0.0,0.0,5.0,0.0,0,874.0,874.0,924.5728878861506,Y1
1.0,0.0,4.0,1.0,3.0,0.0,0.0,11.0,0.0,1,848.0,899.4261093958845,848.0,Y0
0.0,0.0,2.0,1.0,0.0,0.0,3.0,9.0,0.0,0,903.0,903.0,892.2179719508466,Y1
1.0,1.0,3.0,1.0,1.0,0.0,0.0,6.0,0.0,0,858.0,858.0,913.1298097157205,Y1
0.0,0.0,1.0,0.0,0.0,1.0,0.0,13.0,0.0,0,916.0,916.0,969.5102652511639,Y1
1.0,1.0,0.0,1.0,3.0,1.0,0.0,6.0,0.0,0,828.0,828.0,874.7885637719189,Y1
1.0,0.0,1.0,0.0,0.0,0.0,0.0,7.0,0.0,1,996.0,930.6889758741388,996.0,Y0
0.0,0.0,1.0,1.0,0.0,1.0,0.0,6.0,0.0,0,884.0,884.0,945.9905904493506,Y1
1.0,0.0,2.0,1.0,0.0,1.0,0.0,6.0,0.0,0,889.0,889.0,921.0075555750755,Y1
1.0,0.0,2.0,0.0,0.0,0.0,0.0,7.0,0.0,0,759.0,759.0,961.4097317669494,Y1
0.0,1.0,1.0,1.0,2.0,0.0,2.0,2.0,1.0,1,841.0,922.8075980249143,841.0,Y0
0.0,0.0,3.0,0.0,0.0,0.0,0.0,11.0,0.0,0,931.0,931.0,937.1372418730938,Y1
0.0,1.0,1.0,1.0,2.0,0.0,0.0,11.0,0.0,1,1020.0,893.8546373841654,1020.0,Y0
0.0,1.0,0.0,1.0,2.0,1.0,2.0,24.0,0.0,0,1147.0,1147.0,872.8939672110366,Y1
0.0,0.0,3.0,1.0,1.0,1.0,0.0,24.0,0.0,0,963.0,963.0,883.1160033497368,Y1
0.0,0.0,9.0,1.0,1.0,0.0,0.0,12.0,0.0,0,887.0,887.0,897.970247394524,Y1
0.0,0.0,3.0,1.0,3.0,0.0,0.0,5.0,0.0,0,848.0,848.0,909.3060408700927,Y1
0.0,0.0,2.0,0.0,3.0,0.0,0.0,14.0,0.0,0,970.0,970.0,1005.0806398368766,Y1
0.0,0.0,3.0,0.0,0.0,0.0,0.0,13.0,0.0,0,926.0,926.0,935.8181288993937,Y1
1.0,0.0,0.0,0.0,0.0,1.0,0.0,5.0,0.0,0,973.0,973.0,953.9915881205379,Y1
1.0,0.0,0.0,0.0,0.0,0.0,2.0,1.0,0.0,0,841.0,841.0,898.2762315681811,Y1
1.0,0.0,0.0,1.0,0.0,1.0,0.0,6.0,0.0,1,897.0,906.9226360295471,897.0,Y0
1.0,0.0,8.0,1.0,0.0,0.0,2.0,1.0,0.0,0,908.0,908.0,835.1556405569834,Y1
0.0,0.0,1.0,0.0,0.0,0.0,0.0,13.0,0.0,0,1120.0,1120.0,974.4587118695408,Y1
0.0,0.0,2.0,1.0,0.0,1.0,0.0,9.0,0.0,1,947.0,910.0316354347175,947.0,Y0
1.0,0.0,1.0,0.0,0.0,1.0,0.0,4.0,0.0,1,1062.0,936.2290955237305,1062.0,Y0
0.0,1.0,1.0,1.0,2.0,0.0,0.0,11.0,0.0,0,819.0,819.0,928.0099539196199,Y1
1.0,1.0,0.0,0.0,0.0,1.0,0.0,8.0,0.0,0,810.0,810.0,917.1456379242876,Y1
1.0,0.0,1.0,0.0,1.0,0.0,2.0,3.0,0.0,0,1191.0,1191.0,941.4649844520608,Y1
0.0,0.0,1.0,0.0,0.0,3.0,0.0,10.0,0.0,1,1036.0,976.3873857960605,1036.0,Y0
1.0,0.0,2.0,0.0,0.0,1.0,0.0,4.0,0.0,0,874.0,874.0,977.24385851038,Y1
1.0,0.0,4.0,1.0,0.0,1.0,0.0,13.0,0.0,1,823.0,891.1938806375322,823.0,Y0
1.0,1.0,2.0,1.0,2.0,0.0,0.0,6.0,1.0,0,858.0,858.0,929.9273768540913,Y1
1.0,1.0,5.0,1.0,0.0,0.0,2.0,3.0,1.0,0,937.0,937.0,893.3206671627341,Y1
1.0,1.0,0.0,1.0,2.0,0.0,2.0,1.0,1.0,1,866.0,892.1369775713491,866.0,Y0
1.0,0.0,3.0,0.0,1.0,0.0,0.0,12.0,0.0,0,931.0,931.0,934.4862715236093,Y1
0.0,0.0,0.0,0.0,0.0,1.0,0.0,6.0,0.0,0,983.0,983.0,961.3903569943986,Y1
0.0,1.0,1.0,1.0,2.0,0.0,0.0,5.0,0.0,1,975.0,897.0277330713907,975.0,Y0
0.0,0.0,3.0,0.0,0.0,1.0,0.0,5.0,0.0,0,884.0,884.0,938.603877780369,Y1
1.0,1.0,9.0,1.0,2.0,0.0,2.0,1.0,1.0,0,824.0,824.0,933.3582942966356,Y1
1.0,0.0,0.0,0.0,0.0,0.0,-1.0,6.0,0.0,1,921.0,948.6185350561054,921.0,Y0
0.0,0.0,3.0,0.0,3.0,0.0,-1.0,11.0,0.0,0,924.0,924.0,859.8714836073397,Y1
1.0,0.0,9.0,1.0,0.0,1.0,0.0,12.0,0.0,0,798.0,798.0,872.7099494319045,Y1
0.0,0.0,3.0,1.0,0.0,1.0,0.0,5.0,0.0,0,879.0,879.0,908.3749628018053,Y1
1.0,0.0,0.0,1.0,0.0,0.0,3.0,10.0,0.0,0,1007.0,1007.0,891.8121467982098,Y1
1.0,0.0,4.0,0.0,0.0,0.0,0.0,12.0,0.0,1,1074.0,935.6708709301505,1074.0,Y0
0.0,0.0,3.0,1.0,0.0,1.0,0.0,10.0,0.0,0,856.0,856.0,887.344228297655,Y1
0.0,0.0,7.0,1.0,0.0,0.0,0.0,12.0,0.0,1,986.0,893.5849204017409,986.0,Y0
0.0,0.0,2.0,0.0,0.0,0.0,0.0,8.0,0.0,1,820.0,928.6041517900399,820.0,Y0
1.0,1.0,1.0,1.0,2.0,0.0,0.0,12.0,0.0,0,927.0,927.0,910.8062484670022,Y1
1.0,0.0,2.0,0.0,1.0,0.0,2.0,3.0,0.0,0,941.0,941.0,924.7170918602003,Y1
0.0,0.0,1.0,1.0,0.0,1.0,0.0,4.0,0.0,0,918.0,918.0,973.805044139177,Y1
1.0,1.0,1.0,1.0,2.0,1.0,0.0,11.0,0.0,0,871.0,871.0,888.9740447932238,Y1
0.0,0.0,1.0,0.0,1.0,0.0,0.0,0.0,0.0,0,969.0,969.0,955.9571352188568,Y1
0.0,0.0,1.0,1.0,3.0,1.0,0.0,7.0,0.0,1,944.0,927.6737725136144,944.0,Y0
0.0,0.0,1.0,0.0,0.0,0.0,0.0,8.0,0.0,1,881.0,951.3902259902218,881.0,Y0
0.0,0.0,0.0,1.0,0.0,1.0,0.0,21.0,0.0,0,908.0,908.0,950.1336929740872,Y1
0.0,1.0,1.0,0.0,2.0,0.0,0.0,24.0,1.0,0,1076.0,1076.0,908.0826395912293,Y1
1.0,0.0,3.0,0.0,0.0,0.0,0.0,7.0,0.0,0,767.0,767.0,952.5855106877319,Y1
1.0,1.0,0.0,1.0,3.0,1.0,0.0,17.0,0.0,1,892.0,877.7433170676591,892.0,Y0
0.0,1.0,3.0,1.0,2.0,0.0,-1.0,10.0,1.0,0,875.0,875.0,867.6823202868724,Y1
1.0,0.0,4.0,1.0,0.0,1.0,0.0,21.0,0.0,0,890.0,890.0,880.7495476470566,Y1
1.0,0.0,3.0,0.0,0.0,0.0,-1.0,2.0,0.0,0,949.0,949.0,918.7221865959713,Y1
0.0,1.0,1.0,1.0,1.0,0.0,0.0,8.0,1.0,0,1059.0,1059.0,926.593947541626,Y1
1.0,0.0,0.0,0.0,0.0,2.0,0.0,12.0,0.0,0,907.0,907.0,964.3184070651921,Y1
1.0,1.0,2.0,1.0,2.0,0.0,2.0,2.0,1.0,1,876.0,884.1495594100692,876.0,Y0
1.0,1.0,0.0,0.0,1.0,0.0,1.0,0.0,0.0,1,1015.0,910.3452820571233,1015.0,Y0
0.0,0.0,2.0,0.0,0.0,1.0,0.0,15.0,0.0,1,999.0,957.5982796853194,999.0,Y0
0.0,0.0,0.0,0.0,3.0,0.0,0.0,5.0,0.0,0,1003.0,1003.0,966.5420734076641,Y1
1.0,1.0,2.0,0.0,0.0,0.0,-1.0,4.0,0.0,0,921.0,921.0,985.502537098293,Y1
1.0,1.0,2.0,1.0,2.0,1.0,0.0,17.0,0.0,0,852.0,852.0,873.5665514533983,Y1
1.0,0.0,0.0,0.0,2.0,1.0,0.0,11.0,0.0,0,957.0,957.0,947.2691567332213,Y1
0.0,0.0,3.0,1.0,0.0,0.0,0.0,15.0,0.0,1,927.0,896.1632861693555,927.0,Y0
1.0,0.0,3.0,0.0,3.0,0.0,0.0,11.0,0.0,1,894.0,931.5966588645027,894.0,Y0
0.0,0.0,0.0,1.0,0.0,1.0,0.0,5.0,0.0,0,847.0,847.0,935.7478383074305,Y1
0.0,0.0,2.0,0.0,1.0,2.0,0.0,12.0,0.0,0,978.0,978.0,969.0509927470999,Y1
1.0,0.0,0.0,0.0,0.0,0.0,2.0,1.0,0.0,0,939.0,939.0,898.2762315681811,Y1
1.0,0.0,2.0,1.0,0.0,1.0,0.0,12.0,0.0,1,858.0,902.8770691384993,858.0,Y0
0.0,0.0,7.0,1.0,0.0,0.0,2.0,1.0,0.0,0,873.0,873.0,838.3718860417379,Y1
1.0,1.0,2.0,1.0,1.0,1.0,0.0,15.0,1.0,0,992.0,992.0,894.6340607509355,Y1
1.0,0.0,1.0,0.0,0.0,0.0,0.0,14.0,0.0,1,1070.0,955.5620982364123,1070.0,Y0
1.0,0.0,2.0,0.0,0.0,1.0,0.0,15.0,0.0,0,1044.0,1044.0,960.4883579826109,Y1
1.0,0.0,3.0,0.0,0.0,0.0,0.0,6.0,0.0,1,932.0,899.646392458441,932.0,Y0
1.0,1.0,0.0,0.0,2.0,0.0,0.0,6.0,1.0,0,892.0,892.0,969.187351495677,Y1
0.0,0.0,3.0,1.0,3.0,0.0,0.0,21.0,0.0,1,821.0,892.5783105566105,821.0,Y0
0.0,1.0,1.0,0.0,1.0,0.0,2.0,1.0,0.0,0,986.0,986.0,916.822413602934,Y1
0.0,0.0,3.0,0.0,0.0,3.0,0.0,14.0,0.0,1,973.0,941.4807390600972,973.0,Y0
1.0,0.0,2.0,0.0,0.0,0.0,0.0,3.0,0.0,0,902.0,902.0,956.7345190094832,Y1
1.0,0.0,0.0,0.0,0.0,0.0,-1.0,2.0,0.0,0,856.0,856.0,938.5269501526224,Y1
1.0,1.0,3.0,1.0,2.0,0.0,2.0,1.0,1.0,0,856.0,856.0,860.939917954288,Y1
0.0,0.0,1.0,1.0,0.0,1.0,0.0,13.0,0.0,0,949.0,949.0,935.922067680765,Y1
1.0,1.0,2.0,0.0,1.0,0.0,0.0,11.0,0.0,1,784.0,896.612084340011,784.0,Y0
0.0,0.0,3.0,0.0,0.0,0.0,2.0,3.0,0.0,1,809.0,906.8758158185499,809.0,Y0
1.0,0.0,3.0,0.0,0.0,0.0,0.0,8.0,0.0,0,815.0,815.0,926.4559208318152,Y1
1.0,0.0,0.0,1.0,0.0,0.0,0.0,11.0,0.0,0,862.0,862.0,921.9232750594413,Y1
0.0,0.0,2.0,1.0,3.0,0.0,0.0,13.0,0.0,0,948.0,948.0,927.6328224240984,Y1
0.0,0.0,2.0,1.0,0.0,0.0,0.0,15.0,0.0,0,842.0,842.0,924.1773188636275,Y1
1.0,1.0,2.0,1.0,2.0,0.0,0.0,6.0,0.0,1,970.0,850.2666083669038,970.0,Y0
0.0,0.0,1.0,1.0,3.0,1.0,0.0,12.0,0.0,0,887.0,887.0,925.4077644066593,Y1
0.0,0.0,3.0,0.0,3.0,0.0,2.0,1.0,0.0,1,986.0,948.0001872537517,986.0,Y0
0.0,0.0,3.0,0.0,3.0,1.0,0.0,13.0,0.0,1,931.0,936.5827868500753,931.0,Y0
0.0,0.0,0.0,0.0,0.0,0.0,0.0,14.0,0.0,0,997.0,997.0,1011.47431679828,Y1
0.0,0.0,2.0,0.0,3.0,0.0,0.0,11.0,0.0,0,997.0,997.0,934.9567144766532,Y1
0.0,1.0,2.0,1.0,2.0,1.0,2.0,24.0,0.0,0,1171.0,1171.0,872.5380163283586,Y1
0.0,0.0,0.0,0.0,1.0,0.0,0.0,14.0,0.0,1,1021.0,962.8375583763342,1021.0,Y0
0.0,0.0,3.0,0.0,1.0,1.0,0.0,22.0,0.0,0,869.0,869.0,898.7560365041026,Y1
0.0,1.0,2.0,1.0,1.0,0.0,0.0,20.0,1.0,0,1092.0,1092.0,887.3090678327795,Y1
1.0,0.0,1.0,1.0,0.0,0.0,1.0,0.0,0.0,0,990.0,990.0,969.1566939687472,Y1
1.0,0.0,4.0,1.0,2.0,0.0,0.0,9.0,0.0,0,920.0,920.0,896.2892598328449,Y1
1.0,0.0,3.0,0.0,1.0,0.0,0.0,5.0,0.0,1,963.0,910.16341077641,963.0,Y0
0.0,0.0,2.0,0.0,1.0,2.0,0.0,13.0,0.0,0,1005.0,1005.0,968.1064188866679,Y1
0.0,1.0,3.0,1.0,2.0,1.0,0.0,7.0,0.0,0,816.0,816.0,883.3842937658013,Y1
0.0,1.0,5.0,0.0,2.0,0.0,0.0,6.0,0.0,0,833.0,833.0,965.1454350016343,Y1
1.0,0.0,1.0,0.0,1.0,1.0,0.0,15.0,0.0,1,1074.0,962.5313004130794,1074.0,Y0
1.0,0.0,3.0,0.0,1.0,1.0,0.0,12.0,0.0,0,941.0,941.0,928.4378858367598,Y1
0.0,1.0,2.0,1.0,2.0,0.0,0.0,11.0,0.0,0,979.0,979.0,906.9879868328497,Y1
1.0,0.0,0.0,0.0,0.0,0.0,0.0,22.0,0.0,1,887.0,913.5195007154352,887.0,Y0
1.0,0.0,3.0,1.0,0.0,1.0,0.0,5.0,0.0,1,832.0,875.1658565372237,832.0,Y0
0.0,0.0,3.0,0.0,0.0,0.0,0.0,2.0,0.0,0,906.0,906.0,917.3085961143331,Y1
1.0,0.0,3.0,1.0,0.0,0.0,0.0,8.0,0.0,0,780.0,780.0,890.7559848163223,Y1
1.0,1.0,3.0,1.0,1.0,0.0,0.0,21.0,0.0,1,857.0,895.7264066465254,857.0,Y0
0.0,0.0,1.0,1.0,0.0,0.0,1.0,0.0,0.0,0,928.0,928.0,941.1707709394697,Y1
0.0,1.0,2.0,1.0,2.0,0.0,2.0,1.0,1.0,0,874.0,874.0,883.2099013955859,Y1
0.0,0.0,3.0,0.0,0.0,1.0,0.0,13.0,0.0,0,815.0,815.0,928.7525796402895,Y1
1.0,0.0,2.0,0.0,0.0,0.0,0.0,15.0,0.0,1,946.0,943.1928062886236,946.0,Y0
1.0,0.0,2.0,0.0,1.0,0.0,-1.0,2.0,0.0,0,959.0,959.0,927.7406336807134,Y1
0.0,0.0,3.0,0.0,0.0,1.0,0.0,13.0,0.0,0,870.0,870.0,928.7525796402895,Y1
1.0,0.0,4.0,0.0,1.0,2.0,0.0,13.0,0.0,0,1024.0,1024.0,963.9763568294362,Y1
1.0,0.0,2.0,0.0,0.0,1.0,0.0,13.0,0.0,0,947.0,947.0,929.9045251009297,Y1
1.0,0.0,4.0,1.0,0.0,3.0,0.0,10.0,0.0,1,944.0,908.8854085663149,944.0,Y0
1.0,0.0,1.0,0.0,3.0,1.0,0.0,13.0,0.0,1,975.0,945.417548453112,975.0,Y0
1.0,1.0,1.0,1.0,3.0,0.0,0.0,21.0,0.0,1,924.0,895.83563920459,924.0,Y0
0.0,0.0,3.0,0.0,0.0,1.0,0.0,8.0,0.0,0,800.0,800.0,930.3220823664599,Y1
0.0,0.0,3.0,1.0,1.0,1.0,0.0,8.0,0.0,0,819.0,819.0,899.3162025730597,Y1
0.0,0.0,2.0,0.0,3.0,0.0,-1.0,11.0,0.0,0,957.0,957.0,866.9021756750662,Y1
1.0,0.0,3.0,0.0,1.0,0.0,0.0,5.0,1.0,0,899.0,899.0,956.3839842745679,Y1
1.0,0.0,3.0,0.0,0.0,0.0,0.0,21.0,0.0,1,789.0,934.5577898644561,789.0,Y0
0.0,0.0,2.0,0.0,0.0,0.0,0.0,10.0,0.0,0,949.0,949.0,934.6322544265715,Y1
0.0,1.0,1.0,1.0,1.0,0.0,-1.0,2.0,0.0,0,920.0,920.0,948.8122742880172,Y1
1.0,0.0,2.0,0.0,1.0,1.0,0.0,15.0,1.0,0,981.0,981.0,969.3687669355678,Y1
0.0,0.0,3.0,0.0,1.0,0.0,0.0,0.0,0.0,0,954.0,954.0,919.1694295337446,Y1
1.0,0.0,4.0,1.0,0.0,1.0,4.0,16.0,0.0,0,945.0,945.0,905.5357459384089,Y1
0.0,0.0,3.0,0.0,1.0,0.0,2.0,1.0,0.0,0,929.0,929.0,908.3396503421142,Y1
0.0,0.0,4.0,0.0,0.0,0.0,0.0,3.0,0.0,0,852.0,852.0,954.359629553296,Y1
0.0,1.0,0.0,1.0,2.0,1.0,0.0,17.0,0.0,0,842.0,842.0,895.012018649734,Y1
0.0,1.0,3.0,1.0,2.0,0.0,-1.0,6.0,1.0,0,857.0,857.0,884.6153600968203,Y1
0.0,1.0,3.0,1.0,2.0,0.0,0.0,5.0,0.0,0,842.0,842.0,926.4222772877296,Y1
1.0,0.0,4.0,1.0,0.0,1.0,0.0,9.0,0.0,0,897.0,897.0,895.4526147038312,Y1
0.0,1.0,2.0,1.0,2.0,0.0,0.0,11.0,0.0,0,829.0,829.0,906.9879868328497,Y1
0.0,0.0,1.0,0.0,3.0,0.0,0.0,13.0,0.0,0,922.0,922.0,981.2321725469376,Y1
1.0,0.0,1.0,1.0,0.0,1.0,3.0,11.0,0.0,0,945.0,945.0,908.0691912430589,Y1
0.0,0.0,0.0,1.0,0.0,1.0,0.0,12.0,0.0,0,924.0,924.0,929.0968386949165,Y1
1.0,0.0,2.0,0.0,0.0,0.0,2.0,2.0,0.0,0,929.0,929.0,902.7179892679814,Y1
1.0,0.0,2.0,0.0,0.0,1.0,0.0,6.0,0.0,1,900.0,911.7324520675901,900.0,Y0
1.0,0.0,2.0,0.0,0.0,1.0,0.0,13.0,0.0,0,950.0,950.0,929.9045251009297,Y1
1.0,0.0,0.0,0.0,0.0,0.0,0.0,14.0,0.0,0,946.0,946.0,995.1584052001855,Y1
1.0,0.0,3.0,0.0,0.0,1.0,0.0,8.0,0.0,0,898.0,898.0,925.6213844670748,Y1
0.0,0.0,2.0,0.0,1.0,1.0,0.0,7.0,0.0,1,971.0,941.4320565643329,971.0,Y0
0.0,1.0,3.0,0.0,0.0,3.0,0.0,10.0,0.0,1,886.0,904.4594824146102,886.0,Y0
1.0,0.0,3.0,1.0,3.0,0.0,2.0,5.0,0.0,0,848.0,848.0,907.6202237711213,Y1
1.0,0.0,1.0,0.0,1.0,0.0,5.0,3.0,0.0,0,1014.0,1014.0,938.6896000582094,Y1
0.0,0.0,3.0,0.0,0.0,0.0,0.0,13.0,-1.0,0,879.0,879.0,926.7675306719882,Y1
0.0,1.0,1.0,1.0,2.0,0.0,-1.0,6.0,1.0,0,1039.0,1039.0,902.2179721427337,Y1
0.0,0.0,0.0,0.0,0.0,0.0,0.0,11.0,0.0,1,989.0,950.6513419176366,989.0,Y0
1.0,0.0,8.0,0.0,0.0,1.0,0.0,15.0,0.0,1,847.0,936.2088048763048,847.0,Y0
1.0,0.0,3.0,0.0,0.0,1.0,0.0,8.0,0.0,0,879.0,879.0,925.6213844670748,Y1
0.0,0.0,0.0,1.0,0.0,0.0,0.0,14.0,0.0,0,883.0,883.0,964.3992986481561,Y1
1.0,1.0,3.0,1.0,0.0,0.0,0.0,12.0,0.0,0,910.0,910.0,884.2610677732891,Y1
1.0,1.0,3.0,1.0,2.0,0.0,0.0,6.0,1.0,0,846.0,846.0,919.4933577939439,Y1
1.0,0.0,0.0,0.0,0.0,0.0,0.0,13.0,-1.0,0,872.0,872.0,936.5328116742252,Y1
0.0,0.0,0.0,1.0,0.0,0.0,0.0,14.0,0.0,0,981.0,981.0,964.3992986481561,Y1
1.0,1.0,3.0,1.0,2.0,1.0,0.0,17.0,0.0,0,894.0,894.0,868.947265430412,Y1
1.0,1.0,1.0,1.0,2.0,0.0,0.0,7.0,0.0,0,936.0,936.0,933.8450068020226,Y1
1.0,0.0,2.0,1.0,0.0,1.0,0.0,13.0,0.0,0,856.0,856.0,901.9306918681117,Y1
0.0,0.0,3.0,1.0,0.0,0.0,2.0,2.0,0.0,0,1005.0,1005.0,867.6839847516165,Y1
1.0,0.0,1.0,0.0,0.0,1.0,0.0,8.0,0.0,0,970.0,970.0,963.5609089759222,Y1
1.0,0.0,3.0,0.0,0.0,0.0,-1.0,4.0,0.0,0,768.0,768.0,975.1473202887705,Y1
1.0,0.0,3.0,1.0,0.0,0.0,0.0,8.0,0.0,1,907.0,868.7558347078854,907.0,Y0
1.0,0.0,0.0,1.0,0.0,1.0,0.0,10.0,0.0,0,881.0,881.0,901.6572127879864,Y1
0.0,0.0,0.0,0.0,0.0,0.0,0.0,12.0,0.0,0,852.0,852.0,969.5052491505977,Y1
0.0,0.0,1.0,1.0,1.0,1.0,0.0,22.0,0.0,0,967.0,967.0,916.5535096372304,Y1
1.0,0.0,2.0,0.0,0.0,0.0,0.0,6.0,0.0,0,902.0,902.0,957.758348965887,Y1
0.0,1.0,0.0,1.0,1.0,1.0,0.0,24.0,0.0,0,989.0,989.0,883.0702669483198,Y1
1.0,0.0,1.0,0.0,0.0,0.0,0.0,3.0,0.0,0,1044.0,1044.0,986.816616734356,Y1
0.0,0.0,0.0,0.0,0.0,0.0,0.0,13.0,0.0,0,1108.0,1108.0,970.3921194443219,Y1
1.0,1.0,2.0,1.0,2.0,0.0,0.0,24.0,1.0,0,970.0,970.0,875.7759876239925,Y1
1.0,0.0,0.0,0.0,0.0,0.0,0.0,6.0,0.0,1,876.0,929.805262212558,876.0,Y0
0.0,0.0,5.0,0.0,0.0,0.0,0.0,12.0,0.0,0,927.0,927.0,952.1100956440218,Y1
0.0,0.0,3.0,1.0,1.0,0.0,-1.0,2.0,0.0,0,928.0,928.0,901.1733012695463,Y1
1.0,0.0,0.0,0.0,1.0,2.0,0.0,12.0,0.0,0,1009.0,1009.0,962.8176154989008,Y1
1.0,0.0,4.0,0.0,3.0,2.0,0.0,12.0,0.0,1,1010.0,925.9821238120368,1010.0,Y0
1.0,1.0,3.0,1.0,1.0,0.0,0.0,12.0,1.0,1,837.0,917.6923128140139,837.0,Y0
1.0,1.0,2.0,1.0,2.0,1.0,0.0,13.0,1.0,1,849.0,875.801155841473,849.0,Y0
0.0,0.0,2.0,0.0,2.0,0.0,0.0,9.0,1.0,0,953.0,953.0,945.058653689683,Y1
1.0,0.0,1.0,0.0,1.0,0.0,0.0,17.0,0.0,0,894.0,894.0,965.814139812892,Y1
1.0,0.0,2.0,0.0,0.0,1.0,0.0,13.0,0.0,0,816.0,816.0,929.9045251009297,Y1
0.0,0.0,0.0,0.0,3.0,1.0,0.0,13.0,0.0,1,966.0,956.7918280818479,966.0,Y0
1.0,1.0,2.0,1.0,2.0,1.0,0.0,11.0,1.0,0,828.0,828.0,875.4200270714521,Y1
1.0,1.0,3.0,1.0,2.0,0.0,2.0,1.0,1.0,0,888.0,888.0,860.939917954288,Y1
1.0,0.0,0.0,1.0,0.0,3.0,0.0,14.0,0.0,1,1000.0,926.2934612885916,1000.0,Y0
1.0,1.0,2.0,1.0,2.0,0.0,2.0,1.0,1.0,0,934.0,934.0,868.1122422859735,Y1
1.0,0.0,1.0,0.0,0.0,0.0,0.0,4.0,0.0,1,1123.0,932.9258735645744,1123.0,Y0
0.0,0.0,2.0,0.0,1.0,1.0,0.0,12.0,0.0,0,917.0,917.0,944.5973359290414,Y1
0.0,0.0,0.0,0.0,0.0,1.0,0.0,12.0,0.0,0,980.0,980.0,960.9635313075233,Y1
1.0,0.0,3.0,0.0,1.0,0.0,0.0,7.0,0.0,0,1156.0,1156.0,956.2350836780081,Y1
0.0,1.0,0.0,1.0,2.0,1.0,0.0,5.0,0.0,0,950.0,950.0,907.4667386271036,Y1
1.0,0.0,7.0,0.0,0.0,0.0,2.0,2.0,0.0,1,839.0,931.3550300483674,839.0,Y0
1.0,0.0,0.0,0.0,1.0,1.0,0.0,14.0,1.0,1,971.0,961.4003852788509,971.0,Y0
0.0,1.0,3.0,1.0,2.0,1.0,0.0,10.0,1.0,1,873.0,888.310004222281,873.0,Y0
1.0,0.0,0.0,0.0,3.0,0.0,2.0,1.0,0.0,1,929.0,936.628494416762,929.0,Y0
1.0,0.0,3.0,1.0,0.0,1.0,0.0,5.0,0.0,0,859.0,859.0,899.2474008747051,Y1
0.0,1.0,1.0,0.0,2.0,0.0,2.0,2.0,0.0,1,939.0,957.2913510764939,939.0,Y0
0.0,0.0,0.0,0.0,1.0,1.0,0.0,20.0,0.0,1,1093.0,994.9911937357036,1093.0,Y0
1.0,0.0,3.0,1.0,1.0,0.0,-1.0,2.0,0.0,0,897.0,897.0,890.8948926717661,Y1
1.0,0.0,0.0,0.0,0.0,1.0,0.0,13.0,0.0,0,1005.0,1005.0,942.5311853611353,Y1
1.0,0.0,3.0,0.0,0.0,0.0,2.0,1.0,0.0,0,859.0,859.0,885.0195861302191,Y1
1.0,0.0,2.0,1.0,0.0,0.0,0.0,11.0,0.0,0,884.0,884.0,912.3810093272263,Y1
1.0,0.0,3.0,0.0,0.0,0.0,0.0,11.0,0.0,0,945.0,945.0,930.8366985333331,Y1
1.0,0.0,2.0,0.0,0.0,1.0,0.0,5.0,0.0,0,881.0,881.0,947.1625226902695,Y1
1.0,0.0,2.0,0.0,0.0,0.0,0.0,13.0,0.0,0,919.0,919.0,934.8529717193067,Y1
0.0,0.0,2.0,0.0,0.0,0.0,0.0,4.0,0.0,0,875.0,875.0,983.3819840443385,Y1
1.0,0.0,2.0,1.0,2.0,0.0,0.0,9.0,0.0,1,815.0,890.9391705254884,815.0,Y0
0.0,1.0,0.0,1.0,1.0,0.0,0.0,3.0,0.0,1,1027.0,894.516769309206,1027.0,Y0
1.0,1.0,0.0,0.0,2.0,0.0,0.0,20.0,1.0,0,997.0,997.0,927.8291026367978,Y1
1.0,0.0,2.0,1.0,0.0,0.0,0.0,10.0,0.0,0,898.0,898.0,899.8258092918092,Y1
0.0,0.0,0.0,1.0,0.0,0.0,0.0,20.0,0.0,0,893.0,893.0,916.0144171662595,Y1
0.0,0.0,0.0,0.0,1.0,1.0,0.0,22.0,0.0,0,862.0,862.0,934.052910844571,Y1
1.0,1.0,3.0,1.0,2.0,0.0,0.0,11.0,0.0,0,802.0,802.0,886.0414002131153,Y1
1.0,0.0,2.0,0.0,1.0,1.0,1.0,8.0,0.0,1,940.0,894.8454059970935,940.0,Y0
0.0,0.0,2.0,1.0,0.0,1.0,0.0,9.0,0.0,1,793.0,910.0316354347175,793.0,Y0
1.0,0.0,2.0,0.0,1.0,1.0,0.0,22.0,0.0,0,895.0,895.0,923.9227935369037,Y1
0.0,1.0,0.0,1.0,2.0,0.0,-1.0,2.0,0.0,0,989.0,989.0,858.8773619657591,Y1
1.0,0.0,0.0,0.0,3.0,0.0,1.0,0.0,0.0,0,945.0,945.0,978.660044591809,Y1
1.0,0.0,4.0,0.0,1.0,0.0,-1.0,0.0,0.0,1,957.0,908.4149973594285,957.0,Y0
0.0,1.0,0.0,0.0,1.0,0.0,0.0,21.0,0.0,1,960.0,943.1713190143286,960.0,Y0
0.0,0.0,2.0,0.0,3.0,0.0,0.0,3.0,0.0,0,961.0,961.0,964.9811257351424,Y1
0.0,0.0,2.0,1.0,0.0,1.0,0.0,15.0,0.0,1,917.0,920.1909965416936,917.0,Y0
1.0,1.0,3.0,0.0,2.0,0.0,0.0,9.0,0.0,0,864.0,864.0,913.3159673328894,Y1
1.0,1.0,3.0,1.0,2.0,0.0,0.0,11.0,0.0,0,900.0,900.0,886.0414002131153,Y1
1.0,1.0,2.0,1.0,2.0,0.0,2.0,1.0,1.0,0,808.0,808.0,868.1122422859735,Y1
1.0,1.0,2.0,1.0,2.0,0.0,0.0,12.0,0.0,0,809.0,809.0,896.5988069166419,Y1
0.0,1.0,1.0,1.0,1.0,1.0,0.0,24.0,0.0,0,962.0,962.0,889.5270643138862,Y1
0.0,1.0,3.0,1.0,3.0,0.0,0.0,5.0,0.0,0,871.0,871.0,908.236906516207,Y1
0.0,0.0,3.0,0.0,0.0,1.0,0.0,7.0,0.0,0,941.0,941.0,936.9622596553584,Y1
1.0,0.0,3.0,0.0,1.0,0.0,-1.0,3.0,0.0,0,866.0,866.0,962.7731849798458,Y1
1.0,0.0,0.0,1.0,0.0,0.0,0.0,14.0,0.0,0,944.0,944.0,940.8401104260535,Y1
0.0,0.0,2.0,0.0,0.0,1.0,0.0,10.0,0.0,0,937.0,937.0,935.9148207025585,Y1
1.0,1.0,3.0,1.0,2.0,1.0,1.0,6.0,0.0,0,810.0,810.0,884.8161293548452,Y1
0.0,1.0,3.0,1.0,2.0,1.0,0.0,15.0,1.0,0,843.0,843.0,896.9792207759748,Y1
0.0,0.0,1.0,0.0,0.0,0.0,0.0,11.0,0.0,1,1069.0,959.0242312858397,1069.0,Y0
1.0,0.0,3.0,0.0,0.0,1.0,0.0,20.0,0.0,0,918.0,918.0,890.0094441543129,Y1
0.0,0.0,0.0,0.0,0.0,0.0,0.0,4.0,0.0,0,922.0,922.0,999.4675388740625,Y1
1.0,0.0,3.0,0.0,0.0,0.0,0.0,15.0,0.0,1,839.0,934.7412042132586,839.0,Y0
0.0,0.0,1.0,1.0,0.0,0.0,-1.0,12.0,0.0,1,942.0,899.8634443931242,942.0,Y0
0.0,1.0,0.0,1.0,2.0,1.0,0.0,7.0,0.0,0,926.0,926.0,899.832985021977,Y1
0.0,0.0,3.0,0.0,1.0,1.0,1.0,8.0,0.0,1,908.0,909.2900688954454,908.0,Y0
1.0,0.0,0.0,0.0,0.0,0.0,0.0,10.0,0.0,0,917.0,917.0,946.0811916153295,Y1
1.0,0.0,1.0,0.0,0.0,0.0,0.0,10.0,0.0,1,893.0,960.0379155424549,893.0,Y0
0.0,0.0,2.0,1.0,0.0,1.0,0.0,6.0,0.0,0,1002.0,1002.0,931.8843673335319,Y1
0.0,0.0,1.0,0.0,0.0,0.0,3.0,27.0,0.0,0,896.0,896.0,946.3045617848725,Y1
1.0,0.0,3.0,0.0,1.0,0.0,0.0,11.0,0.0,0,929.0,929.0,934.4862715236093,Y1
1.0,0.0,2.0,0.0,0.0,0.0,0.0,8.0,0.0,0,937.0,937.0,936.6525799303787,Y1
1.0,0.0,1.0,0.0,0.0,0.0,0.0,4.0,0.0,0,918.0,918.0,1015.0791907602282,Y1
0.0,0.0,2.0,0.0,0.0,1.0,0.0,7.0,0.0,0,984.0,984.0,948.2736188366164,Y1
1.0,1.0,3.0,1.0,2.0,0.0,0.0,5.0,0.0,0,883.0,883.0,914.5523276129793,Y1
0.0,0.0,0.0,0.0,1.0,0.0,0.0,15.0,0.0,0,874.0,874.0,986.1771315869029,Y1
0.0,1.0,3.0,1.0,2.0,0.0,0.0,11.0,0.0,0,953.0,953.0,893.5405835146244,Y1
0.0,0.0,0.0,0.0,1.0,0.0,0.0,16.0,0.0,0,1014.0,1014.0,990.2270597876562,Y1
1.0,0.0,0.0,0.0,0.0,0.0,0.0,20.0,0.0,0,976.0,976.0,938.2628606679793,Y1
1.0,1.0,2.0,0.0,0.0,0.0,-1.0,4.0,0.0,0,864.0,864.0,985.502537098293,Y1
1.0,0.0,2.0,1.0,0.0,0.0,0.0,8.0,0.0,1,924.0,883.2646490889261,924.0,Y0
1.0,0.0,2.0,1.0,3.0,0.0,2.0,1.0,0.0,1,859.0,906.6926149587439,859.0,Y0
1.0,0.0,3.0,0.0,1.0,1.0,0.0,8.0,0.0,0,856.0,856.0,929.270957457351,Y1
1.0,0.0,2.0,1.0,0.0,0.0,0.0,10.0,0.0,1,790.0,912.6276470971828,790.0,Y0
0.0,0.0,0.0,0.0,0.0,0.0,2.0,2.0,0.0,0,954.0,954.0,914.5812849599472,Y1
1.0,1.0,3.0,0.0,2.0,1.0,0.0,13.0,1.0,1,849.0,893.1448889420291,849.0,Y0
1.0,0.0,3.0,1.0,1.0,1.0,0.0,15.0,1.0,0,1019.0,1019.0,915.5001765965884,Y1
0.0,0.0,2.0,0.0,0.0,1.0,0.0,6.0,0.0,0,914.0,914.0,949.915236961627,Y1
0.0,0.0,1.0,1.0,0.0,0.0,0.0,8.0,0.0,1,889.0,905.7420994951488,889.0,Y0
1.0,0.0,3.0,0.0,1.0,0.0,0.0,11.0,0.0,0,1049.0,1049.0,934.4862715236093,Y1
0.0,0.0,2.0,1.0,0.0,0.0,0.0,10.0,0.0,0,1033.0,1033.0,908.1333917953834,Y1
0.0,0.0,1.0,0.0,0.0,0.0,0.0,19.0,0.0,0,1063.0,1063.0,979.9727028253469,Y1
1.0,0.0,0.0,0.0,1.0,1.0,0.0,8.0,0.0,0,865.0,865.0,947.0151097130175,Y1
0.0,0.0,1.0,1.0,0.0,1.0,0.0,12.0,0.0,0,884.0,884.0,936.866641541197,Y1
0.0,0.0,0.0,0.0,1.0,0.0,0.0,17.0,0.0,0,974.0,974.0,969.8688134300751,Y1
0.0,0.0,2.0,0.0,1.0,0.0,0.0,3.0,0.0,0,987.0,987.0,970.1835854107544,Y1
0.0,0.0,1.0,1.0,0.0,1.0,0.0,13.0,0.0,0,890.0,890.0,935.922067680765,Y1
1.0,0.0,2.0,1.0,3.0,1.0,0.0,17.0,0.0,1,889.0,882.9753935802878,889.0,Y0
1.0,0.0,2.0,0.0,0.0,0.0,3.0,9.0,0.0,0,1000.0,1000.0,909.44811777759,Y1
0.0,0.0,0.0,0.0,0.0,0.0,-1.0,12.0,0.0,1,875.0,942.8693828904868,875.0,Y0
1.0,1.0,3.0,1.0,0.0,0.0,0.0,8.0,0.0,1,1002.0,843.9030125481675,1002.0,Y0
1.0,0.0,0.0,0.0,1.0,0.0,0.0,15.0,0.0,0,870.0,870.0,973.5223419693807,Y1
1.0,1.0,1.0,1.0,0.0,1.0,0.0,15.0,0.0,0,941.0,941.0,897.1486097628989,Y1
1.0,0.0,2.0,0.0,0.0,1.0,0.0,21.0,0.0,0,900.0,900.0,916.6028110418255,Y1
1.0,0.0,3.0,1.0,0.0,1.0,0.0,10.0,0.0,0,937.0,937.0,881.9266424087795,Y1
0.0,0.0,1.0,1.0,0.0,2.0,0.0,12.0,0.0,0,1008.0,1008.0,924.135984883577,Y1
1.0,0.0,3.0,0.0,0.0,0.0,3.0,10.0,0.0,0,1042.0,1042.0,891.8259763896416,Y1
1.0,1.0,0.0,1.0,2.0,1.0,0.0,17.0,0.0,0,904.0,904.0,872.2951395366567,Y1
1.0,1.0,1.0,1.0,2.0,0.0,0.0,6.0,0.0,0,863.0,863.0,936.185759481076,Y1
1.0,1.0,3.0,0.0,1.0,1.0,0.0,24.0,0.0,0,916.0,916.0,885.7512348253623,Y1
0.0,0.0,0.0,0.0,1.0,0.0,0.0,3.0,0.0,0,1065.0,1065.0,986.66870700675,Y1
0.0,0.0,2.0,0.0,0.0,0.0,0.0,3.0,0.0,1,1008.0,935.4935600938682,1008.0,Y0
1.0,0.0,14.0,0.0,0.0,0.0,0.0,8.0,0.0,0,964.0,964.0,1005.860356577794,Y1
0.0,0.0,0.0,0.0,0.0,0.0,1.0,0.0,0.0,0,961.0,961.0,942.0817055589757,Y1
1.0,0.0,0.0,0.0,0.0,1.0,0.0,12.0,0.0,0,1027.0,1027.0,948.9144542640787,Y1
0.0,0.0,0.0,0.0,0.0,0.0,0.0,3.0,0.0,1,947.0,943.1253252115779,947.0,Y0
0.0,1.0,3.0,1.0,2.0,0.0,0.0,24.0,1.0,0,972.0,972.0,854.094578010558,Y1
1.0,0.0,3.0,0.0,3.0,1.0,0.0,7.0,0.0,1,969.0,914.5296755729227,969.0,Y0
1.0,1.0,1.0,0.0,1.0,0.0,-1.0,12.0,1.0,0,859.0,859.0,933.243470420721,Y1
1.0,0.0,4.0,1.0,0.0,1.0,0.0,6.0,0.0,1,957.0,889.2731243440959,957.0,Y0
0.0,0.0,1.0,1.0,0.0,0.0,0.0,16.0,0.0,0,832.0,832.0,947.6488883044345,Y1
1.0,1.0,3.0,1.0,2.0,1.0,2.0,24.0,0.0,0,856.0,856.0,857.8170855526614,Y1
0.0,0.0,1.0,0.0,0.0,0.0,0.0,19.0,0.0,1,950.0,1015.5727517489115,950.0,Y0
0.0,0.0,0.0,1.0,0.0,0.0,0.0,12.0,0.0,1,996.0,914.9180726623201,996.0,Y0
1.0,0.0,0.0,0.0,1.0,0.0,0.0,7.0,0.0,0,876.0,876.0,972.484586981888,Y1
0.0,0.0,1.0,1.0,0.0,1.0,0.0,12.0,0.0,0,1034.0,1034.0,936.866641541197,Y1
1.0,0.0,1.0,0.0,0.0,1.0,0.0,8.0,1.0,0,837.0,837.0,965.9390673903947,Y1
1.0,0.0,0.0,0.0,0.0,0.0,0.0,6.0,0.0,0,897.0,897.0,971.1839902628706,Y1
0.0,0.0,3.0,0.0,0.0,0.0,-1.0,12.0,0.0,1,854.0,914.884046229422,854.0,Y0
0.0,0.0,2.0,1.0,0.0,1.0,0.0,21.0,0.0,0,929.0,929.0,912.9826053725147,Y1
1.0,0.0,0.0,1.0,0.0,1.0,0.0,13.0,0.0,0,1060.0,1060.0,903.4212161245204,Y1
1.0,1.0,3.0,1.0,3.0,0.0,1.0,0.0,0.0,0,860.0,860.0,972.1137699878674,Y1
1.0,1.0,0.0,1.0,2.0,0.0,0.0,6.0,0.0,1,956.0,867.794512992071,956.0,Y0
1.0,0.0,0.0,1.0,0.0,0.0,0.0,12.0,0.0,1,947.0,909.99063942525,947.0,Y0
1.0,1.0,3.0,0.0,1.0,0.0,0.0,20.0,1.0,0,1126.0,1126.0,888.4173886671455,Y1
1.0,0.0,1.0,0.0,0.0,0.0,0.0,3.0,0.0,0,968.0,968.0,986.816616734356,Y1
1.0,0.0,5.0,0.0,0.0,1.0,0.0,8.0,0.0,1,936.0,905.9713617953681,936.0,Y0
1.0,0.0,1.0,1.0,0.0,0.0,-1.0,2.0,0.0,0,851.0,851.0,916.5804470795864,Y1
1.0,0.0,8.0,0.0,0.0,1.0,0.0,6.0,0.0,0,962.0,962.0,893.3948029592573,Y1
0.0,0.0,3.0,0.0,0.0,0.0,0.0,16.0,0.0,0,921.0,921.0,972.1876621093252,Y1
1.0,0.0,1.0,0.0,0.0,0.0,0.0,7.0,0.0,0,884.0,884.0,983.2838048938312,Y1
0.0,0.0,3.0,1.0,0.0,1.0,0.0,13.0,0.0,0,870.0,870.0,893.5982280758576,Y1
0.0,0.0,0.0,1.0,0.0,1.0,0.0,12.0,0.0,0,980.0,980.0,929.0968386949165,Y1
0.0,0.0,0.0,0.0,0.0,1.0,0.0,17.0,0.0,0,897.0,897.0,967.4502178445862,Y1
1.0,0.0,3.0,1.0,0.0,0.0,0.0,3.0,0.0,0,860.0,860.0,916.9595434255544,Y1
0.0,1.0,2.0,1.0,1.0,0.0,-1.0,18.0,1.0,0,892.0,892.0,907.245298301003,Y1
1.0,1.0,0.0,1.0,0.0,0.0,0.0,6.0,0.0,1,1097.0,880.1156864507259,1097.0,Y0
1.0,1.0,0.0,1.0,2.0,0.0,0.0,6.0,1.0,0,816.0,816.0,931.4472831595679,Y1
1.0,4.0,1.0,0.0,0.0,0.0,0.0,10.0,0.0,1,981.0,900.8520360965042,981.0,Y0
1.0,1.0,2.0,1.0,2.0,0.0,2.0,2.0,0.0,1,998.0,882.1363364049274,998.0,Y0
1.0,1.0,3.0,-1.0,2.0,0.0,0.0,20.0,-1.0,0,1010.0,1010.0,861.9573049085085,Y1
1.0,0.0,0.0,0.0,3.0,0.0,-1.0,11.0,0.0,0,918.0,918.0,862.6876607115187,Y1
0.0,0.0,0.0,0.0,1.0,0.0,-1.0,3.0,0.0,0,934.0,934.0,972.1154890706738,Y1
1.0,1.0,0.0,1.0,2.0,0.0,0.0,12.0,1.0,0,936.0,936.0,906.9754174355315,Y1
1.0,1.0,2.0,1.0,2.0,0.0,1.0,9.0,1.0,1,975.0,896.7308136337967,975.0,Y0
0.0,0.0,4.0,0.0,0.0,1.0,0.0,17.0,0.0,0,937.0,937.0,957.1544166713223,Y1
1.0,0.0,0.0,0.0,0.0,0.0,0.0,2.0,0.0,1,939.0,916.329844783477,939.0,Y0
0.0,0.0,0.0,1.0,0.0,1.0,0.0,10.0,0.0,0,910.0,910.0,919.7006408445898,Y1
0.0,0.0,3.0,0.0,0.0,0.0,0.0,8.0,0.0,1,1113.0,906.029272239426,1113.0,Y0
0.0,1.0,2.0,1.0,1.0,0.0,2.0,1.0,1.0,0,902.0,902.0,882.2225623671338,Y1
1.0,0.0,2.0,1.0,1.0,0.0,0.0,11.0,0.0,1,789.0,905.6380075024948,789.0,Y0
1.0,0.0,1.0,0.0,1.0,0.0,0.0,3.0,0.0,0,1003.0,1003.0,1000.2700911070041,Y1
0.0,1.0,2.0,1.0,3.0,0.0,2.0,1.0,0.0,1,853.0,906.4501298378747,853.0,Y0
0.0,1.0,3.0,1.0,1.0,0.0,2.0,5.0,1.0,1,902.0,900.8005439659631,902.0,Y0
0.0,0.0,3.0,0.0,1.0,0.0,1.0,0.0,0.0,0,901.0,901.0,926.8319759757824,Y1
0.0,0.0,2.0,1.0,0.0,0.0,0.0,13.0,0.0,0,970.0,970.0,922.0101071534727,Y1
1.0,1.0,0.0,1.0,2.0,1.0,2.0,24.0,0.0,0,1156.0,1156.0,886.3899397697688,Y1
1.0,0.0,1.0,1.0,0.0,0.0,0.0,10.0,0.0,0,1008.0,1008.0,912.5939310997768,Y1
0.0,0.0,3.0,1.0,0.0,0.0,0.0,6.0,0.0,1,900.0,884.728585915739,900.0,Y0
0.0,0.0,1.0,1.0,0.0,1.0,0.0,9.0,0.0,1,964.0,920.2988694635086,964.0,Y0
0.0,1.0,0.0,0.0,1.0,0.0,0.0,20.0,1.0,0,1121.0,1121.0,939.3692869699111,Y1
0.0,1.0,0.0,1.0,0.0,2.0,0.0,12.0,0.0,0,915.0,915.0,881.7124131826662,Y1
0.0,0.0,2.0,0.0,0.0,0.0,0.0,11.0,0.0,0,924.0,924.0,948.436380072838,Y1
1.0,0.0,8.0,0.0,1.0,0.0,0.0,5.0,1.0,0,926.0,926.0,929.2010516350821,Y1
1.0,1.0,3.0,1.0,2.0,0.0,0.0,24.0,1.0,0,936.0,936.0,863.0894477938181,Y1
0.0,0.0,3.0,1.0,0.0,0.0,-1.0,4.0,0.0,0,927.0,927.0,944.0662147417848,Y1
0.0,0.0,0.0,0.0,0.0,1.0,0.0,6.0,0.0,0,878.0,878.0,961.3903569943986,Y1
1.0,0.0,3.0,0.0,0.0,0.0,0.0,12.0,0.0,1,890.0,923.4159349645656,890.0,Y0
0.0,0.0,2.0,1.0,0.0,2.0,0.0,8.0,0.0,1,879.0,904.6972884171948,879.0,Y0
1.0,0.0,0.0,1.0,0.0,0.0,0.0,8.0,0.0,0,803.0,803.0,915.085036947434,Y1
1.0,0.0,0.0,0.0,1.0,0.0,0.0,17.0,0.0,0,876.0,876.0,957.2140238125529,Y1
1.0,0.0,1.0,0.0,1.0,0.0,5.0,3.0,0.0,0,970.0,970.0,938.6896000582094,Y1
0.0,0.0,3.0,1.0,0.0,0.0,0.0,13.0,0.0,0,908.0,908.0,899.9852622631096,Y1
0.0,0.0,1.0,1.0,0.0,0.0,-1.0,5.0,0.0,0,925.0,925.0,920.6836968655084,Y1
1.0,0.0,2.0,0.0,1.0,0.0,0.0,8.0,0.0,0,845.0,845.0,936.7448188327041,Y1
1.0,0.0,3.0,1.0,0.0,0.0,0.0,14.0,0.0,0,839.0,839.0,927.4291743304105,Y1
1.0,0.0,3.0,0.0,1.0,0.0,0.0,8.0,0.0,0,924.0,924.0,930.1054938220914,Y1
1.0,0.0,2.0,1.0,0.0,0.0,0.0,5.0,0.0,0,901.0,901.0,929.3595627732385,Y1
1.0,0.0,2.0,1.0,0.0,1.0,0.0,8.0,0.0,0,882.0,882.0,910.4602117543031,Y1
0.0,0.0,3.0,0.0,1.0,1.0,0.0,13.0,0.0,0,976.0,976.0,932.4021526305656,Y1
1.0,0.0,1.0,1.0,0.0,1.0,0.0,7.0,0.0,0,998.0,998.0,924.1349873410801,Y1
0.0,0.0,2.0,0.0,0.0,0.0,0.0,15.0,0.0,1,983.0,958.9679236965634,983.0,Y0
0.0,0.0,0.0,1.0,0.0,1.0,0.0,20.0,0.0,0,968.0,968.0,916.5654729224929,Y1
0.0,1.0,0.0,1.0,2.0,0.0,0.0,7.0,0.0,0,889.0,889.0,949.238022838757,Y1
1.0,0.0,7.0,0.0,0.0,0.0,0.0,5.0,0.0,1,935.0,910.5514327933304,935.0,Y0
1.0,0.0,4.0,0.0,3.0,2.0,0.0,13.0,0.0,0,902.0,902.0,1007.4965881288529,Y1
1.0,0.0,3.0,1.0,0.0,0.0,-1.0,4.0,0.0,0,834.0,834.0,937.8612077904512,Y1
0.0,0.0,0.0,1.0,3.0,1.0,0.0,4.0,0.0,0,968.0,968.0,931.8776484810159,Y1
0.0,1.0,3.0,1.0,2.0,0.0,-1.0,2.0,0.0,0,773.0,773.0,850.0111380029064,Y1
1.0,0.0,3.0,0.0,1.0,0.0,0.0,8.0,0.0,0,851.0,851.0,930.1054938220914,Y1
1.0,1.0,1.0,1.0,2.0,0.0,-1.0,2.0,0.0,0,793.0,793.0,855.3266390556319,Y1
1.0,1.0,3.0,1.0,2.0,0.0,0.0,6.0,1.0,0,846.0,846.0,919.4933577939439,Y1
0.0,1.0,0.0,1.0,2.0,0.0,1.0,0.0,0.0,0,807.0,807.0,950.7550275875672,Y1
1.0,0.0,2.0,1.0,3.0,1.0,0.0,12.0,0.0,0,854.0,854.0,898.7788525436252,Y1
0.0,1.0,0.0,0.0,2.0,1.0,1.0,3.0,1.0,0,892.0,892.0,974.6247369837388,Y1
1.0,0.0,0.0,0.0,0.0,2.0,0.0,6.0,0.0,1,949.0,937.5284476399905,949.0,Y0
0.0,0.0,0.0,0.0,0.0,1.0,0.0,6.0,0.0,0,1003.0,1003.0,961.3903569943986,Y1
1.0,0.0,1.0,1.0,0.0,0.0,2.0,2.0,0.0,0,1091.0,1091.0,899.8483897760268,Y1
1.0,0.0,0.0,1.0,0.0,0.0,2.0,1.0,0.0,0,861.0,861.0,868.2593978234013,Y1
1.0,0.0,1.0,1.0,0.0,0.0,2.0,1.0,0.0,0,994.0,994.0,884.2398021334551,Y1
0.0,0.0,1.0,0.0,0.0,0.0,0.0,13.0,0.0,0,910.0,910.0,974.4587118695408,Y1
1.0,0.0,8.0,1.0,3.0,0.0,0.0,17.0,0.0,0,878.0,878.0,895.1651596872862,Y1
1.0,0.0,3.0,1.0,3.0,1.0,0.0,8.0,0.0,0,826.0,826.0,878.1288616591075,Y1
0.0,1.0,0.0,0.0,2.0,0.0,-1.0,6.0,1.0,0,1089.0,1089.0,902.3960537032923,Y1
1.0,0.0,1.0,0.0,1.0,0.0,-1.0,3.0,0.0,0,850.0,850.0,991.712650743884,Y1
0.0,0.0,2.0,0.0,3.0,0.0,0.0,3.0,0.0,0,976.0,976.0,964.9811257351424,Y1
1.0,0.0,7.0,1.0,0.0,3.0,0.0,10.0,0.0,1,867.0,910.8756551104763,867.0,Y0
0.0,0.0,1.0,1.0,0.0,0.0,2.0,1.0,0.0,0,1020.0,1020.0,898.1320605207189,Y1
0.0,0.0,1.0,0.0,0.0,1.0,0.0,12.0,0.0,0,1023.0,1023.0,970.4548391115959,Y1
1.0,0.0,2.0,1.0,2.0,0.0,-1.0,10.0,1.0,0,948.0,948.0,891.2223170524205,Y1
0.0,1.0,3.0,1.0,0.0,2.0,0.0,6.0,0.0,1,853.0,866.5693836358437,853.0,Y0
1.0,0.0,2.0,1.0,0.0,3.0,0.0,10.0,0.0,1,873.0,916.911488538661,873.0,Y0
0.0,0.0,3.0,1.0,2.0,0.0,0.0,9.0,0.0,1,945.0,885.159944361796,945.0,Y0
1.0,0.0,1.0,0.0,0.0,0.0,2.0,1.0,0.0,1,867.0,950.0232185287547,867.0,Y0
0.0,0.0,1.0,0.0,1.0,0.0,1.0,14.0,0.0,0,907.0,907.0,1020.2710298706958,Y1
1.0,0.0,3.0,0.0,1.0,1.0,0.0,18.0,0.0,1,940.0,935.0302502770109,940.0,Y0
1.0,0.0,3.0,0.0,0.0,0.0,0.0,10.0,0.0,0,997.0,997.0,918.281498497916,Y1
0.0,0.0,0.0,0.0,0.0,0.0,0.0,6.0,0.0,0,1007.0,1007.0,976.5966180669684,Y1
1.0,0.0,1.0,0.0,0.0,1.0,0.0,9.0,0.0,0,941.0,941.0,963.5609089759222,Y1
1.0,1.0,0.0,1.0,2.0,0.0,0.0,20.0,1.0,0,983.0,983.0,884.1461227102812,Y1
1.0,1.0,2.0,1.0,0.0,1.0,4.0,16.0,0.0,0,877.0,877.0,890.2748695008239,Y1
1.0,0.0,2.0,1.0,0.0,1.0,4.0,16.0,0.0,0,914.0,914.0,920.1490826069246,Y1
0.0,0.0,0.0,0.0,0.0,1.0,0.0,8.0,0.0,0,849.0,849.0,958.9651328823779,Y1
0.0,1.0,3.0,1.0,2.0,0.0,0.0,6.0,0.0,1,967.0,855.7318962473058,967.0,Y0
0.0,0.0,2.0,0.0,1.0,0.0,0.0,5.0,1.0,0,1231.0,1231.0,964.1505287446488,Y1
0.0,1.0,2.0,1.0,2.0,1.0,0.0,10.0,1.0,1,887.0,905.2911202375992,887.0,Y0
0.0,0.0,3.0,1.0,1.0,0.0,0.0,10.0,0.0,1,893.0,907.2158714106786,893.0,Y0
0.0,1.0,3.0,1.0,2.0,0.0,-1.0,2.0,0.0,0,827.0,827.0,850.0111380029064,Y1
1.0,0.0,0.0,1.0,0.0,1.0,0.0,20.0,0.0,0,956.0,956.0,896.3563996270493,Y1
1.0,0.0,2.0,0.0,3.0,1.0,0.0,14.0,0.0,1,1044.0,942.7405392398234,1044.0,Y0
0.0,0.0,3.0,0.0,0.0,1.0,0.0,11.0,0.0,0,939.0,939.0,931.0888561862444,Y1
0.0,0.0,0.0,0.0,0.0,0.0,-1.0,4.0,0.0,0,960.0,960.0,983.573990054831,Y1
1.0,0.0,0.0,0.0,1.0,1.0,0.0,8.0,0.0,1,955.0,930.4875402827844,955.0,Y0
0.0,0.0,0.0,1.0,0.0,1.0,0.0,8.0,0.0,0,912.0,912.0,927.5973390505267,Y1
0.0,0.0,4.0,1.0,0.0,0.0,0.0,11.0,0.0,0,844.0,844.0,912.3259037877154,Y1
1.0,0.0,3.0,0.0,0.0,1.0,0.0,8.0,0.0,0,868.0,868.0,925.6213844670748,Y1
1.0,0.0,2.0,1.0,0.0,1.0,0.0,6.0,0.0,0,1028.0,1028.0,921.0075555750755,Y1
0.0,0.0,2.0,1.0,0.0,0.0,0.0,12.0,0.0,0,959.0,959.0,921.9375174416499,Y1
0.0,0.0,0.0,0.0,1.0,0.0,0.0,16.0,0.0,0,925.0,925.0,990.2270597876562,Y1
1.0,1.0,2.0,1.0,2.0,1.0,0.0,17.0,0.0,0,813.0,813.0,873.5665514533983,Y1
1.0,1.0,3.0,1.0,2.0,0.0,0.0,3.0,1.0,0,868.0,868.0,959.4238516903695,Y1
1.0,0.0,3.0,0.0,3.0,1.0,0.0,12.0,0.0,1,817.0,927.8393253696981,817.0,Y0
1.0,0.0,2.0,0.0,1.0,0.0,0.0,17.0,0.0,0,986.0,986.0,945.8784499750567,Y1
0.0,0.0,0.0,1.0,0.0,1.0,0.0,6.0,0.0,1,963.0,916.2807175581524,963.0,Y0
1.0,0.0,3.0,0.0,0.0,1.0,0.0,17.0,0.0,0,931.0,931.0,933.8768225280418,Y1
1.0,0.0,1.0,0.0,0.0,1.0,0.0,13.0,0.0,0,922.0,922.0,955.8542671858097,Y1
1.0,0.0,3.0,0.0,3.0,0.0,0.0,21.0,0.0,1,832.0,935.6959891192478,832.0,Y0
1.0,0.0,2.0,0.0,3.0,0.0,0.0,5.0,0.0,0,915.0,915.0,948.9667105464581,Y1
1.0,1.0,3.0,1.0,2.0,0.0,2.0,2.0,0.0,1,810.0,875.6970505872132,810.0,Y0
0.0,1.0,3.0,1.0,0.0,0.0,0.0,10.0,0.0,0,931.0,931.0,877.1234536267476,Y1
0.0,0.0,0.0,0.0,0.0,0.0,0.0,11.0,0.0,0,955.0,955.0,971.2299837364817,Y1
1.0,1.0,3.0,1.0,2.0,1.0,0.0,6.0,0.0,1,904.0,837.6045197373422,904.0,Y0
0.0,0.0,9.0,0.0,0.0,1.0,0.0,5.0,0.0,0,895.0,895.0,907.7161054825541,Y1
0.0,0.0,1.0,0.0,1.0,0.0,0.0,11.0,0.0,1,890.0,962.9363737227034,890.0,Y0
0.0,1.0,0.0,0.0,2.0,0.0,0.0,5.0,0.0,1,1023.0,938.4332491338032,1023.0,Y0
0.0,0.0,0.0,0.0,0.0,0.0,0.0,11.0,0.0,0,1001.0,1001.0,971.2299837364817,Y1
0.0,1.0,2.0,1.0,2.0,1.0,0.0,8.0,0.0,1,782.0,865.7889027815683,782.0,Y0
0.0,0.0,2.0,0.0,1.0,1.0,0.0,15.0,1.0,0,941.0,941.0,979.3636430203496,Y1
0.0,0.0,0.0,0.0,0.0,1.0,0.0,3.0,0.0,0,847.0,847.0,962.6910883147306,Y1
1.0,0.0,2.0,1.0,0.0,0.0,0.0,6.0,0.0,0,879.0,879.0,930.9248667788406,Y1
1.0,1.0,3.0,1.0,1.0,1.0,0.0,13.0,0.0,0,868.0,868.0,872.638358269878,Y1
1.0,0.0,2.0,0.0,1.0,1.0,1.0,8.0,0.0,1,957.0,894.8454059970935,957.0,Y0
0.0,0.0,0.0,0.0,0.0,1.0,0.0,11.0,0.0,0,892.0,892.0,962.6882658934073,Y1
1.0,0.0,0.0,0.0,1.0,1.0,0.0,8.0,0.0,0,898.0,898.0,947.0151097130175,Y1
1.0,0.0,0.0,1.0,2.0,0.0,0.0,9.0,0.0,1,839.0,898.4376277874142,839.0,Y0
1.0,1.0,2.0,1.0,2.0,0.0,0.0,6.0,0.0,0,937.0,937.0,927.5492184396188,Y1
0.0,0.0,2.0,0.0,0.0,1.0,0.0,13.0,0.0,0,960.0,960.0,943.5605231662839,Y1
0.0,0.0,2.0,1.0,3.0,1.0,0.0,7.0,0.0,1,954.0,915.2493098023629,954.0,Y0
0.0,0.0,2.0,0.0,0.0,0.0,1.0,0.0,0.0,0,1033.0,1033.0,928.9791826832301,Y1
1.0,0.0,2.0,0.0,0.0,1.0,0.0,8.0,0.0,0,903.0,903.0,937.9351462063656,Y1
1.0,1.0,0.0,1.0,2.0,0.0,-1.0,2.0,0.0,0,938.0,938.0,836.3576113057062,Y1
1.0,0.0,3.0,1.0,1.0,0.0,1.0,0.0,0.0,0,824.0,824.0,978.9719370963907,Y1
1.0,1.0,3.0,0.0,1.0,1.0,0.0,10.0,0.0,0,888.0,888.0,889.2199088646522,Y1
1.0,0.0,2.0,0.0,0.0,1.0,0.0,9.0,0.0,1,1051.0,924.5079872498418,1051.0,Y0
1.0,1.0,4.0,1.0,2.0,1.0,0.0,22.0,0.0,0,891.0,891.0,880.7535722530118,Y1
0.0,0.0,3.0,0.0,0.0,0.0,0.0,19.0,0.0,1,899.0,982.1392262293157,899.0,Y0
0.0,1.0,0.0,1.0,2.0,0.0,-1.0,2.0,0.0,0,847.0,847.0,858.8773619657591,Y1
0.0,1.0,2.0,1.0,2.0,0.0,-1.0,2.0,0.0,0,810.0,810.0,853.321377969453,Y1
0.0,1.0,3.0,1.0,2.0,0.0,0.0,5.0,1.0,0,816.0,816.0,932.5323756593006,Y1
0.0,1.0,3.0,1.0,2.0,0.0,0.0,3.0,1.0,1,906.0,870.8867211681592,906.0,Y0
1.0,0.0,0.0,0.0,0.0,0.0,0.0,8.0,0.0,1,973.0,920.0990295545955,973.0,Y0
1.0,0.0,3.0,0.0,0.0,1.0,0.0,6.0,0.0,1,834.0,901.5306871237352,834.0,Y0
1.0,0.0,7.0,0.0,3.0,0.0,0.0,11.0,0.0,1,868.0,944.575873352323,868.0,Y0
1.0,0.0,3.0,0.0,0.0,1.0,0.0,12.0,0.0,0,1002.0,1002.0,924.7883128464837,Y1
1.0,0.0,1.0,1.0,0.0,1.0,0.0,8.0,0.0,0,1030.0,1030.0,923.2283335622708,Y1
1.0,0.0,2.0,1.0,0.0,0.0,1.0,0.0,0.0,0,834.0,834.0,969.0820600442431,Y1
0.0,1.0,1.0,1.0,1.0,0.0,-1.0,3.0,0.0,1,991.0,889.0868403168986,991.0,Y0
1.0,0.0,1.0,0.0,3.0,0.0,0.0,14.0,0.0,0,954.0,954.0,1012.1951871921655,Y1
0.0,0.0,3.0,0.0,1.0,0.0,0.0,16.0,0.0,0,944.0,944.0,983.1294134426313,Y1
1.0,0.0,3.0,0.0,0.0,1.0,0.0,13.0,0.0,0,888.0,888.0,917.5907633616389,Y1
1.0,0.0,2.0,1.0,0.0,0.0,0.0,20.0,0.0,1,920.0,914.3025987072965,920.0,Y0
0.0,1.0,4.0,1.0,2.0,0.0,1.0,0.0,0.0,0,862.0,862.0,972.9831451879589,Y1
1.0,0.0,0.0,0.0,0.0,1.0,0.0,12.0,0.0,0,967.0,967.0,948.9144542640787,Y1
0.0,0.0,3.0,0.0,0.0,0.0,0.0,9.0,0.0,1,959.0,923.1298080010234,959.0,Y0
1.0,0.0,2.0,0.0,1.0,0.0,1.0,0.0,0.0,0,862.0,862.0,986.3541862681604,Y1
1.0,1.0,3.0,1.0,2.0,2.0,0.0,8.0,0.0,0,825.0,825.0,843.969184633701,Y1
0.0,1.0,2.0,1.0,2.0,0.0,2.0,0.0,0.0,0,827.0,827.0,943.7337044744929,Y1
1.0,0.0,1.0,0.0,0.0,0.0,0.0,27.0,0.0,1,1026.0,917.4350850643289,1026.0,Y0
0.0,1.0,2.0,1.0,2.0,0.0,2.0,2.0,0.0,1,994.0,903.234459824598,994.0,Y0
0.0,1.0,3.0,1.0,2.0,0.0,0.0,24.0,1.0,0,974.0,974.0,854.094578010558,Y1
0.0,0.0,0.0,0.0,1.0,1.0,0.0,12.0,0.0,0,1074.0,1074.0,959.462739741232,Y1
0.0,0.0,3.0,0.0,0.0,1.0,0.0,8.0,1.0,0,893.0,893.0,936.4321807380309,Y1
1.0,0.0,2.0,1.0,3.0,0.0,0.0,8.0,0.0,0,863.0,863.0,894.8850970087195,Y1
1.0,1.0,0.0,1.0,1.0,0.0,0.0,0.0,0.0,0,797.0,797.0,968.6996591285098,Y1
0.0,0.0,1.0,0.0,0.0,0.0,3.0,9.0,0.0,0,1206.0,1206.0,924.0294101176452,Y1
1.0,1.0,0.0,1.0,2.0,0.0,0.0,10.0,1.0,0,993.0,993.0,893.6142958739451,Y1
0.0,0.0,1.0,1.0,0.0,0.0,0.0,12.0,0.0,0,971.0,971.0,940.1194095154668,Y1
1.0,1.0,1.0,1.0,2.0,1.0,0.0,15.0,1.0,0,831.0,831.0,903.5579623299728,Y1
1.0,0.0,3.0,0.0,0.0,0.0,-1.0,9.0,0.0,0,935.0,935.0,890.8205466038024,Y1
0.0,0.0,0.0,0.0,0.0,0.0,0.0,3.0,0.0,0,989.0,989.0,975.2783664946368,Y1
1.0,0.0,1.0,0.0,1.0,0.0,1.0,14.0,0.0,0,893.0,893.0,1007.9753260059559,Y1
1.0,1.0,0.0,1.0,2.0,0.0,-1.0,6.0,1.0,0,1092.0,1092.0,884.4054545477986,Y1
0.0,0.0,2.0,1.0,0.0,1.0,0.0,10.0,0.0,0,945.0,945.0,910.0944731432227,Y1
0.0,1.0,2.0,1.0,2.0,1.0,1.0,3.0,1.0,0,863.0,863.0,949.124114596535,Y1
1.0,0.0,3.0,0.0,2.0,0.0,0.0,9.0,0.0,1,819.0,912.3458749365781,819.0,Y0
0.0,0.0,0.0,0.0,1.0,0.0,0.0,12.0,0.0,0,890.0,890.0,967.1544630685527,Y1
1.0,0.0,0.0,0.0,1.0,0.0,2.0,1.0,0.0,0,951.0,951.0,911.4782969341483,Y1
0.0,1.0,2.0,1.0,2.0,0.0,0.0,6.0,0.0,0,795.0,795.0,941.1684179457254,Y1
1.0,0.0,9.0,0.0,1.0,0.0,2.0,1.0,0.0,0,1052.0,1052.0,892.1910613733846,Y1
1.0,1.0,3.0,0.0,1.0,0.0,0.0,11.0,1.0,1,829.0,937.2489703857414,829.0,Y0
0.0,0.0,3.0,0.0,0.0,0.0,0.0,15.0,0.0,1,919.0,938.9073922546987,919.0,Y0
1.0,0.0,0.0,1.0,0.0,0.0,0.0,10.0,0.0,0,992.0,992.0,906.8374189119709,Y1
0.0,0.0,1.0,0.0,0.0,3.0,0.0,10.0,0.0,1,928.0,976.3873857960605,928.0,Y0
1.0,0.0,3.0,0.0,1.0,1.0,4.0,15.0,0.0,0,896.0,896.0,957.0032744124192,Y1
0.0,1.0,3.0,1.0,2.0,0.0,0.0,7.0,0.0,0,871.0,871.0,926.5210087317889,Y1
0.0,1.0,2.0,0.0,2.0,1.0,0.0,17.0,0.0,0,892.0,892.0,924.1502162166028,Y1
1.0,0.0,2.0,0.0,0.0,1.0,0.0,13.0,0.0,0,1021.0,1021.0,929.9045251009297,Y1
0.0,1.0,3.0,1.0,2.0,0.0,0.0,11.0,0.0,1,934.0,875.6248556162543,934.0,Y0
1.0,0.0,0.0,1.0,0.0,1.0,0.0,10.0,0.0,0,849.0,849.0,901.6572127879864,Y1
0.0,0.0,0.0,1.0,0.0,1.0,0.0,13.0,0.0,0,865.0,865.0,928.9665454163859,Y1
1.0,0.0,3.0,1.0,0.0,1.0,0.0,11.0,0.0,0,841.0,841.0,889.2679931220875,Y1
0.0,1.0,0.0,1.0,2.0,0.0,0.0,6.0,1.0,1,1003.0,911.6503095836731,1003.0,Y0
0.0,0.0,4.0,1.0,0.0,0.0,2.0,3.0,1.0,0,804.0,804.0,870.1911335065595,Y1
0.0,0.0,0.0,0.0,0.0,1.0,0.0,13.0,0.0,0,964.0,964.0,960.8332380289927,Y1
0.0,0.0,1.0,0.0,0.0,0.0,0.0,11.0,0.0,0,900.0,900.0,976.110856743602,Y1
0.0,1.0,2.0,1.0,2.0,1.0,0.0,22.0,0.0,0,863.0,863.0,880.1372660948169,Y1
0.0,0.0,0.0,0.0,0.0,0.0,0.0,10.0,0.0,0,899.0,899.0,954.8952019781619,Y1
0.0,1.0,2.0,1.0,2.0,0.0,0.0,10.0,1.0,0,971.0,971.0,896.7310877916622,Y1
0.0,0.0,3.0,0.0,1.0,1.0,0.0,12.0,0.0,0,928.0,928.0,934.7384291765205,Y1
1.0,1.0,0.0,1.0,3.0,0.0,0.0,5.0,0.0,0,929.0,929.0,918.7627295260822,Y1
1.0,0.0,0.0,0.0,0.0,0.0,0.0,12.0,0.0,0,850.0,850.0,959.442313176916,Y1
0.0,0.0,3.0,0.0,0.0,0.0,0.0,19.0,0.0,0,1016.0,1016.0,939.5752234060669,Y1
1.0,0.0,2.0,1.0,0.0,1.0,0.0,21.0,0.0,0,969.0,969.0,898.7094524429689,Y1
1.0,0.0,2.0,0.0,0.0,0.0,0.0,14.0,0.0,0,939.0,939.0,984.9011200694965,Y1
0.0,0.0,7.0,0.0,0.0,0.0,0.0,19.0,0.0,1,835.0,1013.6301404965371,835.0,Y0
0.0,1.0,0.0,0.0,1.0,0.0,1.0,0.0,0.0,1,882.0,941.535161068442,882.0,Y0
1.0,1.0,2.0,1.0,2.0,1.0,1.0,3.0,1.0,0,878.0,878.0,938.4901266735801,Y1
0.0,1.0,2.0,1.0,2.0,1.0,0.0,11.0,1.0,0,844.0,844.0,886.9782751782662,Y1
0.0,1.0,1.0,1.0,2.0,0.0,0.0,10.0,1.0,0,928.0,928.0,915.7043409772249,Y1
1.0,1.0,0.0,1.0,1.0,0.0,-1.0,5.0,0.0,1,847.0,899.6695638503751,847.0,Y0
0.0,0.0,0.0,0.0,3.0,0.0,0.0,5.0,0.0,0,1012.0,1012.0,966.5420734076641,Y1
0.0,0.0,0.0,1.0,0.0,1.0,0.0,8.0,0.0,0,869.0,869.0,927.5973390505267,Y1
0.0,1.0,2.0,0.0,3.0,0.0,1.0,0.0,0.0,0,866.0,866.0,927.01199668832,Y1
1.0,0.0,0.0,0.0,0.0,0.0,0.0,20.0,0.0,1,1017.0,969.370019177323,1017.0,Y0
1.0,1.0,0.0,1.0,0.0,1.0,0.0,15.0,0.0,0,839.0,839.0,885.2527518721643,Y1
1.0,0.0,2.0,0.0,0.0,1.0,0.0,11.0,0.0,0,1136.0,1136.0,937.1020745857745,Y1
1.0,0.0,3.0,0.0,0.0,1.0,0.0,13.0,0.0,0,936.0,936.0,917.5907633616389,Y1
0.0,1.0,3.0,1.0,1.0,0.0,0.0,3.0,0.0,1,850.0,870.8060864271507,850.0,Y0
0.0,0.0,2.0,0.0,3.0,0.0,0.0,5.0,0.0,0,1004.0,1004.0,952.8995435623107,Y1
1.0,0.0,0.0,1.0,0.0,0.0,0.0,10.0,0.0,0,871.0,871.0,906.8374189119709,Y1
1.0,0.0,2.0,1.0,3.0,1.0,0.0,4.0,0.0,0,973.0,973.0,924.212654887385,Y1
1.0,0.0,3.0,1.0,3.0,1.0,0.0,17.0,0.0,1,919.0,872.4877629870068,919.0,Y0
1.0,1.0,2.0,1.0,2.0,0.0,-1.0,3.0,0.0,1,907.0,852.4475145751892,907.0,Y0
1.0,1.0,0.0,0.0,2.0,0.0,0.0,11.0,0.0,0,915.0,915.0,945.8809280606762,Y1
0.0,1.0,1.0,1.0,0.0,0.0,0.0,8.0,0.0,1,800.0,885.2632642127027,800.0,Y0
0.0,1.0,0.0,1.0,1.0,0.0,1.0,14.0,0.0,0,899.0,899.0,944.5757512399722,Y1
0.0,0.0,3.0,1.0,0.0,0.0,0.0,13.0,0.0,0,879.0,879.0,899.9852622631096,Y1
1.0,0.0,1.0,0.0,0.0,1.0,0.0,13.0,0.0,0,892.0,892.0,955.8542671858097,Y1
0.0,3.0,1.0,0.0,0.0,2.0,0.0,12.0,0.0,0,1002.0,1002.0,956.3446722149041,Y1
1.0,1.0,3.0,1.0,2.0,0.0,0.0,6.0,1.0,1,839.0,873.6327465110294,839.0,Y0
0.0,0.0,3.0,0.0,0.0,0.0,0.0,20.0,0.0,0,945.0,945.0,892.9244199908269,Y1
0.0,0.0,0.0,0.0,0.0,0.0,-1.0,12.0,0.0,1,836.0,942.8693828904868,836.0,Y0
1.0,1.0,2.0,1.0,2.0,0.0,2.0,1.0,0.0,1,923.0,887.3650295517834,923.0,Y0
1.0,1.0,3.0,1.0,2.0,0.0,-1.0,9.0,1.0,0,848.0,848.0,875.969713124497,Y1
0.0,0.0,1.0,0.0,0.0,0.0,0.0,3.0,0.0,0,820.0,820.0,986.4323176391435,Y1
0.0,1.0,0.0,1.0,2.0,0.0,0.0,9.0,0.0,0,847.0,847.0,916.0227944540342,Y1
0.0,0.0,2.0,1.0,0.0,0.0,0.0,27.0,0.0,1,929.0,897.8571314298645,929.0,Y0
0.0,0.0,3.0,0.0,0.0,1.0,0.0,7.0,0.0,0,997.0,997.0,936.9622596553584,Y1
0.0,0.0,2.0,0.0,0.0,1.0,0.0,12.0,0.0,0,961.0,961.0,944.5050970267159,Y1
1.0,1.0,3.0,1.0,3.0,1.0,0.0,6.0,0.0,0,824.0,824.0,860.6498753591292,Y1
0.0,1.0,1.0,1.0,2.0,0.0,0.0,10.0,1.0,0,973.0,973.0,915.7043409772249,Y1
1.0,0.0,2.0,0.0,0.0,0.0,0.0,8.0,0.0,1,917.0,899.6937862827267,917.0,Y0
1.0,1.0,3.0,1.0,2.0,0.0,-1.0,2.0,0.0,0,857.0,857.0,836.990341657476,Y1
1.0,0.0,7.0,1.0,0.0,0.0,0.0,4.0,0.0,1,878.0,881.2724343583443,878.0,Y0
1.0,0.0,4.0,0.0,1.0,0.0,0.0,5.0,1.0,0,904.0,904.0,964.8922981455609,Y1
0.0,1.0,3.0,1.0,2.0,0.0,0.0,12.0,1.0,0,999.0,999.0,899.6506818861953,Y1
1.0,1.0,3.0,1.0,2.0,0.0,2.0,0.0,0.0,0,777.0,777.0,976.712369220347,Y1
0.0,0.0,1.0,0.0,0.0,1.0,0.0,13.0,0.0,0,878.0,878.0,969.5102652511639,Y1
0.0,0.0,3.0,0.0,0.0,0.0,0.0,16.0,0.0,0,956.0,956.0,972.1876621093252,Y1
1.0,0.0,2.0,0.0,0.0,1.0,0.0,13.0,0.0,1,930.0,921.5772737159325,930.0,Y0
0.0,0.0,0.0,0.0,1.0,0.0,0.0,5.0,1.0,0,958.0,958.0,977.7930585900023,Y1
1.0,0.0,0.0,0.0,0.0,0.0,0.0,22.0,0.0,1,1017.0,913.5195007154352,1017.0,Y0
0.0,1.0,3.0,1.0,2.0,0.0,2.0,2.0,0.0,1,891.0,891.6877224625885,891.0,Y0
1.0,0.0,0.0,0.0,0.0,1.0,0.0,6.0,0.0,1,951.0,934.1013305508303,951.0,Y0
1.0,0.0,2.0,1.0,1.0,0.0,-1.0,0.0,0.0,1,915.0,889.2871238022237,915.0,Y0
0.0,0.0,0.0,0.0,0.0,0.0,0.0,19.0,0.0,0,947.0,947.0,972.2413740778179,Y1
1.0,0.0,3.0,1.0,3.0,0.0,1.0,0.0,0.0,0,940.0,940.0,949.838998383901,Y1
1.0,1.0,2.0,1.0,2.0,1.0,2.0,24.0,0.0,0,1031.0,1031.0,876.5611876448868,Y1
1.0,1.0,3.0,1.0,2.0,0.0,0.0,10.0,1.0,0,950.0,950.0,878.4272303586628,Y1
0.0,0.0,0.0,0.0,3.0,1.0,0.0,4.0,0.0,0,894.0,894.0,957.9073996576053,Y1
1.0,1.0,3.0,1.0,2.0,0.0,-1.0,3.0,0.0,1,842.0,846.008228757475,842.0,Y0
1.0,0.0,2.0,1.0,0.0,0.0,2.0,2.0,0.0,0,912.0,912.0,875.875463829103,Y1
1.0,1.0,1.0,1.0,0.0,1.0,0.0,8.0,0.0,0,926.0,926.0,891.94483059593,Y1
0.0,0.0,2.0,0.0,0.0,0.0,-1.0,1.0,0.0,1,837.0,934.3296416728244,837.0,Y0
0.0,1.0,3.0,1.0,2.0,0.0,0.0,11.0,0.0,0,817.0,817.0,893.5405835146244,Y1
1.0,1.0,1.0,1.0,2.0,0.0,0.0,14.0,0.0,1,850.0,885.4614670578158,850.0,Y0
1.0,1.0,2.0,1.0,2.0,0.0,0.0,12.0,1.0,0,928.0,928.0,898.9769653311145,Y1
0.0,0.0,3.0,0.0,3.0,0.0,0.0,14.0,0.0,1,1063.0,953.6773008752292,1063.0,Y0
1.0,0.0,0.0,0.0,0.0,0.0,0.0,13.0,0.0,0,921.0,921.0,954.0762078462274,Y1
0.0,0.0,15.0,0.0,0.0,0.0,0.0,8.0,0.0,0,903.0,903.0,1032.3097305768322,Y1
0.0,1.0,2.0,0.0,1.0,1.0,0.0,12.0,0.0,1,868.0,919.8439489692336,868.0,Y0
1.0,1.0,1.0,1.0,3.0,0.0,-1.0,11.0,0.0,0,884.0,884.0,834.3251538203355,Y1
1.0,0.0,1.0,1.0,0.0,0.0,0.0,13.0,0.0,0,912.0,912.0,919.2927245379274,Y1
0.0,0.0,1.0,1.0,3.0,0.0,0.0,5.0,0.0,0,896.0,896.0,944.8205503181376,Y1
0.0,1.0,2.0,1.0,2.0,0.0,2.0,2.0,0.0,1,1014.0,903.234459824598,1014.0,Y0
0.0,0.0,0.0,0.0,3.0,2.0,0.0,13.0,0.0,0,878.0,878.0,1022.8701517907086,Y1
0.0,0.0,0.0,1.0,3.0,0.0,1.0,0.0,0.0,0,878.0,878.0,906.3694637917065,Y1
0.0,0.0,1.0,0.0,3.0,1.0,0.0,4.0,0.0,0,919.0,919.0,974.8849249438456,Y1
1.0,0.0,0.0,0.0,3.0,0.0,0.0,5.0,0.0,0,852.0,852.0,959.9493268590712,Y1
1.0,0.0,2.0,1.0,0.0,1.0,0.0,12.0,0.0,0,991.0,991.0,909.1282413529565,Y1
0.0,1.0,0.0,1.0,2.0,0.0,-1.0,2.0,0.0,0,837.0,837.0,858.8773619657591,Y1
1.0,0.0,0.0,0.0,1.0,2.0,0.0,13.0,0.0,0,931.0,931.0,958.0468658295164,Y1
1.0,1.0,0.0,1.0,3.0,0.0,-1.0,11.0,0.0,0,998.0,998.0,821.6292042077963,Y1
1.0,0.0,3.0,1.0,0.0,1.0,0.0,9.0,0.0,0,851.0,851.0,890.5999635234342,Y1
0.0,1.0,1.0,1.0,2.0,1.0,4.0,12.0,0.0,1,837.0,971.0858279784131,837.0,Y0
1.0,1.0,2.0,1.0,2.0,0.0,-1.0,10.0,1.0,0,825.0,825.0,881.6332528097482,Y1
0.0,0.0,3.0,0.0,3.0,1.0,0.0,12.0,0.0,1,860.0,943.2598468378924,860.0,Y0
1.0,0.0,1.0,1.0,0.0,0.0,0.0,13.0,0.0,0,900.0,900.0,919.2927245379274,Y1
0.0,1.0,0.0,1.0,2.0,1.0,0.0,5.0,0.0,0,882.0,882.0,907.4667386271036,Y1
1.0,1.0,3.0,1.0,2.0,0.0,0.0,6.0,1.0,0,918.0,918.0,919.4933577939439,Y1
0.0,1.0,1.0,1.0,2.0,0.0,0.0,7.0,0.0,0,939.0,939.0,953.6947440419974,Y1
1.0,0.0,2.0,0.0,0.0,1.0,0.0,11.0,0.0,0,1033.0,1033.0,937.1020745857745,Y1
1.0,1.0,2.0,1.0,3.0,2.0,0.0,13.0,0.0,0,865.0,865.0,904.3797463337279,Y1
1.0,0.0,0.0,1.0,1.0,0.0,-1.0,0.0,0.0,0,879.0,879.0,909.5834265729145,Y1
0.0,1.0,3.0,1.0,2.0,0.0,0.0,5.0,1.0,0,857.0,857.0,932.5323756593006,Y1
1.0,0.0,3.0,0.0,0.0,0.0,0.0,14.0,0.0,0,945.0,945.0,980.3543168554963,Y1
1.0,0.0,3.0,0.0,3.0,0.0,0.0,11.0,0.0,1,826.0,931.5966588645027,826.0,Y0
0.0,1.0,0.0,0.0,0.0,1.0,0.0,8.0,0.0,0,958.0,958.0,927.5948695273566,Y1
0.0,0.0,1.0,0.0,0.0,0.0,0.0,11.0,0.0,1,1148.0,959.0242312858397,1148.0,Y0
0.0,0.0,2.0,1.0,0.0,0.0,0.0,9.0,0.0,0,915.0,915.0,916.455793080512,Y1
0.0,0.0,2.0,0.0,0.0,3.0,3.0,8.0,0.0,1,1043.0,967.9853233147609,1043.0,Y0
0.0,1.0,2.0,1.0,3.0,0.0,0.0,17.0,0.0,0,827.0,827.0,923.0068366052903,Y1
1.0,1.0,3.0,1.0,2.0,0.0,2.0,1.0,1.0,0,847.0,847.0,860.939917954288,Y1
0.0,1.0,1.0,1.0,2.0,0.0,-1.0,6.0,1.0,0,1026.0,1026.0,902.2179721427337,Y1
0.0,0.0,1.0,0.0,2.0,0.0,0.0,9.0,0.0,0,891.0,891.0,966.757298730325,Y1
1.0,0.0,2.0,0.0,1.0,0.0,0.0,11.0,0.0,1,907.0,932.6610240204313,907.0,Y0
1.0,0.0,0.0,1.0,0.0,0.0,0.0,20.0,0.0,0,929.0,929.0,897.7914849405788,Y1
1.0,0.0,0.0,0.0,1.0,1.0,0.0,8.0,0.0,0,979.0,979.0,947.0151097130175,Y1
1.0,1.0,3.0,1.0,1.0,0.0,0.0,5.0,1.0,0,928.0,928.0,918.0708398966851,Y1
0.0,0.0,3.0,1.0,1.0,0.0,-1.0,3.0,0.0,1,899.0,884.8725303077384,899.0,Y0
0.0,0.0,3.0,1.0,0.0,1.0,0.0,6.0,0.0,1,863.0,887.7015206009598,863.0,Y0
0.0,0.0,0.0,0.0,0.0,1.0,0.0,6.0,0.0,0,901.0,901.0,961.3903569943986,Y1
0.0,0.0,1.0,0.0,1.0,1.0,0.0,14.0,0.0,0,1012.0,1012.0,1014.3552437609874,Y1
0.0,1.0,3.0,1.0,2.0,0.0,-1.0,14.0,1.0,1,868.0,875.747244680348,868.0,Y0
1.0,1.0,0.0,1.0,2.0,1.0,0.0,6.0,0.0,1,817.0,865.8648784460985,817.0,Y0
0.0,0.0,0.0,0.0,0.0,1.0,0.0,8.0,0.0,1,934.0,948.5514505086975,934.0,Y0
1.0,0.0,1.0,0.0,1.0,1.0,0.0,22.0,0.0,0,920.0,920.0,966.641010577461,Y1
0.0,1.0,0.0,0.0,1.0,0.0,-1.0,12.0,1.0,0,869.0,869.0,909.8404469035594,Y1
1.0,0.0,2.0,1.0,0.0,1.0,0.0,5.0,0.0,0,890.0,890.0,919.4422515694733,Y1
1.0,0.0,3.0,0.0,1.0,0.0,0.0,16.0,1.0,1,1105.0,960.9010636671005,1105.0,Y0
0.0,0.0,1.0,1.0,0.0,0.0,0.0,4.0,0.0,1,1026.0,913.5311022590292,1026.0,Y0
1.0,0.0,2.0,0.0,1.0,0.0,1.0,14.0,0.0,0,875.0,875.0,988.8352718238024,Y1
1.0,0.0,1.0,1.0,0.0,0.0,0.0,19.0,0.0,1,956.0,969.7389945249324,956.0,Y0
1.0,0.0,1.0,1.0,0.0,0.0,0.0,8.0,0.0,1,872.0,899.395179550995,872.0,Y0
1.0,1.0,2.0,1.0,2.0,0.0,2.0,0.0,0.0,0,855.0,855.0,972.3997951552432,Y1
1.0,0.0,3.0,1.0,0.0,0.0,0.0,13.0,0.0,0,868.0,868.0,888.4574778244947,Y1
0.0,1.0,1.0,0.0,2.0,1.0,0.0,8.0,0.0,1,983.0,930.6347076304033,983.0,Y0
1.0,0.0,0.0,1.0,0.0,1.0,4.0,16.0,0.0,0,1013.0,1013.0,909.9358687038981,Y1
1.0,0.0,0.0,0.0,0.0,1.0,0.0,5.0,0.0,0,889.0,889.0,953.9915881205379,Y1
1.0,0.0,0.0,0.0,0.0,1.0,0.0,6.0,0.0,0,842.0,842.0,953.9915881205379,Y1
1.0,1.0,8.0,1.0,0.0,1.0,0.0,15.0,0.0,0,943.0,943.0,880.3590478476112,Y1
0.0,0.0,3.0,0.0,3.0,1.0,0.0,7.0,0.0,1,917.0,941.2060254608516,917.0,Y0
0.0,0.0,1.0,0.0,0.0,1.0,0.0,12.0,0.0,0,918.0,918.0,970.4548391115959,Y1
0.0,0.0,2.0,0.0,1.0,1.0,0.0,12.0,0.0,0,905.0,905.0,944.5973359290414,Y1
0.0,0.0,1.0,0.0,1.0,0.0,0.0,0.0,0.0,0,943.0,943.0,955.9571352188568,Y1
0.0,1.0,0.0,1.0,2.0,0.0,0.0,11.0,0.0,0,848.0,848.0,924.460878006417,Y1
0.0,0.0,1.0,1.0,0.0,0.0,0.0,6.0,0.0,1,861.0,917.8990045935101,861.0,Y0
1.0,1.0,3.0,1.0,1.0,0.0,2.0,1.0,1.0,0,871.0,871.0,861.1643301428794,Y1
0.0,1.0,2.0,1.0,2.0,0.0,0.0,16.0,1.0,0,970.0,970.0,920.7937187763781,Y1
0.0,0.0,3.0,1.0,0.0,1.0,0.0,12.0,0.0,1,863.0,892.300160098541,863.0,Y0
1.0,0.0,0.0,1.0,0.0,0.0,0.0,4.0,0.0,0,856.0,856.0,964.4357859398178,Y1
1.0,0.0,2.0,0.0,1.0,0.0,0.0,3.0,0.0,0,859.0,859.0,970.5678845059668,Y1
0.0,1.0,3.0,1.0,1.0,0.0,-1.0,4.0,0.0,0,958.0,958.0,945.9197891357678,Y1
0.0,0.0,3.0,0.0,1.0,0.0,0.0,17.0,0.0,0,894.0,894.0,949.9223978751321,Y1
0.0,1.0,1.0,1.0,2.0,0.0,0.0,11.0,0.0,0,849.0,849.0,928.0099539196199,Y1
0.0,0.0,3.0,1.0,0.0,0.0,0.0,13.0,0.0,0,815.0,815.0,899.9852622631096,Y1
0.0,0.0,3.0,0.0,0.0,1.0,0.0,6.0,0.0,0,988.0,988.0,938.603877780369,Y1
0.0,0.0,3.0,0.0,0.0,0.0,0.0,10.0,0.0,0,962.0,962.0,923.3331162268273,Y1
0.0,0.0,9.0,1.0,0.0,1.0,0.0,13.0,0.0,0,892.0,892.0,881.9183993305589,Y1
0.0,1.0,0.0,1.0,2.0,1.0,0.0,8.0,0.0,1,872.0,884.9818725169381,872.0,Y0
1.0,0.0,1.0,0.0,1.0,0.0,-1.0,5.0,0.0,1,914.0,948.1890879870077,914.0,Y0
1.0,0.0,3.0,0.0,0.0,0.0,0.0,4.0,0.0,1,1104.0,893.2580011933412,1104.0,Y0
1.0,0.0,2.0,0.0,0.0,1.0,0.0,3.0,0.0,0,812.0,812.0,948.7576756265292,Y1
1.0,0.0,2.0,1.0,0.0,1.0,0.0,8.0,0.0,0,884.0,884.0,910.4602117543031,Y1
1.0,1.0,1.0,1.0,0.0,0.0,0.0,15.0,0.0,1,886.0,887.6101689529543,886.0,Y0
0.0,0.0,8.0,1.0,0.0,3.0,0.0,14.0,0.0,1,1012.0,894.1854007531657,1012.0,Y0
0.0,0.0,1.0,1.0,0.0,1.0,0.0,13.0,0.0,0,915.0,915.0,935.922067680765,Y1
1.0,0.0,1.0,0.0,0.0,1.0,0.0,4.0,0.0,0,869.0,869.0,1004.4833644846108,Y1
1.0,0.0,0.0,0.0,0.0,1.0,0.0,12.0,0.0,1,1102.0,943.9929679237936,1102.0,Y0
0.0,0.0,2.0,0.0,0.0,0.0,3.0,27.0,0.0,0,869.0,869.0,947.8422523749466,Y1
0.0,0.0,0.0,-1.0,0.0,1.0,0.0,13.0,-1.0,0,1043.0,1043.0,906.5198990269877,Y1
0.0,1.0,2.0,0.0,1.0,0.0,0.0,6.0,0.0,0,856.0,856.0,952.7000435564141,Y1
1.0,0.0,3.0,0.0,0.0,1.0,0.0,12.0,0.0,0,959.0,959.0,924.7883128464837,Y1
0.0,0.0,0.0,0.0,0.0,0.0,0.0,8.0,0.0,1,911.0,943.0173366220187,911.0,Y0
0.0,1.0,2.0,1.0,2.0,0.0,2.0,0.0,0.0,0,916.0,916.0,943.7337044744929,Y1
0.0,1.0,3.0,0.0,1.0,0.0,5.0,3.0,0.0,0,896.0,896.0,930.2626950367261,Y1
0.0,0.0,3.0,0.0,3.0,0.0,0.0,8.0,0.0,0,943.0,943.0,915.584252201288,Y1
1.0,1.0,2.0,1.0,2.0,1.0,0.0,7.0,0.0,0,897.0,897.0,880.1085798300925,Y1
0.0,1.0,3.0,0.0,1.0,0.0,0.0,21.0,0.0,1,978.0,929.773897852674,978.0,Y0
0.0,0.0,1.0,0.0,0.0,0.0,0.0,14.0,0.0,1,984.0,965.8733080803361,984.0,Y0
0.0,0.0,2.0,0.0,0.0,1.0,0.0,8.0,0.0,0,901.0,901.0,943.7383232069315,Y1
0.0,0.0,3.0,0.0,0.0,0.0,0.0,12.0,0.0,1,904.0,930.7139220656107,904.0,Y0
0.0,0.0,1.0,1.0,0.0,1.0,0.0,12.0,0.0,0,966.0,966.0,936.866641541197,Y1
1.0,0.0,3.0,0.0,0.0,0.0,0.0,8.0,0.0,0,792.0,792.0,926.4559208318152,Y1
1.0,1.0,1.0,1.0,2.0,0.0,0.0,11.0,0.0,0,844.0,844.0,912.5309830528862,Y1
0.0,1.0,0.0,1.0,1.0,0.0,-1.0,12.0,1.0,0,880.0,880.0,909.3878854886041,Y1
1.0,1.0,0.0,1.0,2.0,0.0,-1.0,10.0,1.0,0,881.0,881.0,876.3252468715997,Y1
1.0,1.0,2.0,0.0,2.0,0.0,2.0,1.0,1.0,0,855.0,855.0,891.5598651251144,Y1
1.0,0.0,1.0,0.0,1.0,0.0,0.0,11.0,0.0,0,941.0,941.0,968.4201820811504,Y1
0.0,1.0,9.0,1.0,2.0,1.0,0.0,10.0,1.0,1,856.0,863.0200677874132,856.0,Y0
1.0,0.0,4.0,0.0,0.0,1.0,0.0,11.0,0.0,0,908.0,908.0,940.565212691686,Y1
1.0,0.0,1.0,0.0,0.0,0.0,2.0,1.0,0.0,0,839.0,839.0,916.5228524411355,Y1
1.0,0.0,1.0,0.0,3.0,0.0,0.0,13.0,0.0,1,1014.0,955.8978519019522,1014.0,Y0
1.0,1.0,2.0,1.0,1.0,0.0,-1.0,4.0,0.0,0,787.0,787.0,957.3882814754948,Y1
0.0,1.0,1.0,1.0,2.0,0.0,2.0,1.0,0.0,1,843.0,926.4217210471095,843.0,Y0
1.0,0.0,1.0,0.0,0.0,0.0,3.0,27.0,0.0,0,881.0,881.0,959.1631821486113,Y1
1.0,0.0,3.0,1.0,0.0,0.0,0.0,5.0,0.0,1,973.0,873.2815618719295,973.0,Y0
0.0,1.0,2.0,1.0,2.0,0.0,-1.0,2.0,0.0,1,782.0,879.874936665086,782.0,Y0
0.0,0.0,1.0,1.0,3.0,0.0,2.0,5.0,0.0,0,928.0,928.0,925.2718765672369,Y1
0.0,0.0,0.0,0.0,0.0,3.0,3.0,8.0,0.0,1,970.0,1008.6051991984073,970.0,Y0
1.0,0.0,2.0,1.0,0.0,1.0,0.0,13.0,0.0,0,836.0,836.0,901.9306918681117,Y1
1.0,0.0,1.0,0.0,0.0,1.0,0.0,8.0,0.0,0,931.0,931.0,963.5609089759222,Y1
1.0,0.0,1.0,0.0,0.0,0.0,0.0,12.0,0.0,0,930.0,930.0,966.9830997167766,Y1
0.0,1.0,3.0,1.0,1.0,1.0,0.0,24.0,0.0,0,908.0,908.0,861.5647394522031,Y1
0.0,0.0,2.0,1.0,0.0,0.0,3.0,27.0,0.0,0,931.0,931.0,905.8251180373368,Y1
0.0,1.0,3.0,1.0,2.0,1.0,0.0,5.0,0.0,0,853.0,853.0,889.7193100311574,Y1
1.0,0.0,3.0,0.0,3.0,1.0,0.0,17.0,0.0,1,978.0,912.9179402456125,978.0,Y0
0.0,0.0,3.0,0.0,0.0,0.0,0.0,12.0,0.0,1,923.0,930.7139220656107,923.0,Y0
1.0,0.0,0.0,0.0,0.0,0.0,0.0,13.0,0.0,0,1085.0,1085.0,954.0762078462274,Y1
1.0,0.0,0.0,0.0,0.0,1.0,0.0,12.0,0.0,1,947.0,943.9929679237936,947.0,Y0
1.0,1.0,0.0,1.0,2.0,1.0,0.0,13.0,1.0,1,876.0,886.0983358454348,876.0,Y0
0.0,0.0,3.0,1.0,0.0,0.0,0.0,8.0,0.0,0,847.0,847.0,895.8226508756717,Y1
1.0,0.0,2.0,0.0,0.0,0.0,3.0,9.0,0.0,0,967.0,967.0,909.44811777759,Y1
1.0,0.0,4.0,0.0,1.0,0.0,0.0,15.0,0.0,0,950.0,950.0,971.5103261069688,Y1
0.0,0.0,3.0,1.0,0.0,0.0,0.0,6.0,0.0,0,905.0,905.0,921.2422370120323,Y1
1.0,0.0,3.0,1.0,0.0,0.0,3.0,9.0,0.0,0,1092.0,1092.0,863.302343552753,Y1
1.0,1.0,1.0,1.0,2.0,0.0,-1.0,2.0,0.0,0,858.0,858.0,855.3266390556319,Y1
0.0,1.0,3.0,1.0,2.0,1.0,0.0,11.0,1.0,0,854.0,854.0,877.3244709511506,Y1
1.0,0.0,3.0,1.0,0.0,1.0,0.0,13.0,0.0,0,905.0,905.0,882.0704436372428,Y1
0.0,0.0,3.0,0.0,1.0,1.0,0.0,4.0,0.0,1,884.0,926.7504326034202,884.0,Y0
1.0,0.0,2.0,0.0,0.0,0.0,0.0,10.0,0.0,0,885.0,885.0,928.4781575964795,Y1
0.0,0.0,1.0,0.0,0.0,0.0,0.0,20.0,0.0,1,917.0,986.1009702862383,917.0,Y0
1.0,0.0,7.0,0.0,0.0,0.0,2.0,3.0,0.0,1,814.0,907.2470748281355,814.0,Y0
0.0,1.0,3.0,1.0,2.0,0.0,0.0,21.0,1.0,1,857.0,907.606895571448,857.0,Y0
1.0,0.0,0.0,0.0,3.0,0.0,0.0,13.0,0.0,0,1052.0,1052.0,960.4439087235866,Y1
0.0,0.0,3.0,0.0,1.0,0.0,5.0,3.0,0.0,0,920.0,920.0,927.558681669218,Y1
1.0,0.0,0.0,1.0,0.0,1.0,0.0,8.0,0.0,1,940.0,898.4544489199911,940.0,Y0
1.0,0.0,0.0,0.0,1.0,0.0,0.0,8.0,1.0,0,1164.0,1164.0,953.8572832024646,Y1
0.0,0.0,0.0,1.0,3.0,0.0,0.0,13.0,0.0,0,922.0,922.0,943.1838328847856,Y1
1.0,1.0,5.0,1.0,2.0,1.0,0.0,17.0,0.0,0,907.0,907.0,878.8690853776174,Y1
1.0,1.0,5.0,1.0,2.0,0.0,0.0,11.0,0.0,0,914.0,914.0,895.1591740860463,Y1
0.0,0.0,0.0,1.0,3.0,0.0,0.0,13.0,0.0,0,914.0,914.0,943.1838328847856,Y1
1.0,1.0,3.0,1.0,2.0,0.0,0.0,11.0,0.0,0,1120.0,1120.0,886.0414002131153,Y1
0.0,0.0,0.0,1.0,0.0,1.0,0.0,12.0,0.0,0,934.0,934.0,929.0968386949165,Y1
1.0,1.0,5.0,1.0,2.0,1.0,0.0,22.0,0.0,0,811.0,811.0,880.7535722530118,Y1
1.0,0.0,1.0,0.0,0.0,0.0,0.0,2.0,0.0,0,1033.0,1033.0,964.2189197449243,Y1
1.0,0.0,2.0,0.0,0.0,1.0,0.0,13.0,0.0,0,898.0,898.0,929.9045251009297,Y1
0.0,0.0,3.0,1.0,0.0,1.0,0.0,13.0,0.0,0,868.0,868.0,893.5982280758576,Y1
0.0,0.0,2.0,0.0,1.0,0.0,-1.0,3.0,0.0,0,919.0,919.0,965.789865994216,Y1
0.0,0.0,0.0,0.0,0.0,1.0,0.0,3.0,0.0,0,879.0,879.0,962.6910883147306,Y1
1.0,0.0,3.0,1.0,0.0,1.0,0.0,12.0,0.0,0,923.0,923.0,889.2679931220875,Y1
0.0,0.0,0.0,0.0,3.0,1.0,0.0,12.0,0.0,0,999.0,999.0,949.8221513588111,Y1
0.0,1.0,3.0,1.0,2.0,2.0,0.0,8.0,0.0,0,801.0,801.0,849.8685224948346,Y1
0.0,1.0,3.0,1.0,1.0,0.0,0.0,20.0,1.0,0,978.0,978.0,870.1376044732663,Y1
0.0,0.0,3.0,1.0,1.0,0.0,0.0,12.0,1.0,1,934.0,925.928195946786,934.0,Y0
1.0,0.0,0.0,1.0,0.0,1.0,0.0,10.0,0.0,0,873.0,873.0,901.6572127879864,Y1
1.0,1.0,6.0,1.0,2.0,0.0,0.0,10.0,1.0,0,891.0,891.0,882.5499318768968,Y1
1.0,0.0,0.0,0.0,0.0,1.0,0.0,12.0,0.0,0,1014.0,1014.0,948.9144542640787,Y1
0.0,0.0,2.0,0.0,0.0,1.0,0.0,13.0,0.0,0,900.0,900.0,943.5605231662839,Y1
0.0,1.0,1.0,0.0,1.0,0.0,3.0,13.0,0.0,1,864.0,996.8919287526,864.0,Y0
1.0,1.0,3.0,1.0,2.0,0.0,2.0,0.0,0.0,0,825.0,825.0,976.712369220347,Y1
0.0,0.0,3.0,0.0,3.0,1.0,0.0,12.0,0.0,0,885.0,885.0,920.165793245605,Y1
1.0,0.0,3.0,0.0,0.0,0.0,-1.0,5.0,0.0,0,966.0,966.0,910.5163887503037,Y1
1.0,1.0,3.0,1.0,2.0,0.0,2.0,2.0,0.0,1,969.0,875.6970505872132,969.0,Y0
1.0,1.0,0.0,1.0,2.0,0.0,0.0,12.0,1.0,0,851.0,851.0,906.9754174355315,Y1
1.0,1.0,2.0,0.0,1.0,0.0,1.0,0.0,0.0,1,1104.0,890.367870174849,1104.0,Y0
0.0,0.0,0.0,0.0,0.0,0.0,0.0,16.0,0.0,0,872.0,872.0,987.9049260740983,Y1
0.0,0.0,3.0,0.0,0.0,1.0,0.0,13.0,0.0,0,837.0,837.0,928.7525796402895,Y1
1.0,0.0,7.0,0.0,0.0,0.0,0.0,16.0,0.0,0,903.0,903.0,952.3099701698817,Y1
0.0,1.0,0.0,1.0,2.0,1.0,4.0,12.0,0.0,1,909.0,963.9431865998165,909.0,Y0
1.0,0.0,1.0,1.0,0.0,1.0,3.0,11.0,0.0,0,1105.0,1105.0,908.0691912430589,Y1
0.0,0.0,3.0,0.0,0.0,0.0,0.0,22.0,0.0,1,814.0,905.0836479406693,814.0,Y0
0.0,0.0,3.0,0.0,0.0,0.0,0.0,3.0,0.0,1,892.0,910.1798070399741,892.0,Y0
0.0,1.0,3.0,1.0,2.0,0.0,0.0,7.0,0.0,0,849.0,849.0,926.5210087317889,Y1
0.0,0.0,3.0,0.0,3.0,0.0,0.0,5.0,0.0,0,1081.0,1081.0,940.2134709205087,Y1
1.0,0.0,4.0,1.0,0.0,0.0,0.0,2.0,0.0,0,849.0,849.0,888.7419144749828,Y1
0.0,1.0,2.0,1.0,2.0,0.0,-1.0,3.0,0.0,1,925.0,872.2263190447321,925.0,Y0
0.0,0.0,1.0,0.0,1.0,1.0,0.0,4.0,0.0,1,1054.0,972.1318804102258,1054.0,Y0
1.0,0.0,0.0,0.0,0.0,0.0,0.0,6.0,0.0,0,948.0,948.0,971.1839902628706,Y1
0.0,0.0,2.0,0.0,1.0,1.0,0.0,12.0,0.0,0,976.0,976.0,944.5973359290414,Y1
0.0,1.0,0.0,1.0,1.0,0.0,-1.0,3.0,0.0,1,1030.0,889.2995606912172,1030.0,Y0
0.0,0.0,0.0,0.0,0.0,0.0,0.0,15.0,0.0,0,1065.0,1065.0,979.4228739978327,Y1
0.0,1.0,2.0,1.0,1.0,0.0,1.0,0.0,0.0,1,1022.0,896.4409227601407,1022.0,Y0
0.0,0.0,2.0,0.0,1.0,2.0,0.0,12.0,0.0,0,969.0,969.0,969.0509927470999,Y1
0.0,0.0,2.0,0.0,0.0,1.0,0.0,4.0,0.0,0,981.0,981.0,972.7861577687211,Y1
0.0,1.0,3.0,1.0,3.0,0.0,0.0,14.0,0.0,1,942.0,881.7458381979721,942.0,Y0
1.0,0.0,4.0,1.0,0.0,0.0,0.0,19.0,0.0,1,864.0,975.7563659573899,864.0,Y0
1.0,0.0,3.0,0.0,1.0,0.0,0.0,17.0,0.0,0,865.0,865.0,942.4217035770539,Y1
1.0,1.0,3.0,1.0,2.0,0.0,2.0,1.0,1.0,0,858.0,858.0,860.939917954288,Y1
0.0,0.0,5.0,1.0,0.0,1.0,0.0,6.0,0.0,0,1087.0,1087.0,912.8891633098295,Y1
0.0,0.0,1.0,1.0,0.0,0.0,0.0,20.0,0.0,1,842.0,932.539297136559,842.0,Y0
0.0,0.0,3.0,0.0,0.0,0.0,0.0,8.0,0.0,0,958.0,958.0,931.1566187312003,Y1
1.0,0.0,3.0,0.0,1.0,0.0,0.0,7.0,0.0,0,932.0,932.0,956.2350836780081,Y1
0.0,0.0,2.0,0.0,3.0,1.0,0.0,4.0,0.0,0,924.0,924.0,948.0253100934505,Y1
0.0,3.0,2.0,0.0,0.0,0.0,0.0,4.0,0.0,0,844.0,844.0,983.8134208139697,Y1
0.0,0.0,1.0,1.0,0.0,1.0,0.0,6.0,0.0,0,954.0,954.0,945.9905904493506,Y1
0.0,0.0,3.0,0.0,0.0,0.0,0.0,5.0,0.0,0,877.0,877.0,950.5843630568462,Y1
0.0,0.0,2.0,0.0,0.0,0.0,0.0,3.0,0.0,1,937.0,935.4935600938682,937.0,Y0
1.0,0.0,2.0,0.0,1.0,0.0,5.0,3.0,0.0,0,918.0,918.0,933.426296565764,Y1
1.0,0.0,0.0,0.0,0.0,1.0,0.0,7.0,0.0,0,940.0,940.0,951.209223212185,Y1
0.0,0.0,3.0,0.0,0.0,1.0,3.0,11.0,0.0,0,950.0,950.0,906.6587752977246,Y1
1.0,1.0,2.0,1.0,2.0,0.0,1.0,0.0,0.0,0,926.0,926.0,993.8038676529825,Y1
0.0,0.0,3.0,0.0,0.0,0.0,0.0,15.0,0.0,1,932.0,938.9073922546987,932.0,Y0
0.0,1.0,0.0,1.0,2.0,1.0,0.0,5.0,0.0,0,976.0,976.0,907.4667386271036,Y1
0.0,0.0,0.0,1.0,0.0,0.0,0.0,8.0,0.0,0,862.0,862.0,930.7914041047483,Y1
1.0,0.0,0.0,0.0,0.0,0.0,0.0,14.0,0.0,0,954.0,954.0,995.1584052001855,Y1
1.0,0.0,0.0,0.0,0.0,1.0,0.0,15.0,0.0,1,921.0,950.3179256811602,921.0,Y0
0.0,0.0,3.0,1.0,3.0,0.0,0.0,3.0,0.0,0,1048.0,1048.0,925.3030600367173,Y1
1.0,1.0,4.0,1.0,1.0,0.0,-1.0,12.0,1.0,0,851.0,851.0,894.2658693519446,Y1
0.0,0.0,0.0,1.0,0.0,0.0,0.0,10.0,0.0,0,880.0,880.0,922.8947058988114,Y1
0.0,0.0,1.0,0.0,1.0,0.0,-1.0,3.0,0.0,0,1097.0,1097.0,989.9101321554789,Y1
0.0,1.0,3.0,0.0,2.0,1.0,0.0,11.0,1.0,0,929.0,929.0,907.9353325406261,Y1
1.0,0.0,0.0,0.0,1.0,0.0,-1.0,5.0,0.0,1,927.0,947.2023787575415,927.0,Y0
1.0,1.0,2.0,1.0,2.0,1.0,0.0,5.0,0.0,0,915.0,915.0,888.8830802185614,Y1
0.0,1.0,3.0,1.0,1.0,0.0,-1.0,0.0,0.0,0,891.0,891.0,953.7116669756394,Y1
0.0,1.0,3.0,1.0,2.0,0.0,2.0,2.0,0.0,1,923.0,891.6877224625885,923.0,Y0
1.0,0.0,1.0,0.0,0.0,1.0,5.0,11.0,0.0,1,910.0,1005.4812679091094,910.0,Y0
1.0,1.0,1.0,1.0,0.0,0.0,0.0,6.0,0.0,1,961.0,882.2540113320001,961.0,Y0
0.0,0.0,1.0,0.0,1.0,0.0,0.0,5.0,1.0,0,1067.0,1067.0,985.644710747695,Y1
0.0,0.0,2.0,1.0,0.0,1.0,0.0,9.0,0.0,0,923.0,923.0,918.4168744283512,Y1
1.0,0.0,3.0,1.0,0.0,0.0,2.0,2.0,0.0,1,933.0,894.9365480312201,933.0,Y0
0.0,1.0,1.0,1.0,2.0,1.0,0.0,11.0,0.0,0,864.0,864.0,904.4530156599575,Y1
1.0,0.0,4.0,1.0,1.0,0.0,0.0,7.0,0.0,0,892.0,892.0,922.5014220851449,Y1
1.0,0.0,2.0,0.0,0.0,0.0,3.0,27.0,0.0,0,936.0,936.0,924.2994193371882,Y1
1.0,1.0,2.0,1.0,2.0,1.0,0.0,17.0,0.0,0,862.0,862.0,873.5665514533983,Y1
0.0,0.0,0.0,1.0,1.0,0.0,0.0,7.0,0.0,0,851.0,851.0,951.7203079302832,Y1
1.0,1.0,3.0,1.0,2.0,1.0,1.0,6.0,0.0,0,803.0,803.0,884.8161293548452,Y1
1.0,0.0,2.0,1.0,3.0,0.0,1.0,0.0,0.0,0,886.0,886.0,952.2254588703978,Y1
1.0,0.0,2.0,0.0,0.0,1.0,0.0,4.0,0.0,0,880.0,880.0,977.24385851038,Y1
0.0,1.0,1.0,1.0,0.0,1.0,0.0,8.0,0.0,1,954.0,889.3567266736048,954.0,Y0
0.0,0.0,0.0,0.0,0.0,0.0,0.0,13.0,0.0,0,914.0,914.0,970.3921194443219,Y1
1.0,0.0,1.0,1.0,0.0,0.0,0.0,14.0,0.0,0,891.0,891.0,949.4221904500043,Y1
1.0,1.0,2.0,1.0,2.0,0.0,0.0,11.0,0.0,0,719.0,719.0,896.5988069166419,Y1
1.0,0.0,4.0,0.0,0.0,0.0,0.0,13.0,0.0,0,992.0,992.0,940.4332124659455,Y1
1.0,1.0,9.0,1.0,2.0,1.0,0.0,17.0,0.0,0,877.0,877.0,869.2967164824729,Y1
0.0,0.0,1.0,0.0,0.0,0.0,0.0,13.0,-1.0,0,826.0,826.0,956.9153156975386,Y1
1.0,0.0,0.0,1.0,0.0,0.0,0.0,12.0,0.0,0,1057.0,1057.0,920.1985404735573,Y1
1.0,0.0,0.0,0.0,0.0,0.0,0.0,12.0,0.0,1,919.0,942.516798333518,919.0,Y0
0.0,0.0,0.0,0.0,0.0,1.0,0.0,8.0,0.0,0,791.0,791.0,958.9651328823779,Y1
1.0,1.0,2.0,1.0,2.0,1.0,1.0,6.0,0.0,0,857.0,857.0,895.8498492169995,Y1
0.0,0.0,0.0,0.0,0.0,0.0,0.0,8.0,0.0,0,896.0,896.0,962.2930014033433,Y1
1.0,0.0,2.0,1.0,1.0,1.0,0.0,24.0,0.0,0,920.0,920.0,915.4632787141518,Y1
1.0,0.0,2.0,0.0,0.0,0.0,0.0,11.0,0.0,1,1039.0,926.8673905535037,1039.0,Y0
0.0,0.0,3.0,0.0,0.0,0.0,0.0,14.0,0.0,0,1004.0,1004.0,991.5161331341469,Y1
1.0,1.0,2.0,0.0,0.0,1.0,0.0,6.0,0.0,0,891.0,891.0,920.6946230403777,Y1
0.0,1.0,0.0,1.0,1.0,0.0,0.0,6.0,0.0,0,800.0,800.0,947.8037596201659,Y1
0.0,0.0,1.0,1.0,0.0,0.0,0.0,13.0,0.0,0,908.0,908.0,940.1919992272897,Y1
0.0,0.0,1.0,1.0,0.0,0.0,0.0,4.0,0.0,1,942.0,913.5311022590292,942.0,Y0
1.0,0.0,1.0,1.0,1.0,0.0,0.0,5.0,1.0,0,894.0,894.0,940.4665011314937,Y1
0.0,0.0,1.0,0.0,0.0,0.0,0.0,20.0,0.0,0,984.0,984.0,955.9760438150995,Y1
0.0,1.0,2.0,1.0,0.0,1.0,0.0,8.0,0.0,1,877.0,867.4972811810868,877.0,Y0
1.0,0.0,1.0,0.0,1.0,0.0,0.0,7.0,0.0,0,847.0,847.0,982.996152672321,Y1
1.0,0.0,2.0,1.0,0.0,0.0,0.0,12.0,0.0,0,831.0,831.0,912.3810093272263,Y1
0.0,0.0,3.0,0.0,1.0,1.0,0.0,12.0,0.0,0,1003.0,1003.0,934.7384291765205,Y1
0.0,0.0,1.0,0.0,0.0,1.0,0.0,6.0,0.0,0,1071.0,1071.0,971.7893100885087,Y1
1.0,0.0,1.0,0.0,0.0,1.0,0.0,5.0,0.0,1,1019.0,937.4483343804965,1019.0,Y0
1.0,0.0,1.0,0.0,0.0,1.0,0.0,12.0,0.0,0,1014.0,1014.0,963.0518166706545,Y1
0.0,0.0,3.0,1.0,0.0,0.0,2.0,2.0,0.0,0,959.0,959.0,867.6839847516165,Y1
0.0,0.0,1.0,1.0,0.0,0.0,0.0,11.0,0.0,0,859.0,859.0,941.8441441013508,Y1
1.0,0.0,3.0,0.0,0.0,1.0,0.0,13.0,0.0,0,872.0,872.0,917.5907633616389,Y1
0.0,1.0,0.0,1.0,2.0,0.0,0.0,6.0,0.0,0,849.0,849.0,950.4380287344682,Y1
1.0,0.0,3.0,0.0,3.0,0.0,0.0,14.0,0.0,1,933.0,941.38857846664,933.0,Y0
0.0,0.0,0.0,0.0,1.0,0.0,5.0,3.0,0.0,0,1018.0,1018.0,941.003057550059,Y1
1.0,0.0,1.0,1.0,0.0,0.0,2.0,2.0,0.0,0,954.0,954.0,899.8483897760268,Y1
1.0,0.0,0.0,0.0,0.0,0.0,0.0,13.0,0.0,0,919.0,919.0,954.0762078462274,Y1
0.0,0.0,2.0,0.0,1.0,0.0,0.0,11.0,0.0,0,931.0,931.0,948.5286189751635,Y1
1.0,0.0,2.0,1.0,0.0,0.0,0.0,10.0,0.0,0,1041.0,1041.0,899.8258092918092,Y1
1.0,1.0,1.0,1.0,1.0,0.0,-1.0,3.0,0.0,1,932.0,874.5581442011894,932.0,Y0
1.0,0.0,0.0,0.0,3.0,0.0,2.0,1.0,0.0,1,911.0,936.628494416762,911.0,Y0
0.0,0.0,1.0,1.0,0.0,0.0,0.0,4.0,0.0,1,999.0,913.5311022590292,999.0,Y0
0.0,0.0,2.0,0.0,0.0,0.0,0.0,7.0,0.0,1,936.0,933.8000320576529,936.0,Y0
0.0,1.0,2.0,1.0,1.0,0.0,0.0,12.0,1.0,1,842.0,937.2497477921422,842.0,Y0
0.0,0.0,3.0,0.0,3.0,0.0,0.0,13.0,0.0,1,981.0,951.1296103182748,981.0,Y0
0.0,1.0,1.0,1.0,3.0,1.0,0.0,12.0,0.0,1,911.0,900.1723541258536,911.0,Y0
1.0,0.0,0.0,0.0,0.0,0.0,0.0,19.0,0.0,1,978.0,998.8418006399962,978.0,Y0
1.0,1.0,2.0,1.0,2.0,0.0,0.0,5.0,0.0,0,884.0,884.0,927.5492184396188,Y1
0.0,0.0,3.0,0.0,0.0,1.0,0.0,10.0,0.0,0,871.0,871.0,922.4985798620869,Y1
0.0,0.0,3.0,1.0,0.0,1.0,0.0,13.0,0.0,0,816.0,816.0,893.5982280758576,Y1
1.0,0.0,1.0,1.0,0.0,1.0,0.0,9.0,0.0,0,841.0,841.0,923.2283335622708,Y1
0.0,0.0,2.0,1.0,0.0,1.0,0.0,10.0,0.0,0,979.0,979.0,910.0944731432227,Y1
0.0,0.0,3.0,0.0,1.0,1.0,0.0,22.0,0.0,0,831.0,831.0,898.7560365041026,Y1
1.0,1.0,0.0,1.0,2.0,0.0,1.0,0.0,0.0,0,1013.0,1013.0,975.7320490934364,Y1
1.0,1.0,7.0,1.0,0.0,0.0,0.0,7.0,0.0,0,802.0,802.0,909.9979717008924,Y1
1.0,0.0,3.0,0.0,1.0,1.0,0.0,18.0,0.0,1,950.0,935.0302502770109,950.0,Y0
1.0,0.0,1.0,0.0,0.0,1.0,0.0,12.0,0.0,0,941.0,941.0,963.0518166706545,Y1
0.0,0.0,3.0,1.0,0.0,0.0,0.0,20.0,0.0,0,825.0,825.0,867.1720279885042,Y1
1.0,0.0,2.0,0.0,0.0,0.0,0.0,15.0,0.0,0,862.0,862.0,953.8120040361333,Y1
0.0,0.0,3.0,0.0,1.0,1.0,0.0,4.0,0.0,1,875.0,926.7504326034202,875.0,Y0
0.0,1.0,3.0,1.0,2.0,2.0,0.0,8.0,0.0,0,827.0,827.0,849.8685224948346,Y1
1.0,1.0,0.0,0.0,1.0,0.0,2.0,1.0,1.0,0,946.0,946.0,916.5440143064004,Y1
1.0,0.0,2.0,0.0,0.0,1.0,0.0,12.0,0.0,0,841.0,841.0,937.1020745857745,Y1
0.0,0.0,0.0,0.0,0.0,1.0,0.0,20.0,0.0,0,966.0,966.0,949.6597685591415,Y1
0.0,1.0,0.0,1.0,2.0,0.0,0.0,10.0,1.0,0,961.0,961.0,911.6733228531762,Y1
1.0,1.0,1.0,1.0,1.0,1.0,0.0,24.0,0.0,0,923.0,923.0,906.5626719099392,Y1
0.0,0.0,1.0,0.0,0.0,0.0,0.0,22.0,0.0,1,1026.0,932.6929221583274,1026.0,Y0
0.0,0.0,1.0,0.0,1.0,1.0,4.0,15.0,0.0,0,1124.0,1124.0,977.9076973713002,Y1
0.0,1.0,2.0,1.0,2.0,0.0,2.0,1.0,1.0,0,900.0,900.0,883.2099013955859,Y1
1.0,0.0,2.0,0.0,3.0,0.0,2.0,1.0,0.0,1,1010.0,923.6694794326912,1010.0,Y0
0.0,1.0,1.0,1.0,0.0,0.0,-1.0,9.0,0.0,0,863.0,863.0,894.2025904902434,Y1
1.0,0.0,3.0,1.0,0.0,0.0,-1.0,2.0,0.0,0,822.0,822.0,883.2282308036769,Y1
1.0,0.0,3.0,0.0,0.0,1.0,0.0,15.0,0.0,0,999.0,999.0,944.9188023586983,Y1
0.0,1.0,2.0,1.0,2.0,0.0,0.0,6.0,0.0,0,847.0,847.0,941.1684179457254,Y1
1.0,0.0,0.0,0.0,0.0,1.0,0.0,13.0,0.0,0,915.0,915.0,942.5311853611353,Y1
1.0,1.0,2.0,1.0,2.0,0.0,-1.0,3.0,1.0,0,787.0,787.0,932.2117944371228,Y1
1.0,0.0,0.0,1.0,1.0,1.0,0.0,7.0,0.0,1,917.0,905.6362582311395,917.0,Y0
1.0,1.0,3.0,1.0,0.0,0.0,0.0,4.0,0.0,1,960.0,848.3520029718243,960.0,Y0
0.0,0.0,0.0,0.0,0.0,0.0,2.0,3.0,1.0,0,912.0,912.0,900.0683542844193,Y1
1.0,0.0,8.0,1.0,0.0,0.0,3.0,10.0,0.0,0,956.0,956.0,846.5445901965024,Y1
1.0,1.0,2.0,1.0,2.0,1.0,0.0,6.0,0.0,1,808.0,843.8091731854079,808.0,Y0
1.0,0.0,1.0,1.0,0.0,0.0,0.0,2.0,0.0,0,889.0,889.0,917.199922884419,Y1
0.0,0.0,0.0,0.0,1.0,0.0,1.0,14.0,0.0,0,1158.0,1158.0,1011.6320321896088,Y1
1.0,0.0,1.0,0.0,0.0,0.0,-1.0,4.0,0.0,0,882.0,882.0,1005.1814195139528,Y1
0.0,1.0,1.0,1.0,0.0,1.0,0.0,4.0,0.0,0,853.0,853.0,963.327880171796,Y1
1.0,0.0,0.0,0.0,0.0,3.0,0.0,14.0,0.0,1,941.0,950.976215068408,941.0,Y0
1.0,1.0,1.0,0.0,1.0,0.0,2.0,5.0,1.0,1,950.0,927.1985981553054,950.0,Y0
1.0,0.0,2.0,0.0,0.0,0.0,0.0,7.0,0.0,0,796.0,796.0,961.4097317669494,Y1
1.0,0.0,1.0,1.0,0.0,0.0,0.0,6.0,0.0,1,991.0,909.1014122089574,991.0,Y0
0.0,0.0,0.0,0.0,1.0,0.0,0.0,17.0,0.0,0,913.0,913.0,969.8688134300751,Y1
1.0,0.0,0.0,0.0,0.0,0.0,0.0,13.0,-1.0,0,983.0,983.0,936.5328116742252,Y1
0.0,0.0,1.0,1.0,0.0,1.0,0.0,4.0,0.0,1,983.0,917.922964238112,983.0,Y0
0.0,1.0,3.0,1.0,2.0,0.0,0.0,5.0,0.0,0,807.0,807.0,926.4222772877296,Y1
0.0,0.0,3.0,0.0,1.0,1.0,0.0,12.0,0.0,0,785.0,785.0,934.7384291765205,Y1
1.0,1.0,3.0,1.0,2.0,0.0,0.0,5.0,0.0,0,879.0,879.0,914.5523276129793,Y1
1.0,1.0,0.0,1.0,2.0,0.0,2.0,1.0,1.0,0,939.0,939.0,892.599696817552,Y1
1.0,0.0,2.0,-1.0,1.0,0.0,0.0,5.0,-1.0,0,899.0,899.0,940.0311142905457,Y1
0.0,0.0,3.0,1.0,0.0,0.0,-1.0,1.0,0.0,1,914.0,876.9541180583154,914.0,Y0
0.0,1.0,3.0,1.0,2.0,0.0,2.0,2.0,0.0,1,874.0,891.6877224625885,874.0,Y0
1.0,1.0,1.0,1.0,2.0,0.0,2.0,1.0,1.0,0,934.0,934.0,905.0817644008816,Y1
0.0,0.0,0.0,1.0,3.0,0.0,0.0,11.0,0.0,1,820.0,912.5374178692142,820.0,Y0
0.0,0.0,2.0,0.0,0.0,1.0,0.0,13.0,0.0,0,915.0,915.0,943.5605231662839,Y1
1.0,0.0,2.0,0.0,0.0,0.0,0.0,13.0,0.0,0,869.0,869.0,934.8529717193067,Y1
0.0,0.0,0.0,0.0,0.0,1.0,0.0,4.0,0.0,1,1011.0,955.1982013649819,1011.0,Y0
0.0,1.0,3.0,1.0,2.0,0.0,0.0,12.0,0.0,0,800.0,800.0,893.5405835146244,Y1
0.0,1.0,1.0,1.0,3.0,0.0,0.0,5.0,0.0,0,906.0,906.0,943.0260857155404,Y1
0.0,0.0,2.0,0.0,1.0,0.0,0.0,16.0,1.0,1,989.0,980.7520379998674,989.0,Y0
1.0,0.0,4.0,0.0,3.0,0.0,0.0,3.0,0.0,0,1034.0,1034.0,956.4527679285854,Y1
1.0,0.0,3.0,0.0,0.0,1.0,0.0,20.0,0.0,0,886.0,886.0,890.0094441543129,Y1
1.0,1.0,1.0,1.0,1.0,0.0,0.0,3.0,0.0,1,932.0,888.2490977830005,932.0,Y0
1.0,0.0,2.0,0.0,0.0,0.0,0.0,4.0,0.0,1,964.0,904.6758918003765,964.0,Y0
1.0,0.0,1.0,1.0,0.0,0.0,0.0,11.0,0.0,0,924.0,924.0,927.1978450364013,Y1
0.0,1.0,3.0,1.0,2.0,0.0,-1.0,6.0,1.0,0,937.0,937.0,884.6153600968203,Y1
0.0,1.0,3.0,1.0,2.0,0.0,2.0,1.0,1.0,1,939.0,895.9891084842446,939.0,Y0
0.0,0.0,0.0,1.0,3.0,1.0,0.0,12.0,0.0,1,814.0,918.348993524163,814.0,Y0
0.0,0.0,1.0,0.0,1.0,1.0,0.0,15.0,0.0,1,1102.0,970.9610192269391,1102.0,Y0
0.0,0.0,2.0,1.0,0.0,1.0,0.0,13.0,0.0,0,1036.0,1036.0,917.7401756069481,Y1
1.0,1.0,0.0,0.0,1.0,0.0,2.0,5.0,1.0,1,956.0,926.1459057372748,956.0,Y0
0.0,1.0,2.0,1.0,2.0,0.0,0.0,24.0,1.0,0,890.0,890.0,871.062817140954,Y1
0.0,0.0,3.0,1.0,0.0,0.0,0.0,4.0,0.0,0,887.0,887.0,942.4935265622393,Y1
1.0,0.0,0.0,0.0,3.0,1.0,0.0,13.0,0.0,1,940.0,940.1803615018665,940.0,Y0
1.0,1.0,3.0,1.0,0.0,1.0,0.0,13.0,0.0,0,803.0,803.0,868.9887852796019,Y1
1.0,0.0,3.0,0.0,0.0,0.0,0.0,15.0,0.0,0,896.0,896.0,940.3595510529481,Y1
1.0,1.0,2.0,0.0,1.0,0.0,-1.0,12.0,1.0,0,832.0,832.0,909.2425314534904,Y1
1.0,1.0,2.0,1.0,2.0,0.0,-1.0,10.0,1.0,0,860.0,860.0,881.6332528097482,Y1
1.0,0.0,1.0,1.0,3.0,0.0,2.0,5.0,0.0,0,907.0,907.0,909.8188916818672,Y1
0.0,1.0,0.0,1.0,2.0,0.0,0.0,14.0,0.0,1,920.0,891.0767378196307,920.0,Y0
1.0,1.0,1.0,1.0,1.0,1.0,0.0,4.0,0.0,1,905.0,890.375780585878,905.0,Y0
0.0,0.0,1.0,0.0,0.0,1.0,0.0,6.0,0.0,0,984.0,984.0,971.7893100885087,Y1
1.0,0.0,4.0,0.0,0.0,2.0,0.0,12.0,0.0,0,965.0,965.0,967.5243333240048,Y1
0.0,0.0,2.0,0.0,0.0,0.0,0.0,16.0,0.0,0,1076.0,1076.0,985.9277021629683,Y1
1.0,1.0,3.0,1.0,2.0,0.0,0.0,9.0,0.0,0,842.0,842.0,882.1595212923529,Y1
1.0,1.0,0.0,1.0,2.0,1.0,0.0,17.0,0.0,0,892.0,892.0,872.2951395366567,Y1
0.0,0.0,2.0,0.0,1.0,0.0,-1.0,3.0,0.0,0,949.0,949.0,965.789865994216,Y1
0.0,0.0,1.0,1.0,3.0,0.0,1.0,1.0,0.0,1,886.0,935.2787870298114,886.0,Y0
1.0,1.0,2.0,1.0,2.0,0.0,2.0,0.0,0.0,0,876.0,876.0,972.3997951552432,Y1
0.0,0.0,2.0,1.0,3.0,0.0,0.0,13.0,0.0,0,972.0,972.0,927.6328224240984,Y1
1.0,1.0,3.0,1.0,2.0,0.0,-1.0,3.0,1.0,0,876.0,876.0,922.873456572478,Y1
1.0,0.0,2.0,1.0,3.0,1.0,0.0,4.0,0.0,0,868.0,868.0,924.212654887385,Y1
0.0,0.0,0.0,0.0,0.0,0.0,2.0,2.0,0.0,1,960.0,949.297541972198,960.0,Y0
0.0,1.0,0.0,1.0,2.0,0.0,-1.0,2.0,0.0,0,825.0,825.0,858.8773619657591,Y1
0.0,0.0,2.0,0.0,1.0,0.0,0.0,3.0,0.0,0,940.0,940.0,970.1835854107544,Y1
0.0,0.0,3.0,1.0,0.0,0.0,0.0,9.0,0.0,1,805.0,889.4741137677042,805.0,Y0
1.0,0.0,3.0,0.0,1.0,0.0,0.0,7.0,0.0,0,846.0,846.0,956.2350836780081,Y1
0.0,0.0,1.0,1.0,0.0,0.0,0.0,9.0,0.0,0,896.0,896.0,934.3137058390055,Y1
0.0,1.0,1.0,1.0,2.0,0.0,0.0,11.0,0.0,0,954.0,954.0,928.0099539196199,Y1
0.0,0.0,2.0,0.0,1.0,0.0,0.0,8.0,0.0,0,928.0,928.0,942.54799583327,Y1
1.0,0.0,0.0,0.0,1.0,1.0,0.0,22.0,0.0,0,902.0,902.0,953.9310952609878,Y1
1.0,0.0,0.0,0.0,1.0,0.0,0.0,7.0,0.0,0,899.0,899.0,972.484586981888,Y1
0.0,0.0,3.0,1.0,0.0,1.0,0.0,8.0,0.0,0,978.0,978.0,895.6666295827836,Y1
0.0,1.0,0.0,1.0,2.0,0.0,2.0,1.0,1.0,0,890.0,890.0,913.0633246758126,Y1
1.0,0.0,2.0,0.0,1.0,0.0,-1.0,18.0,1.0,0,857.0,857.0,951.5496979160841,Y1
1.0,1.0,3.0,1.0,2.0,1.0,0.0,11.0,1.0,0,851.0,851.0,868.6562194590351,Y1
1.0,0.0,4.0,0.0,0.0,0.0,1.0,0.0,0.0,0,922.0,922.0,980.6532991679697,Y1
0.0,1.0,2.0,0.0,1.0,1.0,0.0,10.0,0.0,0,857.0,857.0,898.6848351126819,Y1
0.0,0.0,1.0,0.0,0.0,0.0,0.0,6.0,0.0,0,962.0,962.0,982.3851363641262,Y1
0.0,0.0,1.0,0.0,0.0,0.0,0.0,10.0,0.0,0,901.0,901.0,960.2580171961281,Y1
1.0,0.0,3.0,1.0,0.0,1.0,0.0,10.0,0.0,0,921.0,921.0,881.9266424087795,Y1
0.0,0.0,0.0,0.0,1.0,0.0,0.0,15.0,0.0,0,944.0,944.0,986.1771315869029,Y1
0.0,0.0,1.0,0.0,1.0,0.0,0.0,11.0,0.0,0,837.0,837.0,975.8232045220918,Y1
1.0,0.0,1.0,1.0,1.0,0.0,0.0,5.0,1.0,0,888.0,888.0,940.4665011314937,Y1
1.0,0.0,3.0,0.0,1.0,0.0,1.0,0.0,0.0,0,841.0,841.0,979.6227520113888,Y1
0.0,0.0,1.0,0.0,0.0,0.0,0.0,12.0,0.0,0,961.0,961.0,974.386122157718,Y1
1.0,0.0,0.0,1.0,0.0,1.0,0.0,10.0,0.0,0,890.0,890.0,901.6572127879864,Y1
1.0,1.0,0.0,1.0,0.0,0.0,0.0,10.0,0.0,0,905.0,905.0,896.9868006225744,Y1
0.0,1.0,2.0,1.0,2.0,0.0,0.0,16.0,1.0,0,872.0,872.0,920.7937187763781,Y1
0.0,0.0,2.0,0.0,0.0,0.0,-1.0,5.0,0.0,0,909.0,909.0,919.0296859269242,Y1
1.0,0.0,3.0,1.0,1.0,0.0,1.0,0.0,0.0,0,906.0,906.0,978.9719370963907,Y1
1.0,1.0,2.0,1.0,2.0,0.0,1.0,1.0,0.0,1,962.0,883.0869222464079,962.0,Y0
0.0,0.0,0.0,0.0,1.0,0.0,-1.0,2.0,0.0,0,944.0,944.0,941.0506478927257,Y1
1.0,0.0,0.0,0.0,1.0,0.0,0.0,7.0,0.0,0,939.0,939.0,972.484586981888,Y1
1.0,1.0,2.0,0.0,3.0,1.0,0.0,6.0,0.0,0,807.0,807.0,902.7020640933567,Y1
1.0,0.0,2.0,0.0,0.0,1.0,0.0,11.0,0.0,0,909.0,909.0,937.1020745857745,Y1
0.0,0.0,0.0,0.0,0.0,0.0,0.0,13.0,0.0,0,1086.0,1086.0,970.3921194443219,Y1
1.0,1.0,0.0,1.0,2.0,0.0,0.0,16.0,1.0,0,888.0,888.0,899.9837970457403,Y1
1.0,1.0,3.0,1.0,2.0,1.0,0.0,17.0,0.0,0,882.0,882.0,868.947265430412,Y1
0.0,0.0,3.0,0.0,0.0,0.0,0.0,14.0,0.0,0,989.0,989.0,991.5161331341469,Y1
1.0,1.0,3.0,1.0,2.0,1.0,0.0,8.0,0.0,1,909.0,842.6123421101904,909.0,Y0
0.0,1.0,0.0,1.0,2.0,0.0,0.0,6.0,1.0,0,914.0,914.0,953.985255339547,Y1
1.0,0.0,2.0,0.0,1.0,0.0,2.0,1.0,1.0,0,940.0,940.0,907.6168142217882,Y1
0.0,0.0,1.0,0.0,0.0,1.0,0.0,10.0,0.0,0,1068.0,1068.0,961.540583472115,Y1
0.0,1.0,3.0,1.0,2.0,0.0,0.0,11.0,0.0,0,1008.0,1008.0,893.5405835146244,Y1
0.0,1.0,1.0,0.0,1.0,0.0,2.0,1.0,0.0,0,970.0,970.0,916.822413602934,Y1
1.0,0.0,2.0,1.0,0.0,2.0,0.0,6.0,0.0,1,876.0,899.9953696365507,876.0,Y0
1.0,0.0,2.0,0.0,1.0,0.0,0.0,12.0,0.0,0,975.0,975.0,941.125596534222,Y1
0.0,0.0,1.0,0.0,0.0,0.0,0.0,19.0,0.0,1,902.0,1015.5727517489115,902.0,Y0
1.0,0.0,2.0,1.0,3.0,0.0,0.0,13.0,0.0,0,906.0,906.0,911.8681935122003,Y1
0.0,0.0,3.0,1.0,0.0,0.0,0.0,27.0,0.0,1,900.0,884.7307238088439,900.0,Y0
0.0,1.0,3.0,1.0,2.0,0.0,0.0,11.0,0.0,0,1004.0,1004.0,893.5405835146244,Y1
0.0,0.0,0.0,0.0,1.0,0.0,-1.0,0.0,0.0,1,865.0,938.3150115239397,865.0,Y0
0.0,1.0,0.0,1.0,3.0,1.0,0.0,13.0,0.0,1,961.0,890.4067853701796,961.0,Y0
0.0,1.0,0.0,1.0,2.0,0.0,2.0,0.0,0.0,0,853.0,853.0,934.253890219672,Y1
1.0,1.0,2.0,1.0,2.0,1.0,0.0,22.0,0.0,0,854.0,854.0,884.8504365778554,Y1
0.0,1.0,3.0,1.0,1.0,0.0,0.0,21.0,0.0,1,880.0,883.408342897239,880.0,Y0
1.0,0.0,1.0,1.0,0.0,0.0,0.0,8.0,0.0,1,809.0,899.395179550995,809.0,Y0
1.0,0.0,3.0,0.0,0.0,0.0,0.0,4.0,0.0,1,1002.0,893.2580011933412,1002.0,Y0
0.0,0.0,2.0,1.0,0.0,1.0,0.0,21.0,0.0,0,862.0,862.0,912.9826053725147,Y1
1.0,0.0,7.0,0.0,0.0,0.0,0.0,12.0,0.0,1,921.0,940.1446186640032,921.0,Y0
0.0,1.0,3.0,1.0,1.0,0.0,-1.0,4.0,0.0,0,931.0,931.0,945.9197891357678,Y1
1.0,0.0,2.0,0.0,3.0,2.0,0.0,12.0,0.0,1,1116.0,922.2954435013872,1116.0,Y0
1.0,0.0,1.0,0.0,1.0,1.0,0.0,8.0,0.0,0,888.0,888.0,963.273256754412,Y1
1.0,0.0,0.0,1.0,0.0,1.0,0.0,10.0,0.0,0,862.0,862.0,901.6572127879864,Y1
1.0,1.0,2.0,1.0,2.0,0.0,-1.0,3.0,0.0,1,867.0,852.4475145751892,867.0,Y0
1.0,0.0,0.0,0.0,0.0,1.0,0.0,8.0,0.0,0,897.0,897.0,948.5159012793089,Y1
1.0,0.0,2.0,0.0,1.0,0.0,1.0,14.0,0.0,0,883.0,883.0,988.8352718238024,Y1
0.0,1.0,0.0,1.0,1.0,1.0,0.0,24.0,0.0,0,943.0,943.0,883.0702669483198,Y1
1.0,0.0,3.0,0.0,0.0,0.0,-1.0,2.0,0.0,0,943.0,943.0,918.7221865959713,Y1
0.0,0.0,2.0,0.0,1.0,2.0,0.0,13.0,0.0,0,862.0,862.0,968.1064188866679,Y1
0.0,0.0,3.0,0.0,1.0,0.0,0.0,11.0,0.0,0,991.0,991.0,940.78681486337,Y1
1.0,0.0,0.0,0.0,0.0,1.0,0.0,8.0,1.0,0,895.0,895.0,950.8940596937814,Y1
1.0,1.0,3.0,1.0,1.0,0.0,2.0,5.0,1.0,1,842.0,887.1366832182374,842.0,Y0
1.0,1.0,3.0,1.0,2.0,0.0,0.0,10.0,1.0,0,996.0,996.0,878.4272303586628,Y1
1.0,0.0,0.0,1.0,0.0,1.0,0.0,12.0,0.0,0,1023.0,1023.0,909.8044850274638,Y1
1.0,1.0,3.0,0.0,1.0,0.0,2.0,1.0,1.0,0,888.0,888.0,888.0267941359815,Y1
0.0,1.0,3.0,1.0,2.0,1.0,2.0,24.0,0.0,0,1053.0,1053.0,849.5122149359116,Y1
0.0,1.0,1.0,1.0,2.0,1.0,0.0,5.0,0.0,0,899.0,899.0,916.2286117166511,Y1
0.0,1.0,0.0,1.0,2.0,0.0,0.0,24.0,1.0,0,1003.0,1003.0,877.0424764205009,Y1
1.0,0.0,2.0,1.0,0.0,0.0,0.0,16.0,0.0,0,936.0,936.0,934.1497791474167,Y1
1.0,0.0,1.0,0.0,0.0,0.0,0.0,6.0,0.0,1,1046.0,937.6500007048871,1046.0,Y0
0.0,1.0,0.0,1.0,2.0,0.0,2.0,2.0,1.0,1,954.0,906.364092379523,954.0,Y0
1.0,0.0,1.0,0.0,0.0,0.0,0.0,13.0,0.0,0,917.0,917.0,960.8027138041866,Y1
0.0,0.0,3.0,0.0,0.0,1.0,0.0,10.0,0.0,0,996.0,996.0,922.4985798620869,Y1
0.0,1.0,2.0,1.0,2.0,0.0,0.0,6.0,0.0,0,859.0,859.0,941.1684179457254,Y1
1.0,0.0,2.0,1.0,1.0,0.0,0.0,3.0,0.0,1,989.0,898.0071276866069,989.0,Y0
0.0,0.0,7.0,1.0,0.0,0.0,0.0,8.0,0.0,1,783.0,871.2494237377502,783.0,Y0
0.0,1.0,3.0,1.0,1.0,0.0,-1.0,3.0,0.0,1,1000.0,863.9731621082026,1000.0,Y0
0.0,0.0,0.0,1.0,0.0,1.0,0.0,13.0,0.0,0,938.0,938.0,928.9665454163859,Y1
0.0,0.0,2.0,0.0,3.0,0.0,1.0,0.0,0.0,0,951.0,951.0,916.5019638843496,Y1
1.0,0.0,2.0,0.0,0.0,0.0,0.0,14.0,0.0,0,937.0,937.0,984.9011200694965,Y1
1.0,0.0,2.0,1.0,0.0,1.0,0.0,8.0,0.0,0,902.0,902.0,910.4602117543031,Y1
0.0,1.0,1.0,1.0,1.0,0.0,0.0,17.0,0.0,0,931.0,931.0,908.7063460338894,Y1
0.0,0.0,0.0,0.0,0.0,0.0,2.0,1.0,0.0,0,978.0,978.0,902.6317814577485,Y1
1.0,0.0,7.0,0.0,0.0,1.0,0.0,13.0,0.0,0,975.0,975.0,906.6614843071234,Y1
0.0,0.0,3.0,0.0,0.0,0.0,0.0,5.0,0.0,1,1000.0,911.9310624653759,1000.0,Y0
1.0,1.0,0.0,1.0,0.0,0.0,1.0,0.0,0.0,0,900.0,900.0,975.0027078243224,Y1
1.0,0.0,2.0,0.0,0.0,0.0,-1.0,4.0,0.0,0,936.0,936.0,983.5238539794965,Y1
1.0,0.0,4.0,0.0,1.0,1.0,0.0,13.0,0.0,0,997.0,997.0,937.0172361971174,Y1
0.0,0.0,0.0,0.0,1.0,1.0,0.0,15.0,1.0,0,949.0,949.0,990.3886908652571,Y1
1.0,0.0,2.0,1.0,0.0,0.0,0.0,4.0,0.0,0,937.0,937.0,961.6015690415226,Y1
1.0,0.0,0.0,0.0,3.0,0.0,0.0,8.0,0.0,0,1001.0,1001.0,939.3034890185289,Y1
1.0,0.0,2.0,0.0,0.0,0.0,0.0,15.0,0.0,1,981.0,943.1928062886236,981.0,Y0
0.0,0.0,1.0,0.0,1.0,0.0,0.0,11.0,0.0,1,931.0,962.9363737227034,931.0,Y0
1.0,0.0,0.0,0.0,0.0,1.0,0.0,8.0,0.0,0,886.0,886.0,948.5159012793089,Y1
1.0,1.0,2.0,1.0,2.0,0.0,1.0,0.0,0.0,0,851.0,851.0,993.8038676529825,Y1
0.0,0.0,3.0,0.0,1.0,1.0,0.0,12.0,0.0,0,938.0,938.0,934.7384291765205,Y1
1.0,1.0,0.0,1.0,2.0,0.0,0.0,16.0,1.0,0,868.0,868.0,899.9837970457403,Y1
0.0,0.0,3.0,0.0,1.0,0.0,0.0,5.0,0.0,1,1079.0,925.7470952471992,1079.0,Y0
0.0,0.0,4.0,0.0,0.0,0.0,0.0,13.0,0.0,0,905.0,905.0,951.5950287445961,Y1
1.0,0.0,1.0,0.0,0.0,1.0,0.0,3.0,0.0,0,876.0,876.0,978.8397733514021,Y1
0.0,0.0,1.0,1.0,0.0,0.0,2.0,2.0,0.0,0,1010.0,1010.0,911.6607127112511,Y1
0.0,1.0,0.0,0.0,2.0,0.0,0.0,24.0,1.0,0,911.0,911.0,905.4727970508193,Y1
1.0,0.0,2.0,1.0,0.0,0.0,0.0,4.0,0.0,1,911.0,888.2467546065759,911.0,Y0
0.0,0.0,2.0,1.0,0.0,1.0,0.0,12.0,0.0,0,857.0,857.0,918.6847494673801,Y1
1.0,1.0,3.0,1.0,1.0,0.0,-1.0,0.0,0.0,0,808.0,808.0,954.1858752616133,Y1
1.0,0.0,3.0,1.0,0.0,1.0,0.0,13.0,0.0,0,949.0,949.0,882.0704436372428,Y1
0.0,1.0,2.0,1.0,2.0,2.0,0.0,8.0,0.0,0,834.0,834.0,860.2840861377692,Y1
1.0,1.0,0.0,0.0,0.0,1.0,0.0,8.0,0.0,1,898.0,898.5947937647061,898.0,Y0
1.0,1.0,2.0,1.0,3.0,1.0,0.0,12.0,0.0,1,799.0,865.2091074043886,799.0,Y0
1.0,0.0,0.0,1.0,0.0,0.0,0.0,11.0,0.0,0,868.0,868.0,921.9232750594413,Y1
1.0,0.0,3.0,1.0,3.0,0.0,0.0,8.0,0.0,0,914.0,914.0,872.9689078350466,Y1
1.0,0.0,0.0,0.0,0.0,0.0,2.0,2.0,0.0,0,884.0,884.0,912.3056705224193,Y1
0.0,0.0,1.0,0.0,1.0,0.0,0.0,8.0,0.0,0,903.0,903.0,967.7938674789909,Y1
0.0,0.0,2.0,1.0,0.0,1.0,0.0,13.0,0.0,0,907.0,907.0,917.7401756069481,Y1
0.0,0.0,3.0,0.0,0.0,2.0,0.0,12.0,0.0,0,983.0,983.0,957.343625354976,Y1
0.0,0.0,0.0,0.0,0.0,0.0,0.0,9.0,0.0,0,1056.0,1056.0,962.2930014033433,Y1
1.0,1.0,4.0,1.0,0.0,0.0,2.0,3.0,0.0,1,836.0,860.0908972559438,836.0,Y0
1.0,1.0,0.0,1.0,1.0,1.0,0.0,24.0,0.0,0,984.0,984.0,895.7051747407285,Y1
1.0,0.0,2.0,1.0,0.0,0.0,0.0,8.0,0.0,1,875.0,883.2646490889261,875.0,Y0
0.0,1.0,2.0,0.0,1.0,0.0,2.0,1.0,1.0,0,895.0,895.0,894.5314186941099,Y1
1.0,0.0,2.0,0.0,1.0,0.0,0.0,11.0,0.0,1,1019.0,932.6610240204313,1019.0,Y0
0.0,0.0,2.0,0.0,0.0,0.0,0.0,14.0,0.0,0,988.0,988.0,998.5571181348507,Y1
0.0,0.0,0.0,0.0,0.0,0.0,0.0,14.0,0.0,1,986.0,958.9254159394706,986.0,Y0
0.0,0.0,3.0,1.0,0.0,0.0,0.0,4.0,0.0,0,894.0,894.0,942.4935265622393,Y1
1.0,1.0,7.0,1.0,3.0,0.0,0.0,17.0,0.0,0,844.0,844.0,892.5407864629176,Y1
1.0,1.0,1.0,1.0,0.0,0.0,-1.0,9.0,0.0,0,873.0,873.0,875.8510104212314,Y1
0.0,0.0,3.0,0.0,0.0,0.0,0.0,7.0,0.0,0,756.0,756.0,955.376492641251,Y1
1.0,1.0,2.0,1.0,1.0,0.0,1.0,0.0,0.0,1,923.0,881.9506271744457,923.0,Y0
0.0,0.0,3.0,0.0,0.0,0.0,0.0,6.0,0.0,1,914.0,917.1115679592942,914.0,Y0
1.0,0.0,3.0,1.0,0.0,0.0,0.0,13.0,0.0,0,896.0,896.0,888.4574778244947,Y1
0.0,0.0,0.0,0.0,3.0,0.0,-1.0,11.0,0.0,0,984.0,984.0,870.6027799906369,Y1
1.0,0.0,3.0,0.0,1.0,1.0,0.0,8.0,0.0,1,964.0,902.065556682406,964.0,Y0
0.0,0.0,0.0,0.0,0.0,0.0,0.0,8.0,0.0,0,823.0,823.0,962.2930014033433,Y1
0.0,0.0,7.0,1.0,0.0,0.0,2.0,1.0,0.0,0,896.0,896.0,838.3718860417379,Y1
0.0,1.0,3.0,1.0,2.0,0.0,0.0,5.0,0.0,1,924.0,865.0560255998317,924.0,Y0
1.0,0.0,0.0,0.0,0.0,1.0,0.0,12.0,0.0,0,1058.0,1058.0,948.9144542640787,Y1
1.0,0.0,3.0,0.0,0.0,1.0,0.0,6.0,0.0,1,851.0,901.5306871237352,851.0,Y0
1.0,0.0,0.0,1.0,0.0,1.0,0.0,13.0,0.0,0,831.0,831.0,903.4212161245204,Y1
1.0,1.0,3.0,1.0,2.0,2.0,0.0,8.0,0.0,0,791.0,791.0,843.969184633701,Y1
1.0,0.0,3.0,0.0,0.0,0.0,0.0,13.0,0.0,0,855.0,855.0,924.6563126207432,Y1
0.0,0.0,0.0,0.0,1.0,0.0,0.0,16.0,0.0,0,1091.0,1091.0,990.2270597876562,Y1
1.0,0.0,0.0,0.0,1.0,0.0,0.0,12.0,0.0,0,901.0,901.0,957.0915270948709,Y1
0.0,1.0,0.0,1.0,2.0,1.0,0.0,11.0,0.0,0,834.0,834.0,896.5987878604475,Y1
0.0,0.0,3.0,1.0,0.0,2.0,0.0,12.0,0.0,0,837.0,837.0,888.712341634209,Y1
0.0,1.0,3.0,1.0,2.0,0.0,0.0,5.0,1.0,0,757.0,757.0,932.5323756593006,Y1
1.0,1.0,1.0,0.0,2.0,1.0,4.0,12.0,0.0,1,953.0,954.6609887507071,953.0,Y0
1.0,0.0,3.0,1.0,3.0,0.0,0.0,17.0,0.0,0,877.0,877.0,908.4414263427395,Y1
1.0,0.0,1.0,0.0,3.0,0.0,2.0,1.0,0.0,1,889.0,956.5155846937324,889.0,Y0
0.0,0.0,3.0,0.0,1.0,0.0,2.0,3.0,0.0,0,887.0,887.0,921.3364790803789,Y1
0.0,2.0,1.0,0.0,1.0,0.0,0.0,16.0,0.0,0,1093.0,1093.0,974.4489633839272,Y1
0.0,0.0,2.0,0.0,1.0,0.0,0.0,16.0,1.0,1,945.0,980.7520379998674,945.0,Y0
1.0,1.0,1.0,1.0,1.0,0.0,-1.0,12.0,1.0,0,937.0,937.0,917.368288180895,Y1
1.0,0.0,0.0,0.0,0.0,1.0,0.0,13.0,0.0,0,854.0,854.0,942.5311853611353,Y1
0.0,0.0,2.0,1.0,1.0,0.0,0.0,5.0,1.0,0,979.0,979.0,943.8758400390993,Y1
1.0,0.0,1.0,0.0,0.0,1.0,0.0,8.0,0.0,0,949.0,949.0,963.5609089759222,Y1
0.0,0.0,1.0,0.0,0.0,1.0,0.0,6.0,0.0,1,1068.0,968.9318394467821,1068.0,Y0
0.0,0.0,2.0,1.0,0.0,1.0,0.0,5.0,0.0,0,856.0,856.0,930.3190633279298,Y1
0.0,0.0,2.0,1.0,0.0,0.0,0.0,4.0,0.0,0,945.0,945.0,964.2506993797745,Y1
1.0,0.0,3.0,0.0,3.0,0.0,-1.0,11.0,0.0,0,875.0,875.0,852.7744493094082,Y1
1.0,0.0,2.0,0.0,0.0,1.0,0.0,8.0,1.0,0,827.0,827.0,940.3133046208382,Y1
0.0,0.0,8.0,1.0,0.0,0.0,0.0,8.0,0.0,0,858.0,858.0,879.792307034839,Y1
0.0,0.0,3.0,0.0,0.0,0.0,0.0,13.0,0.0,0,814.0,814.0,935.8181288993937,Y1
1.0,1.0,2.0,1.0,2.0,1.0,4.0,12.0,0.0,1,898.0,912.1056925738054,898.0,Y0
0.0,0.0,0.0,0.0,0.0,0.0,3.0,9.0,0.0,0,1014.0,1014.0,922.4691515362243,Y1
0.0,0.0,3.0,0.0,0.0,0.0,0.0,16.0,0.0,1,1116.0,940.1781479928936,1116.0,Y0
1.0,0.0,0.0,1.0,0.0,1.0,0.0,21.0,0.0,0,1111.0,1111.0,914.4349412639635,Y1
1.0,0.0,1.0,0.0,0.0,1.0,0.0,13.0,0.0,0,997.0,997.0,955.8542671858097,Y1
1.0,0.0,0.0,0.0,0.0,0.0,0.0,5.0,0.0,1,1029.0,925.307527549895,1029.0,Y0
0.0,0.0,3.0,1.0,1.0,0.0,1.0,0.0,0.0,1,871.0,900.6046156635518,871.0,Y0
0.0,0.0,2.0,0.0,0.0,0.0,0.0,5.0,0.0,1,917.0,936.2633222257382,917.0,Y0
0.0,0.0,0.0,1.0,0.0,1.0,0.0,21.0,0.0,0,902.0,902.0,950.1336929740872,Y1
1.0,0.0,1.0,1.0,0.0,0.0,0.0,6.0,0.0,0,959.0,959.0,939.9412989441335,Y1
1.0,0.0,3.0,0.0,0.0,0.0,0.0,8.0,0.0,0,968.0,968.0,926.4559208318152,Y1
0.0,0.0,4.0,0.0,0.0,1.0,0.0,13.0,0.0,0,910.0,910.0,944.5294794854918,Y1
0.0,1.0,2.0,0.0,2.0,1.0,0.0,10.0,1.0,1,834.0,931.7717148602717,834.0,Y0
0.0,1.0,0.0,1.0,0.0,0.0,0.0,10.0,0.0,0,956.0,956.0,913.0440876094149,Y1
0.0,0.0,0.0,0.0,0.0,1.0,0.0,10.0,0.0,0,951.0,951.0,951.5673334571966,Y1
0.0,0.0,0.0,0.0,1.0,0.0,0.0,15.0,0.0,0,912.0,912.0,986.1771315869029,Y1
1.0,1.0,2.0,1.0,1.0,0.0,1.0,0.0,0.0,1,1073.0,881.9506271744457,1073.0,Y0
1.0,1.0,0.0,0.0,1.0,0.0,2.0,1.0,1.0,0,1003.0,1003.0,916.5440143064004,Y1
0.0,0.0,2.0,1.0,0.0,0.0,0.0,8.0,0.0,0,809.0,809.0,916.455793080512,Y1
1.0,0.0,0.0,0.0,1.0,1.0,0.0,22.0,0.0,0,962.0,962.0,953.9310952609878,Y1
0.0,0.0,3.0,1.0,0.0,1.0,0.0,6.0,0.0,0,1010.0,1010.0,909.9402668074074,Y1
1.0,0.0,3.0,0.0,0.0,0.0,0.0,13.0,-1.0,0,827.0,827.0,915.6057143933376,Y1
0.0,0.0,5.0,1.0,1.0,0.0,0.0,12.0,0.0,0,1014.0,1014.0,915.1714307037173,Y1
1.0,0.0,1.0,1.0,0.0,1.0,0.0,13.0,0.0,0,863.0,863.0,915.0227929914028,Y1
1.0,0.0,0.0,0.0,0.0,1.0,0.0,13.0,0.0,0,879.0,879.0,942.5311853611353,Y1
1.0,1.0,2.0,1.0,2.0,0.0,0.0,16.0,1.0,0,866.0,866.0,907.8126852163299,Y1
1.0,0.0,2.0,0.0,1.0,0.0,0.0,16.0,0.0,0,1167.0,1167.0,979.0854655425559,Y1
1.0,0.0,1.0,0.0,1.0,1.0,4.0,15.0,0.0,0,1037.0,1037.0,971.8061547074088,Y1
0.0,0.0,2.0,0.0,1.0,0.0,0.0,3.0,0.0,0,961.0,961.0,970.1835854107544,Y1
1.0,0.0,4.0,0.0,1.0,0.0,0.0,17.0,0.0,0,938.0,938.0,958.1986034222563,Y1
0.0,1.0,2.0,1.0,1.0,0.0,0.0,11.0,1.0,1,905.0,932.6821068740776,905.0,Y0
0.0,1.0,0.0,1.0,0.0,1.0,4.0,16.0,0.0,0,959.0,959.0,901.6733403996049,Y1
1.0,0.0,1.0,0.0,1.0,0.0,0.0,7.0,0.0,0,978.0,978.0,982.996152672321,Y1
0.0,1.0,0.0,1.0,1.0,1.0,0.0,24.0,0.0,0,959.0,959.0,883.0702669483198,Y1
0.0,0.0,2.0,0.0,0.0,0.0,0.0,6.0,0.0,1,931.0,940.7610568884012,931.0,Y0
1.0,1.0,2.0,1.0,2.0,0.0,2.0,1.0,1.0,1,831.0,887.8657702234754,831.0,Y0
0.0,0.0,4.0,1.0,1.0,0.0,0.0,14.0,0.0,1,1055.0,904.4494309459901,1055.0,Y0
0.0,0.0,0.0,0.0,1.0,1.0,0.0,14.0,1.0,1,949.0,970.9563589230795,949.0,Y0
0.0,0.0,1.0,0.0,0.0,1.0,0.0,8.0,0.0,0,1042.0,1042.0,969.364085976488,Y1
0.0,0.0,3.0,0.0,0.0,2.0,0.0,8.0,0.0,1,906.0,913.7322125261445,906.0,Y0
1.0,0.0,3.0,0.0,1.0,0.0,0.0,18.0,0.0,0,922.0,922.0,971.6848280333141,Y1
0.0,1.0,0.0,1.0,1.0,1.0,0.0,20.0,0.0,1,835.0,957.0367557742724,835.0,Y0
0.0,1.0,1.0,0.0,1.0,0.0,2.0,1.0,1.0,0,1003.0,1003.0,933.3467847003957,Y1
0.0,0.0,3.0,0.0,0.0,0.0,0.0,14.0,0.0,1,1046.0,938.9073922546987,1046.0,Y0
0.0,0.0,1.0,1.0,0.0,1.0,0.0,8.0,0.0,0,877.0,877.0,936.2747871868447,Y1
1.0,1.0,3.0,1.0,2.0,0.0,0.0,5.0,1.0,0,852.0,852.0,919.4933577939439,Y1
0.0,1.0,2.0,1.0,2.0,0.0,2.0,1.0,1.0,0,906.0,906.0,883.2099013955859,Y1
1.0,1.0,0.0,0.0,1.0,1.0,0.0,15.0,1.0,0,928.0,928.0,945.1904954765523,Y1
1.0,1.0,3.0,1.0,2.0,1.0,0.0,17.0,0.0,0,870.0,870.0,868.947265430412,Y1
1.0,0.0,2.0,1.0,0.0,0.0,0.0,6.0,0.0,0,925.0,925.0,930.9248667788406,Y1
0.0,1.0,2.0,0.0,2.0,0.0,-1.0,2.0,0.0,1,853.0,909.0419698461262,853.0,Y0
0.0,0.0,2.0,1.0,0.0,0.0,-1.0,4.0,0.0,0,842.0,842.0,967.771628200864,Y1
1.0,1.0,3.0,1.0,2.0,0.0,-1.0,9.0,1.0,0,903.0,903.0,875.969713124497,Y1
0.0,1.0,1.0,1.0,2.0,0.0,0.0,7.0,0.0,0,898.0,898.0,953.6947440419974,Y1
0.0,0.0,3.0,1.0,0.0,0.0,3.0,10.0,0.0,0,902.0,902.0,858.5370106407013,Y1
0.0,1.0,2.0,1.0,2.0,0.0,0.0,7.0,0.0,0,816.0,816.0,939.9684120500143,Y1
0.0,0.0,3.0,0.0,0.0,1.0,0.0,12.0,0.0,1,987.0,927.6754331749204,987.0,Y0
1.0,1.0,3.0,1.0,2.0,1.0,0.0,5.0,0.0,0,847.0,847.0,877.8493603564071,Y1
0.0,1.0,2.0,1.0,2.0,0.0,0.0,9.0,1.0,0,1012.0,1012.0,905.0534890767907,Y1
0.0,0.0,4.0,0.0,0.0,0.0,2.0,1.0,0.0,1,887.0,931.9403194031648,887.0,Y0
0.0,0.0,3.0,0.0,1.0,0.0,0.0,18.0,0.0,0,1054.0,1054.0,979.1855223313923,Y1
1.0,0.0,3.0,0.0,2.0,1.0,0.0,11.0,0.0,0,963.0,963.0,926.5686452863098,Y1
1.0,0.0,3.0,1.0,0.0,1.0,0.0,13.0,0.0,0,920.0,920.0,882.0704436372428,Y1
0.0,1.0,5.0,1.0,2.0,0.0,-1.0,14.0,1.0,1,909.0,894.3793346620035,909.0,Y0
0.0,0.0,3.0,1.0,0.0,0.0,0.0,10.0,0.0,0,936.0,936.0,887.5002495905431,Y1
1.0,0.0,3.0,0.0,1.0,0.0,0.0,5.0,0.0,1,1061.0,910.16341077641,1061.0,Y0
0.0,0.0,1.0,0.0,0.0,0.0,0.0,12.0,0.0,0,922.0,922.0,974.386122157718,Y1
0.0,1.0,2.0,1.0,2.0,1.0,0.0,17.0,0.0,0,799.0,799.0,886.5475850134466,Y1
0.0,1.0,3.0,1.0,2.0,0.0,-1.0,2.0,0.0,1,960.0,865.2348740505216,960.0,Y0
0.0,1.0,2.0,1.0,1.0,0.0,0.0,8.0,1.0,0,849.0,849.0,907.6206943560633,Y1
1.0,0.0,0.0,0.0,0.0,0.0,-1.0,1.0,0.0,1,936.0,909.6747181059685,936.0,Y0
1.0,0.0,9.0,1.0,0.0,0.0,0.0,11.0,0.0,0,937.0,937.0,870.8422801847382,Y1
0.0,0.0,3.0,0.0,0.0,0.0,3.0,9.0,0.0,0,1140.0,1140.0,903.1914989366534,Y1
0.0,1.0,2.0,0.0,2.0,0.0,2.0,1.0,1.0,0,952.0,952.0,899.5506931548159,Y1
1.0,0.0,0.0,0.0,0.0,1.0,0.0,12.0,0.0,0,892.0,892.0,948.9144542640787,Y1
1.0,1.0,1.0,1.0,2.0,0.0,2.0,1.0,0.0,1,822.0,909.0862300737774,822.0,Y0
1.0,1.0,3.0,0.0,1.0,0.0,-1.0,4.0,0.0,0,857.0,857.0,970.892100702195,Y1
0.0,0.0,3.0,0.0,1.0,0.0,0.0,7.0,0.0,0,870.0,870.0,959.0260656315272,Y1
1.0,0.0,3.0,0.0,0.0,1.0,0.0,9.0,0.0,1,852.0,913.8539983655199,852.0,Y0
0.0,1.0,3.0,1.0,2.0,0.0,2.0,1.0,1.0,1,813.0,895.9891084842446,813.0,Y0
1.0,1.0,0.0,1.0,2.0,1.0,0.0,17.0,0.0,0,811.0,811.0,872.2951395366567,Y1
0.0,0.0,0.0,0.0,1.0,0.0,1.0,0.0,0.0,0,901.0,901.0,944.1846404417676,Y1
1.0,1.0,2.0,1.0,2.0,0.0,2.0,1.0,1.0,1,835.0,887.8657702234754,835.0,Y0
0.0,1.0,2.0,1.0,2.0,2.0,0.0,8.0,0.0,0,777.0,777.0,860.2840861377692,Y1
0.0,1.0,3.0,0.0,1.0,1.0,0.0,10.0,0.0,0,910.0,910.0,894.2715265935635,Y1
0.0,0.0,3.0,0.0,0.0,1.0,0.0,11.0,0.0,0,939.0,939.0,931.0888561862444,Y1
1.0,1.0,2.0,1.0,2.0,0.0,2.0,2.0,0.0,1,1017.0,882.1363364049274,1017.0,Y0
0.0,0.0,3.0,1.0,1.0,0.0,2.0,1.0,1.0,0,854.0,854.0,878.22327706465,Y1
1.0,0.0,2.0,0.0,0.0,1.0,0.0,13.0,0.0,0,882.0,882.0,929.9045251009297,Y1
0.0,0.0,0.0,0.0,0.0,0.0,0.0,12.0,0.0,0,865.0,865.0,969.5052491505977,Y1
1.0,0.0,2.0,0.0,0.0,0.0,0.0,4.0,0.0,1,1022.0,904.6758918003765,1022.0,Y0
1.0,1.0,1.0,1.0,2.0,0.0,0.0,6.0,1.0,1,921.0,895.5743846203142,921.0,Y0
1.0,0.0,3.0,1.0,0.0,0.0,0.0,11.0,0.0,0,813.0,813.0,894.6378637370847,Y1
1.0,0.0,0.0,0.0,0.0,0.0,0.0,8.0,0.0,0,918.0,918.0,953.8299108700371,Y1
1.0,1.0,0.0,1.0,2.0,1.0,0.0,17.0,0.0,0,898.0,898.0,872.2951395366567,Y1
0.0,1.0,1.0,0.0,0.0,0.0,0.0,13.0,0.0,0,905.0,905.0,961.453686108692,Y1
0.0,1.0,2.0,0.0,1.0,0.0,-1.0,12.0,1.0,0,867.0,867.0,895.4221401925271,Y1
0.0,1.0,1.0,1.0,2.0,1.0,0.0,10.0,1.0,0,952.0,952.0,897.3612520396715,Y1
0.0,0.0,3.0,0.0,1.0,0.0,0.0,7.0,0.0,0,834.0,834.0,959.0260656315272,Y1
0.0,0.0,3.0,0.0,1.0,1.0,0.0,15.0,1.0,0,980.0,980.0,971.6518892451622,Y1
1.0,0.0,2.0,0.0,0.0,0.0,0.0,11.0,0.0,0,782.0,782.0,941.0333576318966,Y1
1.0,0.0,0.0,1.0,0.0,0.0,0.0,12.0,0.0,0,1012.0,1012.0,920.1985404735573,Y1
1.0,1.0,4.0,0.0,0.0,0.0,2.0,2.0,0.0,0,896.0,896.0,909.1501968156857,Y1
1.0,0.0,3.0,1.0,0.0,1.0,0.0,10.0,0.0,0,790.0,790.0,881.9266424087795,Y1
1.0,0.0,2.0,0.0,0.0,0.0,0.0,3.0,0.0,0,856.0,856.0,956.7345190094832,Y1
1.0,1.0,1.0,0.0,1.0,0.0,-1.0,0.0,0.0,0,858.0,858.0,976.1342170389931,Y1
0.0,0.0,3.0,1.0,3.0,0.0,2.0,5.0,0.0,0,865.0,865.0,921.5622112619611,Y1
1.0,0.0,8.0,0.0,0.0,1.0,0.0,13.0,0.0,0,835.0,835.0,893.9647793416337,Y1
1.0,0.0,0.0,0.0,0.0,0.0,0.0,8.0,0.0,1,1136.0,920.0990295545955,1136.0,Y0
0.0,1.0,3.0,1.0,2.0,0.0,2.0,1.0,1.0,1,868.0,895.9891084842446,868.0,Y0
1.0,0.0,5.0,0.0,0.0,0.0,0.0,6.0,0.0,1,1055.0,912.5552542396299,1055.0,Y0
1.0,1.0,0.0,1.0,2.0,0.0,0.0,6.0,1.0,1,854.0,893.4360597390399,854.0,Y0
1.0,1.0,2.0,1.0,2.0,0.0,0.0,12.0,1.0,0,897.0,897.0,898.9769653311145,Y1
1.0,1.0,0.0,1.0,2.0,0.0,1.0,9.0,1.0,1,822.0,907.2034786004085,822.0,Y0
0.0,0.0,3.0,1.0,1.0,0.0,0.0,12.0,0.0,0,844.0,844.0,904.9539482270858,Y1
1.0,0.0,1.0,1.0,0.0,0.0,0.0,4.0,0.0,0,927.0,927.0,975.9834340541644,Y1
0.0,0.0,2.0,0.0,0.0,1.0,0.0,6.0,0.0,0,976.0,976.0,949.915236961627,Y1
0.0,0.0,0.0,0.0,0.0,0.0,2.0,2.0,0.0,0,1059.0,1059.0,914.5812849599472,Y1
0.0,1.0,1.0,0.0,2.0,1.0,0.0,10.0,1.0,1,985.0,954.2721770753385,985.0,Y0
0.0,1.0,1.0,1.0,2.0,0.0,-1.0,2.0,0.0,0,817.0,817.0,875.1864761829444,Y1
0.0,0.0,2.0,0.0,0.0,1.0,0.0,20.0,0.0,0,928.0,928.0,919.7641330784851,Y1
0.0,1.0,1.0,1.0,2.0,1.0,0.0,5.0,0.0,0,937.0,937.0,916.2286117166511,Y1
1.0,0.0,1.0,0.0,1.0,0.0,5.0,3.0,0.0,0,989.0,989.0,938.6896000582094,Y1
1.0,0.0,0.0,0.0,3.0,1.0,0.0,8.0,0.0,0,1044.0,1044.0,938.7707900596437,Y1
0.0,1.0,0.0,0.0,1.0,0.0,2.0,5.0,1.0,1,840.0,961.0069508284655,840.0,Y0
1.0,0.0,2.0,0.0,1.0,0.0,-1.0,3.0,0.0,0,991.0,991.0,967.5923845826211,Y1
1.0,0.0,1.0,-1.0,1.0,0.0,2.0,1.0,-1.0,0,995.0,995.0,898.7536568144965,Y1
0.0,0.0,0.0,0.0,0.0,1.0,0.0,6.0,0.0,0,957.0,957.0,961.3903569943986,Y1
1.0,1.0,1.0,1.0,1.0,1.0,0.0,24.0,0.0,0,1019.0,1019.0,906.5626719099392,Y1
0.0,0.0,2.0,1.0,0.0,0.0,0.0,14.0,0.0,0,851.0,851.0,955.3319477748253,Y1
1.0,0.0,7.0,0.0,3.0,1.0,0.0,12.0,0.0,0,1066.0,1066.0,899.6215517962648,Y1
1.0,0.0,4.0,0.0,1.0,2.0,0.0,13.0,0.0,0,924.0,924.0,963.9763568294362,Y1
1.0,1.0,2.0,1.0,2.0,0.0,1.0,0.0,0.0,0,945.0,945.0,993.8038676529825,Y1
0.0,0.0,1.0,1.0,1.0,0.0,0.0,17.0,0.0,0,860.0,860.0,930.0633902873872,Y1
0.0,0.0,0.0,0.0,1.0,0.0,-1.0,15.0,0.0,1,876.0,928.6157042325724,876.0,Y0
0.0,0.0,3.0,0.0,1.0,0.0,0.0,0.0,0.0,0,889.0,889.0,919.1694295337446,Y1
1.0,0.0,1.0,0.0,0.0,0.0,0.0,15.0,0.0,1,905.0,955.5620982364123,905.0,Y0
1.0,0.0,4.0,0.0,1.0,0.0,2.0,3.0,0.0,0,1100.0,1100.0,928.4326158705057,Y1
0.0,0.0,1.0,0.0,0.0,1.0,0.0,13.0,0.0,0,971.0,971.0,969.5102652511639,Y1
1.0,0.0,3.0,1.0,3.0,2.0,0.0,13.0,0.0,0,912.0,912.0,920.6539425567424,Y1
0.0,0.0,0.0,0.0,1.0,1.0,0.0,12.0,0.0,0,1037.0,1037.0,959.462739741232,Y1
1.0,0.0,0.0,0.0,3.0,0.0,0.0,14.0,0.0,0,948.0,948.0,1000.8962759783382,Y1
1.0,1.0,1.0,1.0,2.0,0.0,0.0,5.0,0.0,0,986.0,986.0,936.185759481076,Y1
0.0,0.0,3.0,0.0,1.0,2.0,0.0,12.0,0.0,0,957.0,957.0,960.9931983452522,Y1
1.0,0.0,2.0,1.0,0.0,0.0,0.0,2.0,0.0,0,894.0,894.0,894.0311481478176,Y1
1.0,0.0,0.0,1.0,2.0,0.0,0.0,9.0,0.0,0,854.0,854.0,909.3343737843322,Y1
1.0,0.0,0.0,1.0,0.0,0.0,0.0,16.0,0.0,0,870.0,870.0,924.5274507851819,Y1
1.0,1.0,3.0,1.0,2.0,0.0,1.0,0.0,0.0,0,856.0,856.0,1001.4037516172859,Y1
1.0,1.0,0.0,1.0,2.0,0.0,1.0,0.0,1.0,0,998.0,998.0,1006.4782512031057,Y1
1.0,0.0,2.0,0.0,1.0,1.0,0.0,15.0,0.0,1,1022.0,947.6167957443073,1022.0,Y0
0.0,0.0,0.0,0.0,1.0,1.0,0.0,8.0,0.0,0,869.0,869.0,957.4643413160866,Y1
1.0,0.0,1.0,0.0,0.0,0.0,0.0,11.0,0.0,0,912.0,912.0,968.7078343026606,Y1
1.0,0.0,0.0,0.0,1.0,0.0,1.0,14.0,0.0,0,870.0,870.0,996.6764147921286,Y1
1.0,1.0,2.0,0.0,1.0,1.0,0.0,20.0,0.0,1,850.0,972.6446457995914,850.0,Y0
1.0,1.0,1.0,1.0,2.0,0.0,-1.0,6.0,1.0,0,953.0,953.0,898.0090494503753,Y1
1.0,0.0,0.0,0.0,1.0,0.0,1.0,0.0,0.0,1,1021.0,928.3531511757471,1021.0,Y0
0.0,0.0,0.0,0.0,0.0,0.0,0.0,4.0,0.0,0,983.0,983.0,999.4675388740625,Y1
0.0,1.0,3.0,1.0,2.0,1.0,0.0,6.0,0.0,1,836.0,849.9149626241298,836.0,Y0
0.0,0.0,0.0,0.0,1.0,0.0,0.0,5.0,1.0,0,1011.0,1011.0,977.7930585900023,Y1
1.0,0.0,0.0,0.0,0.0,0.0,0.0,3.0,0.0,0,915.0,915.0,973.0027520571089,Y1
0.0,0.0,2.0,1.0,0.0,0.0,0.0,6.0,0.0,1,973.0,907.43817709363,973.0,Y0
1.0,0.0,4.0,0.0,0.0,0.0,2.0,3.0,1.0,0,1034.0,1034.0,896.0308143066829,Y1
0.0,0.0,1.0,1.0,0.0,0.0,0.0,11.0,0.0,0,932.0,932.0,941.8441441013508,Y1
1.0,0.0,3.0,0.0,0.0,1.0,0.0,12.0,0.0,0,870.0,870.0,924.7883128464837,Y1
0.0,0.0,3.0,1.0,0.0,0.0,0.0,19.0,0.0,1,901.0,941.5045591946083,901.0,Y0
1.0,0.0,2.0,0.0,3.0,0.0,-1.0,11.0,0.0,0,916.0,916.0,861.6469699286883,Y1
1.0,0.0,2.0,1.0,1.0,1.0,0.0,14.0,1.0,1,998.0,929.0229699217067,998.0,Y0
0.0,0.0,2.0,0.0,0.0,0.0,0.0,13.0,0.0,0,1006.0,1006.0,948.5089697846608,Y1
0.0,1.0,1.0,1.0,0.0,1.0,0.0,12.0,0.0,0,940.0,940.0,905.5831385748562,Y1
1.0,1.0,0.0,0.0,1.0,0.0,0.0,17.0,0.0,0,882.0,882.0,937.4346576324454,Y1
1.0,1.0,2.0,1.0,1.0,1.0,0.0,24.0,0.0,0,1144.0,1144.0,886.9416018399028,Y1
0.0,1.0,1.0,1.0,2.0,0.0,0.0,6.0,1.0,1,920.0,914.3167853408213,920.0,Y0
0.0,1.0,0.0,1.0,2.0,0.0,1.0,0.0,0.0,0,971.0,971.0,950.7550275875672,Y1
1.0,0.0,3.0,1.0,1.0,0.0,-1.0,2.0,0.0,0,968.0,968.0,890.8948926717661,Y1
1.0,1.0,2.0,0.0,1.0,0.0,0.0,21.0,1.0,0,925.0,925.0,889.9474901280523,Y1
0.0,0.0,3.0,1.0,3.0,0.0,0.0,21.0,0.0,1,882.0,892.5783105566105,882.0,Y0
0.0,0.0,3.0,0.0,3.0,1.0,0.0,8.0,0.0,0,944.0,944.0,920.0656909534966,Y1
0.0,0.0,0.0,0.0,1.0,0.0,0.0,10.0,0.0,1,869.0,969.0456935345436,869.0,Y0
1.0,0.0,1.0,0.0,3.0,1.0,0.0,14.0,0.0,1,986.0,960.1267810317661,986.0,Y0
1.0,0.0,3.0,0.0,0.0,0.0,0.0,13.0,0.0,0,902.0,902.0,924.6563126207432,Y1
0.0,1.0,2.0,1.0,1.0,0.0,0.0,21.0,0.0,1,903.0,885.77608729054,903.0,Y0
1.0,0.0,0.0,1.0,3.0,1.0,0.0,6.0,0.0,0,847.0,847.0,898.5323097484278,Y1
0.0,0.0,1.0,1.0,0.0,0.0,0.0,10.0,0.0,1,900.0,931.5974467724845,900.0,Y0
0.0,0.0,0.0,1.0,0.0,0.0,0.0,2.0,0.0,1,954.0,898.3259586691102,954.0,Y0
0.0,0.0,2.0,1.0,0.0,0.0,0.0,22.0,0.0,1,895.0,870.4088687099181,895.0,Y0
0.0,0.0,2.0,0.0,0.0,0.0,0.0,8.0,0.0,1,968.0,928.6041517900399,968.0,Y0
1.0,0.0,0.0,0.0,3.0,0.0,0.0,21.0,0.0,1,905.0,942.109520826208,905.0,Y0
1.0,0.0,1.0,0.0,0.0,1.0,0.0,6.0,0.0,1,895.0,941.9460690431595,895.0,Y0
0.0,0.0,0.0,0.0,0.0,1.0,0.0,10.0,0.0,0,1061.0,1061.0,951.5673334571966,Y1
1.0,0.0,2.0,0.0,0.0,0.0,3.0,9.0,0.0,0,1066.0,1066.0,909.44811777759,Y1
0.0,0.0,0.0,0.0,1.0,0.0,-1.0,10.0,1.0,1,926.0,955.5591780569442,926.0,Y0
0.0,0.0,1.0,1.0,0.0,0.0,0.0,19.0,0.0,1,939.0,970.8504558764054,939.0,Y0
1.0,0.0,2.0,0.0,0.0,0.0,0.0,10.0,0.0,0,901.0,901.0,928.4781575964795,Y1
1.0,1.0,0.0,1.0,2.0,0.0,0.0,11.0,0.0,0,810.0,810.0,906.321993606943,Y1
0.0,0.0,3.0,0.0,0.0,0.0,0.0,16.0,0.0,0,919.0,919.0,972.1876621093252,Y1
1.0,0.0,1.0,0.0,0.0,1.0,0.0,13.0,0.0,0,856.0,856.0,955.8542671858097,Y1
1.0,0.0,1.0,0.0,1.0,0.0,0.0,17.0,0.0,0,917.0,917.0,965.814139812892,Y1
0.0,0.0,3.0,1.0,0.0,0.0,2.0,3.0,1.0,0,930.0,930.0,865.812663689162,Y1
1.0,0.0,2.0,0.0,0.0,1.0,4.0,16.0,0.0,0,1057.0,1057.0,956.7773757564463,Y1
1.0,1.0,2.0,0.0,0.0,0.0,0.0,10.0,0.0,0,894.0,894.0,911.46010338967,Y1
0.0,1.0,2.0,1.0,2.0,0.0,0.0,16.0,1.0,0,928.0,928.0,920.7937187763781,Y1
1.0,0.0,3.0,1.0,0.0,1.0,0.0,6.0,0.0,0,870.0,870.0,900.8127048803073,Y1
0.0,0.0,3.0,1.0,3.0,1.0,0.0,13.0,0.0,1,901.0,896.1063117954423,901.0,Y0
1.0,1.0,3.0,1.0,2.0,1.0,0.0,10.0,1.0,0,943.0,943.0,861.314868745727,Y1
1.0,0.0,2.0,0.0,1.0,1.0,1.0,8.0,0.0,1,1017.0,894.8454059970935,1017.0,Y0
1.0,0.0,8.0,0.0,0.0,1.0,0.0,7.0,0.0,0,980.0,980.0,891.7531848342467,Y1
0.0,0.0,0.0,1.0,0.0,1.0,0.0,12.0,0.0,1,890.0,916.3942422525957,890.0,Y0
0.0,0.0,3.0,0.0,1.0,1.0,4.0,15.0,0.0,0,987.0,987.0,962.9943710242248,Y1
1.0,0.0,2.0,1.0,1.0,1.0,0.0,4.0,0.0,1,929.0,899.6108267038896,929.0,Y0
0.0,0.0,0.0,0.0,0.0,0.0,0.0,9.0,0.0,0,961.0,961.0,962.2930014033433,Y1
1.0,1.0,3.0,1.0,2.0,0.0,2.0,2.0,1.0,1,941.0,877.710273592355,941.0,Y0
0.0,0.0,1.0,1.0,0.0,0.0,0.0,14.0,0.0,0,910.0,910.0,970.3214651393666,Y1
0.0,1.0,1.0,1.0,2.0,0.0,-1.0,14.0,1.0,1,942.0,890.3628708108276,942.0,Y0
0.0,0.0,0.0,0.0,0.0,0.0,0.0,6.0,0.0,0,975.0,975.0,976.5966180669684,Y1
1.0,0.0,0.0,1.0,0.0,0.0,0.0,10.0,0.0,0,974.0,974.0,906.8374189119709,Y1
0.0,0.0,2.0,1.0,0.0,0.0,-1.0,4.0,0.0,0,939.0,939.0,967.771628200864,Y1
1.0,0.0,3.0,0.0,0.0,0.0,0.0,10.0,0.0,1,868.0,928.8369581619748,868.0,Y0
1.0,0.0,2.0,1.0,3.0,0.0,0.0,11.0,0.0,0,810.0,810.0,898.1003044018057,Y1
0.0,0.0,0.0,1.0,0.0,1.0,0.0,12.0,0.0,1,868.0,916.3942422525957,868.0,Y0
1.0,1.0,3.0,1.0,2.0,2.0,0.0,8.0,0.0,0,745.0,745.0,843.969184633701,Y1
1.0,1.0,3.0,1.0,3.0,1.0,0.0,6.0,0.0,0,845.0,845.0,860.6498753591292,Y1
0.0,1.0,3.0,1.0,2.0,0.0,0.0,11.0,0.0,0,911.0,911.0,893.5405835146244,Y1
0.0,0.0,3.0,0.0,0.0,0.0,1.0,0.0,0.0,0,964.0,964.0,918.7286820206692,Y1
1.0,0.0,0.0,0.0,0.0,0.0,0.0,3.0,0.0,0,1032.0,1032.0,973.0027520571089,Y1
0.0,1.0,0.0,0.0,2.0,1.0,0.0,11.0,0.0,0,892.0,892.0,928.7806422234288,Y1
0.0,0.0,1.0,0.0,0.0,0.0,0.0,2.0,0.0,0,964.0,964.0,963.8346206497118,Y1
1.0,0.0,0.0,0.0,1.0,1.0,0.0,4.0,0.0,1,831.0,938.8266377385062,831.0,Y0
1.0,0.0,4.0,1.0,0.0,1.0,0.0,12.0,0.0,1,989.0,897.8709406253492,989.0,Y0
1.0,1.0,0.0,1.0,2.0,0.0,0.0,6.0,0.0,1,1017.0,867.794512992071,1017.0,Y0
1.0,0.0,0.0,0.0,1.0,1.0,0.0,17.0,0.0,1,929.0,932.7525130497643,929.0,Y0
0.0,1.0,3.0,0.0,2.0,0.0,-1.0,2.0,0.0,0,871.0,871.0,869.8549392122659,Y1
0.0,1.0,0.0,0.0,2.0,0.0,2.0,2.0,0.0,1,1016.0,940.9534922797584,1016.0,Y0
0.0,1.0,3.0,0.0,1.0,0.0,0.0,6.0,0.0,0,887.0,887.0,947.0560077126781,Y1
0.0,1.0,2.0,1.0,2.0,1.0,1.0,6.0,0.0,0,855.0,855.0,908.1087545224917,Y1
1.0,0.0,3.0,0.0,1.0,0.0,0.0,11.0,0.0,0,1152.0,1152.0,934.4862715236093,Y1
0.0,0.0,3.0,0.0,0.0,1.0,0.0,15.0,0.0,0,967.0,967.0,952.4194966567765,Y1
0.0,0.0,0.0,1.0,0.0,1.0,0.0,12.0,0.0,0,858.0,858.0,929.0968386949165,Y1
0.0,0.0,4.0,0.0,0.0,0.0,0.0,3.0,0.0,0,923.0,923.0,954.359629553296,Y1
1.0,0.0,3.0,1.0,0.0,0.0,0.0,20.0,0.0,0,922.0,922.0,860.9804995463113,Y1
1.0,4.0,2.0,0.0,1.0,0.0,0.0,10.0,0.0,1,892.0,891.8850733325208,892.0,Y0
1.0,0.0,3.0,1.0,0.0,1.0,0.0,5.0,0.0,0,869.0,869.0,899.2474008747051,Y1
1.0,0.0,7.0,0.0,0.0,0.0,0.0,13.0,0.0,0,984.0,984.0,918.4231614789643,Y1
0.0,0.0,2.0,0.0,0.0,1.0,0.0,13.0,0.0,0,996.0,996.0,943.5605231662839,Y1
0.0,1.0,2.0,1.0,2.0,0.0,0.0,6.0,1.0,0,881.0,881.0,944.7156445508043,Y1
0.0,1.0,1.0,1.0,2.0,0.0,0.0,3.0,1.0,1,1067.0,901.0317279623455,1067.0,Y0
0.0,0.0,0.0,0.0,0.0,0.0,0.0,13.0,0.0,0,892.0,892.0,970.3921194443219,Y1
0.0,1.0,1.0,1.0,2.0,0.0,1.0,0.0,0.0,0,970.0,970.0,967.5385749888086,Y1
1.0,0.0,0.0,1.0,0.0,1.0,0.0,10.0,0.0,0,997.0,997.0,901.6572127879864,Y1
1.0,0.0,1.0,1.0,0.0,0.0,2.0,1.0,0.0,0,929.0,929.0,884.2398021334551,Y1
0.0,0.0,1.0,0.0,1.0,1.0,1.0,8.0,0.0,1,950.0,949.8208112399478,950.0,Y0
1.0,0.0,2.0,0.0,0.0,0.0,0.0,6.0,0.0,1,1033.0,909.4000189406892,1033.0,Y0
0.0,0.0,1.0,1.0,1.0,0.0,-1.0,0.0,0.0,0,927.0,927.0,936.7762841268384,Y1
1.0,0.0,2.0,0.0,1.0,1.0,0.0,8.0,0.0,1,959.0,908.1186617995442,959.0,Y0
0.0,0.0,3.0,0.0,1.0,0.0,0.0,5.0,0.0,1,958.0,925.7470952471992,958.0,Y0
1.0,0.0,3.0,0.0,1.0,1.0,0.0,15.0,0.0,1,994.0,942.6762442392836,994.0,Y0
1.0,1.0,2.0,1.0,2.0,0.0,0.0,12.0,1.0,0,994.0,994.0,898.9769653311145,Y1
1.0,0.0,3.0,0.0,1.0,0.0,0.0,16.0,1.0,1,962.0,960.9010636671005,962.0,Y0
0.0,0.0,2.0,1.0,3.0,0.0,0.0,14.0,0.0,0,941.0,941.0,960.3248329462444,Y1
0.0,0.0,2.0,1.0,0.0,1.0,0.0,12.0,0.0,0,944.0,944.0,918.6847494673801,Y1
0.0,0.0,3.0,1.0,0.0,1.0,0.0,12.0,0.0,0,824.0,824.0,895.9345046218125,Y1
0.0,1.0,1.0,0.0,1.0,0.0,-1.0,5.0,0.0,1,911.0,950.4929744340214,911.0,Y0
1.0,0.0,2.0,0.0,3.0,0.0,0.0,13.0,0.0,1,890.0,938.8756020133709,890.0,Y0
1.0,0.0,2.0,0.0,0.0,0.0,0.0,5.0,0.0,1,892.0,904.9022842780262,892.0,Y0
1.0,0.0,2.0,0.0,1.0,1.0,0.0,18.0,0.0,1,944.0,938.0245340846257,944.0,Y0
0.0,0.0,1.0,0.0,1.0,0.0,-1.0,3.0,0.0,0,1010.0,1010.0,989.9101321554789,Y1
1.0,1.0,0.0,1.0,2.0,0.0,0.0,24.0,1.0,0,937.0,937.0,890.8308534808882,Y1
1.0,0.0,0.0,0.0,1.0,0.0,0.0,8.0,1.0,0,962.0,962.0,953.8572832024646,Y1
1.0,0.0,0.0,0.0,1.0,1.0,0.0,14.0,0.0,0,966.0,966.0,983.6537531308444,Y1
0.0,1.0,3.0,1.0,2.0,0.0,1.0,0.0,0.0,0,975.0,975.0,968.6046753705615,Y1
0.0,1.0,2.0,0.0,2.0,1.0,0.0,11.0,0.0,0,906.0,906.0,906.2385426881734,Y1
1.0,0.0,0.0,0.0,1.0,0.0,0.0,8.0,1.0,0,983.0,983.0,953.8572832024646,Y1
0.0,0.0,2.0,1.0,0.0,2.0,0.0,8.0,0.0,1,893.0,904.6972884171948,893.0,Y0
0.0,0.0,2.0,1.0,0.0,1.0,0.0,12.0,0.0,0,865.0,865.0,918.6847494673801,Y1
1.0,0.0,3.0,1.0,3.0,0.0,0.0,13.0,0.0,0,925.0,925.0,883.3714357639627,Y1
1.0,0.0,1.0,0.0,2.0,0.0,0.0,9.0,0.0,1,1038.0,941.5301636795915,1038.0,Y0
0.0,0.0,1.0,0.0,0.0,0.0,0.0,9.0,0.0,0,895.0,895.0,968.0815197005011,Y1
1.0,0.0,3.0,1.0,0.0,0.0,0.0,19.0,0.0,1,916.0,940.6372385974377,916.0,Y0
1.0,0.0,1.0,0.0,0.0,0.0,0.0,13.0,0.0,0,1079.0,1079.0,960.8027138041866,Y1
0.0,0.0,0.0,1.0,0.0,1.0,0.0,13.0,0.0,0,911.0,911.0,928.9665454163859,Y1
1.0,0.0,0.0,0.0,0.0,0.0,0.0,13.0,0.0,0,894.0,894.0,954.0762078462274,Y1
0.0,0.0,2.0,0.0,0.0,0.0,0.0,4.0,0.0,1,989.0,936.3931545539203,989.0,Y0
1.0,1.0,2.0,1.0,1.0,0.0,2.0,1.0,0.0,0,941.0,941.0,870.1716381363148,Y1
1.0,1.0,3.0,1.0,2.0,1.0,0.0,7.0,0.0,0,845.0,845.0,871.514344091051,Y1
0.0,0.0,0.0,0.0,0.0,1.0,0.0,13.0,0.0,0,940.0,940.0,960.8332380289927,Y1
1.0,1.0,0.0,1.0,2.0,0.0,0.0,12.0,0.0,0,805.0,805.0,904.597259021059,Y1
1.0,1.0,0.0,0.0,2.0,0.0,0.0,10.0,1.0,0,951.0,951.0,933.1732303276783,Y1
1.0,0.0,4.0,0.0,0.0,1.0,0.0,13.0,0.0,1,897.0,925.9553220516431,897.0,Y0
1.0,0.0,1.0,0.0,0.0,1.0,0.0,13.0,0.0,0,869.0,869.0,955.8542671858097,Y1
0.0,1.0,1.0,1.0,2.0,0.0,0.0,20.0,1.0,0,955.0,955.0,907.9887391577986,Y1
0.0,0.0,1.0,0.0,0.0,1.0,0.0,12.0,0.0,0,1059.0,1059.0,970.4548391115959,Y1
0.0,0.0,3.0,0.0,1.0,0.0,0.0,16.0,1.0,1,1037.0,963.1857606784766,1037.0,Y0
0.0,0.0,3.0,0.0,0.0,1.0,0.0,12.0,0.0,1,1031.0,927.6754331749204,1031.0,Y0
1.0,0.0,4.0,0.0,1.0,1.0,0.0,7.0,0.0,1,1085.0,912.886385964416,1085.0,Y0
1.0,0.0,3.0,0.0,1.0,1.0,0.0,8.0,0.0,0,858.0,858.0,929.270957457351,Y1
1.0,1.0,3.0,0.0,0.0,1.0,0.0,13.0,0.0,0,947.0,947.0,899.9656150290416,Y1
0.0,0.0,0.0,1.0,0.0,1.0,0.0,8.0,0.0,0,789.0,789.0,927.5973390505267,Y1
0.0,0.0,1.0,0.0,0.0,1.0,0.0,6.0,0.0,1,881.0,968.9318394467821,881.0,Y0
0.0,1.0,2.0,1.0,2.0,0.0,0.0,16.0,1.0,0,841.0,841.0,920.7937187763781,Y1
0.0,1.0,3.0,1.0,2.0,0.0,2.0,0.0,0.0,0,849.0,849.0,946.2970287082404,Y1
1.0,0.0,2.0,0.0,0.0,0.0,0.0,3.0,0.0,0,962.0,962.0,956.7345190094832,Y1
1.0,1.0,0.0,0.0,0.0,0.0,2.0,2.0,0.0,0,829.0,829.0,918.7410832274918,Y1
1.0,0.0,1.0,0.0,0.0,0.0,0.0,3.0,0.0,1,1014.0,932.0262791045222,1014.0,Y0
0.0,1.0,0.0,1.0,2.0,0.0,0.0,3.0,1.0,1,1153.0,893.7506889874296,1153.0,Y0
0.0,0.0,3.0,1.0,0.0,1.0,0.0,8.0,1.0,0,842.0,842.0,901.7767279543546,Y1
0.0,1.0,2.0,1.0,2.0,0.0,0.0,6.0,1.0,0,815.0,815.0,944.7156445508043,Y1
0.0,1.0,2.0,1.0,2.0,0.0,0.0,3.0,1.0,1,983.0,887.1811894889664,983.0,Y0
1.0,0.0,2.0,1.0,0.0,1.0,0.0,5.0,0.0,0,914.0,914.0,919.4422515694733,Y1
1.0,0.0,2.0,0.0,1.0,2.0,0.0,12.0,0.0,0,911.0,911.0,962.3523217697457,Y1
1.0,0.0,2.0,0.0,0.0,0.0,0.0,15.0,0.0,1,899.0,943.1928062886236,899.0,Y0
1.0,0.0,2.0,1.0,0.0,1.0,0.0,12.0,0.0,0,980.0,980.0,909.1282413529565,Y1
0.0,0.0,0.0,0.0,1.0,0.0,1.0,0.0,0.0,0,994.0,994.0,944.1846404417676,Y1
1.0,0.0,0.0,1.0,2.0,1.0,1.0,3.0,1.0,0,831.0,831.0,941.4815531872646,Y1
0.0,0.0,3.0,1.0,0.0,1.0,0.0,12.0,0.0,0,815.0,815.0,895.9345046218125,Y1
1.0,1.0,0.0,1.0,2.0,0.0,-1.0,2.0,0.0,0,772.0,772.0,836.3576113057062,Y1
0.0,1.0,2.0,1.0,2.0,0.0,-1.0,3.0,1.0,0,844.0,844.0,927.1766464051973,Y1
0.0,1.0,2.0,0.0,2.0,0.0,0.0,12.0,0.0,0,913.0,913.0,930.4739960196881,Y1
0.0,1.0,3.0,1.0,3.0,0.0,0.0,5.0,0.0,0,949.0,949.0,908.236906516207,Y1
1.0,0.0,3.0,1.0,0.0,0.0,3.0,27.0,0.0,0,830.0,830.0,857.7091435965423,Y1
0.0,0.0,3.0,1.0,0.0,0.0,0.0,4.0,0.0,1,980.0,878.6964194564711,980.0,Y0
0.0,0.0,2.0,1.0,0.0,0.0,0.0,14.0,0.0,0,962.0,962.0,955.3319477748253,Y1
1.0,0.0,0.0,1.0,0.0,0.0,0.0,22.0,0.0,1,936.0,872.1025714486356,936.0,Y0
0.0,1.0,0.0,1.0,2.0,0.0,2.0,1.0,0.0,1,927.0,910.944697766143,927.0,Y0
0.0,1.0,2.0,1.0,1.0,0.0,0.0,21.0,1.0,0,868.0,868.0,887.2958169131042,Y1
1.0,1.0,3.0,1.0,2.0,1.0,0.0,8.0,0.0,1,884.0,842.6123421101904,884.0,Y0
0.0,1.0,0.0,1.0,2.0,0.0,0.0,11.0,0.0,0,931.0,931.0,924.460878006417,Y1
0.0,0.0,2.0,0.0,1.0,1.0,0.0,7.0,0.0,1,944.0,941.4320565643329,944.0,Y0
1.0,0.0,2.0,0.0,1.0,0.0,0.0,18.0,0.0,0,862.0,862.0,975.1415744313169,Y1
0.0,0.0,1.0,0.0,3.0,0.0,2.0,1.0,0.0,1,847.0,984.3082873511515,847.0,Y0
0.0,0.0,2.0,0.0,0.0,0.0,0.0,12.0,0.0,0,880.0,880.0,948.436380072838,Y1
1.0,1.0,2.0,0.0,2.0,0.0,0.0,21.0,1.0,1,884.0,943.5837066468176,884.0,Y0
1.0,0.0,0.0,0.0,0.0,1.0,0.0,10.0,0.0,0,898.0,898.0,940.7671820246013,Y1
1.0,0.0,1.0,0.0,0.0,1.0,0.0,12.0,0.0,0,942.0,942.0,963.0518166706545,Y1
0.0,0.0,1.0,0.0,0.0,1.0,0.0,12.0,0.0,1,1059.0,965.06804179418,1059.0,Y0
0.0,0.0,2.0,0.0,0.0,1.0,0.0,6.0,0.0,0,1039.0,1039.0,949.915236961627,Y1
0.0,0.0,2.0,0.0,0.0,0.0,0.0,2.0,0.0,0,934.0,934.0,924.9656132008794,Y1
1.0,0.0,1.0,0.0,0.0,0.0,-1.0,9.0,0.0,0,972.0,972.0,918.2748625680438,Y1
0.0,0.0,2.0,0.0,3.0,2.0,0.0,12.0,0.0,1,1156.0,944.8989685212587,1156.0,Y0
1.0,0.0,2.0,0.0,0.0,1.0,0.0,21.0,0.0,0,918.0,918.0,916.6028110418255,Y1
1.0,0.0,0.0,1.0,1.0,0.0,-1.0,5.0,0.0,1,844.0,919.6058888786825,844.0,Y0
1.0,1.0,3.0,0.0,2.0,0.0,-1.0,6.0,1.0,0,1007.0,1007.0,920.5834671522783,Y1
0.0,1.0,3.0,1.0,2.0,0.0,2.0,1.0,0.0,1,787.0,895.4883678125527,787.0,Y0
1.0,0.0,0.0,0.0,1.0,0.0,0.0,8.0,0.0,0,890.0,890.0,951.4791247879921,Y1
1.0,1.0,3.0,1.0,2.0,0.0,0.0,5.0,0.0,0,882.0,882.0,914.5523276129793,Y1
1.0,1.0,3.0,1.0,2.0,0.0,0.0,11.0,0.0,0,857.0,857.0,886.0414002131153,Y1
1.0,0.0,3.0,0.0,0.0,0.0,0.0,12.0,0.0,1,965.0,923.4159349645656,965.0,Y0
0.0,0.0,1.0,0.0,0.0,3.0,0.0,10.0,0.0,1,997.0,976.3873857960605,997.0,Y0
0.0,1.0,0.0,1.0,1.0,0.0,-1.0,0.0,0.0,0,899.0,899.0,935.1160357109424,Y1
1.0,0.0,4.0,0.0,0.0,0.0,-1.0,2.0,0.0,0,879.0,879.0,923.5237815246943,Y1
1.0,0.0,2.0,0.0,0.0,1.0,0.0,12.0,0.0,0,893.0,893.0,937.1020745857745,Y1
0.0,1.0,3.0,0.0,3.0,0.0,1.0,1.0,0.0,1,831.0,922.9115059679916,831.0,Y0
0.0,1.0,2.0,1.0,2.0,1.0,0.0,17.0,0.0,0,852.0,852.0,886.5475850134466,Y1
1.0,0.0,0.0,0.0,0.0,0.0,0.0,21.0,0.0,1,898.0,941.3897953447083,898.0,Y0
1.0,0.0,1.0,0.0,0.0,0.0,0.0,16.0,0.0,1,997.0,956.8328539746072,997.0,Y0
0.0,0.0,1.0,1.0,0.0,1.0,0.0,10.0,0.0,0,981.0,981.0,927.9523859017162,Y1
1.0,0.0,2.0,0.0,1.0,1.0,0.0,17.0,0.0,1,947.0,924.2577496459837,947.0,Y0
0.0,0.0,3.0,0.0,0.0,2.0,0.0,6.0,0.0,1,950.0,923.5116197336753,950.0,Y0
0.0,0.0,1.0,0.0,0.0,1.0,0.0,3.0,0.0,0,1036.0,1036.0,978.4554742561896,Y1
1.0,0.0,1.0,0.0,1.0,0.0,0.0,7.0,0.0,0,1027.0,1027.0,982.996152672321,Y1
1.0,0.0,0.0,1.0,0.0,1.0,0.0,12.0,0.0,0,894.0,894.0,909.8044850274638,Y1
0.0,0.0,1.0,1.0,0.0,1.0,0.0,13.0,0.0,0,996.0,996.0,935.922067680765,Y1
0.0,0.0,1.0,0.0,0.0,0.0,0.0,19.0,0.0,0,1012.0,1012.0,979.9727028253469,Y1
0.0,1.0,1.0,1.0,2.0,0.0,-1.0,10.0,1.0,0,858.0,858.0,889.233116186595,Y1
1.0,0.0,2.0,0.0,0.0,0.0,0.0,20.0,0.0,0,916.0,916.0,906.416703923111,Y1
1.0,0.0,0.0,0.0,0.0,1.0,0.0,7.0,0.0,0,953.0,953.0,951.209223212185,Y1
0.0,1.0,3.0,1.0,2.0,0.0,0.0,20.0,1.0,0,971.0,971.0,870.4097475436097,Y1
1.0,0.0,3.0,0.0,2.0,1.0,1.0,3.0,1.0,0,800.0,800.0,965.6606112978653,Y1
1.0,1.0,1.0,1.0,2.0,1.0,0.0,22.0,0.0,0,853.0,853.0,904.4715066478918,Y1
0.0,0.0,2.0,0.0,1.0,0.0,2.0,1.0,1.0,0,986.0,986.0,912.8652545038397,Y1
0.0,0.0,3.0,0.0,0.0,1.0,0.0,15.0,0.0,1,906.0,936.9001389870793,906.0,Y0
0.0,1.0,0.0,1.0,2.0,0.0,1.0,0.0,0.0,0,870.0,870.0,950.7550275875672,Y1
1.0,1.0,2.0,1.0,2.0,0.0,1.0,1.0,0.0,1,914.0,883.0869222464079,914.0,Y0
0.0,0.0,1.0,1.0,0.0,0.0,0.0,8.0,0.0,0,871.0,871.0,934.3137058390055,Y1
1.0,0.0,3.0,0.0,1.0,0.0,-1.0,10.0,1.0,1,890.0,918.887904886523,890.0,Y0
0.0,0.0,0.0,0.0,1.0,0.0,-1.0,10.0,1.0,1,936.0,955.5591780569442,936.0,Y0
1.0,0.0,3.0,1.0,0.0,0.0,-1.0,1.0,0.0,1,881.0,871.2763120851616,881.0,Y0
0.0,0.0,3.0,1.0,0.0,0.0,0.0,20.0,0.0,0,821.0,821.0,867.1720279885042,Y1
0.0,1.0,1.0,1.0,2.0,0.0,1.0,1.0,0.0,1,881.0,919.879357409037,881.0,Y0
0.0,0.0,2.0,0.0,0.0,1.0,0.0,8.0,0.0,0,909.0,909.0,943.7383232069315,Y1
1.0,0.0,0.0,1.0,0.0,0.0,0.0,3.0,0.0,0,859.0,859.0,939.8016833100286,Y1
1.0,0.0,1.0,0.0,0.0,0.0,0.0,19.0,0.0,0,934.0,934.0,969.9778267405651,Y1
1.0,0.0,3.0,1.0,0.0,0.0,0.0,14.0,0.0,0,995.0,995.0,927.4291743304105,Y1
0.0,1.0,0.0,1.0,1.0,0.0,2.0,1.0,1.0,0,921.0,921.0,912.0759856473605,Y1
1.0,0.0,2.0,0.0,1.0,0.0,0.0,15.0,0.0,0,911.0,911.0,961.396767376015,Y1
0.0,1.0,0.0,1.0,2.0,1.0,0.0,10.0,1.0,0,1021.0,1021.0,889.0250820293156,Y1
0.0,1.0,0.0,1.0,2.0,0.0,0.0,11.0,0.0,0,925.0,925.0,924.460878006417,Y1
1.0,0.0,2.0,0.0,3.0,0.0,0.0,5.0,0.0,0,873.0,873.0,948.9667105464581,Y1
1.0,0.0,0.0,1.0,0.0,1.0,0.0,13.0,0.0,0,881.0,881.0,903.4212161245204,Y1
0.0,0.0,2.0,0.0,1.0,0.0,-1.0,18.0,1.0,0,933.0,933.0,939.1520921083549,Y1
1.0,0.0,0.0,0.0,0.0,1.0,0.0,12.0,0.0,0,942.0,942.0,948.9144542640787,Y1
1.0,0.0,8.0,1.0,1.0,0.0,1.0,0.0,0.0,1,947.0,900.8284866375212,947.0,Y0
0.0,1.0,0.0,1.0,2.0,0.0,0.0,10.0,1.0,0,965.0,965.0,911.6733228531762,Y1
0.0,1.0,3.0,1.0,1.0,0.0,2.0,1.0,0.0,0,916.0,916.0,868.3427588475301,Y1
0.0,1.0,3.0,1.0,2.0,0.0,-1.0,6.0,1.0,0,983.0,983.0,884.6153600968203,Y1
0.0,0.0,2.0,1.0,0.0,0.0,2.0,2.0,0.0,0,1024.0,1024.0,884.9817315484194,Y1
1.0,0.0,1.0,1.0,1.0,1.0,0.0,12.0,0.0,1,763.0,921.8924944152226,763.0,Y0
0.0,0.0,1.0,0.0,0.0,1.0,0.0,6.0,0.0,0,963.0,963.0,971.7893100885087,Y1
0.0,0.0,0.0,0.0,0.0,0.0,0.0,20.0,0.0,0,1005.0,1005.0,949.2425162696519,Y1
0.0,0.0,0.0,0.0,3.0,0.0,0.0,8.0,0.0,0,949.0,949.0,947.0369823504642,Y1
1.0,0.0,0.0,0.0,0.0,0.0,-1.0,1.0,0.0,1,898.0,909.6747181059685,898.0,Y0
0.0,0.0,2.0,1.0,1.0,1.0,0.0,14.0,0.0,0,904.0,904.0,951.0828978791094,Y1
0.0,0.0,3.0,0.0,0.0,0.0,0.0,8.0,0.0,1,822.0,906.029272239426,822.0,Y0
1.0,0.0,3.0,1.0,0.0,1.0,0.0,13.0,0.0,0,869.0,869.0,882.0704436372428,Y1
0.0,0.0,3.0,1.0,0.0,0.0,0.0,5.0,0.0,0,912.0,912.0,919.6769330064302,Y1
1.0,0.0,2.0,0.0,0.0,0.0,2.0,1.0,0.0,0,930.0,930.0,893.1213065094504,Y1
0.0,1.0,2.0,1.0,1.0,1.0,0.0,13.0,0.0,0,934.0,934.0,899.3051579182302,Y1
0.0,0.0,4.0,1.0,0.0,1.0,0.0,13.0,0.0,0,945.0,945.0,904.6197566267634,Y1
1.0,0.0,1.0,0.0,0.0,1.0,3.0,11.0,0.0,0,1010.0,1010.0,928.1528140006002,Y1
0.0,1.0,3.0,1.0,2.0,0.0,0.0,6.0,1.0,0,950.0,950.0,932.5323756593006,Y1
1.0,1.0,0.0,1.0,0.0,1.0,0.0,8.0,0.0,1,877.0,874.5029162536656,877.0,Y0
0.0,0.0,2.0,1.0,0.0,0.0,0.0,27.0,0.0,1,898.0,897.8571314298645,898.0,Y0
1.0,0.0,2.0,0.0,0.0,1.0,0.0,12.0,0.0,0,870.0,870.0,937.1020745857745,Y1
1.0,0.0,1.0,1.0,0.0,3.0,3.0,8.0,0.0,1,1028.0,955.3631125192619,1028.0,Y0
1.0,1.0,0.0,1.0,2.0,0.0,0.0,6.0,1.0,0,826.0,826.0,931.4472831595679,Y1
0.0,1.0,3.0,1.0,2.0,1.0,0.0,17.0,0.0,0,993.0,993.0,877.6465996902386,Y1
1.0,0.0,3.0,0.0,0.0,0.0,0.0,16.0,0.0,0,976.0,976.0,964.686967811247,Y1
1.0,1.0,0.0,0.0,1.0,0.0,-1.0,0.0,0.0,0,897.0,897.0,954.862736490728,Y1
0.0,0.0,2.0,1.0,3.0,0.0,1.0,0.0,0.0,0,903.0,903.0,919.4971918333054,Y1
1.0,1.0,1.0,1.0,2.0,0.0,2.0,0.0,0.0,0,889.0,889.0,976.9974730857559,Y1
0.0,1.0,3.0,1.0,2.0,0.0,0.0,7.0,0.0,0,878.0,878.0,926.5210087317889,Y1
0.0,0.0,2.0,0.0,0.0,1.0,0.0,13.0,0.0,0,860.0,860.0,943.5605231662839,Y1
1.0,0.0,0.0,0.0,1.0,0.0,0.0,3.0,0.0,0,917.0,917.0,984.3930925692221,Y1
1.0,0.0,1.0,0.0,1.0,0.0,0.0,7.0,0.0,0,953.0,953.0,982.996152672321,Y1
0.0,0.0,2.0,0.0,0.0,0.0,0.0,8.0,0.0,0,908.0,908.0,942.4557569309445,Y1
1.0,0.0,3.0,0.0,1.0,0.0,5.0,3.0,0.0,0,946.0,946.0,926.5178423165991,Y1
1.0,0.0,4.0,0.0,0.0,0.0,2.0,1.0,0.0,0,939.0,939.0,894.153427241913,Y1
1.0,1.0,2.0,0.0,2.0,0.0,-1.0,10.0,1.0,0,934.0,934.0,904.7411144869163,Y1
0.0,0.0,1.0,0.0,1.0,0.0,0.0,17.0,0.0,0,1000.0,1000.0,975.8090158976738,Y1
1.0,1.0,0.0,1.0,2.0,0.0,2.0,2.0,0.0,1,885.0,886.9621965428162,885.0,Y0
0.0,0.0,0.0,0.0,3.0,0.0,0.0,11.0,0.0,1,897.0,959.3645272481866,897.0,Y0
1.0,0.0,3.0,1.0,0.0,0.0,2.0,3.0,0.0,1,834.0,869.6853693318958,834.0,Y0
0.0,1.0,2.0,0.0,2.0,1.0,1.0,3.0,1.0,0,878.0,878.0,959.0289624942171,Y1
1.0,0.0,2.0,0.0,0.0,0.0,0.0,7.0,0.0,0,794.0,794.0,961.4097317669494,Y1
0.0,1.0,3.0,1.0,2.0,1.0,0.0,22.0,0.0,0,821.0,821.0,861.8368825225465,Y1
1.0,0.0,2.0,1.0,1.0,1.0,0.0,12.0,0.0,1,934.0,908.2529072478512,934.0,Y0
1.0,1.0,1.0,0.0,1.0,0.0,0.0,16.0,0.0,0,939.0,939.0,964.4540872991454,Y1
1.0,0.0,0.0,0.0,1.0,0.0,0.0,3.0,0.0,0,926.0,926.0,984.3930925692221,Y1
1.0,1.0,4.0,1.0,0.0,0.0,0.0,10.0,0.0,0,868.0,868.0,877.0460612621455,Y1
0.0,1.0,1.0,1.0,2.0,0.0,-1.0,3.0,0.0,1,858.0,882.6999346388637,858.0,Y0
1.0,0.0,3.0,0.0,0.0,0.0,0.0,22.0,0.0,1,820.0,902.3043703343884,820.0,Y0
0.0,1.0,0.0,0.0,1.0,0.0,-1.0,4.0,0.0,0,1130.0,1130.0,977.0498107334987,Y1
1.0,1.0,3.0,1.0,2.0,0.0,2.0,1.0,0.0,0,851.0,851.0,858.6813933189392,Y1
0.0,0.0,3.0,0.0,1.0,0.0,0.0,10.0,0.0,1,1021.0,943.0089398446337,1021.0,Y0
1.0,1.0,0.0,0.0,1.0,0.0,0.0,6.0,0.0,0,856.0,856.0,965.3866751839457,Y1
1.0,0.0,0.0,1.0,0.0,0.0,0.0,8.0,0.0,0,850.0,850.0,915.085036947434,Y1
1.0,0.0,1.0,0.0,0.0,1.0,0.0,8.0,0.0,1,928.0,933.4778819336035,928.0,Y0
1.0,0.0,2.0,0.0,0.0,1.0,4.0,16.0,0.0,0,1012.0,1012.0,956.7773757564463,Y1
1.0,1.0,3.0,1.0,2.0,0.0,1.0,1.0,0.0,1,847.0,876.6476364286937,847.0,Y0
1.0,1.0,3.0,1.0,2.0,0.0,2.0,1.0,0.0,1,809.0,880.9257437340692,809.0,Y0
0.0,1.0,1.0,1.0,2.0,1.0,0.0,22.0,0.0,0,820.0,820.0,888.2685708536229,Y1
1.0,1.0,3.0,1.0,1.0,0.0,2.0,1.0,0.0,0,959.0,959.0,858.9058055075305,Y1
1.0,0.0,1.0,0.0,0.0,1.0,0.0,9.0,0.0,0,958.0,958.0,963.5609089759222,Y1
1.0,0.0,0.0,0.0,1.0,0.0,0.0,12.0,0.0,0,937.0,937.0,957.0915270948709,Y1
1.0,0.0,3.0,0.0,0.0,1.0,0.0,13.0,0.0,0,870.0,870.0,917.5907633616389,Y1
0.0,0.0,1.0,1.0,3.0,0.0,0.0,13.0,0.0,0,887.0,887.0,945.4348233740798,Y1
0.0,0.0,2.0,1.0,0.0,0.0,2.0,2.0,0.0,1,898.0,927.252465639749,898.0,Y0
1.0,1.0,3.0,1.0,2.0,1.0,0.0,7.0,0.0,0,815.0,815.0,871.514344091051,Y1
0.0,0.0,2.0,1.0,3.0,0.0,1.0,1.0,0.0,1,842.0,920.221836033088,842.0,Y0
1.0,0.0,2.0,0.0,0.0,1.0,0.0,8.0,0.0,0,923.0,923.0,937.9351462063656,Y1
0.0,1.0,3.0,1.0,2.0,1.0,0.0,15.0,1.0,0,895.0,895.0,896.9792207759748,Y1
0.0,0.0,2.0,1.0,0.0,1.0,0.0,13.0,0.0,0,920.0,920.0,917.7401756069481,Y1
0.0,0.0,0.0,1.0,0.0,0.0,0.0,8.0,0.0,0,823.0,823.0,930.7914041047483,Y1
1.0,1.0,2.0,1.0,0.0,0.0,0.0,21.0,0.0,1,881.0,889.733904469709,881.0,Y0
0.0,0.0,2.0,0.0,0.0,0.0,0.0,13.0,0.0,0,1039.0,1039.0,948.5089697846608,Y1
1.0,1.0,8.0,1.0,0.0,0.0,0.0,14.0,0.0,1,958.0,865.4590388611041,958.0,Y0
1.0,0.0,8.0,1.0,0.0,0.0,0.0,6.0,0.0,1,914.0,883.4935210780272,914.0,Y0
1.0,0.0,0.0,1.0,0.0,0.0,0.0,6.0,0.0,0,906.0,906.0,933.7590836771359,Y1
1.0,0.0,3.0,0.0,0.0,1.0,0.0,12.0,0.0,1,891.0,920.3774460738753,891.0,Y0
0.0,1.0,2.0,1.0,2.0,0.0,0.0,14.0,0.0,1,959.0,883.8960244269613,959.0,Y0
1.0,0.0,3.0,0.0,0.0,0.0,0.0,8.0,0.0,1,903.0,889.9401598004786,903.0,Y0
1.0,0.0,3.0,1.0,0.0,1.0,0.0,5.0,0.0,0,900.0,900.0,899.2474008747051,Y1
0.0,1.0,1.0,1.0,2.0,0.0,0.0,12.0,0.0,0,821.0,821.0,926.2852193337359,Y1
1.0,0.0,0.0,0.0,0.0,0.0,0.0,6.0,0.0,1,895.0,929.805262212558,895.0,Y0
1.0,0.0,4.0,0.0,1.0,0.0,2.0,3.0,0.0,0,881.0,881.0,928.4326158705057,Y1
1.0,0.0,4.0,0.0,1.0,0.0,0.0,5.0,0.0,1,996.0,918.2390322312059,996.0,Y0
1.0,0.0,4.0,1.0,0.0,0.0,0.0,10.0,0.0,0,990.0,990.0,887.422857225941,Y1
0.0,0.0,3.0,0.0,1.0,2.0,0.0,12.0,0.0,0,899.0,899.0,960.9931983452522,Y1
0.0,1.0,3.0,1.0,2.0,0.0,0.0,6.0,1.0,0,905.0,905.0,932.5323756593006,Y1
0.0,0.0,1.0,0.0,1.0,0.0,0.0,12.0,0.0,0,1034.0,1034.0,974.0984699362078,Y1
1.0,0.0,3.0,0.0,0.0,0.0,3.0,27.0,0.0,0,926.0,926.0,908.131020453255,Y1
0.0,0.0,0.0,1.0,0.0,0.0,0.0,11.0,0.0,0,973.0,973.0,939.2294876571311,Y1
0.0,0.0,0.0,0.0,0.0,1.0,0.0,13.0,0.0,0,915.0,915.0,960.8332380289927,Y1
0.0,0.0,3.0,1.0,0.0,0.0,0.0,3.0,0.0,0,944.0,944.0,921.9328255788965,Y1
0.0,1.0,3.0,0.0,2.0,1.0,0.0,8.0,0.0,1,803.0,882.1792968199447,803.0,Y0
1.0,0.0,2.0,0.0,1.0,1.0,0.0,7.0,0.0,1,899.0,910.8638696267583,899.0,Y0
1.0,0.0,3.0,0.0,0.0,1.0,0.0,13.0,0.0,0,939.0,939.0,917.5907633616389,Y1
0.0,1.0,1.0,1.0,2.0,0.0,0.0,3.0,1.0,0,912.0,912.0,1000.7813548050743,Y1
1.0,0.0,0.0,0.0,1.0,0.0,0.0,16.0,1.0,1,954.0,972.6618956381966,954.0,Y0
1.0,0.0,1.0,0.0,0.0,2.0,0.0,12.0,0.0,0,928.0,928.0,984.5024436329567,Y1
0.0,0.0,0.0,0.0,0.0,1.0,0.0,3.0,0.0,0,891.0,891.0,962.6910883147306,Y1
1.0,0.0,3.0,1.0,3.0,0.0,0.0,11.0,0.0,1,807.0,892.974590494884,807.0,Y0
0.0,0.0,0.0,1.0,0.0,0.0,0.0,15.0,0.0,1,1066.0,913.4635749909751,1066.0,Y0
0.0,0.0,0.0,1.0,0.0,0.0,1.0,0.0,0.0,0,832.0,832.0,925.3216430072114,Y1
0.0,1.0,1.0,1.0,2.0,1.0,0.0,5.0,0.0,0,896.0,896.0,916.2286117166511,Y1
1.0,0.0,3.0,0.0,1.0,0.0,1.0,0.0,0.0,0,862.0,862.0,979.6227520113888,Y1
1.0,0.0,2.0,1.0,0.0,0.0,0.0,27.0,0.0,1,875.0,869.5245728403185,875.0,Y0
0.0,0.0,3.0,1.0,0.0,0.0,0.0,6.0,0.0,0,822.0,822.0,921.2422370120323,Y1
0.0,0.0,0.0,0.0,1.0,1.0,0.0,8.0,0.0,1,1099.0,951.5243563201435,1099.0,Y0
1.0,0.0,3.0,0.0,3.0,0.0,1.0,0.0,0.0,0,795.0,795.0,952.9911122005464,Y1
0.0,1.0,0.0,1.0,2.0,0.0,0.0,12.0,1.0,0,956.0,956.0,926.2833700256119,Y1
1.0,0.0,2.0,0.0,1.0,0.0,1.0,14.0,0.0,0,929.0,929.0,988.8352718238024,Y1
1.0,0.0,1.0,0.0,3.0,1.0,0.0,4.0,0.0,0,882.0,882.0,978.1625069410095,Y1
0.0,1.0,1.0,1.0,2.0,1.0,0.0,22.0,0.0,0,869.0,869.0,888.2685708536229,Y1
0.0,1.0,3.0,1.0,2.0,0.0,0.0,12.0,1.0,0,1014.0,1014.0,899.6506818861953,Y1
0.0,0.0,0.0,0.0,0.0,0.0,0.0,3.0,0.0,0,980.0,980.0,975.2783664946368,Y1
1.0,1.0,2.0,1.0,2.0,0.0,2.0,1.0,1.0,1,794.0,887.8657702234754,794.0,Y0
1.0,1.0,7.0,1.0,1.0,0.0,2.0,1.0,1.0,0,940.0,940.0,904.1693483941435,Y1
1.0,0.0,3.0,0.0,1.0,2.0,0.0,12.0,0.0,0,1000.0,1000.0,955.3970064690786,Y1
0.0,0.0,1.0,0.0,3.0,0.0,0.0,13.0,0.0,1,953.0,973.0374693578076,953.0,Y0
0.0,1.0,0.0,1.0,2.0,0.0,2.0,1.0,1.0,1,943.0,910.5987233750501,943.0,Y0
1.0,0.0,2.0,1.0,0.0,0.0,0.0,15.0,0.0,0,984.0,984.0,912.0289571053635,Y1
1.0,1.0,2.0,1.0,2.0,0.0,-1.0,9.0,1.0,0,821.0,821.0,881.6708355737586,Y1
0.0,1.0,1.0,1.0,2.0,1.0,0.0,22.0,0.0,0,943.0,943.0,888.2685708536229,Y1
0.0,1.0,4.0,1.0,0.0,1.0,0.0,6.0,0.0,0,812.0,812.0,895.841959923225,Y1
0.0,1.0,2.0,1.0,2.0,0.0,2.0,0.0,0.0,0,876.0,876.0,943.7337044744929,Y1
1.0,0.0,2.0,0.0,0.0,1.0,0.0,13.0,0.0,0,853.0,853.0,929.9045251009297,Y1
1.0,0.0,2.0,1.0,0.0,1.0,0.0,10.0,0.0,0,816.0,816.0,901.7868906396484,Y1
1.0,1.0,4.0,0.0,1.0,1.0,0.0,12.0,0.0,0,862.0,862.0,915.0342328708963,Y1
0.0,0.0,1.0,0.0,1.0,1.0,0.0,7.0,0.0,1,877.0,966.1817659758863,877.0,Y0
1.0,1.0,1.0,1.0,1.0,0.0,-1.0,2.0,0.0,0,891.0,891.0,931.6948249083548,Y1
0.0,1.0,3.0,1.0,1.0,0.0,-1.0,5.0,0.0,1,829.0,882.3929368690084,829.0,Y0
0.0,0.0,0.0,1.0,0.0,0.0,0.0,3.0,0.0,1,782.0,899.197948687034,782.0,Y0
0.0,1.0,1.0,1.0,2.0,0.0,0.0,6.0,1.0,1,1041.0,914.3167853408213,1041.0,Y0
0.0,0.0,3.0,0.0,0.0,1.0,0.0,13.0,0.0,0,975.0,975.0,928.7525796402895,Y1
1.0,0.0,3.0,0.0,0.0,1.0,0.0,17.0,0.0,0,842.0,842.0,933.8768225280418,Y1
0.0,1.0,3.0,0.0,1.0,0.0,1.0,0.0,0.0,0,905.0,905.0,938.0673390284643,Y1
0.0,1.0,1.0,0.0,1.0,0.0,-1.0,10.0,1.0,1,945.0,946.851740502059,945.0,Y0
1.0,0.0,3.0,1.0,0.0,1.0,0.0,8.0,0.0,0,920.0,920.0,890.5999635234342,Y1
0.0,0.0,3.0,1.0,0.0,1.0,0.0,13.0,0.0,0,841.0,841.0,893.5982280758576,Y1
1.0,1.0,0.0,1.0,2.0,0.0,0.0,5.0,0.0,0,884.0,884.0,929.0691247450953,Y1
1.0,0.0,1.0,0.0,3.0,0.0,1.0,0.0,0.0,0,894.0,894.0,999.8215369064758,Y1
0.0,1.0,2.0,0.0,1.0,0.0,0.0,6.0,0.0,0,954.0,954.0,952.7000435564141,Y1
1.0,0.0,1.0,0.0,1.0,0.0,1.0,0.0,0.0,1,1129.0,950.1953080738082,1129.0,Y0
1.0,1.0,3.0,1.0,2.0,0.0,0.0,11.0,0.0,1,896.0,866.670451642509,896.0,Y0
0.0,0.0,0.0,0.0,0.0,1.0,0.0,8.0,0.0,0,928.0,928.0,958.9651328823779,Y1
1.0,0.0,3.0,1.0,0.0,1.0,0.0,13.0,0.0,0,787.0,787.0,882.0704436372428,Y1
1.0,0.0,3.0,0.0,0.0,0.0,0.0,20.0,0.0,0,1004.0,1004.0,887.0988597085983,Y1
0.0,0.0,0.0,1.0,0.0,0.0,0.0,2.0,0.0,0,1087.0,1087.0,920.1245112380371,Y1
0.0,1.0,3.0,1.0,1.0,0.0,-1.0,3.0,0.0,1,1037.0,863.9731621082026,1037.0,Y0
0.0,0.0,1.0,1.0,1.0,0.0,-1.0,0.0,0.0,0,847.0,847.0,936.7762841268384,Y1
1.0,0.0,3.0,0.0,1.0,0.0,-1.0,0.0,0.0,1,1079.0,899.5251073838731,1079.0,Y0
1.0,1.0,8.0,1.0,1.0,0.0,-1.0,4.0,0.0,0,820.0,820.0,938.1934560474399,Y1
0.0,0.0,2.0,0.0,3.0,0.0,0.0,11.0,0.0,1,912.0,954.5172617397185,912.0,Y0
1.0,0.0,0.0,0.0,0.0,1.0,0.0,8.0,1.0,0,901.0,901.0,950.8940596937814,Y1
0.0,1.0,1.0,1.0,1.0,0.0,0.0,3.0,0.0,0,872.0,872.0,984.7026058316026,Y1
1.0,1.0,1.0,1.0,1.0,0.0,3.0,13.0,0.0,1,890.0,939.6346296589555,890.0,Y0
0.0,1.0,0.0,1.0,2.0,0.0,0.0,14.0,0.0,1,989.0,891.0767378196307,989.0,Y0
0.0,0.0,0.0,0.0,0.0,1.0,0.0,12.0,0.0,0,864.0,864.0,960.9635313075233,Y1
1.0,0.0,3.0,0.0,0.0,0.0,3.0,9.0,0.0,0,889.0,889.0,900.0003987235408,Y1
1.0,0.0,0.0,0.0,0.0,1.0,0.0,5.0,0.0,0,984.0,984.0,953.9915881205379,Y1
0.0,0.0,3.0,0.0,0.0,0.0,0.0,9.0,0.0,0,959.0,959.0,931.1566187312003,Y1
1.0,0.0,0.0,1.0,0.0,1.0,0.0,6.0,0.0,0,950.0,950.0,916.700485001547,Y1
0.0,1.0,0.0,0.0,2.0,0.0,0.0,6.0,1.0,0,864.0,864.0,978.5114352380314,Y1
0.0,1.0,2.0,0.0,2.0,0.0,0.0,11.0,0.0,1,891.0,916.7971582932145,891.0,Y0
0.0,0.0,2.0,1.0,0.0,1.0,5.0,11.0,0.0,1,936.0,974.9744567938596,936.0,Y0
1.0,0.0,0.0,1.0,0.0,0.0,3.0,10.0,0.0,0,1025.0,1025.0,891.8121467982098,Y1
1.0,1.0,2.0,0.0,2.0,1.0,1.0,6.0,0.0,0,824.0,824.0,918.9919628878438,Y1
1.0,1.0,1.0,1.0,2.0,0.0,0.0,6.0,1.0,0,891.0,891.0,938.5639178955486,Y1
1.0,0.0,1.0,0.0,1.0,0.0,-1.0,3.0,0.0,0,860.0,860.0,991.712650743884,Y1
0.0,0.0,7.0,0.0,0.0,0.0,0.0,12.0,0.0,1,983.0,936.2032058551634,983.0,Y0
0.0,0.0,2.0,0.0,0.0,0.0,0.0,22.0,0.0,1,903.0,918.5317127842759,903.0,Y0
0.0,0.0,0.0,1.0,2.0,0.0,0.0,9.0,0.0,0,856.0,856.0,925.8734127434307,Y1
1.0,1.0,0.0,1.0,1.0,0.0,2.0,1.0,0.0,0,914.0,914.0,874.5666864341874,Y1
0.0,1.0,5.0,1.0,2.0,0.0,0.0,9.0,0.0,1,840.0,880.8014455486997,840.0,Y0
1.0,1.0,2.0,-1.0,1.0,0.0,0.0,5.0,-1.0,0,856.0,856.0,932.1278557073898,Y1
0.0,0.0,2.0,0.0,1.0,0.0,1.0,0.0,0.0,1,1057.0,948.7811896349682,1057.0,Y0
0.0,0.0,3.0,0.0,0.0,1.0,0.0,4.0,0.0,1,990.0,913.0594898061308,990.0,Y0
1.0,0.0,3.0,0.0,0.0,1.0,0.0,12.0,0.0,0,936.0,936.0,924.7883128464837,Y1
1.0,1.0,2.0,1.0,2.0,0.0,0.0,16.0,1.0,0,913.0,913.0,907.8126852163299,Y1
1.0,0.0,5.0,1.0,1.0,0.0,0.0,5.0,1.0,0,1058.0,1058.0,932.6279030683631,Y1
1.0,1.0,1.0,1.0,2.0,1.0,0.0,11.0,1.0,0,887.0,887.0,891.3522032076963,Y1
0.0,1.0,1.0,1.0,2.0,0.0,0.0,3.0,1.0,1,849.0,901.0317279623455,849.0,Y0
1.0,1.0,1.0,1.0,2.0,1.0,2.0,24.0,0.0,0,1042.0,1042.0,897.2474369389796,Y1
1.0,1.0,3.0,1.0,2.0,0.0,-1.0,2.0,0.0,0,948.0,948.0,836.990341657476,Y1
1.0,1.0,2.0,1.0,0.0,0.0,0.0,7.0,0.0,0,728.0,728.0,925.2243454915878,Y1
1.0,0.0,3.0,1.0,1.0,1.0,0.0,7.0,0.0,1,823.0,883.2086440594512,823.0,Y0
1.0,1.0,2.0,1.0,2.0,1.0,0.0,17.0,0.0,0,831.0,831.0,873.5665514533983,Y1
0.0,0.0,0.0,1.0,1.0,0.0,2.0,1.0,1.0,0,896.0,896.0,918.125526895685,Y1
0.0,0.0,2.0,1.0,0.0,0.0,0.0,5.0,0.0,0,837.0,837.0,940.236374531695,Y1
1.0,0.0,3.0,0.0,3.0,0.0,0.0,14.0,0.0,0,993.0,993.0,974.6384446957578,Y1
1.0,0.0,0.0,0.0,0.0,0.0,0.0,16.0,0.0,0,879.0,879.0,975.2501364565761,Y1
1.0,0.0,0.0,1.0,0.0,0.0,0.0,11.0,0.0,0,906.0,906.0,921.9232750594413,Y1
0.0,0.0,2.0,0.0,3.0,0.0,0.0,5.0,0.0,0,928.0,928.0,952.8995435623107,Y1
0.0,1.0,2.0,1.0,2.0,0.0,0.0,3.0,1.0,0,928.0,928.0,981.6895899657422,Y1
0.0,0.0,2.0,1.0,0.0,1.0,0.0,8.0,1.0,0,872.0,872.0,921.9641010334301,Y1
0.0,0.0,0.0,0.0,1.0,1.0,4.0,15.0,0.0,0,1171.0,1171.0,971.28276493964,Y1
0.0,1.0,0.0,1.0,2.0,0.0,0.0,20.0,1.0,0,1026.0,1026.0,903.2017267377461,Y1
1.0,0.0,2.0,0.0,0.0,0.0,0.0,6.0,0.0,1,1000.0,909.4000189406892,1000.0,Y0
1.0,0.0,2.0,1.0,0.0,1.0,0.0,11.0,0.0,0,827.0,827.0,909.1282413529565,Y1
0.0,0.0,3.0,0.0,0.0,1.0,0.0,12.0,0.0,0,963.0,963.0,931.0888561862444,Y1
0.0,0.0,2.0,1.0,1.0,0.0,-1.0,2.0,0.0,0,925.0,925.0,910.9811611447282,Y1
0.0,0.0,2.0,0.0,1.0,1.0,0.0,22.0,0.0,0,887.0,887.0,916.2234655785988,Y1
1.0,1.0,7.0,1.0,2.0,0.0,0.0,3.0,1.0,1,1060.0,876.6674815831162,1060.0,Y0
0.0,1.0,1.0,0.0,1.0,0.0,-1.0,4.0,0.0,0,927.0,927.0,992.9055211270836,Y1
1.0,1.0,2.0,1.0,2.0,0.0,2.0,0.0,0.0,0,837.0,837.0,972.3997951552432,Y1
1.0,1.0,0.0,1.0,2.0,0.0,0.0,14.0,0.0,1,792.0,882.2030247143201,792.0,Y0
1.0,0.0,0.0,1.0,0.0,0.0,0.0,14.0,0.0,0,934.0,934.0,940.8401104260535,Y1
0.0,0.0,0.0,1.0,0.0,0.0,0.0,6.0,0.0,1,962.0,910.8960091999535,962.0,Y0
0.0,0.0,2.0,0.0,0.0,1.0,0.0,4.0,0.0,0,964.0,964.0,972.7861577687211,Y1
1.0,0.0,3.0,0.0,0.0,3.0,0.0,10.0,0.0,1,911.0,926.0164373292196,911.0,Y0
0.0,0.0,0.0,0.0,0.0,0.0,0.0,5.0,0.0,1,998.0,950.676507057717,998.0,Y0
0.0,0.0,1.0,0.0,0.0,0.0,0.0,13.0,0.0,0,969.0,969.0,974.4587118695408,Y1
0.0,0.0,3.0,0.0,0.0,0.0,0.0,12.0,0.0,1,1053.0,930.7139220656107,1053.0,Y0
0.0,0.0,7.0,0.0,3.0,1.0,0.0,12.0,0.0,0,877.0,877.0,910.0949119687402,Y1
1.0,1.0,0.0,1.0,2.0,0.0,1.0,0.0,1.0,0,949.0,949.0,1006.4782512031057,Y1
1.0,0.0,2.0,0.0,0.0,1.0,0.0,7.0,0.0,0,990.0,990.0,944.3801577819165,Y1
0.0,0.0,3.0,0.0,0.0,1.0,4.0,16.0,0.0,0,1050.0,1050.0,950.1544515050994,Y1
0.0,0.0,7.0,0.0,0.0,0.0,0.0,16.0,0.0,0,959.0,959.0,961.7687708493112,Y1
1.0,0.0,0.0,0.0,0.0,0.0,0.0,11.0,0.0,0,939.0,939.0,961.1670477627999,Y1
1.0,0.0,3.0,0.0,0.0,0.0,0.0,11.0,0.0,0,949.0,949.0,930.8366985333331,Y1
0.0,0.0,2.0,1.0,0.0,0.0,0.0,15.0,0.0,1,887.0,915.9999164329606,887.0,Y0
1.0,1.0,3.0,1.0,2.0,1.0,2.0,24.0,0.0,0,1029.0,1029.0,857.8170855526614,Y1
0.0,1.0,2.0,1.0,2.0,1.0,1.0,3.0,1.0,0,861.0,861.0,949.124114596535,Y1
1.0,0.0,1.0,0.0,0.0,1.0,0.0,15.0,0.0,0,988.0,988.0,981.5939397001513,Y1
0.0,0.0,0.0,0.0,3.0,0.0,0.0,11.0,0.0,1,951.0,959.3645272481866,951.0,Y0
0.0,0.0,0.0,0.0,0.0,0.0,0.0,16.0,0.0,0,1081.0,1081.0,987.9049260740983,Y1
1.0,0.0,0.0,0.0,0.0,0.0,0.0,6.0,0.0,0,910.0,910.0,971.1839902628706,Y1
0.0,0.0,2.0,0.0,0.0,0.0,2.0,1.0,0.0,0,923.0,923.0,897.2006786008955,Y1
1.0,0.0,3.0,0.0,0.0,1.0,0.0,13.0,0.0,0,893.0,893.0,917.5907633616389,Y1
0.0,0.0,0.0,1.0,0.0,1.0,0.0,9.0,0.0,0,1036.0,1036.0,927.5973390505267,Y1
0.0,0.0,2.0,0.0,0.0,3.0,0.0,10.0,0.0,1,953.0,957.6173353121814,953.0,Y0
1.0,2.0,2.0,0.0,0.0,0.0,0.0,20.0,0.0,0,887.0,887.0,887.0258780439592,Y1
0.0,0.0,3.0,1.0,0.0,0.0,0.0,11.0,0.0,0,871.0,871.0,901.3043752368096,Y1
1.0,0.0,0.0,0.0,0.0,0.0,0.0,7.0,0.0,0,820.0,820.0,974.835373063933,Y1
0.0,1.0,0.0,1.0,1.0,0.0,3.0,13.0,0.0,1,948.0,945.6831821760659,948.0,Y0
1.0,1.0,3.0,1.0,1.0,0.0,-1.0,0.0,0.0,0,882.0,882.0,954.1858752616133,Y1
1.0,0.0,2.0,1.0,3.0,2.0,0.0,13.0,0.0,0,829.0,829.0,925.8550536178965,Y1
0.0,1.0,3.0,1.0,2.0,0.0,2.0,1.0,0.0,1,899.0,895.4883678125527,899.0,Y0
0.0,0.0,3.0,0.0,3.0,0.0,0.0,11.0,0.0,1,924.0,947.017180332697,924.0,Y0
1.0,0.0,0.0,0.0,0.0,0.0,0.0,10.0,0.0,0,1021.0,1021.0,946.0811916153295,Y1
0.0,1.0,3.0,0.0,0.0,0.0,0.0,13.0,-1.0,0,859.0,859.0,911.8472447332363,Y1
1.0,1.0,1.0,1.0,2.0,1.0,0.0,17.0,0.0,0,886.0,886.0,883.7916175386135,Y1
0.0,0.0,3.0,0.0,3.0,0.0,0.0,11.0,0.0,0,933.0,933.0,920.8982038155053,Y1
0.0,1.0,3.0,1.0,0.0,1.0,0.0,13.0,0.0,0,800.0,800.0,880.5165697182167,Y1
0.0,1.0,0.0,1.0,1.0,0.0,-1.0,3.0,0.0,1,1094.0,889.2995606912172,1094.0,Y0
1.0,1.0,1.0,1.0,2.0,0.0,0.0,7.0,0.0,0,856.0,856.0,933.8450068020226,Y1
0.0,0.0,1.0,1.0,0.0,0.0,0.0,14.0,0.0,0,902.0,902.0,970.3214651393666,Y1
1.0,0.0,2.0,0.0,0.0,0.0,2.0,1.0,0.0,0,917.0,917.0,893.1213065094504,Y1
0.0,1.0,1.0,1.0,0.0,0.0,0.0,12.0,0.0,0,861.0,861.0,929.1400768345186,Y1
1.0,0.0,1.0,0.0,0.0,0.0,0.0,15.0,0.0,1,1012.0,955.5620982364123,1012.0,Y0
1.0,0.0,0.0,1.0,0.0,1.0,0.0,3.0,0.0,0,892.0,892.0,925.3620675271032,Y1
0.0,1.0,0.0,1.0,0.0,0.0,0.0,14.0,0.0,0,885.0,885.0,940.6514066099203,Y1
1.0,1.0,8.0,0.0,2.0,0.0,0.0,11.0,0.0,0,816.0,816.0,911.208731224576,Y1
1.0,0.0,0.0,0.0,0.0,0.0,0.0,9.0,0.0,1,913.0,941.3200309773794,913.0,Y0
1.0,0.0,0.0,0.0,0.0,0.0,0.0,8.0,0.0,0,887.0,887.0,953.8299108700371,Y1
0.0,1.0,3.0,1.0,2.0,0.0,0.0,6.0,0.0,0,858.0,858.0,926.4222772877296,Y1
1.0,0.0,1.0,0.0,0.0,0.0,0.0,16.0,0.0,1,936.0,956.8328539746072,936.0,Y0
0.0,1.0,0.0,0.0,1.0,0.0,0.0,11.0,1.0,1,1026.0,970.7857050728064,1026.0,Y0
0.0,0.0,2.0,0.0,1.0,1.0,0.0,15.0,0.0,1,989.0,961.5104221221831,989.0,Y0
0.0,0.0,3.0,0.0,0.0,0.0,3.0,27.0,0.0,0,978.0,978.0,929.1796717043098,Y1
0.0,0.0,0.0,0.0,0.0,0.0,0.0,3.0,0.0,0,857.0,857.0,975.2783664946368,Y1
0.0,0.0,1.0,1.0,0.0,0.0,2.0,1.0,0.0,0,881.0,881.0,898.1320605207189,Y1
0.0,0.0,3.0,1.0,0.0,0.0,0.0,14.0,0.0,0,864.0,864.0,938.9569587690254,Y1
0.0,0.0,1.0,0.0,0.0,0.0,0.0,2.0,0.0,1,970.0,967.7722815450802,970.0,Y0
1.0,1.0,1.0,1.0,2.0,0.0,1.0,0.0,1.0,0,939.0,939.0,1019.812056367613,Y1
0.0,0.0,3.0,0.0,0.0,0.0,0.0,7.0,0.0,1,993.0,910.1505431285459,993.0,Y0
1.0,0.0,0.0,1.0,2.0,1.0,1.0,3.0,1.0,0,852.0,852.0,941.4815531872646,Y1
0.0,0.0,3.0,0.0,3.0,1.0,0.0,8.0,0.0,0,944.0,944.0,920.0656909534966,Y1
1.0,0.0,1.0,0.0,3.0,0.0,2.0,5.0,0.0,0,881.0,881.0,931.8581039298456,Y1
0.0,1.0,3.0,1.0,1.0,0.0,0.0,12.0,1.0,1,920.0,923.7311930833723,920.0,Y0
0.0,0.0,2.0,1.0,0.0,1.0,0.0,13.0,0.0,0,1073.0,1073.0,917.7401756069481,Y1
1.0,0.0,0.0,1.0,0.0,0.0,0.0,6.0,0.0,0,918.0,918.0,933.7590836771359,Y1
0.0,0.0,2.0,0.0,0.0,1.0,0.0,12.0,0.0,0,1041.0,1041.0,944.5050970267159,Y1
1.0,0.0,0.0,0.0,0.0,1.0,0.0,13.0,0.0,0,893.0,893.0,942.5311853611353,Y1
1.0,0.0,1.0,1.0,3.0,1.0,0.0,14.0,0.0,1,996.0,921.5098559835429,996.0,Y0
0.0,1.0,3.0,1.0,0.0,0.0,0.0,10.0,0.0,0,844.0,844.0,877.1234536267476,Y1
0.0,0.0,3.0,1.0,0.0,0.0,0.0,12.0,0.0,0,968.0,968.0,901.3043752368096,Y1
1.0,0.0,0.0,0.0,0.0,0.0,0.0,6.0,0.0,0,1014.0,1014.0,971.1839902628706,Y1
1.0,0.0,0.0,0.0,1.0,0.0,0.0,15.0,0.0,0,891.0,891.0,973.5223419693807,Y1
0.0,0.0,1.0,0.0,0.0,0.0,0.0,2.0,0.0,0,890.0,890.0,963.8346206497118,Y1
0.0,0.0,2.0,0.0,0.0,0.0,2.0,2.0,0.0,1,924.0,952.2592614575518,924.0,Y0
1.0,0.0,2.0,1.0,0.0,0.0,0.0,4.0,0.0,0,940.0,940.0,961.6015690415226,Y1
0.0,1.0,3.0,0.0,1.0,0.0,2.0,1.0,1.0,0,937.0,937.0,893.3135021001946,Y1
0.0,1.0,0.0,1.0,2.0,0.0,0.0,10.0,1.0,0,903.0,903.0,911.6733228531762,Y1
0.0,0.0,2.0,0.0,0.0,0.0,0.0,7.0,0.0,1,937.0,933.8000320576529,937.0,Y0
1.0,0.0,0.0,1.0,0.0,0.0,0.0,8.0,0.0,1,994.0,892.9203350333123,994.0,Y0
0.0,0.0,0.0,1.0,0.0,0.0,0.0,20.0,0.0,1,931.0,926.96129897034,931.0,Y0
0.0,0.0,2.0,0.0,3.0,1.0,0.0,8.0,0.0,0,945.0,945.0,934.8566452545122,Y1
1.0,0.0,1.0,0.0,0.0,0.0,0.0,12.0,0.0,1,851.0,948.9365395985095,851.0,Y0
1.0,0.0,2.0,0.0,1.0,0.0,-1.0,3.0,0.0,0,1004.0,1004.0,967.5923845826211,Y1
0.0,1.0,3.0,1.0,2.0,0.0,-1.0,2.0,0.0,0,867.0,867.0,850.0111380029064,Y1
0.0,0.0,2.0,1.0,0.0,0.0,0.0,21.0,0.0,1,917.0,898.2338812127855,917.0,Y0
0.0,0.0,1.0,1.0,0.0,1.0,0.0,10.0,0.0,0,916.0,916.0,927.9523859017162,Y1
0.0,0.0,3.0,0.0,0.0,1.0,0.0,13.0,0.0,0,1073.0,1073.0,928.7525796402895,Y1
0.0,1.0,1.0,0.0,1.0,0.0,2.0,1.0,0.0,0,928.0,928.0,916.822413602934,Y1
1.0,1.0,3.0,1.0,1.0,0.0,-1.0,0.0,0.0,0,912.0,912.0,954.1858752616133,Y1
0.0,1.0,5.0,0.0,1.0,0.0,3.0,13.0,0.0,1,915.0,945.8019531872457,915.0,Y0
0.0,0.0,2.0,0.0,0.0,1.0,0.0,12.0,0.0,0,904.0,904.0,944.5050970267159,Y1
0.0,0.0,0.0,1.0,0.0,1.0,0.0,12.0,0.0,0,901.0,901.0,929.0968386949165,Y1
1.0,0.0,1.0,0.0,0.0,1.0,0.0,11.0,0.0,0,1003.0,1003.0,964.7765512565385,Y1
0.0,0.0,3.0,0.0,1.0,1.0,0.0,8.0,0.0,0,945.0,945.0,933.971655356736,Y1
0.0,0.0,1.0,0.0,1.0,0.0,-1.0,5.0,0.0,1,945.0,972.2047273406397,945.0,Y0
0.0,1.0,3.0,1.0,2.0,1.0,0.0,11.0,0.0,0,780.0,780.0,871.2143725795796,Y1
0.0,1.0,2.0,1.0,2.0,0.0,1.0,0.0,1.0,0,903.0,903.0,974.5769053041843,Y1
1.0,1.0,3.0,0.0,1.0,0.0,0.0,12.0,1.0,1,949.0,938.1873578623562,949.0,Y0
0.0,0.0,0.0,0.0,1.0,1.0,0.0,8.0,0.0,0,919.0,919.0,957.4643413160866,Y1
1.0,0.0,3.0,0.0,0.0,0.0,0.0,2.0,0.0,0,878.0,878.0,917.6546275273839,Y1
1.0,1.0,0.0,1.0,1.0,1.0,0.0,10.0,0.0,0,898.0,898.0,870.0016326469059,Y1
0.0,1.0,0.0,0.0,3.0,1.0,0.0,12.0,0.0,0,1101.0,1101.0,915.5038373106646,Y1
1.0,0.0,0.0,1.0,0.0,1.0,5.0,11.0,0.0,1,937.0,988.0001114945528,937.0,Y0
0.0,1.0,2.0,1.0,2.0,1.0,0.0,7.0,0.0,0,889.0,889.0,894.8685261195415,Y1
1.0,0.0,1.0,1.0,1.0,0.0,-1.0,15.0,0.0,1,1013.0,900.817429544681,1013.0,Y0
1.0,1.0,2.0,0.0,2.0,1.0,0.0,8.0,0.0,1,910.0,861.5660454207547,910.0,Y0
0.0,1.0,1.0,1.0,2.0,0.0,1.0,0.0,0.0,0,984.0,984.0,967.5385749888086,Y1
0.0,0.0,4.0,0.0,3.0,1.0,0.0,12.0,0.0,0,990.0,990.0,934.8429844871068,Y1
1.0,0.0,2.0,0.0,3.0,0.0,2.0,1.0,0.0,1,915.0,923.6694794326912,915.0,Y0
1.0,0.0,3.0,0.0,0.0,1.0,0.0,8.0,1.0,0,834.0,834.0,930.5624146480394,Y1
0.0,0.0,1.0,1.0,2.0,0.0,0.0,9.0,0.0,0,889.0,889.0,931.4588483382228,Y1
1.0,0.0,1.0,0.0,0.0,0.0,0.0,2.0,0.0,1,897.0,942.4638637381216,897.0,Y0
0.0,0.0,2.0,1.0,0.0,1.0,0.0,8.0,0.0,0,761.0,761.0,918.4168744283512,Y1
1.0,0.0,2.0,0.0,0.0,0.0,0.0,19.0,0.0,1,1006.0,984.4783725658317,1006.0,Y0
0.0,1.0,1.0,1.0,2.0,1.0,2.0,24.0,0.0,0,1079.0,1079.0,879.350764576603,Y1
1.0,1.0,2.0,1.0,2.0,0.0,2.0,0.0,0.0,0,864.0,864.0,972.3997951552432,Y1
1.0,0.0,2.0,1.0,0.0,0.0,0.0,3.0,0.0,0,934.0,934.0,936.9674664117333,Y1
1.0,1.0,3.0,1.0,2.0,0.0,-1.0,9.0,1.0,0,889.0,889.0,875.969713124497,Y1
0.0,0.0,1.0,0.0,1.0,1.0,0.0,4.0,0.0,1,976.0,972.1318804102258,976.0,Y0
1.0,0.0,1.0,0.0,0.0,0.0,0.0,22.0,0.0,1,938.0,923.768622749563,938.0,Y0
1.0,0.0,2.0,1.0,3.0,1.0,0.0,6.0,0.0,0,792.0,792.0,904.432410790573,Y1
1.0,0.0,0.0,0.0,0.0,1.0,0.0,11.0,0.0,0,902.0,902.0,950.6391888499627,Y1
1.0,0.0,1.0,0.0,0.0,1.0,0.0,12.0,0.0,0,989.0,989.0,963.0518166706545,Y1
1.0,0.0,3.0,1.0,0.0,0.0,-1.0,2.0,0.0,0,875.0,875.0,883.2282308036769,Y1
0.0,1.0,0.0,1.0,2.0,0.0,-1.0,2.0,0.0,1,897.0,884.5943718491831,897.0,Y0
1.0,0.0,4.0,1.0,0.0,0.0,-1.0,6.0,0.0,1,805.0,901.8159323030909,805.0,Y0
0.0,0.0,1.0,0.0,0.0,0.0,1.0,0.0,0.0,0,1017.0,1017.0,960.1970500541347,Y1
1.0,1.0,7.0,1.0,0.0,0.0,0.0,7.0,0.0,1,870.0,855.490753827146,870.0,Y0
0.0,0.0,3.0,0.0,0.0,0.0,0.0,8.0,0.0,1,884.0,906.029272239426,884.0,Y0
1.0,0.0,3.0,0.0,2.0,0.0,0.0,9.0,0.0,1,823.0,912.3458749365781,823.0,Y0
1.0,0.0,1.0,1.0,0.0,0.0,0.0,11.0,0.0,0,799.0,799.0,927.1978450364013,Y1
0.0,0.0,2.0,0.0,3.0,0.0,-1.0,11.0,0.0,0,961.0,961.0,866.9021756750662,Y1
1.0,0.0,4.0,1.0,0.0,1.0,0.0,6.0,0.0,1,857.0,889.2731243440959,857.0,Y0
1.0,0.0,3.0,0.0,0.0,0.0,0.0,5.0,0.0,0,848.0,848.0,947.7933811033271,Y1
1.0,0.0,2.0,0.0,0.0,1.0,0.0,12.0,0.0,0,973.0,973.0,937.1020745857745,Y1
0.0,0.0,2.0,0.0,0.0,0.0,0.0,3.0,0.0,0,1100.0,1100.0,956.3502199142707,Y1
0.0,0.0,1.0,1.0,0.0,0.0,0.0,13.0,0.0,0,968.0,968.0,940.1919992272897,Y1
0.0,0.0,0.0,0.0,0.0,0.0,0.0,3.0,0.0,1,839.0,943.1253252115779,839.0,Y0
0.0,0.0,2.0,0.0,0.0,0.0,-1.0,12.0,0.0,1,889.0,935.7243958047904,889.0,Y0
1.0,0.0,3.0,0.0,1.0,0.0,0.0,7.0,0.0,0,968.0,968.0,956.2350836780081,Y1
0.0,0.0,3.0,0.0,3.0,0.0,1.0,0.0,0.0,0,925.0,925.0,903.4920907603852,Y1
1.0,0.0,3.0,0.0,0.0,1.0,0.0,9.0,0.0,0,937.0,937.0,925.6213844670748,Y1
0.0,1.0,3.0,1.0,2.0,0.0,0.0,6.0,1.0,1,900.0,884.8545493778903,900.0,Y0
0.0,1.0,8.0,1.0,2.0,0.0,2.0,2.0,0.0,1,1044.0,876.6197369053024,1044.0,Y0
1.0,1.0,0.0,1.0,2.0,0.0,0.0,5.0,0.0,1,986.0,877.8014131758522,986.0,Y0
1.0,0.0,3.0,0.0,0.0,0.0,0.0,13.0,-1.0,0,866.0,866.0,915.6057143933376,Y1
1.0,0.0,2.0,1.0,0.0,0.0,0.0,8.0,0.0,0,839.0,839.0,908.4991304064639,Y1
0.0,0.0,3.0,0.0,0.0,3.0,3.0,8.0,0.0,1,983.0,953.5426919729521,983.0,Y0
1.0,0.0,2.0,0.0,0.0,0.0,3.0,27.0,0.0,0,914.0,914.0,924.2994193371882,Y1
1.0,0.0,2.0,1.0,0.0,1.0,0.0,12.0,0.0,0,866.0,866.0,909.1282413529565,Y1
1.0,0.0,0.0,0.0,1.0,1.0,0.0,14.0,0.0,0,940.0,940.0,983.6537531308444,Y1
0.0,0.0,0.0,1.0,0.0,1.0,0.0,6.0,0.0,1,884.0,916.2807175581524,884.0,Y0
0.0,0.0,3.0,0.0,0.0,1.0,0.0,13.0,0.0,0,798.0,798.0,928.7525796402895,Y1
0.0,2.0,2.0,1.0,0.0,0.0,0.0,8.0,0.0,0,925.0,925.0,902.4339824994936,Y1
1.0,1.0,1.0,1.0,2.0,0.0,0.0,6.0,0.0,0,829.0,829.0,936.185759481076,Y1
0.0,0.0,0.0,0.0,1.0,0.0,0.0,16.0,1.0,1,1014.0,982.2178692824252,1014.0,Y0
1.0,0.0,0.0,0.0,3.0,0.0,0.0,14.0,0.0,1,1089.0,955.3712574515102,1089.0,Y0
0.0,0.0,1.0,0.0,0.0,1.0,0.0,11.0,0.0,0,908.0,908.0,972.1795736974799,Y1
1.0,0.0,0.0,0.0,1.0,0.0,0.0,7.0,0.0,0,986.0,986.0,972.484586981888,Y1
0.0,0.0,2.0,0.0,0.0,1.0,0.0,11.0,0.0,0,970.0,970.0,944.5050970267159,Y1
1.0,1.0,0.0,1.0,2.0,0.0,1.0,9.0,1.0,1,983.0,907.2034786004085,983.0,Y0
1.0,1.0,3.0,1.0,2.0,1.0,0.0,22.0,0.0,0,867.0,867.0,870.8317523058065,Y1
1.0,1.0,4.0,1.0,2.0,0.0,0.0,3.0,1.0,1,981.0,870.3175132658548,981.0,Y0
0.0,0.0,1.0,1.0,0.0,1.0,0.0,7.0,0.0,0,1008.0,1008.0,941.2423368334048,Y1
1.0,0.0,3.0,0.0,1.0,0.0,5.0,3.0,0.0,0,980.0,980.0,926.5178423165991,Y1
1.0,0.0,2.0,0.0,0.0,0.0,3.0,27.0,0.0,0,952.0,952.0,924.2994193371882,Y1
1.0,0.0,3.0,0.0,1.0,0.0,0.0,0.0,0.0,0,852.0,852.0,971.960205569351,Y1
1.0,0.0,2.0,1.0,3.0,0.0,-1.0,11.0,0.0,0,954.0,954.0,833.9956182765638,Y1
1.0,0.0,0.0,0.0,0.0,0.0,0.0,3.0,0.0,1,823.0,917.400120897924,823.0,Y0
1.0,0.0,0.0,0.0,0.0,1.0,3.0,11.0,0.0,0,981.0,981.0,917.2468463408131,Y1
1.0,0.0,2.0,0.0,0.0,0.0,0.0,13.0,-1.0,0,801.0,801.0,925.802373491901,Y1
1.0,0.0,0.0,1.0,0.0,0.0,0.0,5.0,0.0,1,918.0,898.1288330286118,918.0,Y0
1.0,1.0,0.0,1.0,0.0,0.0,2.0,3.0,1.0,0,857.0,857.0,893.3866458369772,Y1
1.0,0.0,1.0,1.0,3.0,0.0,1.0,1.0,0.0,1,907.0,923.1411616122804,907.0,Y0
0.0,0.0,3.0,1.0,0.0,1.0,0.0,12.0,0.0,0,976.0,976.0,895.9345046218125,Y1
0.0,0.0,0.0,0.0,0.0,2.0,0.0,8.0,0.0,1,994.0,953.1320505817154,994.0,Y0
0.0,0.0,3.0,0.0,0.0,1.0,0.0,12.0,0.0,0,931.0,931.0,931.0888561862444,Y1
1.0,1.0,5.0,1.0,2.0,0.0,0.0,12.0,1.0,0,1007.0,1007.0,901.5970464597812,Y1
0.0,0.0,2.0,0.0,0.0,0.0,0.0,13.0,-1.0,0,878.0,878.0,939.4583715572552,Y1
0.0,0.0,1.0,0.0,0.0,0.0,0.0,12.0,0.0,1,1041.0,963.5918722039044,1041.0,Y0
1.0,0.0,3.0,0.0,0.0,0.0,-1.0,4.0,0.0,0,880.0,880.0,975.1473202887705,Y1
1.0,1.0,3.0,1.0,2.0,0.0,0.0,6.0,1.0,0,802.0,802.0,919.4933577939439,Y1
0.0,1.0,2.0,1.0,0.0,1.0,0.0,12.0,0.0,0,864.0,864.0,885.9060149501345,Y1
0.0,0.0,2.0,0.0,0.0,0.0,0.0,16.0,0.0,1,1042.0,960.2386794347583,1042.0,Y0
1.0,0.0,1.0,1.0,0.0,1.0,0.0,9.0,0.0,1,1047.0,914.8432853505645,1047.0,Y0
1.0,1.0,7.0,1.0,0.0,0.0,1.0,0.0,0.0,0,884.0,884.0,1013.7193876574987,Y1
1.0,0.0,2.0,0.0,0.0,0.0,2.0,1.0,0.0,1,848.0,919.7182657490041,848.0,Y0
1.0,1.0,3.0,1.0,2.0,0.0,0.0,16.0,1.0,0,902.0,902.0,904.525543635218,Y1
0.0,1.0,0.0,1.0,2.0,0.0,-1.0,9.0,1.0,0,847.0,847.0,877.9760977512428,Y1
0.0,0.0,3.0,0.0,0.0,0.0,-1.0,2.0,0.0,0,886.0,886.0,916.9579356897278,Y1
0.0,0.0,1.0,0.0,0.0,0.0,0.0,6.0,0.0,0,826.0,826.0,982.3851363641262,Y1
1.0,0.0,2.0,0.0,0.0,1.0,0.0,4.0,0.0,1,976.0,906.0154785481611,976.0,Y0
1.0,0.0,4.0,0.0,0.0,2.0,0.0,12.0,0.0,0,928.0,928.0,967.5243333240048,Y1
1.0,0.0,3.0,1.0,0.0,0.0,0.0,6.0,0.0,1,836.0,878.4620673658478,836.0,Y0
1.0,0.0,2.0,0.0,0.0,1.0,0.0,6.0,0.0,0,997.0,997.0,947.1625226902695,Y1
1.0,0.0,2.0,0.0,0.0,0.0,2.0,2.0,0.0,0,894.0,894.0,902.7179892679814,Y1
0.0,0.0,0.0,1.0,3.0,0.0,0.0,13.0,0.0,0,895.0,895.0,943.1838328847856,Y1
0.0,1.0,3.0,1.0,2.0,0.0,0.0,9.0,0.0,0,889.0,889.0,888.0588591534864,Y1
1.0,0.0,3.0,1.0,3.0,0.0,2.0,5.0,0.0,0,881.0,881.0,907.6202237711213,Y1
1.0,0.0,3.0,0.0,0.0,0.0,0.0,6.0,0.0,1,862.0,899.646392458441,862.0,Y0
0.0,1.0,2.0,1.0,2.0,0.0,2.0,0.0,0.0,0,839.0,839.0,943.7337044744929,Y1
0.0,0.0,2.0,0.0,2.0,0.0,0.0,9.0,1.0,0,845.0,845.0,945.058653689683,Y1
1.0,0.0,4.0,1.0,0.0,0.0,0.0,8.0,0.0,0,900.0,900.0,895.6086359967193,Y1
1.0,0.0,3.0,0.0,0.0,0.0,1.0,0.0,0.0,0,895.0,895.0,971.5194580562758,Y1
1.0,0.0,4.0,0.0,0.0,0.0,0.0,9.0,0.0,0,942.0,942.0,936.0639433065087,Y1
0.0,0.0,0.0,1.0,0.0,1.0,0.0,13.0,0.0,0,841.0,841.0,928.9665454163859,Y1
1.0,0.0,2.0,0.0,0.0,3.0,3.0,8.0,0.0,1,898.0,927.1405430591614,898.0,Y0
1.0,0.0,3.0,1.0,0.0,0.0,0.0,12.0,0.0,0,800.0,800.0,894.6378637370847,Y1
1.0,1.0,0.0,1.0,1.0,0.0,-1.0,18.0,1.0,0,820.0,820.0,909.7758928647162,Y1
0.0,0.0,3.0,0.0,0.0,0.0,0.0,5.0,0.0,0,862.0,862.0,950.5843630568462,Y1
1.0,1.0,3.0,1.0,2.0,0.0,2.0,1.0,1.0,0,873.0,873.0,860.939917954288,Y1
1.0,0.0,3.0,1.0,0.0,1.0,0.0,8.0,0.0,1,921.0,871.878174921586,921.0,Y0
0.0,1.0,1.0,1.0,1.0,0.0,0.0,8.0,1.0,0,1001.0,1001.0,926.593947541626,Y1
0.0,0.0,0.0,0.0,0.0,1.0,0.0,13.0,0.0,0,931.0,931.0,960.8332380289927,Y1
0.0,1.0,3.0,0.0,1.0,0.0,3.0,13.0,0.0,1,890.0,949.5074854867364,890.0,Y0
0.0,1.0,2.0,1.0,2.0,0.0,-1.0,3.0,1.0,0,820.0,820.0,927.1766464051973,Y1
1.0,0.0,0.0,0.0,0.0,0.0,0.0,13.0,0.0,0,949.0,949.0,954.0762078462274,Y1
0.0,1.0,2.0,0.0,1.0,0.0,-1.0,10.0,1.0,1,920.0,935.1471050733542,920.0,Y0
1.0,0.0,3.0,0.0,0.0,1.0,0.0,9.0,0.0,0,936.0,936.0,925.6213844670748,Y1
0.0,1.0,1.0,1.0,2.0,0.0,2.0,0.0,0.0,0,829.0,829.0,951.0374376209137,Y1
1.0,0.0,0.0,0.0,0.0,0.0,0.0,10.0,0.0,0,947.0,947.0,946.0811916153295,Y1
1.0,0.0,3.0,0.0,0.0,1.0,0.0,5.0,0.0,0,951.0,951.0,935.8128958268499,Y1
1.0,0.0,1.0,1.0,0.0,1.0,0.0,13.0,0.0,0,886.0,886.0,915.0227929914028,Y1
0.0,0.0,3.0,0.0,0.0,0.0,-1.0,1.0,0.0,1,1003.0,909.0158886189304,1003.0,Y0
0.0,0.0,3.0,1.0,0.0,0.0,0.0,8.0,0.0,0,879.0,879.0,895.8226508756717,Y1
1.0,1.0,2.0,1.0,2.0,1.0,0.0,5.0,0.0,0,869.0,869.0,888.8830802185614,Y1
0.0,1.0,2.0,1.0,2.0,0.0,0.0,10.0,1.0,0,984.0,984.0,896.7310877916622,Y1
0.0,1.0,0.0,1.0,2.0,0.0,-1.0,3.0,0.0,1,851.0,882.9126550131823,851.0,Y0
0.0,0.0,2.0,0.0,0.0,0.0,0.0,6.0,0.0,0,940.0,940.0,960.5110632372445,Y1
1.0,0.0,1.0,1.0,0.0,1.0,0.0,3.0,0.0,0,874.0,874.0,944.0510031132735,Y1
0.0,1.0,2.0,0.0,3.0,0.0,0.0,5.0,0.0,0,796.0,796.0,944.9962849791549,Y1
1.0,1.0,3.0,1.0,2.0,0.0,0.0,6.0,0.0,0,834.0,834.0,914.5523276129793,Y1
1.0,0.0,0.0,0.0,1.0,1.0,1.0,8.0,0.0,1,907.0,917.2142844803337,907.0,Y0
1.0,0.0,0.0,0.0,0.0,0.0,0.0,13.0,0.0,0,1104.0,1104.0,954.0762078462274,Y1
0.0,0.0,3.0,1.0,0.0,1.0,0.0,3.0,0.0,0,815.0,815.0,913.2498382669352,Y1
0.0,0.0,0.0,0.0,1.0,1.0,0.0,15.0,0.0,1,1147.0,964.0131270860736,1147.0,Y0
0.0,0.0,1.0,0.0,0.0,3.0,3.0,8.0,0.0,1,984.0,1017.6097081455895,984.0,Y0
0.0,0.0,3.0,0.0,1.0,1.0,0.0,18.0,0.0,1,963.0,937.314947288387,963.0,Y0
0.0,0.0,0.0,0.0,0.0,0.0,0.0,11.0,0.0,0,866.0,866.0,971.2299837364817,Y1
0.0,0.0,1.0,0.0,0.0,0.0,0.0,21.0,0.0,1,1042.0,950.919862148629,1042.0,Y0
0.0,0.0,0.0,0.0,0.0,1.0,0.0,11.0,0.0,0,881.0,881.0,962.6882658934073,Y1
0.0,0.0,4.0,1.0,0.0,0.0,0.0,10.0,0.0,0,905.0,905.0,892.8404431148166,Y1
1.0,1.0,3.0,1.0,2.0,0.0,0.0,12.0,1.0,0,1007.0,1007.0,890.9824303940799,Y1
1.0,0.0,2.0,1.0,3.0,0.0,0.0,11.0,0.0,0,924.0,924.0,898.1003044018057,Y1
1.0,0.0,0.0,1.0,0.0,1.0,0.0,12.0,0.0,0,816.0,816.0,909.8044850274638,Y1
0.0,0.0,1.0,1.0,1.0,1.0,0.0,15.0,1.0,0,928.0,928.0,955.0222230756201,Y1
1.0,0.0,3.0,0.0,0.0,0.0,0.0,6.0,0.0,1,1034.0,899.646392458441,1034.0,Y0
0.0,0.0,0.0,0.0,0.0,1.0,0.0,11.0,0.0,0,949.0,949.0,962.6882658934073,Y1
1.0,0.0,3.0,0.0,0.0,0.0,0.0,8.0,0.0,0,813.0,813.0,926.4559208318152,Y1
0.0,1.0,1.0,1.0,0.0,0.0,0.0,10.0,0.0,0,911.0,911.0,915.0119718729287,Y1
0.0,1.0,2.0,1.0,2.0,0.0,0.0,20.0,1.0,0,1016.0,1016.0,886.0505743725163,Y1
1.0,0.0,1.0,1.0,0.0,0.0,-1.0,1.0,0.0,1,808.0,898.776862805748,808.0,Y0
0.0,0.0,1.0,0.0,3.0,0.0,1.0,0.0,0.0,0,1058.0,1058.0,947.3399401314186,Y1
1.0,1.0,0.0,1.0,2.0,0.0,0.0,11.0,0.0,0,820.0,820.0,906.321993606943,Y1
0.0,0.0,1.0,1.0,0.0,1.0,0.0,15.0,0.0,1,903.0,925.7778659869105,903.0,Y0
1.0,1.0,2.0,1.0,2.0,0.0,0.0,24.0,1.0,0,939.0,939.0,875.7759876239925,Y1
1.0,0.0,1.0,0.0,0.0,0.0,0.0,7.0,0.0,1,1026.0,930.6889758741388,1026.0,Y0
0.0,0.0,0.0,0.0,0.0,1.0,0.0,13.0,0.0,1,877.0,949.735874832027,877.0,Y0
1.0,0.0,4.0,1.0,2.0,0.0,0.0,9.0,0.0,1,813.0,885.935173061068,813.0,Y0
0.0,1.0,1.0,1.0,2.0,1.0,1.0,6.0,0.0,0,811.0,811.0,920.2494501029236,Y1
1.0,0.0,3.0,0.0,0.0,0.0,0.0,6.0,0.0,0,888.0,888.0,947.7933811033271,Y1
1.0,0.0,1.0,0.0,0.0,1.0,0.0,4.0,0.0,0,915.0,915.0,1004.4833644846108,Y1
0.0,0.0,2.0,0.0,0.0,1.0,0.0,8.0,0.0,0,854.0,854.0,943.7383232069315,Y1
1.0,0.0,3.0,0.0,1.0,0.0,0.0,14.0,0.0,1,940.0,944.683497506903,940.0,Y0
0.0,0.0,2.0,1.0,0.0,1.0,0.0,4.0,0.0,1,870.0,905.4985015268604,870.0,Y0
0.0,0.0,3.0,1.0,3.0,0.0,-1.0,11.0,0.0,0,931.0,931.0,828.5591899861904,Y1
1.0,0.0,2.0,0.0,0.0,0.0,0.0,5.0,0.0,1,983.0,904.9022842780262,983.0,Y0
0.0,0.0,1.0,0.0,0.0,1.0,0.0,11.0,0.0,0,1018.0,1018.0,972.1795736974799,Y1
1.0,0.0,1.0,1.0,0.0,0.0,0.0,20.0,0.0,0,884.0,884.0,905.9165106579476,Y1
1.0,1.0,3.0,0.0,2.0,0.0,0.0,10.0,1.0,0,875.0,875.0,910.0825751799548,Y1
1.0,0.0,2.0,1.0,0.0,0.0,0.0,15.0,0.0,1,885.0,909.218752119299,885.0,Y0
0.0,0.0,0.0,0.0,1.0,1.0,4.0,15.0,0.0,0,896.0,896.0,971.28276493964,Y1
0.0,0.0,2.0,0.0,1.0,1.0,0.0,12.0,0.0,0,1087.0,1087.0,944.5973359290414,Y1
1.0,1.0,5.0,0.0,1.0,1.0,0.0,10.0,0.0,0,834.0,834.0,901.2075010566815,Y1
0.0,1.0,1.0,0.0,2.0,0.0,-1.0,9.0,1.0,0,929.0,929.0,908.7881194651914,Y1
0.0,1.0,0.0,1.0,2.0,1.0,0.0,22.0,0.0,0,868.0,868.0,881.8117734880566,Y1
1.0,0.0,4.0,1.0,3.0,0.0,0.0,14.0,0.0,0,1017.0,1017.0,921.2145682366498,Y1
1.0,0.0,2.0,1.0,0.0,1.0,0.0,12.0,0.0,0,954.0,954.0,909.1282413529565,Y1
1.0,0.0,1.0,0.0,0.0,0.0,0.0,8.0,0.0,1,906.0,927.9437680469247,906.0,Y0
0.0,0.0,2.0,0.0,0.0,0.0,0.0,14.0,0.0,1,1094.0,958.9679236965634,1094.0,Y0
0.0,1.0,3.0,1.0,2.0,0.0,-1.0,3.0,0.0,1,909.0,857.5862564301677,909.0,Y0
0.0,1.0,0.0,1.0,2.0,1.0,2.0,24.0,0.0,0,1087.0,1087.0,872.8939672110366,Y1
0.0,0.0,1.0,0.0,3.0,0.0,0.0,11.0,0.0,0,954.0,954.0,962.2513000235816,Y1
1.0,0.0,1.0,0.0,3.0,1.0,0.0,7.0,0.0,1,956.0,948.953045732858,956.0,Y0
1.0,0.0,1.0,0.0,0.0,0.0,-1.0,6.0,0.0,1,907.0,949.6052442855716,907.0,Y0
1.0,1.0,0.0,1.0,2.0,0.0,2.0,1.0,1.0,0,808.0,808.0,892.599696817552,Y1
0.0,1.0,5.0,1.0,2.0,0.0,0.0,10.0,1.0,0,940.0,940.0,890.7798372789978,Y1
0.0,0.0,2.0,0.0,0.0,1.0,0.0,5.0,0.0,0,961.0,961.0,949.915236961627,Y1
0.0,0.0,2.0,0.0,1.0,0.0,1.0,14.0,0.0,0,915.0,915.0,1001.1309756885422,Y1
1.0,0.0,3.0,0.0,0.0,0.0,0.0,3.0,0.0,0,880.0,880.0,945.5718198546529,Y1
0.0,0.0,12.0,0.0,0.0,1.0,0.0,5.0,0.0,1,1051.0,961.9861948207299,1051.0,Y0
0.0,3.0,3.0,1.0,0.0,1.0,0.0,12.0,0.0,0,831.0,831.0,867.054121988804,Y1
1.0,0.0,1.0,1.0,0.0,0.0,0.0,15.0,0.0,1,905.0,917.9301118057211,905.0,Y0
0.0,0.0,0.0,0.0,1.0,0.0,0.0,8.0,1.0,0,967.0,967.0,963.4894419263771,Y1
0.0,1.0,3.0,1.0,2.0,0.0,0.0,12.0,0.0,0,816.0,816.0,893.5405835146244,Y1
0.0,1.0,3.0,1.0,2.0,0.0,0.0,11.0,0.0,1,905.0,875.6248556162543,905.0,Y0
1.0,0.0,0.0,0.0,0.0,0.0,0.0,10.0,0.0,0,994.0,994.0,946.0811916153295,Y1
0.0,1.0,3.0,1.0,2.0,0.0,1.0,1.0,0.0,1,951.0,888.9460041744802,951.0,Y0
0.0,0.0,1.0,0.0,1.0,0.0,0.0,14.0,0.0,1,1086.0,969.7854505171997,1086.0,Y0
0.0,0.0,3.0,0.0,0.0,1.0,0.0,8.0,0.0,0,867.0,867.0,930.3220823664599,Y1
0.0,1.0,2.0,0.0,1.0,0.0,0.0,0.0,0.0,0,827.0,827.0,931.5304078562364,Y1
0.0,0.0,0.0,0.0,3.0,1.0,0.0,12.0,0.0,0,1025.0,1025.0,949.8221513588111,Y1
1.0,0.0,2.0,0.0,1.0,0.0,0.0,11.0,0.0,1,883.0,932.6610240204313,883.0,Y0
0.0,0.0,3.0,0.0,0.0,1.0,5.0,11.0,0.0,1,924.0,980.0628882248182,924.0,Y0
1.0,1.0,0.0,1.0,2.0,1.0,0.0,10.0,1.0,0,897.0,897.0,868.9799139803217,Y1
0.0,0.0,3.0,0.0,0.0,0.0,2.0,3.0,0.0,1,859.0,906.8758158185499,859.0,Y0
1.0,0.0,2.0,0.0,1.0,0.0,5.0,3.0,0.0,0,879.0,879.0,933.426296565764,Y1
1.0,0.0,1.0,0.0,0.0,1.0,0.0,11.0,0.0,0,985.0,985.0,964.7765512565385,Y1
0.0,1.0,2.0,1.0,2.0,1.0,0.0,5.0,0.0,0,923.0,923.0,902.502279724668,Y1
1.0,0.0,3.0,1.0,0.0,0.0,0.0,20.0,0.0,0,861.0,861.0,860.9804995463113,Y1
0.0,0.0,4.0,1.0,0.0,0.0,0.0,13.0,-1.0,0,921.0,921.0,898.0073754640268,Y1
1.0,1.0,0.0,1.0,2.0,0.0,-1.0,2.0,0.0,0,856.0,856.0,836.3576113057062,Y1
1.0,1.0,0.0,1.0,0.0,0.0,0.0,10.0,0.0,0,792.0,792.0,896.9868006225744,Y1
1.0,1.0,1.0,1.0,2.0,0.0,0.0,11.0,0.0,0,729.0,729.0,912.5309830528862,Y1
0.0,1.0,2.0,1.0,2.0,0.0,-1.0,9.0,1.0,0,967.0,967.0,875.9601022853168,Y1
0.0,0.0,0.0,0.0,0.0,1.0,0.0,12.0,0.0,1,1121.0,958.1201496533145,1121.0,Y0
0.0,0.0,0.0,0.0,0.0,1.0,3.0,11.0,0.0,0,966.0,966.0,926.3994549323155,Y1
1.0,0.0,1.0,0.0,1.0,1.0,0.0,18.0,0.0,1,1093.0,952.9390387533978,1093.0,Y0
0.0,0.0,3.0,0.0,0.0,0.0,0.0,13.0,0.0,0,890.0,890.0,935.8181288993937,Y1
1.0,1.0,3.0,1.0,0.0,0.0,2.0,1.0,0.0,1,837.0,874.8903223036954,837.0,Y0
0.0,0.0,3.0,1.0,0.0,0.0,2.0,3.0,0.0,1,874.0,881.6656942728706,874.0,Y0
1.0,0.0,3.0,0.0,0.0,1.0,0.0,9.0,0.0,0,929.0,929.0,925.6213844670748,Y1
1.0,0.0,2.0,0.0,0.0,0.0,0.0,5.0,0.0,0,826.0,826.0,957.758348965887,Y1
0.0,1.0,3.0,1.0,2.0,0.0,-1.0,3.0,1.0,0,924.0,924.0,916.0890587091961,Y1
0.0,0.0,3.0,0.0,1.0,0.0,0.0,16.0,0.0,0,931.0,931.0,983.1294134426313,Y1
1.0,0.0,1.0,1.0,0.0,0.0,0.0,10.0,0.0,0,890.0,890.0,912.5939310997768,Y1
1.0,1.0,3.0,1.0,2.0,0.0,2.0,1.0,1.0,0,822.0,822.0,860.939917954288,Y1
1.0,0.0,3.0,1.0,0.0,1.0,0.0,6.0,0.0,1,1010.0,880.346362031142,1010.0,Y0
0.0,1.0,0.0,1.0,2.0,0.0,2.0,1.0,0.0,1,820.0,910.944697766143,820.0,Y0
0.0,0.0,3.0,0.0,0.0,1.0,0.0,13.0,0.0,0,942.0,942.0,928.7525796402895,Y1
0.0,0.0,2.0,0.0,0.0,0.0,0.0,13.0,-1.0,0,1067.0,1067.0,939.4583715572552,Y1
0.0,0.0,2.0,0.0,3.0,0.0,0.0,11.0,0.0,1,857.0,954.5172617397185,857.0,Y0
1.0,1.0,3.0,1.0,2.0,0.0,0.0,12.0,0.0,0,825.0,825.0,886.0414002131153,Y1
0.0,1.0,2.0,1.0,2.0,0.0,0.0,12.0,0.0,0,785.0,785.0,906.9879868328497,Y1
0.0,0.0,2.0,0.0,0.0,0.0,0.0,13.0,0.0,0,1034.0,1034.0,948.5089697846608,Y1
1.0,1.0,0.0,1.0,2.0,1.0,0.0,17.0,0.0,0,851.0,851.0,872.2951395366567,Y1
0.0,0.0,2.0,0.0,0.0,0.0,0.0,16.0,0.0,1,1066.0,960.2386794347583,1066.0,Y0
1.0,0.0,0.0,0.0,1.0,0.0,0.0,0.0,0.0,0,976.0,976.0,987.6246866219582,Y1
1.0,0.0,1.0,1.0,3.0,0.0,0.0,5.0,0.0,0,844.0,844.0,927.6738288646602,Y1
0.0,0.0,3.0,0.0,1.0,0.0,0.0,7.0,0.0,0,1034.0,1034.0,959.0260656315272,Y1
0.0,0.0,3.0,1.0,0.0,1.0,0.0,13.0,0.0,0,902.0,902.0,893.5982280758576,Y1
0.0,1.0,0.0,1.0,0.0,1.0,0.0,8.0,0.0,1,960.0,886.6902509164566,960.0,Y0
0.0,1.0,1.0,1.0,2.0,0.0,2.0,2.0,0.0,1,1024.0,922.6210756971452,1024.0,Y0
0.0,0.0,0.0,1.0,3.0,1.0,0.0,17.0,0.0,1,993.0,897.3484662195797,993.0,Y0
0.0,0.0,0.0,1.0,0.0,0.0,0.0,12.0,0.0,0,826.0,826.0,937.5047530712471,Y1
0.0,1.0,3.0,1.0,2.0,0.0,2.0,1.0,1.0,0,873.0,873.0,874.2883272325441,Y1
1.0,0.0,3.0,0.0,0.0,0.0,0.0,5.0,0.0,0,920.0,920.0,947.7933811033271,Y1
0.0,0.0,3.0,0.0,0.0,0.0,0.0,19.0,0.0,0,1003.0,1003.0,939.5752234060669,Y1
1.0,0.0,9.0,1.0,3.0,0.0,0.0,17.0,0.0,0,834.0,834.0,885.8632941546394,Y1
1.0,0.0,1.0,0.0,0.0,0.0,0.0,10.0,0.0,0,1069.0,1069.0,954.103920366036,Y1
0.0,0.0,2.0,0.0,0.0,1.0,0.0,13.0,0.0,0,967.0,967.0,943.5605231662839,Y1
1.0,0.0,1.0,0.0,0.0,0.0,2.0,1.0,0.0,0,971.0,971.0,916.5228524411355,Y1
1.0,0.0,1.0,0.0,0.0,0.0,-1.0,2.0,0.0,0,1009.0,1009.0,956.9183729096329,Y1
0.0,0.0,3.0,0.0,0.0,0.0,0.0,8.0,0.0,1,837.0,906.029272239426,837.0,Y0
0.0,1.0,0.0,0.0,1.0,0.0,0.0,21.0,0.0,1,1013.0,943.1713190143286,1013.0,Y0
1.0,0.0,0.0,0.0,1.0,0.0,0.0,7.0,0.0,0,875.0,875.0,972.484586981888,Y1
1.0,0.0,0.0,0.0,1.0,0.0,2.0,3.0,0.0,0,1044.0,1044.0,925.5879859142788,Y1
1.0,0.0,3.0,0.0,1.0,0.0,0.0,5.0,1.0,0,949.0,949.0,956.3839842745679,Y1
0.0,0.0,1.0,1.0,0.0,1.0,0.0,10.0,0.0,0,992.0,992.0,927.9523859017162,Y1
0.0,0.0,2.0,0.0,0.0,0.0,0.0,19.0,0.0,1,952.0,1000.2534899737715,952.0,Y0
1.0,1.0,1.0,1.0,2.0,0.0,0.0,12.0,0.0,0,850.0,850.0,910.8062484670022,Y1
0.0,0.0,3.0,1.0,0.0,0.0,0.0,19.0,0.0,0,933.0,933.0,890.6116581436833,Y1
0.0,0.0,3.0,0.0,0.0,1.0,0.0,17.0,0.0,0,925.0,925.0,941.37751682612,Y1
0.0,0.0,3.0,0.0,0.0,0.0,0.0,10.0,0.0,0,903.0,903.0,923.3331162268273,Y1
0.0,0.0,2.0,0.0,0.0,1.0,0.0,7.0,0.0,0,1031.0,1031.0,948.2736188366164,Y1
1.0,0.0,2.0,1.0,0.0,1.0,0.0,21.0,0.0,0,924.0,924.0,898.7094524429689,Y1
0.0,0.0,0.0,1.0,0.0,0.0,2.0,1.0,0.0,0,866.0,866.0,884.8115697434055,Y1
1.0,0.0,2.0,0.0,1.0,0.0,0.0,17.0,0.0,0,975.0,975.0,945.8784499750567,Y1
0.0,0.0,2.0,0.0,1.0,0.0,0.0,18.0,0.0,0,957.0,957.0,985.1364505160988,Y1
0.0,1.0,0.0,1.0,0.0,1.0,0.0,13.0,0.0,0,796.0,796.0,913.063234767799,Y1
1.0,0.0,2.0,0.0,3.0,1.0,0.0,8.0,0.0,0,873.0,873.0,929.7830654553172,Y1
0.0,0.0,2.0,1.0,0.0,0.0,0.0,16.0,0.0,0,891.0,891.0,946.2981409056807,Y1
0.0,0.0,3.0,1.0,0.0,0.0,-1.0,2.0,0.0,0,816.0,816.0,893.506639401457,Y1
1.0,0.0,4.0,0.0,1.0,1.0,0.0,14.0,0.0,0,917.0,917.0,992.6438831803539,Y1
1.0,0.0,1.0,1.0,0.0,1.0,0.0,8.0,0.0,0,944.0,944.0,923.2283335622708,Y1
1.0,0.0,4.0,1.0,0.0,0.0,-1.0,1.0,0.0,1,884.0,881.0173429188751,884.0,Y0
0.0,1.0,1.0,1.0,2.0,2.0,0.0,8.0,0.0,0,912.0,912.0,879.257339323332,Y1
0.0,0.0,2.0,0.0,0.0,1.0,0.0,13.0,0.0,0,934.0,934.0,943.5605231662839,Y1
1.0,0.0,0.0,0.0,0.0,0.0,0.0,14.0,0.0,0,1029.0,1029.0,995.1584052001855,Y1
0.0,0.0,1.0,0.0,3.0,0.0,0.0,3.0,0.0,0,929.0,929.0,994.6833323361797,Y1
0.0,0.0,3.0,0.0,1.0,1.0,0.0,8.0,0.0,0,924.0,924.0,933.971655356736,Y1
1.0,0.0,0.0,1.0,0.0,0.0,0.0,2.0,0.0,0,756.0,756.0,905.6522747700725,Y1
1.0,1.0,2.0,1.0,2.0,0.0,0.0,7.0,0.0,0,825.0,825.0,925.2084657605653,Y1
0.0,0.0,0.0,0.0,0.0,1.0,0.0,6.0,0.0,1,926.0,960.558950078579,926.0,Y0
0.0,0.0,1.0,0.0,0.0,1.0,0.0,13.0,0.0,0,1094.0,1094.0,969.5102652511639,Y1
0.0,0.0,2.0,0.0,1.0,0.0,1.0,0.0,0.0,1,789.0,948.7811896349682,789.0,Y0
0.0,0.0,2.0,1.0,0.0,0.0,0.0,19.0,0.0,1,903.0,959.3949217608046,903.0,Y0
0.0,1.0,2.0,0.0,3.0,0.0,0.0,14.0,0.0,0,902.0,902.0,975.8297503432984,Y1
1.0,1.0,0.0,1.0,2.0,1.0,0.0,10.0,1.0,0,872.0,872.0,868.9799139803217,Y1
0.0,0.0,9.0,1.0,3.0,0.0,0.0,17.0,0.0,0,834.0,834.0,901.5076243833624,Y1
0.0,0.0,0.0,1.0,0.0,0.0,0.0,20.0,0.0,0,857.0,857.0,916.0144171662595,Y1
0.0,1.0,0.0,1.0,0.0,1.0,0.0,8.0,0.0,0,962.0,962.0,897.4425504757376,Y1
1.0,1.0,0.0,1.0,2.0,0.0,-1.0,6.0,1.0,0,910.0,910.0,884.4054545477986,Y1
0.0,0.0,3.0,0.0,0.0,0.0,0.0,10.0,0.0,0,953.0,953.0,923.3331162268273,Y1
0.0,0.0,3.0,0.0,0.0,0.0,0.0,15.0,0.0,1,879.0,938.9073922546987,879.0,Y0
1.0,0.0,4.0,1.0,0.0,0.0,0.0,2.0,0.0,1,918.0,895.1779757866893,918.0,Y0
0.0,0.0,1.0,0.0,0.0,0.0,0.0,5.0,0.0,1,858.0,959.0493964259201,858.0,Y0
0.0,0.0,0.0,0.0,0.0,1.0,0.0,17.0,0.0,0,931.0,931.0,967.4502178445862,Y1
0.0,0.0,3.0,0.0,0.0,0.0,0.0,15.0,0.0,0,996.0,996.0,947.8602453510263,Y1
1.0,0.0,2.0,0.0,0.0,1.0,0.0,12.0,0.0,1,949.0,929.4822902988601,949.0,Y0
0.0,0.0,2.0,0.0,0.0,2.0,0.0,8.0,0.0,1,917.0,936.7552305383651,917.0,Y0
0.0,1.0,0.0,1.0,2.0,0.0,-1.0,2.0,0.0,0,846.0,846.0,858.8773619657591,Y1
1.0,1.0,2.0,1.0,2.0,0.0,1.0,0.0,1.0,0,903.0,903.0,1004.457663528946,Y1
1.0,0.0,2.0,1.0,0.0,2.0,0.0,6.0,0.0,1,871.0,899.9953696365507,871.0,Y0
1.0,1.0,1.0,1.0,2.0,0.0,0.0,11.0,0.0,0,896.0,896.0,912.5309830528862,Y1
0.0,0.0,3.0,1.0,3.0,1.0,0.0,12.0,0.0,0,857.0,857.0,885.0114416811731,Y1
0.0,0.0,2.0,1.0,3.0,0.0,0.0,11.0,0.0,0,935.0,935.0,906.9272153148585,Y1
0.0,0.0,0.0,0.0,3.0,1.0,0.0,14.0,0.0,1,1076.0,967.1569378990309,1076.0,Y0
1.0,0.0,4.0,1.0,0.0,1.0,0.0,13.0,0.0,0,895.0,895.0,893.0919721881486,Y1
0.0,0.0,0.0,0.0,1.0,0.0,0.0,17.0,0.0,0,870.0,870.0,969.8688134300751,Y1
0.0,1.0,2.0,1.0,2.0,0.0,0.0,10.0,1.0,0,1010.0,1010.0,896.7310877916622,Y1
0.0,2.0,0.0,0.0,1.0,0.0,0.0,0.0,0.0,0,1056.0,1056.0,949.1981729042441,Y1
1.0,1.0,0.0,1.0,2.0,0.0,1.0,0.0,0.0,0,839.0,839.0,975.7320490934364,Y1
0.0,1.0,0.0,1.0,2.0,1.0,0.0,5.0,0.0,0,884.0,884.0,907.4667386271036,Y1
1.0,1.0,3.0,1.0,2.0,0.0,0.0,11.0,0.0,0,868.0,868.0,886.0414002131153,Y1
1.0,0.0,3.0,0.0,1.0,0.0,0.0,15.0,0.0,0,903.0,903.0,955.7334262617665,Y1
0.0,0.0,3.0,0.0,0.0,1.0,0.0,8.0,0.0,1,934.0,909.1516124531266,934.0,Y0
0.0,0.0,3.0,0.0,1.0,1.0,0.0,22.0,0.0,0,902.0,902.0,898.7560365041026,Y1
0.0,0.0,2.0,0.0,0.0,0.0,2.0,1.0,0.0,0,841.0,841.0,897.2006786008955,Y1
0.0,0.0,2.0,1.0,0.0,1.0,0.0,21.0,0.0,0,875.0,875.0,912.9826053725147,Y1
0.0,1.0,3.0,1.0,1.0,0.0,0.0,21.0,0.0,1,865.0,883.408342897239,865.0,Y0
1.0,0.0,0.0,1.0,0.0,0.0,-1.0,9.0,0.0,0,970.0,970.0,873.1850697662378,Y1
1.0,1.0,2.0,1.0,2.0,1.0,0.0,22.0,0.0,0,867.0,867.0,884.8504365778554,Y1
0.0,0.0,1.0,0.0,1.0,0.0,0.0,16.0,0.0,0,943.0,943.0,996.167262255255,Y1
1.0,0.0,2.0,0.0,1.0,1.0,0.0,15.0,0.0,1,929.0,947.6167957443073,929.0,Y0
0.0,0.0,3.0,0.0,0.0,0.0,0.0,8.0,0.0,0,925.0,925.0,931.1566187312003,Y1
1.0,1.0,0.0,1.0,1.0,0.0,0.0,20.0,1.0,0,981.0,981.0,886.2372879723287,Y1
1.0,1.0,3.0,1.0,2.0,0.0,2.0,2.0,1.0,1,818.0,877.710273592355,818.0,Y0
0.0,0.0,0.0,0.0,0.0,0.0,0.0,13.0,0.0,0,1049.0,1049.0,970.3921194443219,Y1
0.0,0.0,3.0,1.0,0.0,0.0,0.0,14.0,0.0,0,836.0,836.0,938.9569587690254,Y1
0.0,0.0,3.0,0.0,0.0,1.0,0.0,13.0,0.0,0,910.0,910.0,928.7525796402895,Y1
0.0,1.0,3.0,1.0,2.0,0.0,2.0,1.0,1.0,1,813.0,895.9891084842446,813.0,Y0
1.0,1.0,2.0,1.0,2.0,1.0,0.0,13.0,1.0,1,820.0,875.801155841473,820.0,Y0
0.0,0.0,2.0,0.0,0.0,0.0,0.0,8.0,0.0,1,898.0,928.6041517900399,898.0,Y0
1.0,0.0,3.0,1.0,0.0,0.0,0.0,5.0,0.0,1,852.0,873.2815618719295,852.0,Y0
1.0,1.0,0.0,0.0,1.0,0.0,-1.0,12.0,1.0,0,867.0,867.0,921.0009246317824,Y1
1.0,0.0,8.0,1.0,1.0,1.0,0.0,7.0,0.0,1,829.0,887.1961918943981,829.0,Y0
1.0,0.0,0.0,0.0,0.0,1.0,0.0,12.0,0.0,0,988.0,988.0,948.9144542640787,Y1
0.0,0.0,0.0,1.0,3.0,0.0,0.0,11.0,0.0,1,886.0,912.5374178692142,886.0,Y0
1.0,1.0,3.0,1.0,2.0,0.0,-1.0,3.0,0.0,1,789.0,846.008228757475,789.0,Y0
0.0,0.0,1.0,0.0,0.0,0.0,-1.0,1.0,0.0,1,1133.0,952.312657625696,1133.0,Y0
1.0,0.0,2.0,0.0,1.0,1.0,0.0,8.0,0.0,1,932.0,908.1186617995442,932.0,Y0
1.0,0.0,3.0,0.0,0.0,1.0,0.0,6.0,0.0,1,890.0,901.5306871237352,890.0,Y0
1.0,0.0,4.0,0.0,0.0,0.0,0.0,8.0,0.0,1,1042.0,901.5519578954335,1042.0,Y0
0.0,0.0,3.0,1.0,0.0,0.0,1.0,0.0,0.0,0,950.0,950.0,936.0436793301179,Y1
0.0,1.0,0.0,1.0,2.0,0.0,0.0,24.0,1.0,0,909.0,909.0,877.0424764205009,Y1
1.0,1.0,2.0,0.0,2.0,0.0,-1.0,2.0,0.0,0,870.0,870.0,865.2616042094835,Y1
