gender_n,ethnicity_n,birth_n,lunchk_n,schoolk_n,degreek_n,ladderk_n,experiencek_n,tethnicityk_n,T,Y_factual,Y0,Y1,which_imputed
0.0,0.0,0.0,0.0,0.0,0.0,0.0,7.0,0.0,1,920.0,887.071825819673,920.0,Y0
0.0,1.0,1.0,0.0,1.0,0.0,0.0,21.0,0.0,1,986.0,980.2373544075729,986.0,Y0
1.0,1.0,0.0,1.0,2.0,0.0,1.0,0.0,0.0,0,902.0,902.0,990.0684817965166,Y1
1.0,0.0,2.0,0.0,0.0,0.0,0.0,16.0,0.0,0,1007.0,1007.0,1027.091487003457,Y1
1.0,0.0,2.0,1.0,0.0,0.0,0.0,5.0,0.0,1,936.0,897.0206293369914,936.0,Y0
1.0,0.0,2.0,1.0,0.0,0.0,0.0,8.0,0.0,0,885.0,885.0,912.1070596421907,Y1
0.0,1.0,2.0,1.0,2.0,1.0,0.0,17.0,0.0,0,818.0,818.0,840.4593463970634,Y1
0.0,0.0,0.0,0.0,0.0,0.0,2.0,3.0,1.0,0,951.0,951.0,937.4648421238553,Y1
0.0,1.0,3.0,0.0,0.0,0.0,0.0,11.0,0.0,1,917.0,901.503151508223,917.0,Y0
0.0,0.0,3.0,0.0,0.0,0.0,0.0,10.0,0.0,1,983.0,997.833888649818,983.0,Y0
1.0,0.0,0.0,0.0,0.0,1.0,0.0,13.0,0.0,0,903.0,903.0,910.730306249547,Y1
1.0,0.0,3.0,0.0,0.0,1.0,0.0,6.0,0.0,0,905.0,905.0,937.2291825444237,Y1
1.0,0.0,0.0,0.0,1.0,0.0,1.0,0.0,0.0,1,1033.0,965.4323989262473,1033.0,Y0
1.0,0.0,0.0,0.0,0.0,0.0,0.0,6.0,0.0,1,918.0,873.9118866355507,918.0,Y0
1.0,0.0,4.0,0.0,1.0,0.0,0.0,18.0,0.0,0,1018.0,1018.0,1051.6285791565072,Y1
1.0,0.0,3.0,0.0,1.0,1.0,0.0,13.0,0.0,0,923.0,923.0,931.4209345561003,Y1
0.0,0.0,1.0,1.0,0.0,0.0,0.0,12.0,0.0,0,883.0,883.0,899.7441675473516,Y1
0.0,1.0,3.0,1.0,1.0,0.0,2.0,1.0,1.0,0,965.0,965.0,945.7681753725317,Y1
0.0,0.0,2.0,0.0,0.0,1.0,0.0,8.0,0.0,1,900.0,884.1895440533447,900.0,Y0
1.0,0.0,1.0,1.0,0.0,0.0,0.0,13.0,0.0,0,983.0,983.0,1000.6955284911661,Y1
1.0,0.0,2.0,0.0,0.0,1.0,0.0,13.0,0.0,0,885.0,885.0,895.1102254765595,Y1
1.0,0.0,0.0,0.0,0.0,0.0,0.0,3.0,0.0,0,924.0,924.0,981.6901815392199,Y1
1.0,0.0,0.0,1.0,3.0,1.0,0.0,14.0,0.0,1,1058.0,1016.8903582513647,1058.0,Y0
0.0,1.0,2.0,1.0,2.0,0.0,0.0,11.0,0.0,0,880.0,880.0,891.2825150501887,Y1
1.0,1.0,2.0,1.0,2.0,0.0,0.0,10.0,1.0,0,1039.0,1039.0,1014.4684553855801,Y1
0.0,1.0,0.0,0.0,1.0,0.0,0.0,8.0,1.0,0,945.0,945.0,960.9350381629819,Y1
0.0,0.0,1.0,0.0,3.0,0.0,0.0,8.0,0.0,0,1081.0,1081.0,1080.4945304680723,Y1
0.0,0.0,2.0,0.0,0.0,1.0,0.0,5.0,0.0,0,872.0,872.0,885.0644201216106,Y1
1.0,0.0,3.0,0.0,0.0,1.0,0.0,13.0,0.0,0,929.0,929.0,939.1302480598961,Y1
0.0,1.0,5.0,1.0,2.0,0.0,1.0,0.0,1.0,0,842.0,842.0,930.1812047747492,Y1
0.0,0.0,3.0,0.0,1.0,0.0,0.0,3.0,0.0,0,925.0,925.0,967.9688351935968,Y1
1.0,0.0,3.0,0.0,0.0,0.0,0.0,8.0,0.0,1,857.0,825.2121733180435,857.0,Y0
0.0,1.0,0.0,1.0,0.0,1.0,0.0,15.0,0.0,0,856.0,856.0,866.9374623157058,Y1
0.0,1.0,0.0,1.0,0.0,0.0,0.0,8.0,0.0,1,848.0,815.8171115239552,848.0,Y0
1.0,1.0,1.0,1.0,3.0,0.0,-1.0,11.0,0.0,0,887.0,887.0,829.8823751501859,Y1
0.0,0.0,0.0,0.0,0.0,0.0,0.0,10.0,0.0,0,934.0,934.0,922.4063787824043,Y1
0.0,0.0,0.0,1.0,0.0,0.0,0.0,4.0,0.0,1,1017.0,956.5152909715001,1017.0,Y0
0.0,0.0,2.0,0.0,3.0,1.0,0.0,7.0,0.0,1,904.0,914.6915191391226,904.0,Y0
1.0,0.0,0.0,0.0,3.0,1.0,0.0,17.0,0.0,1,945.0,903.5101083956687,945.0,Y0
1.0,0.0,4.0,0.0,3.0,2.0,0.0,12.0,0.0,1,1052.0,989.681945101006,1052.0,Y0
0.0,0.0,5.0,0.0,0.0,1.0,0.0,4.0,0.0,0,951.0,951.0,990.2110696291759,Y1
0.0,1.0,1.0,1.0,2.0,1.0,0.0,10.0,1.0,0,850.0,850.0,825.8545315524543,Y1
1.0,0.0,2.0,0.0,1.0,0.0,1.0,0.0,0.0,1,1008.0,936.909528985114,1008.0,Y0
0.0,0.0,3.0,0.0,1.0,0.0,0.0,16.0,0.0,0,915.0,915.0,936.5984566783535,Y1
1.0,0.0,0.0,0.0,1.0,1.0,0.0,18.0,0.0,1,1067.0,1019.8249241463988,1067.0,Y0
0.0,0.0,1.0,1.0,0.0,0.0,0.0,4.0,0.0,1,846.0,785.5693194915413,846.0,Y0
0.0,1.0,2.0,0.0,2.0,0.0,0.0,12.0,1.0,0,1034.0,1034.0,1023.6543139925141,Y1
1.0,0.0,2.0,0.0,1.0,1.0,0.0,8.0,0.0,0,914.0,914.0,940.9427205662032,Y1
0.0,0.0,2.0,0.0,1.0,1.0,0.0,14.0,1.0,1,947.0,924.6318710269989,947.0,Y0
0.0,0.0,3.0,0.0,0.0,1.0,0.0,13.0,0.0,1,898.0,889.9704504606236,898.0,Y0
0.0,0.0,0.0,0.0,1.0,1.0,0.0,14.0,1.0,1,1027.0,1001.0446007473023,1027.0,Y0
0.0,0.0,1.0,0.0,0.0,1.0,0.0,5.0,0.0,0,953.0,953.0,964.1203256011379,Y1
1.0,1.0,2.0,0.0,0.0,0.0,0.0,13.0,0.0,0,815.0,815.0,830.7953795842435,Y1
0.0,0.0,0.0,0.0,0.0,1.0,0.0,5.0,0.0,1,919.0,910.6247775465233,919.0,Y0
0.0,1.0,3.0,1.0,1.0,0.0,2.0,1.0,1.0,0,935.0,935.0,915.7681753725317,Y1
0.0,1.0,3.0,0.0,1.0,0.0,2.0,5.0,1.0,1,1001.0,1006.1262659673164,1001.0,Y0
0.0,1.0,0.0,1.0,2.0,0.0,0.0,10.0,1.0,0,1008.0,1008.0,987.4844608285892,Y1
1.0,1.0,3.0,1.0,2.0,1.0,0.0,22.0,0.0,0,875.0,875.0,866.8424224657804,Y1
0.0,1.0,2.0,1.0,2.0,0.0,2.0,2.0,0.0,1,904.0,901.9435429499287,904.0,Y0
0.0,1.0,1.0,0.0,2.0,0.0,2.0,2.0,0.0,1,1091.0,1096.4922650039177,1091.0,Y0
1.0,0.0,3.0,0.0,0.0,0.0,0.0,11.0,0.0,0,936.0,936.0,948.4732422051045,Y1
1.0,0.0,1.0,1.0,0.0,1.0,0.0,5.0,0.0,0,847.0,847.0,868.1538708207235,Y1
0.0,0.0,1.0,0.0,1.0,1.0,0.0,8.0,0.0,0,970.0,970.0,980.5418892517179,Y1
1.0,0.0,2.0,0.0,3.0,0.0,0.0,11.0,0.0,0,961.0,961.0,952.3048714877231,Y1
1.0,0.0,1.0,1.0,0.0,1.0,0.0,13.0,0.0,0,942.0,942.0,951.2772880258956,Y1
1.0,0.0,1.0,0.0,1.0,0.0,-1.0,5.0,0.0,1,901.0,908.960494353931,901.0,Y0
1.0,1.0,1.0,1.0,2.0,0.0,1.0,0.0,0.0,0,855.0,855.0,943.6859434279332,Y1
1.0,0.0,2.0,0.0,0.0,1.0,0.0,5.0,0.0,0,895.0,895.0,923.1402670291227,Y1
0.0,0.0,2.0,0.0,1.0,1.0,0.0,4.0,0.0,1,899.0,880.7059391278467,899.0,Y0
1.0,0.0,3.0,0.0,0.0,0.0,0.0,12.0,0.0,0,987.0,987.0,997.5448258123123,Y1
1.0,0.0,3.0,0.0,0.0,0.0,-1.0,5.0,0.0,0,1008.0,1008.0,1004.0818474163416,Y1
1.0,1.0,2.0,1.0,2.0,0.0,0.0,11.0,0.0,0,907.0,907.0,917.7298620814717,Y1
1.0,0.0,1.0,0.0,0.0,2.0,0.0,8.0,0.0,1,943.0,918.5330269885574,943.0,Y0
1.0,0.0,2.0,1.0,0.0,0.0,0.0,2.0,0.0,1,944.0,937.4193765455949,944.0,Y0
1.0,1.0,3.0,1.0,2.0,1.0,0.0,22.0,0.0,0,891.0,891.0,882.8424224657804,Y1
1.0,1.0,0.0,1.0,2.0,0.0,0.0,11.0,0.0,0,928.0,928.0,944.4842223428707,Y1
1.0,1.0,0.0,1.0,2.0,0.0,0.0,14.0,0.0,1,908.0,876.1804562323344,908.0,Y0
1.0,0.0,2.0,0.0,1.0,0.0,0.0,7.0,0.0,0,949.0,949.0,994.5142871062271,Y1
1.0,1.0,2.0,0.0,2.0,1.0,0.0,13.0,1.0,1,939.0,934.7046450438145,939.0,Y0
1.0,0.0,2.0,0.0,1.0,0.0,0.0,8.0,1.0,0,921.0,921.0,944.8423307471658,Y1
1.0,1.0,3.0,1.0,1.0,0.0,-1.0,3.0,0.0,1,980.0,905.107450808258,980.0,Y0
1.0,1.0,0.0,1.0,0.0,1.0,0.0,15.0,0.0,0,898.0,898.0,900.8924516000221,Y1
0.0,0.0,3.0,0.0,0.0,0.0,0.0,20.0,0.0,1,879.0,927.5159834429555,879.0,Y0
0.0,1.0,3.0,0.0,1.0,0.0,0.0,11.0,1.0,1,890.0,900.0937353872266,890.0,Y0
0.0,0.0,0.0,0.0,0.0,0.0,0.0,20.0,0.0,1,807.0,841.3544850099654,807.0,Y0
0.0,1.0,2.0,1.0,1.0,0.0,0.0,6.0,0.0,0,866.0,866.0,916.8099783912268,Y1
0.0,0.0,2.0,0.0,0.0,0.0,0.0,11.0,0.0,0,978.0,978.0,987.7970276275485,Y1
0.0,0.0,2.0,1.0,3.0,1.0,0.0,12.0,0.0,1,865.0,873.0615089342905,865.0,Y0
0.0,0.0,3.0,0.0,0.0,0.0,0.0,6.0,0.0,0,928.0,928.0,960.0188864799247,Y1
1.0,0.0,3.0,0.0,0.0,1.0,0.0,12.0,0.0,0,876.0,876.0,883.3050130252085,Y1
1.0,0.0,2.0,1.0,1.0,0.0,-1.0,18.0,1.0,0,911.0,911.0,943.557383566775,Y1
1.0,0.0,6.0,1.0,3.0,0.0,0.0,14.0,0.0,0,852.0,852.0,841.2706381420475,Y1
1.0,0.0,3.0,1.0,0.0,0.0,0.0,2.0,0.0,1,821.0,813.6417335181332,821.0,Y0
0.0,0.0,0.0,1.0,1.0,0.0,0.0,11.0,0.0,1,926.0,912.6495067540455,926.0,Y0
0.0,1.0,0.0,1.0,2.0,0.0,2.0,1.0,1.0,1,971.0,977.9578533930099,971.0,Y0
1.0,1.0,2.0,0.0,3.0,0.0,0.0,17.0,0.0,0,904.0,904.0,936.3277556772957,Y1
0.0,1.0,2.0,1.0,2.0,0.0,1.0,0.0,0.0,0,842.0,842.0,894.6519690549345,Y1
1.0,0.0,0.0,1.0,3.0,1.0,0.0,17.0,0.0,1,922.0,883.8981587292963,922.0,Y0
1.0,0.0,0.0,0.0,0.0,0.0,1.0,0.0,0.0,0,950.0,950.0,1011.2287740079934,Y1
1.0,0.0,1.0,0.0,0.0,0.0,3.0,27.0,0.0,0,970.0,970.0,1005.8137104936882,Y1
0.0,1.0,3.0,1.0,1.0,0.0,3.0,13.0,0.0,1,901.0,934.8287782852801,901.0,Y0
0.0,0.0,1.0,0.0,3.0,1.0,0.0,17.0,0.0,1,999.0,955.6016856706096,999.0,Y0
1.0,0.0,4.0,0.0,0.0,0.0,0.0,20.0,0.0,0,1020.0,1020.0,943.1208615677695,Y1
0.0,0.0,0.0,0.0,1.0,0.0,0.0,17.0,0.0,0,872.0,872.0,902.5267677576575,Y1
1.0,0.0,2.0,1.0,0.0,0.0,0.0,4.0,0.0,1,1004.0,933.568599265168,1004.0,Y0
1.0,0.0,1.0,0.0,1.0,0.0,2.0,3.0,0.0,0,1043.0,1043.0,1039.5801003986953,Y1
0.0,0.0,3.0,0.0,0.0,0.0,0.0,15.0,0.0,1,1066.0,1058.4012033421686,1066.0,Y0
0.0,0.0,2.0,0.0,0.0,1.0,0.0,6.0,0.0,0,987.0,987.0,1003.4082056610581,Y1
0.0,0.0,2.0,0.0,0.0,1.0,0.0,10.0,0.0,0,1010.0,1010.0,996.8890302962375,Y1
1.0,1.0,2.0,1.0,2.0,1.0,0.0,22.0,0.0,0,843.0,843.0,841.7380793209209,Y1
1.0,0.0,4.0,0.0,0.0,0.0,0.0,4.0,0.0,1,823.0,749.2749133912882,823.0,Y0
0.0,0.0,0.0,0.0,0.0,0.0,0.0,16.0,0.0,0,957.0,957.0,983.7477564850865,Y1
1.0,0.0,3.0,0.0,0.0,0.0,0.0,8.0,0.0,0,785.0,785.0,816.7878266819565,Y1
1.0,1.0,0.0,1.0,2.0,0.0,0.0,6.0,1.0,0,902.0,902.0,953.2524315496864,Y1
0.0,0.0,2.0,1.0,0.0,1.0,0.0,8.0,0.0,0,903.0,903.0,923.5904803792027,Y1
0.0,0.0,0.0,1.0,0.0,1.0,0.0,15.0,0.0,0,973.0,973.0,987.3922900046724,Y1
1.0,1.0,3.0,0.0,2.0,0.0,0.0,10.0,1.0,0,984.0,984.0,961.6735403329894,Y1
1.0,0.0,1.0,0.0,0.0,0.0,0.0,15.0,0.0,1,1027.0,1012.8691867463641,1027.0,Y0
0.0,0.0,2.0,0.0,0.0,1.0,0.0,8.0,0.0,1,924.0,908.1895440533447,924.0,Y0
0.0,0.0,1.0,1.0,0.0,3.0,0.0,10.0,0.0,1,904.0,913.9096253560607,904.0,Y0
0.0,0.0,2.0,0.0,1.0,1.0,0.0,14.0,0.0,0,913.0,913.0,942.3505905209372,Y1
0.0,0.0,2.0,1.0,0.0,1.0,0.0,9.0,0.0,0,870.0,870.0,878.9827391446702,Y1
0.0,0.0,3.0,0.0,0.0,1.0,0.0,12.0,0.0,0,898.0,898.0,901.4295721386655,Y1
0.0,0.0,1.0,0.0,1.0,0.0,-1.0,3.0,0.0,0,899.0,899.0,943.2068449180865,Y1
0.0,1.0,0.0,1.0,2.0,0.0,0.0,6.0,1.0,1,857.0,808.9885065063525,857.0,Y0
0.0,1.0,0.0,1.0,2.0,0.0,2.0,1.0,0.0,0,847.0,847.0,826.4434024806992,Y1
1.0,1.0,0.0,1.0,2.0,0.0,0.0,6.0,1.0,1,827.0,775.7475684503136,827.0,Y0
0.0,0.0,1.0,0.0,3.0,0.0,2.0,1.0,0.0,1,963.0,1010.8661722873258,963.0,Y0
0.0,0.0,5.0,0.0,3.0,1.0,0.0,8.0,0.0,0,913.0,913.0,913.6344073821087,Y1
1.0,0.0,2.0,1.0,1.0,2.0,0.0,13.0,0.0,0,924.0,924.0,948.7757706490319,Y1
0.0,0.0,2.0,0.0,0.0,0.0,0.0,10.0,0.0,0,967.0,967.0,952.1737792351768,Y1
1.0,0.0,0.0,0.0,0.0,1.0,0.0,13.0,0.0,1,859.0,851.269693750453,859.0,Y0
0.0,0.0,2.0,1.0,0.0,1.0,0.0,9.0,0.0,1,947.0,938.0172608553298,947.0,Y0
0.0,0.0,0.0,1.0,0.0,1.0,0.0,5.0,0.0,0,808.0,808.0,821.6358760081428,Y1
0.0,0.0,3.0,0.0,0.0,1.0,0.0,13.0,0.0,0,889.0,889.0,897.0295495393764,Y1
0.0,0.0,0.0,1.0,0.0,0.0,0.0,8.0,0.0,0,874.0,874.0,900.4963250080748,Y1
0.0,1.0,1.0,1.0,2.0,0.0,-1.0,6.0,1.0,0,933.0,933.0,934.8897394502077,Y1
0.0,0.0,0.0,1.0,0.0,1.0,3.0,11.0,0.0,0,931.0,931.0,875.8147129206295,Y1
1.0,0.0,0.0,0.0,0.0,0.0,0.0,8.0,0.0,0,956.0,956.0,988.8548544356473,Y1
1.0,0.0,4.0,-1.0,0.0,0.0,0.0,19.0,-1.0,1,895.0,1013.1889239547088,895.0,Y0
0.0,1.0,3.0,1.0,2.0,0.0,0.0,20.0,1.0,0,959.0,959.0,888.8116703629803,Y1
1.0,0.0,1.0,1.0,0.0,0.0,0.0,8.0,0.0,0,998.0,998.0,1027.4737978176045,Y1
0.0,0.0,0.0,0.0,0.0,1.0,0.0,5.0,0.0,0,924.0,924.0,932.3752224534767,Y1
1.0,1.0,1.0,0.0,0.0,1.0,0.0,9.0,0.0,0,973.0,973.0,985.2455221934923,Y1
0.0,0.0,0.0,1.0,0.0,1.0,0.0,10.0,0.0,0,1006.0,1006.0,994.5031836755848,Y1
0.0,1.0,0.0,1.0,1.0,0.0,-1.0,18.0,1.0,0,928.0,928.0,951.3925699405711,Y1
1.0,1.0,0.0,0.0,1.0,1.0,0.0,10.0,0.0,0,918.0,918.0,899.3096794824603,Y1
1.0,1.0,3.0,1.0,2.0,0.0,-1.0,3.0,0.0,1,809.0,766.9741923028794,809.0,Y0
1.0,0.0,2.0,0.0,0.0,0.0,0.0,12.0,0.0,1,1004.0,993.4539000375534,1004.0,Y0
0.0,0.0,0.0,0.0,1.0,0.0,0.0,3.0,0.0,0,927.0,927.0,969.145072881224,Y1
0.0,1.0,3.0,1.0,2.0,0.0,0.0,5.0,0.0,1,897.0,840.0224105170322,897.0,Y0
1.0,0.0,1.0,0.0,0.0,0.0,0.0,9.0,0.0,0,1112.0,1112.0,1127.6014237593795,Y1
0.0,0.0,3.0,0.0,0.0,1.0,0.0,6.0,0.0,1,928.0,910.849486920494,928.0,Y0
0.0,1.0,3.0,0.0,1.0,0.0,-1.0,12.0,1.0,0,863.0,863.0,845.5788474052933,Y1
0.0,0.0,4.0,1.0,0.0,1.0,0.0,8.0,1.0,0,839.0,839.0,855.6236687078103,Y1
0.0,0.0,3.0,0.0,1.0,0.0,0.0,10.0,0.0,1,936.0,953.7439935767022,936.0,Y0
1.0,0.0,2.0,1.0,0.0,2.0,0.0,8.0,0.0,1,851.0,838.4352381541132,851.0,Y0
0.0,1.0,3.0,1.0,2.0,1.0,0.0,22.0,0.0,0,832.0,832.0,822.0987174812454,Y1
1.0,0.0,0.0,0.0,0.0,0.0,0.0,2.0,0.0,0,923.0,923.0,938.7626565767072,Y1
0.0,1.0,0.0,1.0,2.0,0.0,0.0,11.0,0.0,0,1032.0,1032.0,1049.708889596341,Y1
1.0,1.0,0.0,1.0,2.0,0.0,1.0,0.0,1.0,0,881.0,881.0,992.9230670697777,Y1
0.0,0.0,0.0,1.0,1.0,0.0,1.0,14.0,0.0,0,906.0,906.0,952.163534912791,Y1
0.0,1.0,2.0,1.0,2.0,0.0,0.0,20.0,1.0,0,954.0,954.0,885.0473067635833,Y1
1.0,1.0,3.0,1.0,1.0,0.0,2.0,1.0,1.0,0,893.0,893.0,875.6807246593924,Y1
1.0,0.0,1.0,0.0,3.0,0.0,1.0,0.0,0.0,0,947.0,947.0,979.9277421184149,Y1
0.0,1.0,0.0,1.0,2.0,0.0,0.0,7.0,0.0,0,921.0,921.0,966.2665686526802,Y1
1.0,0.0,1.0,0.0,0.0,0.0,0.0,7.0,0.0,1,1016.0,969.0266147102582,1016.0,Y0
1.0,1.0,3.0,1.0,2.0,1.0,0.0,7.0,0.0,0,910.0,910.0,924.6197638011537,Y1
1.0,1.0,7.0,1.0,1.0,1.0,0.0,15.0,1.0,0,892.0,892.0,898.1869632672275,Y1
1.0,1.0,3.0,0.0,1.0,0.0,0.0,7.0,0.0,0,839.0,839.0,892.8389306752373,Y1
0.0,1.0,2.0,1.0,2.0,0.0,1.0,0.0,0.0,0,934.0,934.0,986.6519690549345,Y1
0.0,0.0,2.0,0.0,0.0,0.0,0.0,21.0,0.0,1,937.0,940.5336686561387,937.0,Y0
1.0,1.0,1.0,1.0,2.0,0.0,1.0,0.0,0.0,0,1026.0,1026.0,1114.6859434279334,Y1
0.0,1.0,3.0,0.0,3.0,1.0,0.0,12.0,0.0,0,884.0,884.0,875.6080184527627,Y1
1.0,0.0,1.0,1.0,0.0,1.0,0.0,12.0,0.0,1,948.0,941.8612656594936,948.0,Y0
0.0,0.0,0.0,1.0,0.0,1.0,0.0,20.0,0.0,0,1032.0,1032.0,994.6315915797062,Y1
1.0,0.0,0.0,0.0,0.0,1.0,0.0,5.0,0.0,0,1164.0,1164.0,1181.8616123794188,Y1
0.0,1.0,3.0,1.0,2.0,1.0,0.0,10.0,1.0,0,828.0,828.0,806.0000004985726,Y1
1.0,0.0,3.0,1.0,0.0,1.0,0.0,11.0,0.0,0,884.0,884.0,891.1979330491583,Y1
0.0,1.0,2.0,1.0,2.0,0.0,0.0,12.0,1.0,0,995.0,995.0,985.4653785921276,Y1
1.0,1.0,2.0,1.0,2.0,0.0,0.0,9.0,0.0,0,834.0,834.0,848.3479012742148,Y1
1.0,2.0,2.0,0.0,1.0,0.0,0.0,0.0,0.0,0,867.0,867.0,938.7544686980798,Y1
0.0,1.0,0.0,0.0,1.0,0.0,2.0,1.0,1.0,0,940.0,940.0,916.7567582072606,Y1
1.0,0.0,2.0,0.0,0.0,0.0,2.0,1.0,0.0,1,854.0,886.78053936935,854.0,Y0
0.0,0.0,1.0,1.0,0.0,1.0,0.0,9.0,0.0,0,923.0,923.0,929.4120502760576,Y1
1.0,0.0,1.0,0.0,1.0,0.0,0.0,5.0,0.0,1,989.0,950.1071435881388,989.0,Y0
0.0,0.0,0.0,-1.0,0.0,0.0,0.0,15.0,-1.0,0,1008.0,1008.0,958.1845905989887,Y1
0.0,1.0,1.0,1.0,1.0,0.0,0.0,3.0,0.0,1,996.0,925.794448653634,996.0,Y0
0.0,1.0,3.0,0.0,1.0,0.0,0.0,8.0,1.0,0,885.0,885.0,900.5137096173004,Y1
0.0,1.0,0.0,1.0,2.0,0.0,2.0,1.0,0.0,1,879.0,899.5565975193008,879.0,Y0
1.0,0.0,0.0,1.0,0.0,0.0,2.0,2.0,0.0,0,860.0,860.0,839.8086620827714,Y1
1.0,2.0,2.0,0.0,1.0,0.0,0.0,17.0,0.0,0,1002.0,1002.0,992.7822356599414,Y1
0.0,0.0,3.0,0.0,0.0,1.0,0.0,13.0,0.0,0,897.0,897.0,905.0295495393764,Y1
0.0,0.0,2.0,1.0,2.0,0.0,0.0,9.0,0.0,0,875.0,875.0,883.9336433276839,Y1
1.0,0.0,0.0,0.0,0.0,0.0,0.0,8.0,0.0,0,870.0,870.0,902.8548544356473,Y1
0.0,0.0,2.0,1.0,3.0,0.0,0.0,13.0,0.0,0,873.0,873.0,883.0722670779414,Y1
0.0,0.0,0.0,1.0,0.0,1.0,0.0,9.0,0.0,0,929.0,929.0,936.3086993759055,Y1
1.0,0.0,1.0,1.0,0.0,0.0,0.0,10.0,0.0,0,899.0,899.0,888.3877250461867,Y1
0.0,0.0,3.0,0.0,1.0,0.0,1.0,14.0,0.0,0,1113.0,1113.0,1155.3439323598136,Y1
0.0,1.0,1.0,1.0,1.0,1.0,0.0,10.0,0.0,0,923.0,923.0,906.9141966916321,Y1
1.0,1.0,1.0,1.0,2.0,0.0,-1.0,2.0,0.0,0,860.0,860.0,854.1822304383473,Y1
1.0,1.0,1.0,0.0,2.0,0.0,2.0,1.0,0.0,1,879.0,897.3056831879821,879.0,Y0
1.0,1.0,0.0,0.0,1.0,0.0,0.0,7.0,0.0,0,905.0,905.0,955.2780471106333,Y1
1.0,0.0,3.0,0.0,0.0,0.0,-1.0,9.0,0.0,0,893.0,893.0,867.1078151686562,Y1
1.0,0.0,2.0,0.0,0.0,0.0,0.0,4.0,0.0,1,942.0,868.5836401994666,942.0,Y0
0.0,0.0,3.0,0.0,0.0,0.0,0.0,9.0,0.0,0,914.0,914.0,920.8339135086463,Y1
1.0,1.0,3.0,1.0,2.0,1.0,0.0,11.0,1.0,0,862.0,862.0,855.1040867809339,Y1
0.0,1.0,0.0,1.0,3.0,0.0,1.0,1.0,0.0,1,836.0,853.4674315596734,836.0,Y0
1.0,0.0,3.0,1.0,0.0,0.0,1.0,0.0,0.0,0,946.0,946.0,1010.5322061667724,Y1
1.0,0.0,1.0,1.0,0.0,0.0,1.0,0.0,0.0,0,909.0,909.0,969.1899535213886,Y1
0.0,1.0,1.0,0.0,0.0,0.0,2.0,3.0,0.0,1,841.0,843.3617908645014,841.0,Y0
0.0,1.0,1.0,1.0,2.0,1.0,0.0,15.0,1.0,0,906.0,906.0,926.7012376180197,Y1
0.0,1.0,2.0,1.0,1.0,0.0,0.0,3.0,0.0,1,881.0,810.2803367661108,881.0,Y0
0.0,0.0,2.0,0.0,0.0,1.0,0.0,13.0,0.0,0,878.0,878.0,886.0282938068814,Y1
0.0,0.0,0.0,1.0,0.0,1.0,0.0,10.0,0.0,0,867.0,867.0,855.5031836755848,Y1
1.0,1.0,0.0,0.0,2.0,1.0,1.0,3.0,1.0,0,911.0,911.0,992.8990288385232,Y1
1.0,0.0,3.0,0.0,0.0,0.0,0.0,3.0,0.0,0,834.0,834.0,892.5342252593902,Y1
1.0,0.0,1.0,0.0,0.0,0.0,0.0,10.0,0.0,0,1062.0,1062.0,1052.9156711289645,Y1
0.0,0.0,2.0,1.0,0.0,1.0,3.0,11.0,0.0,0,912.0,912.0,857.1156370918146,Y1
0.0,0.0,0.0,0.0,1.0,0.0,2.0,3.0,0.0,0,851.0,851.0,835.7920630061947,Y1
1.0,0.0,3.0,0.0,0.0,1.0,0.0,5.0,0.0,0,863.0,863.0,891.9097671154705,Y1
1.0,0.0,3.0,0.0,0.0,1.0,0.0,11.0,0.0,0,849.0,849.0,858.2403518776066,Y1
1.0,0.0,8.0,1.0,3.0,1.0,0.0,12.0,0.0,1,867.0,879.9634357624869,867.0,Y0
1.0,0.0,3.0,1.0,1.0,1.0,0.0,14.0,0.0,0,964.0,964.0,992.5519717572631,Y1
1.0,1.0,3.0,1.0,2.0,0.0,0.0,6.0,0.0,0,839.0,839.0,895.6095447116654,Y1
1.0,1.0,0.0,0.0,1.0,0.0,0.0,11.0,1.0,1,989.0,990.7029255774488,989.0,Y0
0.0,0.0,3.0,1.0,0.0,0.0,0.0,8.0,0.0,0,822.0,822.0,846.2803378824884,Y1
0.0,0.0,2.0,0.0,1.0,0.0,0.0,18.0,0.0,0,912.0,912.0,952.1750175515492,Y1
0.0,0.0,1.0,0.0,0.0,0.0,0.0,16.0,0.0,0,943.0,943.0,969.606308364612,Y1
1.0,1.0,2.0,1.0,2.0,0.0,2.0,1.0,1.0,0,896.0,896.0,880.8905258204313,Y1
1.0,0.0,4.0,0.0,1.0,0.0,0.0,15.0,0.0,0,854.0,854.0,881.2600761801762,Y1
0.0,0.0,0.0,1.0,0.0,0.0,0.0,10.0,0.0,0,937.0,937.0,927.844738659541,Y1
1.0,1.0,3.0,0.0,2.0,0.0,0.0,20.0,1.0,0,967.0,967.0,888.7618293206855,Y1
1.0,0.0,3.0,1.0,1.0,0.0,2.0,1.0,1.0,0,1000.0,1000.0,970.8835389669979,Y1
1.0,1.0,5.0,1.0,2.0,0.0,1.0,9.0,1.0,1,940.0,921.4811076367649,940.0,Y0
1.0,0.0,3.0,0.0,0.0,1.0,0.0,15.0,0.0,1,866.0,854.7004970648653,866.0,Y0
1.0,0.0,1.0,1.0,0.0,0.0,0.0,8.0,0.0,0,1012.0,1012.0,1041.4737978176045,Y1
0.0,1.0,2.0,1.0,1.0,0.0,-1.0,4.0,0.0,0,896.0,896.0,961.3677479592395,Y1
0.0,0.0,2.0,1.0,0.0,0.0,0.0,4.0,0.0,0,939.0,939.0,998.9336279028055,Y1
1.0,1.0,2.0,0.0,1.0,0.0,0.0,16.0,1.0,1,947.0,944.9409573437968,947.0,Y0
0.0,0.0,2.0,0.0,1.0,1.0,0.0,13.0,0.0,0,921.0,921.0,927.2630655306582,Y1
1.0,0.0,2.0,1.0,0.0,0.0,0.0,4.0,0.0,0,879.0,879.0,949.431400734832,Y1
1.0,0.0,0.0,1.0,0.0,1.0,0.0,9.0,0.0,1,962.0,958.6824526329967,962.0,Y0
0.0,1.0,0.0,0.0,3.0,2.0,0.0,13.0,0.0,0,872.0,872.0,932.9215634406894,Y1
0.0,1.0,0.0,1.0,1.0,0.0,2.0,1.0,1.0,0,962.0,962.0,952.5289118852876,Y1
0.0,1.0,3.0,0.0,2.0,0.0,0.0,9.0,1.0,0,857.0,857.0,855.8487589114994,Y1
1.0,0.0,0.0,1.0,0.0,0.0,0.0,4.0,0.0,0,1022.0,1022.0,1093.0234470001947,Y1
1.0,1.0,3.0,1.0,1.0,0.0,0.0,12.0,1.0,1,1046.0,1060.4152956924142,1046.0,Y0
1.0,0.0,0.0,0.0,0.0,0.0,0.0,11.0,0.0,0,850.0,850.0,869.1788600178904,Y1
0.0,1.0,0.0,1.0,2.0,0.0,1.0,1.0,0.0,1,913.0,896.5242252144146,913.0,Y0
0.0,0.0,1.0,0.0,0.0,1.0,0.0,8.0,0.0,0,960.0,960.0,973.1762237618073,Y1
0.0,1.0,1.0,1.0,2.0,0.0,-1.0,2.0,0.0,0,854.0,854.0,842.85566734221,Y1
1.0,0.0,0.0,0.0,3.0,0.0,0.0,11.0,0.0,1,923.0,925.105277504723,923.0,Y0
1.0,0.0,0.0,0.0,1.0,1.0,0.0,13.0,0.0,0,1020.0,1020.0,1026.0754519265588,Y1
0.0,0.0,2.0,1.0,1.0,1.0,0.0,14.0,1.0,1,1024.0,1005.1067700567789,1024.0,Y0
0.0,0.0,2.0,1.0,0.0,1.0,0.0,6.0,0.0,1,921.0,899.7911688201764,921.0,Y0
1.0,0.0,0.0,0.0,1.0,0.0,0.0,11.0,0.0,0,816.0,816.0,828.9406870130734,Y1
0.0,0.0,0.0,0.0,0.0,1.0,0.0,12.0,0.0,0,1120.0,1120.0,1126.309161906511,Y1
1.0,0.0,1.0,1.0,0.0,1.0,0.0,6.0,0.0,1,906.0,882.1480984371663,906.0,Y0
1.0,0.0,1.0,0.0,0.0,0.0,0.0,4.0,0.0,1,1017.0,943.07965350567,1017.0,Y0
1.0,1.0,0.0,1.0,1.0,1.0,0.0,15.0,1.0,0,927.0,927.0,937.4547300442614,Y1
0.0,0.0,3.0,1.0,0.0,1.0,0.0,5.0,0.0,0,877.0,877.0,894.9473587542046,Y1
1.0,1.0,3.0,1.0,2.0,0.0,0.0,9.0,0.0,1,851.0,836.4691654712435,851.0,Y0
1.0,0.0,0.0,0.0,0.0,0.0,2.0,1.0,0.0,1,849.0,878.225395127302,849.0,Y0
1.0,1.0,0.0,1.0,2.0,0.0,2.0,1.0,0.0,0,891.0,891.0,873.8854552081013,Y1
1.0,1.0,1.0,1.0,0.0,0.0,3.0,10.0,0.0,0,954.0,954.0,879.9214773117543,Y1
0.0,0.0,0.0,1.0,0.0,0.0,0.0,3.0,0.0,0,944.0,944.0,993.8309613952216,Y1
0.0,1.0,0.0,0.0,0.0,0.0,0.0,12.0,0.0,1,1116.0,1099.6256494289314,1116.0,Y0
0.0,0.0,2.0,0.0,1.0,1.0,0.0,8.0,0.0,1,934.0,920.7868970216716,934.0,Y0
0.0,1.0,3.0,0.0,1.0,0.0,0.0,21.0,1.0,0,946.0,946.0,892.8141297806901,Y1
0.0,0.0,3.0,0.0,0.0,1.0,0.0,12.0,0.0,1,876.0,872.5704278613345,876.0,Y0
1.0,0.0,1.0,0.0,1.0,0.0,-1.0,15.0,0.0,1,881.0,878.3358822063475,881.0,Y0
0.0,0.0,0.0,1.0,0.0,1.0,0.0,8.0,0.0,0,894.0,894.0,909.7258915746736,Y1
0.0,1.0,0.0,1.0,2.0,0.0,2.0,1.0,1.0,0,927.0,927.0,920.0421466069901,Y1
1.0,0.0,4.0,0.0,1.0,1.0,0.0,20.0,0.0,1,880.0,955.4309094281366,880.0,Y0
1.0,0.0,1.0,0.0,0.0,0.0,0.0,6.0,0.0,1,978.0,933.4073598749239,978.0,Y0
0.0,0.0,2.0,1.0,0.0,0.0,0.0,9.0,0.0,0,952.0,952.0,962.191092273613,Y1
1.0,1.0,2.0,0.0,2.0,0.0,0.0,9.0,1.0,0,905.0,905.0,910.3293059670925,Y1
1.0,0.0,3.0,0.0,0.0,0.0,-1.0,5.0,0.0,0,944.0,944.0,940.0818474163416,Y1
1.0,1.0,3.0,1.0,2.0,0.0,0.0,6.0,0.0,0,815.0,815.0,871.6095447116654,Y1
0.0,1.0,2.0,1.0,2.0,0.0,1.0,0.0,1.0,0,889.0,889.0,956.8020538446677,Y1
1.0,1.0,3.0,1.0,1.0,0.0,-1.0,4.0,0.0,0,883.0,883.0,957.676541430925,Y1
0.0,0.0,3.0,0.0,0.0,0.0,0.0,14.0,0.0,1,1136.0,1094.4178613156178,1136.0,Y0
1.0,1.0,0.0,1.0,2.0,0.0,0.0,12.0,0.0,0,841.0,841.0,852.5201337170499,Y1
0.0,1.0,3.0,1.0,2.0,1.0,0.0,22.0,0.0,0,852.0,852.0,842.0987174812454,Y1
0.0,0.0,3.0,0.0,0.0,0.0,2.0,2.0,0.0,1,967.0,1004.3253135826137,967.0,Y0
1.0,0.0,3.0,1.0,0.0,0.0,0.0,13.0,0.0,0,868.0,868.0,879.0725475384746,Y1
1.0,0.0,3.0,0.0,1.0,0.0,0.0,8.0,0.0,0,904.0,904.0,933.5356530847183,Y1
0.0,1.0,0.0,1.0,0.0,1.0,0.0,6.0,0.0,0,983.0,983.0,1011.8243445291954,Y1
1.0,0.0,3.0,0.0,1.0,0.0,-1.0,3.0,0.0,1,962.0,903.6368631355529,962.0,Y0
0.0,0.0,2.0,0.0,0.0,0.0,0.0,15.0,0.0,1,903.0,895.458083393827,903.0,Y0
1.0,1.0,0.0,1.0,0.0,2.0,0.0,12.0,0.0,0,842.0,842.0,865.5739075528086,Y1
0.0,0.0,3.0,1.0,1.0,0.0,-1.0,2.0,0.0,0,871.0,871.0,866.5521490857527,Y1
1.0,0.0,3.0,0.0,0.0,1.0,0.0,9.0,0.0,0,887.0,887.0,901.7575801822476,Y1
0.0,0.0,2.0,0.0,0.0,1.0,0.0,17.0,0.0,0,931.0,931.0,951.1719680152282,Y1
1.0,0.0,1.0,0.0,1.0,0.0,0.0,14.0,0.0,1,847.0,810.4861478440353,847.0,Y0
0.0,0.0,1.0,0.0,1.0,0.0,0.0,17.0,0.0,0,901.0,901.0,931.4060012626848,Y1
0.0,0.0,2.0,0.0,1.0,1.0,4.0,15.0,0.0,0,1021.0,1021.0,990.5461540731633,Y1
1.0,1.0,3.0,1.0,2.0,0.0,0.0,6.0,1.0,0,875.0,875.0,926.9807167715119,Y1
0.0,0.0,1.0,0.0,1.0,0.0,0.0,8.0,1.0,0,931.0,931.0,945.0508899461249,Y1
1.0,0.0,2.0,1.0,0.0,0.0,0.0,9.0,0.0,0,932.0,932.0,942.355720194584,Y1
0.0,1.0,0.0,1.0,1.0,0.0,-1.0,4.0,0.0,0,997.0,997.0,1054.0862657419596,Y1
0.0,0.0,0.0,0.0,0.0,1.0,0.0,13.0,0.0,0,1001.0,1001.0,1013.1320538594146,Y1
1.0,0.0,3.0,0.0,0.0,0.0,2.0,3.0,1.0,0,862.0,862.0,860.1806631065083,Y1
0.0,0.0,2.0,0.0,0.0,0.0,0.0,13.0,0.0,0,894.0,894.0,906.0205757403057,Y1
1.0,1.0,3.0,1.0,2.0,1.0,0.0,5.0,0.0,0,907.0,907.0,938.9730257959068,Y1
0.0,0.0,0.0,0.0,1.0,0.0,0.0,11.0,0.0,1,923.0,912.0856043858706,923.0,Y0
0.0,0.0,2.0,1.0,0.0,0.0,0.0,7.0,0.0,1,993.0,953.3772115257411,993.0,Y0
0.0,1.0,3.0,1.0,2.0,0.0,0.0,10.0,1.0,0,896.0,896.0,872.0048310807417,Y1
0.0,0.0,0.0,0.0,0.0,1.0,0.0,12.0,0.0,1,909.0,902.6908380934889,909.0,Y0
1.0,1.0,0.0,0.0,2.0,0.0,0.0,9.0,1.0,0,866.0,866.0,872.3415107571132,Y1
0.0,1.0,2.0,1.0,2.0,1.0,1.0,6.0,0.0,0,680.0,680.0,727.2362571261368,Y1
1.0,0.0,1.0,0.0,0.0,0.0,2.0,1.0,0.0,0,871.0,871.0,837.9428295700435,Y1
1.0,1.0,3.0,1.0,2.0,0.0,0.0,3.0,1.0,1,1120.0,1024.712611764571,1120.0,Y0
0.0,0.0,0.0,0.0,0.0,0.0,2.0,1.0,0.0,0,936.0,936.0,887.7301390066823,Y1
1.0,1.0,3.0,1.0,1.0,0.0,0.0,0.0,0.0,0,847.0,847.0,933.1931641481784,Y1
0.0,0.0,1.0,0.0,0.0,1.0,0.0,8.0,0.0,1,1013.0,999.8237762381927,1013.0,Y0
1.0,0.0,0.0,0.0,0.0,0.0,0.0,6.0,0.0,1,984.0,939.9118866355507,984.0,Y0
1.0,0.0,1.0,0.0,0.0,0.0,0.0,11.0,0.0,0,1003.0,1003.0,1022.6843547891341,Y1
0.0,1.0,2.0,1.0,2.0,1.0,0.0,15.0,1.0,0,901.0,901.0,919.0903324749548,Y1
1.0,1.0,3.0,1.0,2.0,0.0,-1.0,10.0,1.0,0,978.0,978.0,975.9598627738476,Y1
0.0,0.0,0.0,0.0,0.0,1.0,0.0,3.0,0.0,0,1005.0,1005.0,1036.8462377113565,Y1
1.0,0.0,3.0,0.0,3.0,0.0,0.0,5.0,0.0,0,799.0,799.0,824.6637280877154,Y1
1.0,0.0,2.0,1.0,2.0,0.0,0.0,9.0,1.0,0,832.0,832.0,831.8512741546792,Y1
0.0,0.0,0.0,0.0,0.0,0.0,0.0,11.0,0.0,0,990.0,990.0,1007.2063189607943,Y1
1.0,0.0,1.0,0.0,0.0,1.0,0.0,5.0,0.0,0,930.0,930.0,956.197922566489,Y1
0.0,0.0,0.0,0.0,0.0,0.0,0.0,13.0,0.0,0,1206.0,1206.0,1224.8192994322403,Y1
0.0,0.0,0.0,1.0,0.0,1.0,0.0,13.0,0.0,1,889.0,875.8788219811339,889.0,Y0
0.0,1.0,3.0,1.0,2.0,0.0,0.0,24.0,1.0,0,997.0,997.0,943.2958902840235,Y1
1.0,0.0,3.0,0.0,1.0,2.0,0.0,13.0,0.0,0,886.0,886.0,924.5467540609693,Y1
1.0,0.0,1.0,0.0,1.0,1.0,0.0,7.0,0.0,1,916.0,904.7016470891865,916.0,Y0
0.0,1.0,0.0,1.0,2.0,0.0,0.0,11.0,0.0,0,1044.0,1044.0,1061.708889596341,Y1
1.0,0.0,4.0,0.0,0.0,1.0,0.0,8.0,0.0,1,945.0,914.2515902192948,945.0,Y0
0.0,0.0,4.0,0.0,0.0,1.0,0.0,5.0,0.0,1,820.0,805.0769381797871,820.0,Y0
0.0,0.0,0.0,0.0,1.0,0.0,0.0,7.0,0.0,0,963.0,963.0,994.1868289675875,Y1
0.0,0.0,0.0,1.0,0.0,0.0,0.0,14.0,0.0,0,976.0,976.0,1026.1387909238188,Y1
1.0,0.0,1.0,1.0,0.0,0.0,0.0,4.0,0.0,1,933.0,862.049960230741,933.0,Y0
1.0,0.0,3.0,0.0,1.0,0.0,0.0,17.0,0.0,0,962.0,962.0,985.3423156881443,Y1
1.0,1.0,2.0,0.0,2.0,0.0,1.0,9.0,1.0,1,954.0,933.2757808537095,954.0,Y0
0.0,0.0,0.0,0.0,0.0,1.0,0.0,17.0,0.0,0,908.0,908.0,932.7047322967649,Y1
1.0,0.0,0.0,0.0,0.0,1.0,0.0,8.0,0.0,1,902.0,883.4429565236259,902.0,Y0
0.0,0.0,8.0,1.0,1.0,0.0,0.0,11.0,0.0,1,900.0,897.2634537288161,900.0,Y0
1.0,0.0,3.0,0.0,0.0,0.0,0.0,15.0,0.0,1,883.0,875.2936660227844,883.0,Y0
1.0,0.0,2.0,0.0,0.0,1.0,0.0,13.0,0.0,0,888.0,888.0,898.1102254765595,Y1
0.0,1.0,3.0,1.0,2.0,0.0,2.0,2.0,1.0,1,895.0,888.4350171328804,895.0,Y0
1.0,0.0,1.0,0.0,0.0,1.0,0.0,8.0,0.0,1,909.0,882.0416008838522,909.0,Y0
1.0,0.0,1.0,0.0,0.0,1.0,0.0,10.0,0.0,0,1054.0,1054.0,1042.9686524911415,Y1
1.0,0.0,0.0,0.0,0.0,0.0,0.0,4.0,0.0,1,976.0,902.5068074900463,976.0,Y0
1.0,0.0,3.0,0.0,1.0,0.0,1.0,0.0,0.0,1,966.0,893.4241075355878,966.0,Y0
1.0,0.0,3.0,0.0,1.0,0.0,0.0,18.0,0.0,0,996.0,996.0,1027.6397735054582,Y1
1.0,1.0,1.0,0.0,1.0,0.0,-1.0,0.0,0.0,0,931.0,931.0,992.0875559641605,Y1
1.0,1.0,2.0,0.0,1.0,0.0,-1.0,4.0,0.0,0,892.0,892.0,970.1086730654838,Y1
0.0,1.0,1.0,1.0,2.0,1.0,4.0,12.0,0.0,1,906.0,969.9367127317526,906.0,Y0
1.0,0.0,0.0,0.0,0.0,0.0,0.0,5.0,0.0,0,981.0,981.0,1022.4838028659177,Y1
0.0,0.0,2.0,0.0,0.0,1.0,0.0,4.0,0.0,1,972.0,932.913233606542,972.0,Y0
1.0,1.0,3.0,1.0,2.0,0.0,0.0,3.0,1.0,1,983.0,887.712611764571,983.0,Y0
1.0,1.0,0.0,0.0,1.0,0.0,0.0,21.0,0.0,1,927.0,917.1389753488683,927.0,Y0
1.0,0.0,3.0,0.0,0.0,0.0,0.0,12.0,0.0,0,959.0,959.0,969.5448258123123,Y1
1.0,0.0,2.0,0.0,0.0,1.0,0.0,5.0,0.0,0,885.0,885.0,913.1402670291227,Y1
1.0,1.0,1.0,1.0,2.0,1.0,0.0,22.0,0.0,0,901.0,901.0,907.9309335006878,Y1
1.0,0.0,1.0,0.0,3.0,0.0,0.0,14.0,0.0,0,1061.0,1061.0,1105.510539901845,Y1
1.0,0.0,3.0,0.0,3.0,0.0,0.0,3.0,0.0,0,942.0,942.0,969.9549898777343,Y1
0.0,1.0,3.0,1.0,2.0,1.0,4.0,12.0,0.0,1,870.0,922.7426944061893,870.0,Y0
0.0,1.0,2.0,1.0,2.0,1.0,0.0,15.0,1.0,0,890.0,890.0,908.0903324749548,Y1
1.0,0.0,1.0,1.0,1.0,1.0,0.0,7.0,0.0,1,830.0,823.5803610534399,830.0,Y0
1.0,0.0,3.0,1.0,0.0,0.0,1.0,0.0,0.0,0,875.0,875.0,939.5322061667724,Y1
0.0,1.0,1.0,1.0,3.0,1.0,0.0,4.0,0.0,0,939.0,939.0,950.6223851038066,Y1
0.0,1.0,3.0,1.0,2.0,0.0,0.0,3.0,1.0,0,885.0,885.0,975.5186772328076,Y1
1.0,1.0,3.0,1.0,2.0,1.0,0.0,17.0,0.0,0,762.0,762.0,783.8115681509868,Y1
1.0,0.0,1.0,1.0,1.0,1.0,0.0,14.0,0.0,0,897.0,897.0,928.2942907767724,Y1
0.0,0.0,1.0,0.0,0.0,1.0,0.0,13.0,0.0,1,933.0,922.8262200341956,933.0,Y0
0.0,1.0,0.0,1.0,2.0,0.0,2.0,2.0,1.0,1,867.0,856.8116966903044,867.0,Y0
0.0,0.0,3.0,0.0,0.0,1.0,0.0,8.0,0.0,0,876.0,876.0,892.5373821861289,Y1
0.0,0.0,3.0,1.0,0.0,1.0,0.0,21.0,0.0,0,908.0,908.0,898.4350098500196,Y1
0.0,0.0,1.0,1.0,0.0,0.0,2.0,2.0,0.0,0,968.0,968.0,934.7685189309129,Y1
1.0,1.0,5.0,0.0,1.0,0.0,-1.0,4.0,0.0,0,816.0,816.0,898.2020428013903,Y1
1.0,1.0,0.0,1.0,2.0,0.0,0.0,10.0,1.0,0,996.0,996.0,974.2186122277664,Y1
0.0,0.0,3.0,0.0,0.0,1.0,0.0,17.0,0.0,0,903.0,903.0,922.495549041266,Y1
1.0,0.0,2.0,1.0,0.0,1.0,0.0,8.0,0.0,0,789.0,789.0,814.1495378984292,Y1
1.0,0.0,2.0,0.0,0.0,0.0,-1.0,6.0,0.0,1,931.0,933.3740035114581,931.0,Y0
1.0,0.0,2.0,0.0,0.0,0.0,0.0,11.0,0.0,0,845.0,845.0,857.4836018230682,Y1
0.0,1.0,1.0,1.0,1.0,1.0,0.0,24.0,0.0,0,909.0,909.0,891.4501014740318,Y1
1.0,0.0,0.0,1.0,0.0,1.0,0.0,6.0,0.0,1,873.0,857.1061649862974,873.0,Y0
1.0,1.0,0.0,1.0,2.0,1.0,2.0,24.0,0.0,0,1054.0,1054.0,998.9026547628812,Y1
0.0,0.0,1.0,0.0,0.0,1.0,0.0,21.0,0.0,0,1031.0,1031.0,1031.8974946993021,Y1
1.0,1.0,2.0,1.0,2.0,0.0,2.0,2.0,1.0,1,912.0,901.8907770022944,912.0,Y0
1.0,0.0,4.0,0.0,1.0,1.0,0.0,18.0,0.0,1,1099.0,1062.0359540501665,1099.0,Y0
1.0,0.0,4.0,0.0,0.0,1.0,0.0,8.0,0.0,1,925.0,894.2515902192948,925.0,Y0
1.0,0.0,0.0,1.0,0.0,0.0,2.0,2.0,0.0,0,900.0,900.0,879.8086620827714,Y1
1.0,0.0,2.0,0.0,1.0,0.0,0.0,12.0,0.0,0,936.0,936.0,940.3706213159991,Y1
0.0,1.0,0.0,1.0,0.0,2.0,0.0,12.0,0.0,0,940.0,940.0,966.5909962787317,Y1
1.0,1.0,3.0,1.0,2.0,0.0,2.0,1.0,1.0,0,902.0,902.0,887.6155224660966,Y1
1.0,0.0,7.0,1.0,3.0,0.0,0.0,5.0,0.0,0,852.0,852.0,837.4994001721199,Y1
1.0,0.0,1.0,0.0,3.0,0.0,0.0,5.0,0.0,0,914.0,914.0,937.5348331032493,Y1
1.0,0.0,1.0,1.0,0.0,0.0,-1.0,4.0,0.0,0,855.0,855.0,925.0828208555341,Y1
1.0,0.0,3.0,1.0,0.0,1.0,0.0,8.0,0.0,1,954.0,928.7265313977409,954.0,Y0
0.0,1.0,3.0,1.0,2.0,0.0,1.0,0.0,0.0,0,953.0,953.0,1006.4626498578617,Y1
0.0,0.0,7.0,1.0,0.0,0.0,0.0,13.0,0.0,0,805.0,805.0,812.1101457973867,Y1
1.0,1.0,0.0,1.0,2.0,0.0,-1.0,2.0,0.0,0,828.0,828.0,811.9967989180662,Y1
1.0,0.0,3.0,1.0,0.0,1.0,0.0,6.0,0.0,1,857.0,830.3917696178606,857.0,Y0
1.0,1.0,0.0,0.0,2.0,0.0,0.0,9.0,1.0,0,923.0,923.0,929.3415107571132,Y1
0.0,0.0,1.0,1.0,0.0,0.0,0.0,27.0,0.0,1,859.0,860.2932947395316,859.0,Y0
1.0,0.0,1.0,0.0,0.0,0.0,0.0,19.0,0.0,0,983.0,983.0,947.7944212148892,Y1
1.0,1.0,3.0,1.0,2.0,1.0,0.0,7.0,0.0,0,908.0,908.0,922.6197638011537,Y1
1.0,1.0,5.0,1.0,2.0,0.0,0.0,3.0,1.0,1,1096.0,985.3723542479269,1096.0,Y0
1.0,0.0,1.0,0.0,0.0,3.0,0.0,14.0,0.0,1,1191.0,1128.8308262410767,1191.0,Y0
0.0,0.0,0.0,0.0,0.0,0.0,2.0,1.0,0.0,1,894.0,942.2698609933177,894.0,Y0
1.0,0.0,2.0,0.0,0.0,0.0,0.0,10.0,0.0,0,1051.0,1051.0,1038.8720413303347,Y1
0.0,1.0,4.0,1.0,2.0,1.0,1.0,6.0,0.0,0,815.0,815.0,860.2102500443793,Y1
0.0,0.0,3.0,0.0,3.0,1.0,0.0,6.0,0.0,0,864.0,864.0,860.5542598579345,Y1
0.0,0.0,0.0,0.0,0.0,1.0,0.0,9.0,0.0,1,1057.0,1053.8683567394123,1057.0,Y0
0.0,0.0,1.0,0.0,0.0,0.0,0.0,15.0,0.0,0,870.0,870.0,884.0635851755239,Y1
1.0,0.0,2.0,0.0,0.0,0.0,0.0,13.0,0.0,0,1069.0,1069.0,1081.56242648129,Y1
1.0,1.0,2.0,1.0,2.0,0.0,0.0,11.0,0.0,1,962.0,951.2701379185283,962.0,Y0
1.0,0.0,2.0,0.0,0.0,1.0,0.0,9.0,0.0,0,918.0,918.0,932.0769661717269,Y1
1.0,0.0,7.0,0.0,0.0,0.0,0.0,16.0,0.0,0,939.0,939.0,943.0520338512346,Y1
1.0,1.0,1.0,1.0,2.0,0.0,2.0,2.0,0.0,1,1008.0,1002.9910724744772,1008.0,Y0
1.0,1.0,0.0,0.0,2.0,1.0,2.0,24.0,0.0,0,1077.0,1077.0,1021.4440687692568,Y1
0.0,0.0,1.0,0.0,1.0,0.0,-1.0,15.0,0.0,1,940.0,937.9857826830062,940.0,Y0
0.0,0.0,0.0,0.0,0.0,0.0,3.0,27.0,0.0,0,924.0,924.0,961.8794937200112,Y1
1.0,0.0,0.0,0.0,0.0,0.0,0.0,12.0,0.0,1,878.0,861.4107362453118,878.0,Y0
1.0,1.0,3.0,1.0,0.0,1.0,0.0,10.0,0.0,0,818.0,818.0,807.5967817032109,Y1
0.0,1.0,1.0,1.0,2.0,0.0,0.0,3.0,1.0,0,889.0,889.0,981.5188581918687,Y1
0.0,0.0,1.0,1.0,0.0,0.0,0.0,2.0,0.0,0,881.0,881.0,880.6825426585406,Y1
0.0,0.0,0.0,1.0,0.0,1.0,0.0,12.0,0.0,0,811.0,811.0,819.2075142179939,Y1
1.0,0.0,0.0,0.0,1.0,1.0,4.0,15.0,0.0,0,987.0,987.0,962.5463967866896,Y1
0.0,1.0,1.0,1.0,2.0,0.0,-1.0,2.0,0.0,0,867.0,867.0,855.85566734221,Y1
1.0,1.0,1.0,1.0,2.0,0.0,2.0,1.0,0.0,0,903.0,903.0,883.37360129344,Y1
0.0,0.0,3.0,1.0,0.0,0.0,0.0,16.0,0.0,0,839.0,839.0,860.8290766990259,Y1
1.0,0.0,2.0,1.0,0.0,0.0,0.0,12.0,0.0,1,882.0,872.9644562182881,882.0,Y0
0.0,0.0,3.0,0.0,1.0,1.0,0.0,13.0,0.0,0,947.0,947.0,953.2712514125543,Y1
1.0,0.0,0.0,1.0,0.0,0.0,0.0,8.0,0.0,0,990.0,990.0,1019.4819686569213,Y1
0.0,1.0,0.0,1.0,2.0,0.0,0.0,9.0,0.0,1,756.0,741.1293639252773,756.0,Y0
1.0,0.0,7.0,0.0,3.0,0.0,1.0,0.0,0.0,0,1031.0,1031.0,1031.0364977382478,Y1
1.0,0.0,0.0,0.0,0.0,1.0,0.0,11.0,0.0,0,846.0,846.0,852.3336240570102,Y1
1.0,0.0,2.0,0.0,1.0,0.0,5.0,3.0,0.0,0,904.0,904.0,879.6442188435138,Y1
1.0,0.0,8.0,0.0,0.0,0.0,0.0,5.0,0.0,0,888.0,888.0,878.1650872228372,Y1
0.0,1.0,1.0,1.0,2.0,0.0,2.0,1.0,0.0,0,931.0,931.0,907.9133159683299,Y1
1.0,1.0,3.0,1.0,2.0,0.0,0.0,11.0,0.0,1,994.0,983.2257991467225,994.0,Y0
1.0,0.0,2.0,0.0,0.0,0.0,2.0,3.0,0.0,1,822.0,832.0857506740915,822.0,Y0
1.0,0.0,0.0,0.0,0.0,0.0,0.0,13.0,0.0,0,1099.0,1099.0,1117.6299906468437,Y1
0.0,0.0,1.0,1.0,0.0,0.0,3.0,27.0,0.0,0,1033.0,1033.0,993.3579740751834,Y1
1.0,0.0,3.0,0.0,0.0,0.0,-1.0,5.0,0.0,0,952.0,952.0,948.0818474163416,Y1
1.0,0.0,1.0,1.0,0.0,0.0,0.0,20.0,0.0,0,742.0,742.0,708.3723266226241,Y1
1.0,0.0,2.0,0.0,0.0,1.0,0.0,5.0,0.0,0,842.0,842.0,870.1402670291227,Y1
1.0,0.0,7.0,1.0,1.0,0.0,0.0,7.0,0.0,0,860.0,860.0,868.6455546974938,Y1
1.0,0.0,0.0,0.0,1.0,0.0,0.0,17.0,0.0,0,900.0,900.0,929.9163173484626,Y1
0.0,0.0,2.0,0.0,1.0,0.0,2.0,1.0,1.0,0,931.0,931.0,884.8443201886544,Y1
1.0,0.0,0.0,0.0,0.0,1.0,0.0,6.0,0.0,0,961.0,961.0,981.4838653632954,Y1
1.0,0.0,3.0,0.0,0.0,0.0,1.0,0.0,0.0,0,939.0,939.0,1004.453854572869,Y1
1.0,0.0,0.0,1.0,1.0,0.0,0.0,12.0,1.0,1,906.0,912.0590699912018,906.0,Y0
0.0,0.0,0.0,0.0,0.0,0.0,0.0,15.0,0.0,0,842.0,842.0,856.1439238863109,Y1
1.0,0.0,2.0,0.0,0.0,1.0,0.0,12.0,0.0,0,1006.0,1006.0,1013.3088465962203,Y1
0.0,0.0,0.0,0.0,1.0,0.0,0.0,8.0,0.0,0,942.0,942.0,960.3050095764862,Y1
0.0,1.0,0.0,1.0,2.0,0.0,-1.0,14.0,1.0,1,877.0,880.1219020992937,877.0,Y0
1.0,0.0,1.0,0.0,1.0,2.0,0.0,12.0,0.0,0,921.0,921.0,951.5884883014576,Y1
1.0,0.0,1.0,0.0,0.0,1.0,0.0,10.0,0.0,0,964.0,964.0,952.9686524911415,Y1
1.0,0.0,1.0,0.0,3.0,0.0,0.0,3.0,0.0,0,1004.0,1004.0,1030.8292395173157,Y1
1.0,0.0,2.0,1.0,3.0,1.0,0.0,12.0,0.0,0,809.0,809.0,801.9908119483412,Y1
0.0,1.0,0.0,0.0,1.0,0.0,-1.0,10.0,1.0,1,907.0,920.7457762296341,907.0,Y0
1.0,0.0,1.0,0.0,0.0,0.0,3.0,9.0,0.0,0,963.0,963.0,917.2089307356714,Y1
0.0,0.0,0.0,1.0,0.0,0.0,2.0,1.0,0.0,0,937.0,937.0,901.0198143724563,Y1
1.0,1.0,0.0,1.0,2.0,1.0,0.0,11.0,0.0,0,868.0,868.0,869.0018006214486,Y1
1.0,0.0,1.0,1.0,0.0,0.0,2.0,2.0,0.0,1,868.0,893.913478150823,868.0,Y0
1.0,0.0,3.0,1.0,0.0,0.0,2.0,2.0,0.0,0,841.0,841.0,816.432043386554,Y1
0.0,0.0,3.0,1.0,1.0,0.0,-1.0,2.0,0.0,0,945.0,945.0,940.5521490857527,Y1
1.0,1.0,3.0,1.0,2.0,0.0,0.0,11.0,0.0,0,779.0,779.0,789.7742008532775,Y1
0.0,1.0,3.0,1.0,2.0,0.0,2.0,1.0,1.0,1,829.0,845.5310216794406,829.0,Y0
1.0,0.0,2.0,0.0,1.0,0.0,-1.0,0.0,0.0,1,939.0,896.5878260242841,939.0,Y0
0.0,0.0,2.0,1.0,0.0,0.0,0.0,4.0,0.0,1,900.0,840.0663720971945,900.0,Y0
1.0,1.0,0.0,1.0,2.0,0.0,0.0,20.0,1.0,0,945.0,945.0,876.866195366876,Y1
1.0,0.0,0.0,1.0,1.0,0.0,0.0,12.0,1.0,1,983.0,989.0590699912018,983.0,Y0
1.0,0.0,3.0,0.0,0.0,0.0,0.0,16.0,0.0,1,992.0,971.8956841044883,992.0,Y0
0.0,0.0,3.0,0.0,0.0,1.0,4.0,16.0,0.0,0,947.0,947.0,887.9175792753833,Y1
1.0,0.0,3.0,0.0,1.0,0.0,-1.0,3.0,0.0,0,880.0,880.0,938.3631368644471,Y1
0.0,0.0,0.0,0.0,1.0,0.0,0.0,15.0,0.0,0,881.0,881.0,911.2198961504286,Y1
1.0,1.0,0.0,1.0,2.0,0.0,0.0,12.0,0.0,0,917.0,917.0,928.5201337170499,Y1
0.0,0.0,3.0,1.0,0.0,1.0,0.0,6.0,0.0,1,997.0,975.6563087733359,997.0,Y0
1.0,1.0,0.0,0.0,2.0,0.0,1.0,0.0,1.0,0,983.0,983.0,1095.1507457653236,Y1
0.0,0.0,0.0,0.0,0.0,0.0,0.0,11.0,0.0,0,920.0,920.0,937.2063189607943,Y1
0.0,0.0,3.0,0.0,0.0,1.0,0.0,11.0,0.0,0,931.0,931.0,936.0004902318229,Y1
0.0,1.0,3.0,0.0,2.0,0.0,1.0,0.0,1.0,0,881.0,881.0,933.0320291006649,Y1
0.0,0.0,3.0,0.0,1.0,0.0,2.0,3.0,0.0,0,832.0,832.0,817.5598852567289,Y1
1.0,1.0,0.0,1.0,1.0,0.0,0.0,5.0,1.0,0,898.0,898.0,942.765336876315,Y1
1.0,0.0,0.0,1.0,0.0,0.0,0.0,3.0,0.0,0,829.0,829.0,883.9838307115101,Y1
0.0,1.0,2.0,1.0,1.0,0.0,2.0,1.0,1.0,0,975.0,975.0,955.1139276422589,Y1
1.0,0.0,1.0,0.0,0.0,2.0,0.0,12.0,0.0,0,947.0,947.0,979.2173985538159,Y1
0.0,1.0,3.0,1.0,2.0,0.0,0.0,5.0,0.0,0,854.0,854.0,910.9775894829678,Y1
1.0,1.0,3.0,1.0,1.0,1.0,0.0,20.0,0.0,1,916.0,972.4884228264619,916.0,Y0
1.0,0.0,3.0,0.0,0.0,1.0,0.0,6.0,0.0,0,965.0,965.0,997.2291825444237,Y1
0.0,0.0,0.0,0.0,0.0,0.0,0.0,9.0,0.0,0,918.0,918.0,925.9532197683654,Y1
1.0,0.0,0.0,0.0,0.0,1.0,0.0,13.0,0.0,0,876.0,876.0,883.730306249547,Y1
0.0,0.0,9.0,1.0,1.0,1.0,0.0,14.0,0.0,0,868.0,868.0,911.1015705730982,Y1
1.0,1.0,2.0,1.0,2.0,0.0,0.0,24.0,1.0,0,968.0,968.0,926.2925138250808,Y1
0.0,0.0,1.0,0.0,0.0,1.0,0.0,12.0,0.0,0,949.0,949.0,953.3256696571272,Y1
0.0,1.0,3.0,1.0,2.0,0.0,0.0,6.0,1.0,0,873.0,873.0,921.7009810600257,Y1
0.0,0.0,2.0,0.0,1.0,1.0,0.0,14.0,0.0,0,1053.0,1053.0,1082.3505905209372,Y1
1.0,1.0,0.0,1.0,1.0,0.0,2.0,1.0,0.0,0,921.0,921.0,905.0756989749498,Y1
0.0,0.0,2.0,0.0,0.0,1.0,0.0,8.0,1.0,0,909.0,909.0,932.3314097515264,Y1
1.0,0.0,2.0,0.0,1.0,1.0,0.0,13.0,0.0,0,961.0,961.0,969.3936755775414,Y1
1.0,0.0,0.0,0.0,0.0,0.0,0.0,7.0,0.0,0,878.0,878.0,924.462149709986,Y1
1.0,1.0,2.0,1.0,1.0,0.0,-1.0,0.0,0.0,0,879.0,879.0,940.117536359566,Y1
0.0,0.0,3.0,0.0,1.0,0.0,-1.0,3.0,0.0,0,875.0,875.0,919.3258694623619,Y1
0.0,0.0,4.0,1.0,0.0,0.0,-1.0,9.0,0.0,0,820.0,820.0,789.7312634634762,Y1
1.0,0.0,2.0,1.0,3.0,1.0,0.0,14.0,0.0,1,1049.0,1005.7144528349615,1049.0,Y0
0.0,0.0,3.0,1.0,3.0,1.0,0.0,17.0,0.0,1,883.0,843.672139017897,883.0,Y0
0.0,1.0,1.0,1.0,2.0,0.0,0.0,24.0,1.0,0,915.0,915.0,881.467972251338,Y1
1.0,0.0,3.0,0.0,0.0,0.0,0.0,11.0,0.0,0,1022.0,1022.0,1034.4732422051045,Y1
1.0,1.0,1.0,0.0,1.0,0.0,0.0,11.0,1.0,1,879.0,879.3959486417497,879.0,Y0
1.0,0.0,8.0,1.0,0.0,0.0,0.0,7.0,0.0,0,800.0,800.0,825.6370548699615,Y1
0.0,0.0,0.0,1.0,0.0,1.0,0.0,13.0,0.0,0,889.0,889.0,902.1211780188661,Y1
1.0,1.0,2.0,1.0,2.0,1.0,0.0,22.0,0.0,0,899.0,899.0,897.7380793209209,Y1
0.0,1.0,2.0,1.0,2.0,0.0,0.0,14.0,0.0,1,857.0,826.1425406688014,857.0,Y0
1.0,0.0,0.0,1.0,0.0,1.0,0.0,21.0,0.0,0,857.0,857.0,863.4257120261466,Y1
1.0,0.0,3.0,0.0,0.0,1.0,0.0,6.0,0.0,0,971.0,971.0,1003.2291825444237,Y1
0.0,1.0,4.0,1.0,3.0,0.0,0.0,17.0,0.0,0,920.0,920.0,937.5084353710153,Y1
1.0,1.0,2.0,1.0,2.0,1.0,0.0,7.0,0.0,0,877.0,877.0,891.4898817978286,Y1
0.0,0.0,2.0,1.0,0.0,0.0,-1.0,4.0,0.0,0,807.0,807.0,866.5305049983716,Y1
1.0,1.0,2.0,1.0,2.0,0.0,-1.0,2.0,0.0,0,905.0,905.0,898.1693198791089,Y1
0.0,1.0,1.0,1.0,2.0,0.0,0.0,21.0,1.0,1,855.0,876.8472107579388,855.0,Y0
1.0,1.0,3.0,0.0,2.0,0.0,0.0,7.0,0.0,0,887.0,887.0,942.4341184865664,Y1
0.0,0.0,0.0,1.0,0.0,1.0,0.0,6.0,0.0,1,876.0,859.6594252112654,876.0,Y0
0.0,0.0,0.0,0.0,1.0,0.0,0.0,16.0,1.0,1,935.0,921.1156198010616,935.0,Y0
1.0,0.0,2.0,1.0,0.0,0.0,0.0,2.0,0.0,0,933.0,933.0,939.5806234544051,Y1
0.0,0.0,3.0,1.0,0.0,0.0,3.0,9.0,0.0,0,851.0,851.0,807.8114935774279,Y1
1.0,0.0,7.0,0.0,1.0,0.0,0.0,12.0,0.0,0,946.0,946.0,932.8520526978632,Y1
1.0,1.0,4.0,0.0,3.0,0.0,0.0,17.0,0.0,0,870.0,870.0,890.6856889155631,Y1
0.0,0.0,0.0,0.0,1.0,0.0,0.0,0.0,0.0,0,987.0,987.0,983.6461821764204,Y1
1.0,1.0,0.0,0.0,1.0,0.0,2.0,1.0,0.0,0,933.0,933.0,917.6147891542076,Y1
1.0,0.0,1.0,0.0,0.0,1.0,0.0,6.0,0.0,0,949.0,949.0,977.8358213952567,Y1
1.0,0.0,0.0,1.0,0.0,1.0,0.0,12.0,0.0,1,866.0,863.8256128301989,866.0,Y0
1.0,0.0,2.0,0.0,1.0,0.0,-1.0,0.0,0.0,1,955.0,912.5878260242841,955.0,Y0
1.0,0.0,0.0,0.0,0.0,1.0,0.0,13.0,0.0,1,937.0,929.269693750453,937.0,Y0
0.0,1.0,0.0,1.0,2.0,0.0,-1.0,3.0,0.0,1,827.0,803.6371553887426,827.0,Y0
1.0,0.0,0.0,0.0,0.0,0.0,2.0,3.0,1.0,0,846.0,846.0,845.7804496722345,Y1
1.0,1.0,4.0,1.0,2.0,0.0,0.0,6.0,0.0,0,836.0,836.0,892.1104682067523,Y1
1.0,0.0,3.0,0.0,0.0,0.0,2.0,1.0,0.0,0,986.0,986.0,954.6819713462561,Y1
1.0,0.0,2.0,0.0,1.0,0.0,0.0,16.0,1.0,1,907.0,900.1052842775185,907.0,Y0
0.0,1.0,1.0,1.0,2.0,1.0,0.0,17.0,0.0,0,906.0,906.0,931.0881263999054,Y1
0.0,0.0,1.0,0.0,1.0,1.0,0.0,13.0,0.0,0,858.0,858.0,866.4247351041154,Y1
1.0,1.0,1.0,1.0,2.0,0.0,0.0,5.0,0.0,0,831.0,831.0,890.7281475446857,Y1
0.0,0.0,2.0,0.0,1.0,1.0,0.0,12.0,0.0,1,931.0,933.3889880947586,931.0,Y0
0.0,1.0,2.0,1.0,2.0,0.0,0.0,20.0,1.0,0,960.0,960.0,891.0473067635833,Y1
0.0,1.0,2.0,1.0,2.0,0.0,0.0,12.0,0.0,0,851.0,851.0,858.3416183761495,Y1
0.0,0.0,3.0,0.0,0.0,0.0,0.0,8.0,0.0,1,897.0,877.4183685876407,897.0,Y0
1.0,1.0,2.0,1.0,1.0,1.0,0.0,24.0,0.0,0,1063.0,1063.0,1042.1631411326846,Y1
0.0,0.0,3.0,1.0,3.0,0.0,0.0,14.0,0.0,0,972.0,972.0,1011.0940472378551,Y1
1.0,0.0,0.0,0.0,3.0,0.0,0.0,14.0,0.0,1,966.0,923.152680254687,966.0,Y0
0.0,0.0,0.0,1.0,0.0,0.0,0.0,14.0,0.0,0,964.0,964.0,1014.1387909238189,Y1
1.0,0.0,1.0,1.0,0.0,0.0,0.0,12.0,0.0,1,927.0,911.3690571479607,927.0,Y0
1.0,1.0,4.0,1.0,3.0,0.0,0.0,11.0,0.0,1,854.0,860.5913962583387,854.0,Y0
0.0,0.0,1.0,1.0,0.0,1.0,0.0,12.0,0.0,0,893.0,893.0,898.6536631636203,Y1
1.0,0.0,3.0,0.0,3.0,0.0,0.0,14.0,0.0,1,993.0,955.058676862957,993.0,Y0
0.0,0.0,3.0,1.0,0.0,0.0,2.0,1.0,0.0,0,918.0,918.0,878.8589920074022,Y1
0.0,0.0,3.0,0.0,1.0,1.0,0.0,15.0,0.0,1,782.0,753.3382702718554,782.0,Y0
1.0,1.0,0.0,1.0,2.0,0.0,2.0,1.0,1.0,0,916.0,916.0,911.1564403518374,Y1
1.0,0.0,3.0,0.0,0.0,0.0,0.0,14.0,0.0,0,989.0,989.0,1030.7368289944131,Y1
0.0,0.0,3.0,1.0,1.0,0.0,-1.0,18.0,1.0,0,882.0,882.0,897.4524714115687,Y1
0.0,1.0,3.0,1.0,0.0,1.0,3.0,11.0,0.0,0,834.0,834.0,782.3045990315504,Y1
1.0,1.0,3.0,1.0,3.0,1.0,0.0,6.0,0.0,0,809.0,809.0,825.536886918386,Y1
1.0,0.0,3.0,0.0,0.0,1.0,0.0,5.0,0.0,0,816.0,816.0,844.9097671154705,Y1
0.0,0.0,1.0,0.0,1.0,0.0,0.0,12.0,0.0,0,1054.0,1054.0,1062.5163272293673,Y1
1.0,0.0,4.0,0.0,0.0,0.0,0.0,10.0,0.0,0,997.0,997.0,987.7650953601102,Y1
1.0,0.0,2.0,0.0,1.0,1.0,0.0,7.0,0.0,1,841.0,827.0595799569355,841.0,Y0
0.0,0.0,0.0,1.0,0.0,0.0,0.0,6.0,0.0,1,959.0,921.9568598389684,959.0,Y0
1.0,0.0,0.0,0.0,0.0,0.0,0.0,13.0,0.0,0,912.0,912.0,930.6299906468437,Y1
0.0,0.0,0.0,1.0,0.0,0.0,0.0,12.0,0.0,1,931.0,913.5331977759349,931.0,Y0
0.0,1.0,1.0,0.0,3.0,0.0,1.0,0.0,0.0,0,971.0,971.0,969.7210750675107,Y1
0.0,0.0,1.0,0.0,0.0,0.0,0.0,19.0,0.0,0,1003.0,1003.0,967.7875772795963,Y1
0.0,0.0,3.0,1.0,1.0,0.0,0.0,3.0,0.0,1,988.0,939.1572486918125,988.0,Y0
1.0,0.0,0.0,0.0,3.0,0.0,0.0,5.0,0.0,0,956.0,956.0,979.0470504139089,Y1
0.0,1.0,1.0,1.0,1.0,0.0,-1.0,18.0,1.0,0,875.0,875.0,904.2525865239539,Y1
1.0,0.0,3.0,0.0,0.0,0.0,0.0,8.0,0.0,1,847.0,815.2121733180435,847.0,Y0
0.0,0.0,3.0,0.0,0.0,0.0,0.0,8.0,0.0,0,839.0,839.0,858.5816314123593,Y1
1.0,0.0,0.0,1.0,0.0,1.0,0.0,12.0,0.0,1,871.0,868.8256128301989,871.0,Y0
0.0,0.0,0.0,0.0,0.0,0.0,0.0,8.0,0.0,0,994.0,994.0,1014.6267093674783,Y1
1.0,0.0,0.0,1.0,0.0,1.0,0.0,8.0,0.0,1,924.0,909.4522666263686,924.0,Y0
1.0,0.0,1.0,0.0,0.0,1.0,0.0,8.0,0.0,0,903.0,903.0,929.9583991161478,Y1
0.0,0.0,2.0,0.0,0.0,0.0,0.0,13.0,0.0,0,952.0,952.0,964.0205757403057,Y1
0.0,0.0,3.0,0.0,0.0,1.0,0.0,9.0,0.0,0,875.0,875.0,881.0651405262008,Y1
0.0,0.0,3.0,1.0,0.0,0.0,3.0,10.0,0.0,0,1046.0,1046.0,963.2763257842622,Y1
0.0,0.0,1.0,1.0,0.0,0.0,0.0,10.0,0.0,0,889.0,889.0,879.144934832462,Y1
0.0,1.0,2.0,0.0,1.0,0.0,0.0,21.0,1.0,0,908.0,908.0,863.8007041038511,Y1
1.0,0.0,3.0,0.0,1.0,0.0,-1.0,15.0,0.0,1,870.0,872.5695543144593,870.0,Y0
0.0,0.0,3.0,0.0,0.0,0.0,0.0,13.0,0.0,0,1082.0,1082.0,1093.9847555350948,Y1
1.0,0.0,2.0,0.0,0.0,1.0,0.0,6.0,0.0,0,875.0,875.0,906.487501489576,Y1
0.0,0.0,4.0,1.0,0.0,0.0,1.0,0.0,0.0,0,910.0,910.0,929.6096874305413,Y1
1.0,0.0,4.0,0.0,0.0,1.0,0.0,13.0,0.0,0,967.0,967.0,980.8183754863405,Y1
1.0,0.0,2.0,0.0,3.0,0.0,0.0,11.0,0.0,0,905.0,905.0,896.3048714877231,Y1
1.0,1.0,3.0,1.0,1.0,0.0,0.0,6.0,0.0,0,830.0,830.0,884.1369865088136,Y1
0.0,0.0,2.0,1.0,0.0,1.0,0.0,15.0,0.0,0,959.0,959.0,968.3063166085465,Y1
0.0,1.0,0.0,0.0,1.0,0.0,0.0,20.0,1.0,0,884.0,884.0,812.9776477258606,Y1
0.0,1.0,3.0,1.0,2.0,0.0,2.0,1.0,1.0,0,890.0,890.0,873.4689783205594,Y1
0.0,0.0,2.0,1.0,0.0,0.0,2.0,3.0,0.0,1,889.0,906.2291572278507,889.0,Y0
1.0,1.0,8.0,1.0,2.0,0.0,1.0,0.0,0.0,0,942.0,942.0,1057.7214015205004,Y1
1.0,0.0,0.0,1.0,0.0,0.0,0.0,10.0,0.0,0,869.0,869.0,858.4033108968606,Y1
1.0,1.0,0.0,1.0,3.0,0.0,0.0,11.0,0.0,0,916.0,916.0,914.9285693743823,Y1
1.0,1.0,0.0,1.0,2.0,1.0,0.0,11.0,1.0,0,826.0,826.0,816.118901827447,Y1
0.0,0.0,1.0,1.0,0.0,3.0,3.0,8.0,0.0,1,950.0,995.5011288423941,950.0,Y0
0.0,0.0,3.0,0.0,0.0,0.0,3.0,10.0,0.0,0,1023.0,1023.0,937.9975091187516,Y1
1.0,0.0,0.0,1.0,0.0,0.0,0.0,2.0,0.0,1,905.0,892.8020582361223,905.0,Y0
1.0,0.0,2.0,0.0,3.0,0.0,0.0,5.0,0.0,0,881.0,881.0,906.7993081345273,Y1
1.0,0.0,7.0,0.0,0.0,0.0,0.0,4.0,0.0,0,921.0,921.0,960.1170570721042,Y1
1.0,1.0,2.0,1.0,2.0,0.0,0.0,5.0,0.0,0,876.0,876.0,936.3132171393797,Y1
0.0,0.0,2.0,0.0,3.0,0.0,2.0,5.0,0.0,0,976.0,976.0,994.3838988600567,Y1
1.0,0.0,7.0,0.0,0.0,0.0,0.0,14.0,0.0,1,1105.0,1079.7127218522178,1105.0,Y0
1.0,0.0,3.0,0.0,1.0,1.0,0.0,22.0,0.0,0,905.0,905.0,903.3866350883594,Y1
1.0,0.0,0.0,0.0,0.0,1.0,5.0,11.0,0.0,1,887.0,985.9086634753968,887.0,Y0
0.0,0.0,2.0,0.0,0.0,1.0,0.0,10.0,0.0,0,847.0,847.0,833.8890302962375,Y1
1.0,1.0,0.0,0.0,3.0,0.0,0.0,17.0,0.0,0,919.0,919.0,955.0765175291109,Y1
1.0,0.0,3.0,0.0,0.0,1.0,0.0,10.0,0.0,0,856.0,856.0,847.1418262695081,Y1
0.0,0.0,0.0,1.0,0.0,0.0,0.0,20.0,0.0,0,956.0,956.0,927.2302449833683,Y1
1.0,1.0,1.0,1.0,2.0,0.0,0.0,5.0,0.0,1,926.0,866.2718524553143,926.0,Y0
1.0,0.0,3.0,1.0,0.0,0.0,0.0,10.0,0.0,0,958.0,958.0,944.3249258600486,Y1
1.0,0.0,3.0,0.0,0.0,0.0,0.0,9.0,0.0,1,1017.0,1003.02367688917,1017.0,Y0
1.0,0.0,3.0,0.0,3.0,1.0,0.0,12.0,0.0,0,956.0,956.0,950.9341282313205,Y1
1.0,0.0,2.0,0.0,1.0,0.0,0.0,14.0,0.0,1,966.0,936.040015039136,966.0,Y0
1.0,1.0,3.0,1.0,2.0,0.0,0.0,16.0,1.0,0,912.0,912.0,917.3081895052478,Y1
1.0,0.0,3.0,1.0,1.0,0.0,0.0,16.0,1.0,1,903.0,898.0016149546614,903.0,Y0
0.0,0.0,2.0,0.0,0.0,0.0,0.0,21.0,0.0,1,823.0,826.5336686561387,823.0,Y0
1.0,0.0,1.0,0.0,1.0,2.0,0.0,12.0,0.0,0,978.0,978.0,1008.5884883014576,Y1
1.0,0.0,7.0,0.0,1.0,0.0,0.0,17.0,0.0,0,1061.0,1061.0,1066.099709330988,Y1
1.0,1.0,3.0,0.0,1.0,0.0,-1.0,18.0,1.0,0,796.0,796.0,816.5513504646444,Y1
0.0,1.0,3.0,1.0,1.0,0.0,0.0,6.0,0.0,0,907.0,907.0,957.9533492905497,Y1
1.0,1.0,1.0,1.0,2.0,0.0,-1.0,9.0,1.0,0,893.0,893.0,883.0508372436262,Y1
0.0,0.0,2.0,0.0,0.0,0.0,-1.0,2.0,0.0,0,870.0,870.0,861.1891398791624,Y1
1.0,0.0,3.0,0.0,0.0,1.0,0.0,13.0,0.0,0,805.0,805.0,815.1302480598961,Y1
0.0,0.0,1.0,0.0,0.0,1.0,0.0,20.0,0.0,0,1045.0,1045.0,997.2529473911522,Y1
1.0,0.0,1.0,0.0,1.0,0.0,0.0,0.0,0.0,0,956.0,956.0,1012.6313864264167,Y1
0.0,0.0,3.0,0.0,1.0,1.0,0.0,14.0,0.0,0,956.0,956.0,985.282048755361,Y1
1.0,1.0,3.0,1.0,2.0,0.0,2.0,2.0,0.0,1,996.0,988.7437783080876,996.0,Y0
1.0,0.0,3.0,1.0,0.0,1.0,0.0,8.0,0.0,1,869.0,843.7265313977409,869.0,Y0
1.0,0.0,4.0,0.0,1.0,0.0,0.0,17.0,0.0,0,884.0,884.0,910.317862472266,Y1
1.0,1.0,4.0,1.0,2.0,0.0,0.0,5.0,1.0,0,837.0,837.0,893.7571724811131,Y1
0.0,1.0,3.0,0.0,1.0,0.0,3.0,13.0,0.0,1,917.0,952.4647793141396,917.0,Y0
0.0,1.0,2.0,1.0,2.0,0.0,0.0,10.0,1.0,0,1036.0,1036.0,1012.0274446789928,Y1
0.0,0.0,0.0,1.0,0.0,0.0,0.0,3.0,0.0,0,888.0,888.0,937.8309613952216,Y1
1.0,0.0,2.0,1.0,0.0,0.0,0.0,3.0,0.0,0,899.0,899.0,953.5389108150378,Y1
0.0,0.0,3.0,0.0,3.0,0.0,0.0,14.0,0.0,0,845.0,845.0,881.8749545665167,Y1
0.0,0.0,3.0,0.0,0.0,0.0,0.0,15.0,0.0,0,857.0,857.0,864.5987966578314,Y1
1.0,0.0,2.0,1.0,0.0,1.0,0.0,20.0,0.0,0,908.0,908.0,864.4739230937254,Y1
1.0,0.0,2.0,0.0,1.0,0.0,0.0,11.0,0.0,1,888.0,881.6927440173697,888.0,Y0
0.0,0.0,2.0,0.0,0.0,0.0,0.0,8.0,0.0,1,993.0,974.1744293897478,993.0,Y0
1.0,0.0,2.0,0.0,0.0,1.0,0.0,8.0,0.0,0,906.0,906.0,935.5775554428288,Y1
1.0,0.0,3.0,0.0,0.0,0.0,0.0,4.0,0.0,1,1074.0,999.8885960504934,1074.0,Y0
0.0,0.0,0.0,0.0,3.0,1.0,0.0,4.0,0.0,0,963.0,963.0,953.9582069266824,Y1
1.0,0.0,1.0,1.0,0.0,1.0,0.0,10.0,0.0,0,834.0,834.0,820.8244136633355,Y1
0.0,0.0,1.0,0.0,3.0,0.0,0.0,11.0,0.0,1,987.0,991.8187927513308,987.0,Y0
0.0,0.0,3.0,0.0,0.0,0.0,0.0,15.0,0.0,1,903.0,895.4012033421686,903.0,Y0
0.0,0.0,2.0,0.0,0.0,0.0,0.0,14.0,0.0,0,936.0,936.0,977.6703069583634,Y1
1.0,0.0,1.0,1.0,0.0,1.0,0.0,5.0,0.0,0,958.0,958.0,979.1538708207235,Y1
1.0,1.0,4.0,1.0,1.0,0.0,-1.0,5.0,0.0,1,811.0,810.0573581138343,811.0,Y0
1.0,0.0,1.0,0.0,1.0,0.0,0.0,7.0,0.0,0,884.0,884.0,929.2532242255412,Y1
1.0,0.0,2.0,0.0,2.0,1.0,0.0,11.0,0.0,0,976.0,976.0,981.4460651239019,Y1
1.0,0.0,2.0,0.0,0.0,1.0,0.0,13.0,0.0,0,766.0,766.0,776.1102254765595,Y1
0.0,0.0,0.0,1.0,0.0,0.0,0.0,11.0,0.0,0,879.0,879.0,898.6969807272908,Y1
1.0,0.0,3.0,0.0,0.0,3.0,3.0,8.0,0.0,1,876.0,895.0540146717527,876.0,Y0
1.0,0.0,0.0,1.0,0.0,1.0,0.0,5.0,0.0,0,863.0,863.0,876.209031394464,Y1
0.0,0.0,1.0,0.0,0.0,0.0,0.0,20.0,0.0,0,914.0,914.0,874.9738943960799,Y1
1.0,1.0,1.0,1.0,1.0,0.0,0.0,3.0,0.0,1,1007.0,932.1683988262845,1007.0,Y0
0.0,1.0,3.0,1.0,2.0,0.0,2.0,1.0,1.0,0,853.0,853.0,836.4689783205594,Y1
1.0,0.0,2.0,1.0,0.0,2.0,0.0,6.0,0.0,1,810.0,796.0422706253717,810.0,Y0
0.0,1.0,0.0,0.0,2.0,1.0,0.0,15.0,1.0,0,902.0,902.0,928.7194171436807,Y1
0.0,1.0,1.0,1.0,2.0,0.0,0.0,5.0,0.0,0,939.0,939.0,995.2930552297771,Y1
0.0,0.0,1.0,0.0,0.0,0.0,0.0,4.0,0.0,1,1036.0,982.115792710768,1036.0,Y0
1.0,1.0,2.0,1.0,2.0,0.0,2.0,1.0,1.0,1,927.0,942.1094741795687,927.0,Y0
1.0,1.0,3.0,1.0,2.0,0.0,2.0,1.0,1.0,0,952.0,952.0,937.6155224660966,Y1
1.0,0.0,2.0,0.0,3.0,0.0,0.0,13.0,0.0,1,934.0,924.4601729987311,934.0,Y0
1.0,0.0,2.0,0.0,0.0,1.0,0.0,9.0,0.0,0,902.0,902.0,916.0769661717269,Y1
0.0,1.0,0.0,1.0,2.0,1.0,0.0,7.0,0.0,0,1048.0,1048.0,1051.438408092144,Y1
0.0,0.0,2.0,0.0,1.0,1.0,0.0,7.0,0.0,1,929.0,930.1461586468002,929.0,Y0
1.0,0.0,1.0,0.0,3.0,0.0,0.0,3.0,0.0,0,1042.0,1042.0,1068.8292395173157,Y1
1.0,1.0,0.0,1.0,2.0,1.0,0.0,5.0,0.0,0,882.0,882.0,902.7917821570624,Y1
0.0,0.0,1.0,1.0,1.0,0.0,0.0,11.0,0.0,0,871.0,871.0,883.6654034059308,Y1
0.0,0.0,0.0,1.0,0.0,0.0,0.0,10.0,0.0,0,981.0,981.0,971.844738659541,Y1
0.0,1.0,1.0,1.0,2.0,0.0,1.0,0.0,1.0,0,1007.0,1007.0,1080.8062442513337,Y1
1.0,0.0,2.0,1.0,2.0,1.0,0.0,10.0,1.0,1,948.0,967.974331745871,948.0,Y0
1.0,0.0,3.0,0.0,1.0,1.0,0.0,17.0,0.0,1,928.0,901.4021854456752,928.0,Y0
0.0,0.0,3.0,1.0,1.0,0.0,0.0,10.0,0.0,1,853.0,868.8195465005044,853.0,Y0
1.0,0.0,7.0,1.0,0.0,0.0,0.0,15.0,0.0,1,911.0,918.6092207437608,911.0,Y0
0.0,1.0,0.0,0.0,1.0,0.0,0.0,5.0,1.0,0,1109.0,1109.0,1144.2483327431405,Y1
1.0,1.0,3.0,1.0,2.0,1.0,0.0,17.0,0.0,0,927.0,927.0,948.8115681509868,Y1
0.0,1.0,2.0,1.0,2.0,0.0,2.0,1.0,0.0,1,869.0,890.8428040144654,869.0,Y0
1.0,0.0,3.0,1.0,0.0,1.0,4.0,16.0,0.0,0,1068.0,1068.0,1018.2626199079899,Y1
0.0,0.0,0.0,0.0,1.0,0.0,0.0,17.0,0.0,0,1001.0,1001.0,1031.5267677576576,Y1
1.0,0.0,7.0,1.0,0.0,0.0,0.0,6.0,0.0,0,863.0,863.0,872.2711206221514,Y1
0.0,0.0,3.0,1.0,0.0,0.0,0.0,3.0,0.0,0,997.0,997.0,1046.5350682580322,Y1
1.0,1.0,3.0,1.0,2.0,1.0,0.0,17.0,0.0,0,862.0,862.0,883.8115681509868,Y1
0.0,0.0,1.0,0.0,3.0,2.0,0.0,13.0,0.0,0,908.0,908.0,971.5412628686119,Y1
0.0,0.0,0.0,0.0,3.0,2.0,0.0,12.0,0.0,1,961.0,914.4861285003931,961.0,Y0
0.0,0.0,2.0,0.0,0.0,0.0,-1.0,4.0,0.0,0,902.0,902.0,955.1312824207648,Y1
0.0,0.0,1.0,1.0,3.0,0.0,2.0,5.0,0.0,0,944.0,944.0,946.7244907073007,Y1
0.0,1.0,2.0,1.0,0.0,0.0,-1.0,4.0,0.0,0,842.0,842.0,922.9395904708558,Y1
1.0,0.0,1.0,0.0,1.0,0.0,0.0,11.0,0.0,1,1003.0,989.5325622042815,1003.0,Y0
0.0,0.0,3.0,0.0,1.0,1.0,0.0,8.0,0.0,0,915.0,915.0,928.972143317375,Y1
0.0,0.0,3.0,0.0,0.0,0.0,0.0,8.0,0.0,1,844.0,824.4183685876407,844.0,Y0
1.0,0.0,3.0,1.0,0.0,1.0,0.0,12.0,0.0,0,887.0,887.0,892.2355110953255,Y1
0.0,0.0,3.0,0.0,0.0,0.0,1.0,0.0,0.0,0,1043.0,1043.0,1044.003550740654,Y1
0.0,0.0,1.0,1.0,0.0,1.0,4.0,16.0,0.0,0,1028.0,1028.0,956.5248555829199,Y1
0.0,0.0,0.0,0.0,0.0,3.0,0.0,10.0,0.0,1,1002.0,1004.6976273890162,1002.0,Y0
1.0,0.0,3.0,1.0,0.0,2.0,0.0,6.0,0.0,1,801.0,786.8581136854389,801.0,Y0
0.0,1.0,3.0,1.0,1.0,1.0,0.0,15.0,1.0,0,979.0,979.0,994.0585335137474,Y1
1.0,0.0,1.0,0.0,0.0,0.0,2.0,3.0,1.0,0,903.0,903.0,901.8500193075477,Y1
0.0,0.0,1.0,0.0,3.0,0.0,0.0,13.0,0.0,0,883.0,883.0,897.5257264694758,Y1
1.0,1.0,3.0,1.0,1.0,0.0,0.0,5.0,1.0,0,989.0,989.0,1034.5827773336282,Y1
0.0,1.0,3.0,1.0,2.0,1.0,0.0,5.0,0.0,0,853.0,853.0,880.0245603616725,Y1
0.0,1.0,3.0,1.0,2.0,0.0,0.0,11.0,0.0,0,800.0,800.0,811.3251022315046,Y1
0.0,0.0,2.0,0.0,0.0,1.0,0.0,5.0,0.0,1,867.0,853.9355798783894,867.0,Y0
0.0,0.0,1.0,0.0,1.0,0.0,0.0,11.0,0.0,0,926.0,926.0,936.753407619057,Y1
1.0,0.0,2.0,1.0,0.0,0.0,0.0,22.0,0.0,1,908.0,899.3157621138895,908.0,Y0
1.0,0.0,3.0,0.0,0.0,0.0,0.0,9.0,0.0,1,991.0,977.02367688917,991.0,Y0
1.0,0.0,2.0,1.0,0.0,2.0,0.0,12.0,0.0,0,891.0,891.0,917.5385555199986,Y1
0.0,0.0,4.0,0.0,0.0,1.0,0.0,8.0,0.0,0,971.0,971.0,989.3297848830899,Y1
0.0,0.0,3.0,1.0,0.0,1.0,0.0,5.0,0.0,0,837.0,837.0,854.9473587542046,Y1
0.0,0.0,1.0,0.0,3.0,0.0,0.0,3.0,0.0,0,932.0,932.0,943.5752414462941,Y1
0.0,1.0,3.0,0.0,1.0,1.0,0.0,15.0,0.0,1,1015.0,986.5797577991218,1015.0,Y0
1.0,0.0,0.0,1.0,3.0,2.0,0.0,13.0,0.0,0,796.0,796.0,844.3530491957218,Y1
0.0,0.0,0.0,0.0,0.0,0.0,0.0,13.0,0.0,0,1005.0,1005.0,1023.8192994322403,Y1
1.0,0.0,4.0,1.0,3.0,2.0,0.0,13.0,0.0,0,870.0,870.0,918.2882612797947,Y1
1.0,1.0,3.0,1.0,2.0,0.0,0.0,6.0,1.0,1,946.0,894.0192832284881,946.0,Y0
0.0,1.0,3.0,1.0,2.0,1.0,0.0,13.0,1.0,1,884.0,885.9837808996293,884.0,Y0
0.0,0.0,2.0,0.0,0.0,0.0,0.0,8.0,0.0,0,997.0,997.0,1015.8255706102522,Y1
1.0,1.0,3.0,1.0,2.0,0.0,1.0,0.0,0.0,0,925.0,925.0,1019.1765887675542,Y1
0.0,0.0,0.0,1.0,0.0,1.0,0.0,11.0,0.0,0,1114.0,1114.0,1124.4350326306692,Y1
0.0,0.0,2.0,0.0,0.0,0.0,0.0,8.0,0.0,1,964.0,945.1744293897478,964.0,Y0
1.0,0.0,2.0,0.0,1.0,1.0,0.0,4.0,0.0,1,965.0,925.2590515894905,965.0,Y0
0.0,0.0,1.0,0.0,0.0,1.0,0.0,15.0,0.0,0,1100.0,1100.0,1111.9697576090703,Y1
0.0,0.0,2.0,0.0,0.0,1.0,0.0,20.0,0.0,0,949.0,949.0,898.3652770131739,Y1
1.0,1.0,2.0,1.0,2.0,0.0,2.0,2.0,1.0,1,803.0,792.8907770022944,803.0,Y0
1.0,1.0,2.0,1.0,2.0,0.0,1.0,9.0,1.0,1,953.0,936.0600448195933,953.0,Y0
0.0,0.0,1.0,0.0,0.0,1.0,0.0,8.0,0.0,0,989.0,989.0,1002.1762237618073,Y1
0.0,1.0,3.0,1.0,2.0,0.0,0.0,16.0,1.0,0,823.0,823.0,831.4202630262879,Y1
1.0,1.0,3.0,1.0,2.0,0.0,0.0,3.0,1.0,1,929.0,833.712611764571,929.0,Y0
0.0,0.0,3.0,1.0,2.0,0.0,0.0,9.0,0.0,0,846.0,846.0,855.1006563442306,Y1
1.0,1.0,0.0,1.0,2.0,0.0,2.0,1.0,1.0,1,974.0,978.8435596481626,974.0,Y0
1.0,0.0,0.0,0.0,0.0,1.0,0.0,9.0,0.0,0,921.0,921.0,927.1787047544699,Y1
1.0,1.0,0.0,0.0,2.0,0.0,1.0,0.0,0.0,0,989.0,989.0,1076.5288982084242,Y1
0.0,0.0,1.0,0.0,0.0,0.0,2.0,2.0,0.0,0,942.0,942.0,902.6464747626969,Y1
1.0,0.0,2.0,1.0,0.0,1.0,0.0,13.0,0.0,0,874.0,874.0,881.167189334634,Y1
0.0,0.0,3.0,1.0,1.0,1.0,0.0,15.0,1.0,0,928.0,928.0,945.9733393768737,Y1
1.0,0.0,2.0,0.0,0.0,0.0,-1.0,12.0,0.0,1,805.0,825.7986276766517,805.0,Y0
1.0,0.0,0.0,1.0,3.0,1.0,0.0,6.0,0.0,0,878.0,878.0,872.9727843887486,Y1
0.0,1.0,2.0,1.0,1.0,1.0,0.0,10.0,0.0,0,831.0,831.0,817.0960048494043,Y1
1.0,0.0,3.0,0.0,0.0,0.0,0.0,12.0,0.0,0,924.0,924.0,934.5448258123123,Y1
0.0,0.0,1.0,0.0,3.0,1.0,0.0,7.0,0.0,1,967.0,982.1387532358551,967.0,Y0
1.0,0.0,3.0,1.0,0.0,1.0,0.0,13.0,0.0,0,979.0,979.0,986.1711094138501,Y1
1.0,0.0,3.0,0.0,0.0,0.0,0.0,13.0,-1.0,0,888.0,888.0,905.2453216709706,Y1
1.0,0.0,0.0,0.0,0.0,0.0,1.0,0.0,0.0,0,943.0,943.0,1004.2287740079934,Y1
0.0,0.0,0.0,0.0,0.0,1.0,0.0,11.0,0.0,0,1052.0,1052.0,1060.5267487497347,Y1
1.0,1.0,3.0,1.0,2.0,1.0,0.0,10.0,1.0,0,789.0,789.0,768.0549991795476,Y1
0.0,1.0,0.0,1.0,2.0,0.0,0.0,3.0,1.0,1,1046.0,953.7722351201173,1046.0,Y0
0.0,1.0,0.0,1.0,2.0,1.0,0.0,13.0,1.0,1,1164.0,1161.6824973326545,1164.0,Y0
1.0,0.0,1.0,0.0,0.0,1.0,0.0,11.0,0.0,0,975.0,975.0,985.765804677186,Y1
1.0,0.0,3.0,1.0,0.0,0.0,2.0,1.0,0.0,0,811.0,811.0,776.2012632887156,Y1
0.0,0.0,3.0,0.0,0.0,1.0,0.0,12.0,0.0,0,894.0,894.0,897.4295721386655,Y1
1.0,1.0,2.0,1.0,2.0,2.0,0.0,8.0,0.0,0,844.0,844.0,884.0634099590999,Y1
1.0,0.0,0.0,0.0,1.0,0.0,0.0,3.0,0.0,0,932.0,932.0,988.9186689997784,Y1
0.0,0.0,1.0,0.0,0.0,0.0,0.0,11.0,0.0,0,1019.0,1019.0,1036.0160821901306,Y1
0.0,0.0,3.0,1.0,0.0,0.0,0.0,2.0,0.0,1,913.0,914.4650740368814,913.0,Y0
0.0,0.0,1.0,1.0,0.0,1.0,0.0,8.0,0.0,1,967.0,949.0108514331955,967.0,Y0
1.0,1.0,2.0,1.0,2.0,0.0,1.0,0.0,0.0,0,852.0,852.0,945.394945092094,Y1
1.0,0.0,0.0,1.0,0.0,0.0,0.0,11.0,0.0,0,841.0,841.0,859.2570467185141,Y1
1.0,1.0,3.0,1.0,2.0,0.0,0.0,12.0,0.0,0,802.0,802.0,808.4969514871544,Y1
1.0,0.0,3.0,1.0,0.0,0.0,0.0,19.0,0.0,1,829.0,873.7623380642534,829.0,Y0
1.0,0.0,1.0,1.0,3.0,1.0,0.0,7.0,0.0,1,790.0,794.1864083917784,790.0,Y0
1.0,1.0,2.0,0.0,2.0,1.0,0.0,6.0,0.0,1,806.0,766.0967892849154,806.0,Y0
1.0,1.0,1.0,1.0,3.0,0.0,0.0,17.0,0.0,0,924.0,924.0,960.0740590521257,Y1
0.0,0.0,1.0,0.0,1.0,0.0,0.0,17.0,0.0,0,888.0,888.0,918.4060012626848,Y1
1.0,1.0,4.0,1.0,1.0,0.0,0.0,0.0,0.0,0,783.0,783.0,867.9985486591595,Y1
0.0,1.0,0.0,1.0,2.0,0.0,0.0,11.0,0.0,1,994.0,976.291110403659,994.0,Y0
1.0,0.0,0.0,0.0,0.0,1.0,0.0,8.0,0.0,0,879.0,879.0,897.5570434763741,Y1
1.0,0.0,1.0,0.0,1.0,0.0,0.0,11.0,1.0,1,976.0,977.6008384755245,976.0,Y0
0.0,0.0,1.0,0.0,3.0,0.0,0.0,5.0,0.0,0,945.0,945.0,954.460913632107,Y1
1.0,0.0,1.0,0.0,0.0,1.0,0.0,11.0,0.0,0,917.0,917.0,927.765804677186,Y1
0.0,0.0,1.0,0.0,0.0,1.0,0.0,13.0,0.0,0,897.0,897.0,907.1737799658044,Y1
1.0,1.0,2.0,0.0,1.0,1.0,0.0,10.0,0.0,0,946.0,946.0,935.7081395209988,Y1
1.0,0.0,0.0,1.0,0.0,1.0,3.0,11.0,0.0,0,928.0,928.0,867.9342653636086,Y1
1.0,1.0,0.0,1.0,2.0,0.0,1.0,9.0,1.0,1,1027.0,1012.3998203388713,1027.0,Y0
0.0,1.0,1.0,1.0,2.0,0.0,-1.0,10.0,1.0,0,884.0,884.0,874.6975995525744,Y1
0.0,1.0,0.0,1.0,2.0,0.0,-1.0,6.0,1.0,0,969.0,969.0,958.0965029460505,Y1
1.0,1.0,0.0,1.0,2.0,0.0,-1.0,2.0,0.0,0,856.0,856.0,839.9967989180662,Y1
1.0,0.0,3.0,0.0,1.0,0.0,0.0,15.0,0.0,0,871.0,871.0,894.654078324659,Y1
0.0,0.0,1.0,0.0,0.0,1.0,0.0,11.0,0.0,0,900.0,900.0,906.5501954107909,Y1
1.0,3.0,3.0,0.0,1.0,0.0,0.0,10.0,0.0,1,768.0,814.866776071154,768.0,Y0
1.0,1.0,1.0,1.0,2.0,0.0,0.0,14.0,0.0,1,948.0,913.7997746884852,948.0,Y0
0.0,0.0,1.0,1.0,0.0,0.0,-1.0,2.0,0.0,0,859.0,859.0,858.0996377019217,Y1
0.0,1.0,2.0,1.0,2.0,0.0,0.0,20.0,1.0,0,957.0,957.0,888.0473067635833,Y1
0.0,0.0,0.0,0.0,1.0,0.0,0.0,17.0,0.0,0,919.0,919.0,949.5267677576575,Y1
1.0,1.0,2.0,1.0,2.0,0.0,0.0,6.0,0.0,1,1032.0,975.5601525397927,1032.0,Y0
0.0,0.0,3.0,1.0,0.0,1.0,0.0,6.0,0.0,0,837.0,837.0,858.3436912266641,Y1
1.0,0.0,1.0,1.0,0.0,0.0,-1.0,6.0,0.0,1,809.0,815.443891119848,809.0,Y0
1.0,0.0,1.0,1.0,0.0,0.0,0.0,5.0,0.0,1,946.0,907.4998879012231,946.0,Y0
0.0,0.0,2.0,1.0,0.0,0.0,0.0,3.0,0.0,1,930.0,880.6236008954176,930.0,Y0
1.0,0.0,2.0,1.0,0.0,0.0,0.0,8.0,0.0,0,832.0,832.0,859.1070596421907,Y1
1.0,0.0,3.0,0.0,0.0,0.0,0.0,5.0,0.0,0,912.0,912.0,955.2414549782097,Y1
0.0,0.0,2.0,1.0,0.0,3.0,0.0,14.0,0.0,1,986.0,933.4632760650712,986.0,Y0
0.0,0.0,2.0,0.0,1.0,1.0,0.0,8.0,0.0,1,944.0,930.7868970216716,944.0,Y0
1.0,1.0,1.0,1.0,2.0,0.0,0.0,3.0,1.0,0,784.0,784.0,881.270364993173,Y1
1.0,1.0,3.0,1.0,2.0,0.0,-1.0,3.0,0.0,1,861.0,818.9741923028794,861.0,Y0
0.0,0.0,6.0,1.0,0.0,1.0,0.0,7.0,0.0,0,853.0,853.0,829.7189025483312,Y1
0.0,1.0,3.0,0.0,2.0,0.0,2.0,1.0,0.0,1,786.0,819.2395428951892,786.0,Y0
0.0,0.0,0.0,0.0,0.0,0.0,-1.0,4.0,0.0,0,936.0,936.0,986.3750807819598,Y1
1.0,0.0,1.0,1.0,0.0,0.0,0.0,4.0,0.0,0,891.0,891.0,961.950039769259,Y1
1.0,0.0,1.0,0.0,0.0,0.0,0.0,13.0,-1.0,0,919.0,919.0,931.2766708895974,Y1
1.0,1.0,3.0,1.0,0.0,0.0,0.0,21.0,0.0,1,921.0,937.594447377345,921.0,Y0
1.0,1.0,3.0,1.0,2.0,0.0,0.0,5.0,1.0,0,829.0,829.0,887.12292848782,Y1
1.0,0.0,0.0,0.0,0.0,0.0,0.0,2.0,0.0,0,922.0,922.0,937.7626565767072,Y1
1.0,0.0,3.0,0.0,0.0,1.0,0.0,17.0,0.0,0,866.0,866.0,887.3919950671954,Y1
0.0,1.0,3.0,1.0,1.0,0.0,0.0,6.0,0.0,0,873.0,873.0,923.9533492905497,Y1
1.0,1.0,0.0,1.0,1.0,0.0,-1.0,0.0,0.0,0,876.0,876.0,930.089225140509,Y1
0.0,0.0,5.0,0.0,0.0,0.0,2.0,1.0,0.0,0,911.0,911.0,859.8499415572859,Y1
0.0,0.0,1.0,0.0,0.0,1.0,0.0,11.0,0.0,0,979.0,979.0,985.5501954107909,Y1
1.0,0.0,0.0,0.0,1.0,1.0,0.0,12.0,0.0,1,953.0,955.0932095455996,953.0,Y0
1.0,1.0,0.0,1.0,0.0,1.0,0.0,5.0,0.0,1,861.0,835.9032529757656,861.0,Y0
0.0,0.0,0.0,1.0,0.0,0.0,0.0,11.0,0.0,0,845.0,845.0,864.6969807272908,Y1
0.0,1.0,2.0,1.0,2.0,0.0,0.0,11.0,0.0,0,1028.0,1028.0,1039.2825150501887,Y1
1.0,0.0,2.0,0.0,1.0,0.0,0.0,5.0,1.0,0,848.0,848.0,885.3645633126399,Y1
1.0,0.0,0.0,0.0,0.0,1.0,0.0,13.0,0.0,0,820.0,820.0,827.730306249547,Y1
1.0,1.0,2.0,0.0,1.0,1.0,0.0,20.0,0.0,1,891.0,949.6303140597645,891.0,Y0
0.0,0.0,4.0,0.0,0.0,0.0,3.0,9.0,0.0,0,1039.0,1039.0,1000.5999032168443,Y1
1.0,0.0,3.0,1.0,0.0,0.0,0.0,8.0,0.0,1,854.0,826.7331174828687,854.0,Y0
1.0,1.0,3.0,1.0,1.0,0.0,-1.0,0.0,0.0,0,878.0,878.0,939.9768321113216,Y1
0.0,0.0,2.0,1.0,3.0,0.0,0.0,13.0,0.0,0,856.0,856.0,866.0722670779414,Y1
0.0,1.0,1.0,1.0,2.0,0.0,0.0,20.0,1.0,0,996.0,996.0,932.0379582418805,Y1
1.0,0.0,0.0,0.0,1.0,1.0,0.0,13.0,0.0,0,910.0,910.0,916.0754519265587,Y1
0.0,4.0,0.0,0.0,0.0,1.0,0.0,3.0,0.0,0,890.0,890.0,986.0555889850905,Y1
0.0,1.0,3.0,1.0,0.0,0.0,0.0,21.0,0.0,1,780.0,792.9923080492566,780.0,Y0
0.0,1.0,2.0,1.0,2.0,0.0,0.0,3.0,1.0,0,792.0,792.0,882.4453469794605,Y1
0.0,0.0,0.0,1.0,0.0,1.0,0.0,13.0,0.0,0,933.0,933.0,946.1211780188661,Y1
1.0,1.0,0.0,0.0,1.0,0.0,3.0,13.0,0.0,1,945.0,977.1439753624062,945.0,Y0
0.0,1.0,2.0,1.0,2.0,0.0,0.0,11.0,0.0,0,942.0,942.0,953.2825150501887,Y1
1.0,0.0,2.0,0.0,0.0,0.0,0.0,8.0,0.0,1,928.0,896.9607240192254,928.0,Y0
1.0,0.0,3.0,0.0,0.0,1.0,0.0,13.0,0.0,1,879.0,868.8697519401039,879.0,Y0
0.0,0.0,0.0,0.0,3.0,2.0,0.0,13.0,0.0,0,937.0,937.0,1002.4970263723404,Y1
1.0,0.0,0.0,0.0,0.0,3.0,0.0,10.0,0.0,1,1072.0,1077.31499429204,1072.0,Y0
0.0,0.0,2.0,1.0,0.0,0.0,0.0,4.0,0.0,0,961.0,961.0,1020.9336279028055,Y1
1.0,4.0,3.0,0.0,0.0,0.0,0.0,5.0,0.0,1,955.0,858.0839360355626,955.0,Y0
0.0,0.0,2.0,1.0,0.0,1.0,0.0,21.0,0.0,0,876.0,876.0,874.8010994688011,Y1
0.0,1.0,2.0,1.0,2.0,0.0,0.0,12.0,1.0,0,1037.0,1037.0,1027.4653785921278,Y1
1.0,0.0,0.0,0.0,1.0,1.0,0.0,20.0,0.0,1,910.0,953.0291401785926,910.0,Y0
1.0,0.0,2.0,0.0,0.0,0.0,0.0,13.0,0.0,0,918.0,918.0,930.5624264812899,Y1
1.0,0.0,2.0,0.0,1.0,1.0,0.0,18.0,0.0,1,991.0,947.3085939551413,991.0,Y0
0.0,0.0,2.0,0.0,0.0,1.0,0.0,6.0,0.0,0,917.0,917.0,933.4082056610581,Y1
1.0,1.0,2.0,1.0,2.0,0.0,2.0,1.0,0.0,0,904.0,904.0,885.627740340875,Y1
0.0,0.0,0.0,0.0,1.0,0.0,5.0,3.0,0.0,0,948.0,948.0,864.0630290417198,Y1
0.0,1.0,2.0,1.0,2.0,1.0,0.0,7.0,0.0,0,887.0,887.0,896.5548420325725,Y1
1.0,1.0,3.0,0.0,2.0,0.0,0.0,5.0,1.0,0,902.0,902.0,964.8117083394587,Y1
0.0,0.0,2.0,1.0,0.0,0.0,0.0,8.0,0.0,0,899.0,899.0,923.1216687827994,Y1
0.0,1.0,3.0,1.0,2.0,1.0,0.0,8.0,0.0,1,913.0,891.1709074678831,913.0,Y0
1.0,0.0,1.0,0.0,0.0,0.0,0.0,10.0,0.0,0,984.0,984.0,974.9156711289645,Y1
0.0,0.0,3.0,1.0,0.0,0.0,0.0,6.0,0.0,1,898.0,860.5973710229588,898.0,Y0
0.0,0.0,1.0,1.0,0.0,1.0,0.0,6.0,0.0,1,889.0,870.4108358686445,889.0,Y0
1.0,0.0,2.0,0.0,0.0,0.0,-1.0,5.0,0.0,0,952.0,952.0,947.2863984031499,Y1
1.0,0.0,2.0,1.0,3.0,0.0,0.0,13.0,0.0,0,930.0,930.0,938.199216192539,Y1
1.0,0.0,3.0,1.0,0.0,0.0,2.0,1.0,0.0,0,849.0,849.0,814.2012632887156,Y1
0.0,0.0,9.0,0.0,0.0,1.0,0.0,5.0,0.0,0,894.0,894.0,904.9412911222128,Y1
1.0,1.0,2.0,1.0,2.0,0.0,1.0,0.0,0.0,0,963.0,963.0,1056.394945092094,Y1
0.0,1.0,3.0,1.0,2.0,0.0,-1.0,9.0,1.0,0,854.0,854.0,830.3633272596506,Y1
0.0,1.0,3.0,0.0,1.0,0.0,0.0,5.0,1.0,0,828.0,828.0,865.615215370433,Y1
0.0,0.0,1.0,0.0,0.0,0.0,0.0,13.0,-1.0,0,920.0,920.0,931.6600977457072,Y1
0.0,0.0,0.0,1.0,0.0,0.0,0.0,2.0,0.0,1,950.0,946.4894617637385,950.0,Y0
0.0,1.0,5.0,1.0,2.0,0.0,-1.0,2.0,0.0,1,805.0,820.3992814862117,805.0,Y0
0.0,0.0,3.0,1.0,0.0,0.0,0.0,11.0,0.0,0,856.0,856.0,867.7498566702695,Y1
0.0,0.0,0.0,0.0,0.0,0.0,0.0,19.0,0.0,1,927.0,962.0976245710142,927.0,Y0
0.0,0.0,3.0,0.0,1.0,2.0,0.0,12.0,0.0,0,944.0,944.0,974.3093315664398,Y1
1.0,1.0,0.0,1.0,1.0,0.0,-1.0,12.0,1.0,0,847.0,847.0,838.9225087176285,Y1
1.0,0.0,1.0,1.0,0.0,1.0,0.0,8.0,0.0,0,905.0,905.0,927.5557779336302,Y1
1.0,0.0,3.0,0.0,0.0,0.0,0.0,12.0,0.0,1,916.0,905.4551741876877,916.0,Y0
0.0,1.0,3.0,1.0,2.0,0.0,2.0,1.0,0.0,0,952.0,952.0,930.9402795005117,Y1
0.0,0.0,1.0,0.0,0.0,0.0,0.0,8.0,0.0,1,1080.0,1058.8587789317764,1080.0,Y0
1.0,0.0,2.0,1.0,0.0,0.0,0.0,8.0,0.0,0,826.0,826.0,853.1070596421907,Y1
1.0,0.0,3.0,0.0,0.0,1.0,0.0,6.0,0.0,1,1036.0,1003.7708174555763,1036.0,Y0
0.0,0.0,0.0,1.0,0.0,0.0,0.0,13.0,-1.0,0,861.0,861.0,876.6152195145569,Y1
1.0,1.0,0.0,1.0,2.0,2.0,0.0,8.0,0.0,0,879.0,879.0,893.1264962922014,Y1
1.0,0.0,1.0,0.0,1.0,2.0,0.0,13.0,0.0,0,976.0,976.0,1012.687882231408,Y1
0.0,0.0,0.0,0.0,3.0,0.0,0.0,5.0,0.0,0,853.0,853.0,861.9869634075255,Y1
0.0,0.0,0.0,0.0,3.0,0.0,-1.0,11.0,0.0,0,947.0,947.0,876.000857437053,Y1
1.0,1.0,0.0,1.0,2.0,0.0,0.0,5.0,1.0,0,883.0,883.0,940.3142766036059,Y1
1.0,0.0,3.0,1.0,3.0,1.0,0.0,6.0,0.0,0,898.0,898.0,904.5537230109944,Y1
0.0,0.0,0.0,0.0,3.0,1.0,0.0,14.0,0.0,1,985.0,938.5586055357977,985.0,Y0
0.0,0.0,1.0,1.0,3.0,0.0,0.0,11.0,0.0,1,902.0,904.8402516258872,902.0,Y0
0.0,0.0,4.0,0.0,3.0,0.0,0.0,11.0,0.0,1,908.0,918.1007894361328,908.0,Y0
0.0,1.0,0.0,1.0,2.0,1.0,0.0,15.0,1.0,0,893.0,893.0,915.7192604274206,Y1
1.0,0.0,2.0,1.0,0.0,0.0,0.0,15.0,0.0,0,961.0,961.0,966.8329640093672,Y1
1.0,0.0,1.0,0.0,1.0,1.0,1.0,8.0,0.0,1,1043.0,1007.070279757151,1043.0,Y0
0.0,0.0,2.0,0.0,1.0,0.0,0.0,7.0,0.0,0,889.0,889.0,920.9429714460872,Y1
1.0,0.0,3.0,0.0,0.0,1.0,0.0,11.0,0.0,0,886.0,886.0,895.2403518776066,Y1
1.0,0.0,0.0,0.0,1.0,0.0,0.0,11.0,0.0,0,907.0,907.0,919.9406870130734,Y1
0.0,1.0,0.0,0.0,2.0,0.0,0.0,9.0,0.0,1,870.0,859.7709674675046,870.0,Y0
1.0,1.0,3.0,1.0,2.0,0.0,0.0,6.0,1.0,0,837.0,837.0,888.9807167715119,Y1
1.0,0.0,2.0,0.0,1.0,0.0,0.0,10.0,0.0,1,831.0,846.0013246041318,831.0,Y0
1.0,1.0,0.0,1.0,2.0,0.0,-1.0,2.0,0.0,0,865.0,865.0,848.9967989180662,Y1
0.0,0.0,3.0,0.0,0.0,1.0,0.0,12.0,0.0,0,908.0,908.0,911.4295721386655,Y1
0.0,0.0,0.0,0.0,0.0,0.0,0.0,19.0,0.0,1,1054.0,1089.0976245710142,1054.0,Y0
1.0,0.0,0.0,0.0,0.0,1.0,0.0,3.0,0.0,0,879.0,879.0,921.5727363814661,Y1
1.0,1.0,2.0,1.0,2.0,2.0,0.0,8.0,0.0,0,852.0,852.0,892.0634099590999,Y1
1.0,0.0,0.0,0.0,1.0,0.0,0.0,10.0,0.0,1,921.0,933.5205452670275,921.0,Y0
1.0,1.0,2.0,1.0,1.0,0.0,1.0,0.0,0.0,0,812.0,812.0,911.267666024513,Y1
0.0,0.0,0.0,0.0,0.0,1.0,0.0,13.0,0.0,0,891.0,891.0,903.1320538594146,Y1
1.0,0.0,4.0,1.0,1.0,0.0,0.0,12.0,0.0,0,877.0,877.0,881.3062431438685,Y1
1.0,0.0,2.0,0.0,0.0,1.0,0.0,8.0,0.0,1,960.0,930.4224445571712,960.0,Y0
0.0,1.0,1.0,1.0,2.0,1.0,0.0,22.0,0.0,0,898.0,898.0,903.1410066812524,Y1
1.0,0.0,4.0,0.0,1.0,0.0,0.0,8.0,0.0,0,812.0,812.0,841.9618576567995,Y1
1.0,0.0,0.0,0.0,0.0,1.0,0.0,13.0,0.0,0,942.0,942.0,949.730306249547,Y1
1.0,0.0,2.0,0.0,0.0,1.0,0.0,5.0,0.0,0,928.0,928.0,956.1402670291227,Y1
1.0,0.0,1.0,0.0,0.0,0.0,1.0,0.0,0.0,0,837.0,837.0,897.4370820920674,Y1
1.0,0.0,3.0,0.0,0.0,0.0,0.0,19.0,0.0,1,1121.0,1163.7236485516994,1121.0,Y0
1.0,1.0,0.0,1.0,2.0,1.0,0.0,10.0,1.0,1,831.0,858.5267274210262,831.0,Y0
0.0,1.0,1.0,1.0,2.0,0.0,0.0,21.0,1.0,1,917.0,938.8472107579388,917.0,Y0
0.0,1.0,0.0,0.0,1.0,0.0,0.0,6.0,0.0,0,953.0,953.0,995.611902030192,Y1
0.0,0.0,3.0,0.0,0.0,0.0,0.0,3.0,0.0,0,908.0,908.0,951.766951461081,Y1
0.0,0.0,2.0,0.0,1.0,0.0,0.0,18.0,0.0,0,966.0,966.0,1006.1750175515492,Y1
1.0,0.0,1.0,1.0,3.0,0.0,0.0,17.0,0.0,0,856.0,856.0,896.7696703045087,Y1
1.0,0.0,0.0,0.0,1.0,0.0,-1.0,0.0,0.0,1,887.0,846.0627210535439,887.0,Y0
0.0,0.0,1.0,0.0,0.0,0.0,0.0,11.0,0.0,1,1003.0,985.9839178098695,1003.0,Y0
1.0,0.0,2.0,0.0,0.0,0.0,3.0,27.0,0.0,0,816.0,816.0,837.0989791192637,Y1
1.0,1.0,0.0,1.0,2.0,0.0,-1.0,2.0,0.0,1,831.0,847.0032010819338,831.0,Y0
1.0,0.0,2.0,0.0,1.0,0.0,0.0,3.0,0.0,1,914.0,857.0276898563023,914.0,Y0
1.0,0.0,1.0,1.0,0.0,0.0,0.0,11.0,0.0,1,1028.0,1009.7766018855602,1028.0,Y0
0.0,0.0,0.0,0.0,3.0,1.0,0.0,4.0,0.0,0,983.0,983.0,973.9582069266824,Y1
1.0,0.0,0.0,1.0,3.0,1.0,0.0,12.0,0.0,1,918.0,928.008700391466,918.0,Y0
1.0,0.0,2.0,1.0,0.0,0.0,0.0,13.0,0.0,0,998.0,998.0,1009.0824365164789,Y1
0.0,1.0,0.0,1.0,2.0,0.0,0.0,7.0,0.0,0,839.0,839.0,884.2665686526802,Y1
0.0,0.0,3.0,0.0,0.0,0.0,0.0,8.0,0.0,0,911.0,911.0,930.5816314123593,Y1
1.0,0.0,3.0,0.0,0.0,1.0,0.0,4.0,0.0,0,837.0,837.0,898.3471809257711,Y1
0.0,0.0,3.0,0.0,0.0,0.0,0.0,3.0,0.0,0,991.0,991.0,1034.7669514610811,Y1
1.0,0.0,3.0,0.0,1.0,1.0,0.0,8.0,0.0,0,845.0,845.0,872.6867309961107,Y1
1.0,0.0,1.0,1.0,0.0,1.0,0.0,12.0,0.0,0,831.0,831.0,837.1387343405064,Y1
0.0,0.0,0.0,1.0,0.0,1.0,0.0,13.0,0.0,0,891.0,891.0,904.1211780188661,Y1
0.0,0.0,1.0,0.0,1.0,0.0,2.0,3.0,0.0,0,893.0,893.0,876.4518514462139,Y1
0.0,0.0,2.0,1.0,3.0,0.0,0.0,11.0,0.0,0,820.0,820.0,810.0190665736061,Y1
0.0,1.0,2.0,1.0,2.0,0.0,0.0,3.0,1.0,1,1140.0,1049.5546530205395,1140.0,Y0
0.0,1.0,0.0,1.0,2.0,0.0,0.0,11.0,0.0,0,839.0,839.0,856.708889596341,Y1
1.0,0.0,1.0,0.0,1.0,0.0,0.0,17.0,0.0,0,850.0,850.0,880.5016060562959,Y1
0.0,1.0,3.0,1.0,2.0,0.0,-1.0,2.0,0.0,1,913.0,924.3633158593443,913.0,Y0
1.0,0.0,3.0,0.0,0.0,1.0,0.0,10.0,0.0,0,981.0,981.0,972.1418262695081,Y1
0.0,0.0,3.0,1.0,0.0,0.0,0.0,12.0,0.0,0,960.0,960.0,970.1472048867373,Y1
1.0,0.0,0.0,0.0,1.0,0.0,1.0,14.0,0.0,0,1020.0,1020.0,1064.3868680433543,Y1
0.0,1.0,2.0,1.0,2.0,1.0,0.0,5.0,0.0,0,855.0,855.0,881.872089331512,Y1
1.0,0.0,2.0,0.0,0.0,1.0,0.0,13.0,0.0,0,857.0,857.0,867.1102254765595,Y1
1.0,0.0,0.0,1.0,1.0,0.0,0.0,5.0,1.0,0,956.0,956.0,988.9939181716271,Y1
1.0,0.0,3.0,1.0,0.0,0.0,0.0,8.0,0.0,0,860.0,860.0,887.2668825171313,Y1
0.0,0.0,3.0,0.0,1.0,0.0,0.0,5.0,0.0,1,979.0,952.4314833096489,979.0,Y0
1.0,0.0,1.0,0.0,3.0,0.0,0.0,8.0,0.0,0,928.0,928.0,940.106062313445,Y1
1.0,0.0,2.0,0.0,0.0,0.0,2.0,2.0,0.0,0,1083.0,1083.0,1061.3380661667725,Y1
0.0,0.0,2.0,0.0,0.0,0.0,0.0,6.0,0.0,0,957.0,957.0,988.2768726664061,Y1
0.0,0.0,3.0,1.0,3.0,0.0,0.0,11.0,0.0,0,866.0,866.0,856.0472635050528,Y1
1.0,0.0,4.0,0.0,0.0,0.0,0.0,10.0,0.0,0,956.0,956.0,946.7650953601102,Y1
1.0,0.0,9.0,1.0,3.0,0.0,0.0,17.0,0.0,0,880.0,880.0,896.2557229090368,Y1
0.0,1.0,2.0,1.0,2.0,0.0,1.0,0.0,1.0,0,908.0,908.0,975.8020538446677,Y1
1.0,0.0,3.0,1.0,0.0,0.0,0.0,8.0,0.0,1,933.0,905.7331174828687,933.0,Y0
0.0,0.0,2.0,1.0,3.0,0.0,0.0,11.0,0.0,1,989.0,998.9809334263939,989.0,Y0
1.0,0.0,0.0,0.0,0.0,1.0,0.0,15.0,0.0,0,927.0,927.0,936.2784683398386,Y1
1.0,0.0,3.0,0.0,0.0,0.0,0.0,10.0,0.0,0,830.0,830.0,817.8838182176753,Y1
0.0,1.0,2.0,1.0,2.0,0.0,2.0,1.0,0.0,0,953.0,953.0,931.1571959855346,Y1
1.0,0.0,3.0,0.0,0.0,0.0,-1.0,4.0,0.0,0,851.0,851.0,924.1574427932011,Y1
0.0,0.0,5.0,1.0,0.0,1.0,0.0,8.0,0.0,1,944.0,926.7694165300616,944.0,Y0
0.0,0.0,2.0,0.0,1.0,1.0,0.0,18.0,0.0,1,1079.0,1037.2385744451635,1079.0,Y0
1.0,0.0,2.0,1.0,0.0,0.0,0.0,14.0,0.0,0,973.0,973.0,1013.5276604763576,Y1
1.0,0.0,1.0,0.0,0.0,1.0,0.0,21.0,0.0,0,901.0,901.0,902.9146233000927,Y1
1.0,0.0,2.0,1.0,0.0,0.0,0.0,15.0,0.0,1,836.0,830.1670359906328,836.0,Y0
0.0,1.0,0.0,0.0,0.0,1.0,0.0,13.0,0.0,0,846.0,846.0,857.5325068899739,Y1
0.0,0.0,0.0,0.0,3.0,0.0,1.0,0.0,0.0,0,951.0,951.0,923.6205928227891,Y1
1.0,1.0,0.0,0.0,0.0,1.0,0.0,10.0,0.0,0,862.0,862.0,845.9305336181794,Y1
0.0,0.0,0.0,0.0,0.0,1.0,0.0,3.0,0.0,0,906.0,906.0,937.8462377113565,Y1
0.0,1.0,1.0,1.0,2.0,0.0,0.0,5.0,1.0,0,987.0,987.0,1041.3293658139823,Y1
0.0,1.0,3.0,1.0,2.0,0.0,-1.0,3.0,1.0,0,813.0,813.0,882.5770890039531,Y1
1.0,0.0,0.0,1.0,0.0,1.0,0.0,10.0,0.0,0,981.0,981.0,963.8626959306927,Y1
1.0,1.0,2.0,1.0,2.0,1.0,0.0,5.0,0.0,0,730.0,730.0,761.8136591161837,Y1
1.0,0.0,0.0,0.0,0.0,1.0,0.0,3.0,0.0,0,871.0,871.0,913.5727363814661,Y1
0.0,0.0,0.0,1.0,0.0,0.0,0.0,4.0,0.0,1,832.0,771.5152909715001,832.0,Y0
0.0,0.0,2.0,1.0,1.0,0.0,0.0,11.0,0.0,0,880.0,880.0,885.4884689270059,Y1
1.0,0.0,2.0,0.0,0.0,0.0,0.0,2.0,0.0,1,848.0,837.4501095366669,848.0,Y0
0.0,0.0,1.0,1.0,0.0,0.0,0.0,4.0,0.0,0,959.0,959.0,1019.4306805084587,Y1
1.0,1.0,2.0,1.0,0.0,1.0,0.0,13.0,0.0,0,853.0,853.0,860.7191819359225,Y1
1.0,0.0,3.0,0.0,1.0,0.0,0.0,8.0,0.0,0,907.0,907.0,936.5356530847183,Y1
1.0,0.0,0.0,0.0,0.0,1.0,0.0,13.0,0.0,0,979.0,979.0,986.730306249547,Y1
1.0,0.0,4.0,0.0,3.0,0.0,0.0,5.0,0.0,0,909.0,909.0,934.2108901217412,Y1
1.0,0.0,3.0,0.0,1.0,0.0,-1.0,0.0,0.0,1,916.0,872.0332279581912,916.0,Y0
1.0,1.0,1.0,1.0,2.0,1.0,4.0,12.0,0.0,1,960.0,1000.1181456548411,960.0,Y0
0.0,0.0,0.0,0.0,1.0,0.0,0.0,5.0,0.0,1,998.0,973.1742763202415,998.0,Y0
1.0,1.0,3.0,1.0,2.0,0.0,2.0,1.0,0.0,1,852.0,869.5775701109203,852.0,Y0
0.0,0.0,1.0,1.0,0.0,0.0,0.0,6.0,0.0,1,1033.0,995.9744973475146,1033.0,Y0
0.0,0.0,1.0,0.0,0.0,3.0,3.0,8.0,0.0,1,964.0,1002.2212959817867,964.0,Y0
1.0,1.0,1.0,1.0,2.0,0.0,2.0,1.0,0.0,1,896.0,915.62639870656,896.0,Y0
1.0,0.0,2.0,0.0,0.0,1.0,0.0,10.0,0.0,0,944.0,944.0,935.1199015209681,Y1
1.0,1.0,0.0,0.0,2.0,0.0,0.0,10.0,1.0,0,1010.0,1010.0,989.3688935800092,Y1
0.0,0.0,1.0,0.0,1.0,1.0,0.0,8.0,0.0,0,909.0,909.0,919.5418892517179,Y1
0.0,1.0,0.0,1.0,2.0,0.0,2.0,1.0,1.0,0,863.0,863.0,856.0421466069901,Y1
1.0,0.0,0.0,0.0,1.0,0.0,-1.0,0.0,0.0,1,1114.0,1073.062721053544,1114.0,Y0
1.0,0.0,3.0,0.0,1.0,0.0,-1.0,3.0,0.0,0,859.0,859.0,917.3631368644471,Y1
1.0,0.0,3.0,1.0,1.0,0.0,0.0,12.0,0.0,0,921.0,921.0,923.7838304468878,Y1
0.0,0.0,2.0,1.0,0.0,0.0,0.0,5.0,0.0,0,852.0,852.0,887.26097270585,Y1
1.0,0.0,2.0,0.0,1.0,0.0,-1.0,0.0,0.0,1,852.0,809.5878260242841,852.0,Y0
1.0,1.0,2.0,1.0,2.0,0.0,0.0,10.0,1.0,0,1016.0,1016.0,991.4684553855801,Y1
1.0,1.0,2.0,0.0,3.0,1.0,0.0,13.0,0.0,1,925.0,909.881484275619,925.0,Y0
0.0,1.0,9.0,1.0,2.0,0.0,2.0,1.0,1.0,0,881.0,881.0,966.4531891287065,Y1
1.0,0.0,3.0,0.0,1.0,1.0,0.0,14.0,1.0,1,949.0,924.8686671032406,949.0,Y0
1.0,0.0,1.0,0.0,1.0,0.0,0.0,8.0,1.0,0,976.0,976.0,1002.3305815758509,Y1
1.0,0.0,0.0,0.0,1.0,0.0,1.0,0.0,0.0,1,924.0,856.4323989262473,924.0,Y0
1.0,0.0,4.0,1.0,3.0,0.0,0.0,14.0,0.0,1,837.0,815.7733432595229,837.0,Y0
0.0,0.0,3.0,1.0,0.0,0.0,3.0,27.0,0.0,0,876.0,876.0,860.6747164574492,Y1
1.0,0.0,3.0,0.0,1.0,1.0,0.0,15.0,0.0,1,1020.0,989.3495079898433,1020.0,Y0
1.0,1.0,3.0,0.0,1.0,1.0,0.0,14.0,1.0,1,924.0,903.2166600939585,924.0,Y0
0.0,0.0,3.0,1.0,0.0,0.0,0.0,2.0,0.0,1,834.0,835.4650740368814,834.0,Y0
0.0,0.0,0.0,0.0,0.0,1.0,0.0,13.0,0.0,0,999.0,999.0,1011.1320538594146,Y1
1.0,1.0,2.0,1.0,2.0,1.0,0.0,15.0,1.0,0,888.0,888.0,904.8616755298192,Y1
1.0,1.0,3.0,1.0,1.0,0.0,0.0,21.0,0.0,1,888.0,900.7097553774684,888.0,Y0
0.0,0.0,1.0,0.0,1.0,0.0,0.0,5.0,1.0,0,963.0,963.0,986.4922372198242,Y1
0.0,1.0,2.0,1.0,2.0,0.0,2.0,1.0,1.0,0,949.0,949.0,931.755045530173,Y1
0.0,0.0,1.0,0.0,1.0,1.0,0.0,22.0,0.0,0,948.0,948.0,960.2529139641215,Y1
1.0,0.0,3.0,0.0,1.0,0.0,0.0,7.0,0.0,0,912.0,912.0,958.2895005052,Y1
0.0,1.0,1.0,0.0,2.0,0.0,0.0,10.0,1.0,0,1015.0,1015.0,993.154810227883,Y1
1.0,0.0,2.0,1.0,3.0,0.0,0.0,21.0,0.0,1,944.0,930.9017280736333,944.0,Y0
0.0,1.0,0.0,0.0,1.0,0.0,2.0,1.0,1.0,0,1008.0,1008.0,984.7567582072606,Y1
1.0,1.0,4.0,1.0,2.0,2.0,0.0,8.0,0.0,0,860.0,860.0,900.1029658336176,Y1
1.0,0.0,0.0,1.0,3.0,0.0,0.0,8.0,0.0,0,901.0,901.0,909.5472531543987,Y1
1.0,0.0,0.0,0.0,0.0,0.0,0.0,13.0,0.0,0,939.0,939.0,957.6299906468437,Y1
0.0,1.0,2.0,1.0,0.0,1.0,0.0,12.0,0.0,0,928.0,928.0,933.3481350210944,Y1
0.0,0.0,8.0,0.0,0.0,0.0,0.0,12.0,0.0,1,963.0,939.6395404488162,963.0,Y0
0.0,0.0,0.0,0.0,0.0,1.0,0.0,11.0,0.0,0,946.0,946.0,954.5267487497348,Y1
0.0,0.0,0.0,0.0,1.0,0.0,0.0,17.0,0.0,0,957.0,957.0,987.5267677576575,Y1
0.0,0.0,2.0,0.0,0.0,0.0,0.0,4.0,0.0,0,929.0,929.0,982.4057234103296,Y1
1.0,1.0,2.0,1.0,1.0,0.0,0.0,0.0,0.0,0,834.0,834.0,919.4053687881055,Y1
0.0,1.0,0.0,1.0,2.0,0.0,2.0,2.0,0.0,1,919.0,915.8921000420436,919.0,Y0
0.0,1.0,3.0,1.0,2.0,1.0,0.0,17.0,0.0,0,799.0,799.0,822.0496608934933,Y1
0.0,0.0,1.0,0.0,1.0,1.0,0.0,22.0,0.0,0,905.0,905.0,917.2529139641215,Y1
1.0,0.0,1.0,0.0,0.0,0.0,3.0,10.0,0.0,0,947.0,947.0,863.8592498506182,Y1
1.0,1.0,0.0,1.0,2.0,0.0,0.0,3.0,1.0,1,916.0,819.0303519535888,916.0,Y0
1.0,1.0,0.0,1.0,2.0,0.0,2.0,1.0,0.0,0,925.0,925.0,907.8854552081013,Y1
0.0,0.0,4.0,0.0,1.0,0.0,0.0,18.0,0.0,0,996.0,996.0,1030.288640431544,Y1
0.0,0.0,3.0,1.0,0.0,0.0,0.0,4.0,0.0,1,950.0,889.9532246967711,950.0,Y0
1.0,0.0,0.0,1.0,0.0,1.0,0.0,12.0,0.0,0,878.0,878.0,880.1743871698011,Y1
1.0,1.0,0.0,0.0,2.0,1.0,1.0,3.0,1.0,0,849.0,849.0,930.8990288385232,Y1
0.0,0.0,2.0,0.0,0.0,0.0,0.0,11.0,0.0,1,1015.0,1005.2029723724515,1015.0,Y0
0.0,0.0,4.0,1.0,0.0,0.0,0.0,11.0,0.0,0,897.0,897.0,910.3892529794236,Y1
1.0,0.0,2.0,0.0,0.0,1.0,0.0,15.0,0.0,0,1019.0,1019.0,1030.2732743616002,Y1
1.0,0.0,0.0,0.0,0.0,0.0,0.0,6.0,0.0,1,997.0,952.9118866355507,997.0,Y0
0.0,0.0,3.0,0.0,0.0,1.0,0.0,8.0,0.0,0,903.0,903.0,919.5373821861289,Y1
0.0,0.0,2.0,1.0,0.0,0.0,0.0,10.0,0.0,0,824.0,824.0,811.0731921583384,Y1
1.0,1.0,2.0,1.0,2.0,1.0,0.0,10.0,1.0,0,889.0,889.0,868.0304320628638,Y1
1.0,0.0,3.0,0.0,0.0,2.0,0.0,6.0,0.0,1,1004.0,974.2027133088824,1004.0,Y0
1.0,0.0,0.0,0.0,3.0,0.0,0.0,3.0,0.0,0,884.0,884.0,910.4071630231231,Y1
0.0,0.0,3.0,0.0,1.0,1.0,0.0,17.0,0.0,1,899.0,874.3487028887827,899.0,Y0
1.0,1.0,1.0,1.0,1.0,0.0,0.0,8.0,1.0,0,927.0,927.0,951.0952560953525,Y1
1.0,0.0,4.0,0.0,0.0,0.0,3.0,9.0,0.0,0,839.0,839.0,807.0618491879665,Y1
1.0,0.0,10.0,1.0,0.0,0.0,1.0,0.0,0.0,0,811.0,811.0,858.7798192592227,Y1
1.0,0.0,3.0,0.0,0.0,0.0,2.0,1.0,0.0,0,926.0,926.0,894.6819713462561,Y1
0.0,0.0,3.0,0.0,1.0,1.0,0.0,14.0,1.0,1,1044.0,1021.6600987999767,1044.0,Y0
0.0,0.0,3.0,0.0,1.0,0.0,0.0,7.0,0.0,0,1058.0,1058.0,1090.7112880556847,Y1
1.0,1.0,3.0,1.0,1.0,0.0,0.0,12.0,1.0,1,803.0,817.4152956924142,803.0,Y0
0.0,1.0,1.0,0.0,2.0,0.0,0.0,9.0,0.0,1,895.0,882.4020295304377,895.0,Y0
1.0,1.0,3.0,1.0,2.0,0.0,0.0,12.0,0.0,0,835.0,835.0,841.4969514871544,Y1
1.0,1.0,2.0,1.0,2.0,0.0,2.0,1.0,0.0,1,870.0,888.372259659125,870.0,Y0
1.0,0.0,0.0,0.0,3.0,0.0,1.0,0.0,0.0,0,914.0,914.0,947.1873168046297,Y1
0.0,0.0,1.0,0.0,3.0,1.0,0.0,12.0,0.0,0,1056.0,1056.0,1047.363180948838,Y1
1.0,0.0,2.0,0.0,0.0,0.0,-1.0,2.0,0.0,0,947.0,947.0,955.9318344832243,Y1
0.0,0.0,2.0,0.0,0.0,0.0,-1.0,9.0,0.0,0,924.0,924.0,889.9228849990438,Y1
1.0,0.0,1.0,0.0,0.0,1.0,0.0,11.0,0.0,0,1017.0,1017.0,1027.765804677186,Y1
0.0,0.0,2.0,0.0,3.0,0.0,0.0,11.0,0.0,0,922.0,922.0,910.038854760044,Y1
0.0,1.0,0.0,1.0,2.0,0.0,1.0,0.0,1.0,0,994.0,994.0,1068.0937425039215,Y1
1.0,0.0,1.0,0.0,1.0,0.0,0.0,5.0,1.0,0,861.0,861.0,897.9802220804627,Y1
1.0,1.0,2.0,1.0,2.0,1.0,0.0,10.0,1.0,1,968.0,988.9695679371362,968.0,Y0
1.0,1.0,1.0,1.0,2.0,1.0,1.0,6.0,0.0,0,857.0,857.0,901.3924445790236,Y1
1.0,0.0,2.0,0.0,1.0,0.0,0.0,17.0,0.0,0,1002.0,1002.0,1025.9739508465186,Y1
1.0,1.0,1.0,1.0,2.0,0.0,0.0,5.0,1.0,0,918.0,918.0,975.6031941748763,Y1
0.0,1.0,0.0,1.0,2.0,0.0,0.0,11.0,0.0,0,887.0,887.0,904.708889596341,Y1
1.0,0.0,1.0,0.0,0.0,1.0,0.0,13.0,0.0,0,1050.0,1050.0,1062.2353371681786,Y1
1.0,0.0,2.0,0.0,1.0,1.0,0.0,8.0,0.0,1,915.0,888.0572794337968,915.0,Y0
0.0,1.0,3.0,0.0,1.0,0.0,1.0,0.0,0.0,1,916.0,873.8501952224275,916.0,Y0
1.0,0.0,2.0,0.0,1.0,1.0,0.0,17.0,0.0,1,998.0,970.7258568624238,998.0,Y0
0.0,0.0,1.0,1.0,0.0,0.0,0.0,16.0,0.0,0,862.0,862.0,890.4381480149177,Y1
0.0,0.0,3.0,0.0,0.0,0.0,0.0,4.0,0.0,0,847.0,847.0,901.1258738406243,Y1
1.0,0.0,2.0,0.0,3.0,0.0,0.0,5.0,0.0,0,1000.0,1000.0,1025.7993081345273,Y1
1.0,0.0,1.0,0.0,1.0,1.0,0.0,14.0,1.0,1,959.0,932.2849227635713,959.0,Y0
0.0,0.0,0.0,0.0,0.0,0.0,1.0,0.0,0.0,0,949.0,949.0,948.3250085149577,Y1
1.0,0.0,3.0,0.0,1.0,0.0,0.0,5.0,1.0,0,955.0,955.0,993.0158779549547,Y1
1.0,0.0,3.0,0.0,1.0,0.0,0.0,12.0,0.0,0,944.0,944.0,948.3973885064261,Y1
0.0,0.0,2.0,0.0,1.0,0.0,-1.0,3.0,0.0,0,893.0,893.0,936.5415627710257,Y1
0.0,0.0,3.0,0.0,0.0,0.0,-1.0,2.0,0.0,0,831.0,831.0,823.5523268270383,Y1
1.0,1.0,3.0,1.0,2.0,0.0,0.0,6.0,1.0,0,900.0,900.0,951.9807167715119,Y1
0.0,0.0,3.0,0.0,0.0,1.0,0.0,8.0,0.0,1,968.0,951.4626178138711,968.0,Y0
1.0,1.0,1.0,1.0,1.0,0.0,-1.0,3.0,0.0,1,963.0,888.4712350890071,963.0,Y0
0.0,1.0,1.0,1.0,2.0,0.0,0.0,6.0,0.0,1,975.0,922.3696307070787,975.0,Y0
1.0,0.0,0.0,1.0,0.0,0.0,0.0,10.0,0.0,1,903.0,913.5966891031394,903.0,Y0
0.0,1.0,3.0,1.0,2.0,0.0,0.0,5.0,1.0,0,802.0,802.0,856.8231673239487,Y1
1.0,0.0,2.0,0.0,1.0,0.0,0.0,8.0,1.0,0,989.0,989.0,1012.8423307471658,Y1
0.0,0.0,0.0,0.0,1.0,1.0,0.0,12.0,0.0,1,878.0,877.6160174522885,878.0,Y0
1.0,0.0,2.0,1.0,0.0,1.0,0.0,6.0,0.0,0,789.0,789.0,815.4716511529209,Y1
1.0,0.0,3.0,1.0,0.0,0.0,0.0,20.0,0.0,0,867.0,867.0,825.9073581296191,Y1
1.0,0.0,1.0,1.0,0.0,0.0,0.0,12.0,0.0,1,972.0,956.3690571479607,972.0,Y0
0.0,1.0,2.0,1.0,2.0,1.0,0.0,15.0,1.0,0,914.0,914.0,932.0903324749548,Y1
1.0,0.0,0.0,0.0,1.0,0.0,5.0,3.0,0.0,0,1097.0,1097.0,1037.6797730742271,Y1
0.0,1.0,2.0,1.0,1.0,0.0,2.0,5.0,1.0,1,876.0,876.4331391437179,876.0,Y0
0.0,1.0,1.0,1.0,2.0,0.0,0.0,10.0,1.0,0,999.0,999.0,978.0873888899199,Y1
1.0,0.0,3.0,0.0,1.0,1.0,0.0,8.0,0.0,0,839.0,839.0,866.6867309961107,Y1
0.0,1.0,0.0,0.0,1.0,0.0,2.0,1.0,0.0,0,964.0,964.0,930.7763170779198,Y1
0.0,0.0,2.0,1.0,0.0,0.0,0.0,12.0,0.0,1,839.0,828.8500175789522,839.0,Y0
1.0,0.0,3.0,0.0,0.0,0.0,0.0,5.0,0.0,0,878.0,878.0,921.2414549782097,Y1
0.0,0.0,2.0,0.0,0.0,1.0,0.0,12.0,0.0,0,908.0,908.0,911.4469772019967,Y1
1.0,0.0,1.0,0.0,1.0,0.0,0.0,16.0,0.0,0,1038.0,1038.0,1066.3113814488001,Y1
0.0,0.0,4.0,0.0,0.0,1.0,0.0,6.0,0.0,0,854.0,854.0,872.9363841134481,Y1
1.0,0.0,2.0,0.0,0.0,1.0,0.0,13.0,0.0,1,864.0,853.8897745234405,864.0,Y0
1.0,1.0,2.0,1.0,2.0,0.0,0.0,5.0,1.0,0,910.0,910.0,968.0577429268656,Y1
0.0,0.0,3.0,1.0,0.0,0.0,0.0,8.0,0.0,0,800.0,800.0,824.2803378824884,Y1
1.0,0.0,0.0,0.0,0.0,1.0,0.0,8.0,0.0,0,936.0,936.0,954.5570434763741,Y1
0.0,1.0,3.0,1.0,2.0,1.0,0.0,6.0,0.0,1,981.0,951.2644996747596,981.0,Y0
0.0,0.0,3.0,0.0,0.0,1.0,0.0,13.0,0.0,0,954.0,954.0,962.0295495393764,Y1
0.0,0.0,1.0,0.0,1.0,0.0,0.0,7.0,0.0,0,931.0,931.0,962.6896172448475,Y1
1.0,0.0,1.0,0.0,3.0,0.0,0.0,13.0,0.0,1,978.0,962.0057551539509,978.0,Y0
0.0,0.0,1.0,0.0,0.0,0.0,0.0,22.0,0.0,1,892.0,878.8466136877959,892.0,Y0
0.0,0.0,0.0,0.0,0.0,0.0,0.0,11.0,0.0,0,887.0,887.0,904.2063189607943,Y1
0.0,0.0,3.0,0.0,1.0,0.0,0.0,11.0,0.0,0,821.0,821.0,824.5726859280782,Y1
0.0,0.0,3.0,0.0,3.0,0.0,0.0,11.0,0.0,1,962.0,973.9527160755307,962.0,Y0
0.0,0.0,2.0,0.0,0.0,1.0,0.0,8.0,0.0,1,1031.0,1015.1895440533447,1031.0,Y0
1.0,0.0,2.0,1.0,0.0,0.0,0.0,12.0,0.0,0,910.0,910.0,919.0355437817119,Y1
0.0,1.0,2.0,1.0,1.0,0.0,-1.0,2.0,0.0,0,845.0,845.0,864.0189203162079,Y1
0.0,1.0,3.0,1.0,2.0,0.0,0.0,11.0,0.0,0,802.0,802.0,813.3251022315046,Y1
0.0,1.0,2.0,1.0,2.0,0.0,-1.0,2.0,0.0,0,880.0,880.0,867.8243119429192,Y1
0.0,1.0,2.0,1.0,2.0,0.0,2.0,1.0,0.0,0,945.0,945.0,923.1571959855346,Y1
0.0,1.0,0.0,1.0,2.0,0.0,0.0,10.0,1.0,0,1092.0,1092.0,1071.4844608285891,Y1
1.0,0.0,0.0,0.0,1.0,1.0,4.0,15.0,0.0,0,926.0,926.0,901.5463967866896,Y1
0.0,0.0,3.0,0.0,0.0,0.0,0.0,13.0,0.0,0,1044.0,1044.0,1055.9847555350948,Y1
1.0,0.0,0.0,0.0,1.0,1.0,0.0,4.0,0.0,1,947.0,916.5732734908497,947.0,Y0
0.0,0.0,3.0,0.0,0.0,3.0,3.0,8.0,0.0,1,877.0,906.4734327737422,877.0,Y0
1.0,0.0,3.0,0.0,0.0,0.0,0.0,4.0,0.0,1,1029.0,954.8885960504934,1029.0,Y0
0.0,0.0,1.0,1.0,0.0,0.0,0.0,11.0,0.0,0,989.0,989.0,1007.9765626657592,Y1
1.0,0.0,2.0,1.0,0.0,0.0,0.0,4.0,0.0,0,920.0,920.0,990.431400734832,Y1
0.0,0.0,3.0,0.0,1.0,1.0,0.0,13.0,0.0,0,937.0,937.0,943.2712514125543,Y1
0.0,0.0,3.0,1.0,0.0,0.0,2.0,2.0,0.0,0,908.0,908.0,876.0628318987365,Y1
1.0,0.0,0.0,1.0,0.0,0.0,0.0,20.0,0.0,0,1065.0,1065.0,1032.2172737992407,Y1
0.0,0.0,1.0,0.0,1.0,1.0,0.0,7.0,0.0,1,842.0,845.7892106880736,842.0,Y0
0.0,0.0,2.0,0.0,0.0,0.0,-1.0,6.0,0.0,1,971.0,986.1976578023816,971.0,Y0
1.0,1.0,3.0,1.0,2.0,1.0,1.0,3.0,1.0,0,827.0,827.0,912.790104408494,Y1
1.0,1.0,10.0,1.0,2.0,0.0,0.0,6.0,1.0,0,867.0,867.0,940.8856531715455,Y1
0.0,0.0,1.0,0.0,0.0,0.0,0.0,13.0,0.0,0,924.0,924.0,942.6149425343239,Y1
1.0,0.0,1.0,0.0,1.0,0.0,2.0,3.0,0.0,0,916.0,916.0,912.5801003986954,Y1
1.0,0.0,4.0,0.0,3.0,0.0,1.0,0.0,0.0,0,964.0,964.0,1002.7193779980619,Y1
1.0,0.0,3.0,0.0,0.0,1.0,0.0,12.0,0.0,0,962.0,962.0,969.3050130252085,Y1
1.0,0.0,2.0,0.0,3.0,0.0,0.0,13.0,0.0,0,909.0,909.0,918.5398270012689,Y1
1.0,1.0,0.0,1.0,3.0,0.0,1.0,0.0,0.0,0,961.0,961.0,1015.4208751989522,Y1
1.0,0.0,0.0,0.0,0.0,0.0,-1.0,12.0,0.0,1,841.0,860.0212322927376,841.0,Y0
1.0,0.0,0.0,0.0,0.0,0.0,0.0,20.0,0.0,1,942.0,977.567366638696,942.0,Y0
1.0,0.0,0.0,0.0,0.0,0.0,0.0,8.0,0.0,0,866.0,866.0,898.8548544356473,Y1
1.0,1.0,2.0,1.0,2.0,0.0,1.0,1.0,0.0,1,944.0,920.713253256819,944.0,Y0
1.0,0.0,3.0,0.0,3.0,1.0,0.0,4.0,0.0,0,931.0,931.0,949.0749831584359,Y1
0.0,0.0,3.0,0.0,0.0,0.0,0.0,4.0,0.0,1,940.0,885.8741261593757,940.0,Y0
1.0,0.0,3.0,1.0,0.0,1.0,0.0,6.0,0.0,1,862.0,835.3917696178606,862.0,Y0
1.0,0.0,2.0,0.0,0.0,0.0,0.0,6.0,0.0,1,917.0,872.164836065621,917.0,Y0
1.0,0.0,1.0,1.0,0.0,0.0,0.0,13.0,0.0,0,866.0,866.0,883.6955284911661,Y1
1.0,1.0,2.0,1.0,2.0,1.0,1.0,6.0,0.0,0,777.0,777.0,829.6491150616162,Y1
1.0,0.0,8.0,0.0,0.0,0.0,0.0,8.0,0.0,0,895.0,895.0,874.1075056771091,Y1
0.0,0.0,3.0,0.0,0.0,0.0,0.0,16.0,0.0,0,880.0,880.0,900.0015073605964,Y1
0.0,1.0,3.0,1.0,2.0,2.0,0.0,8.0,0.0,0,856.0,856.0,891.0527208429207,Y1
0.0,0.0,2.0,0.0,0.0,1.0,0.0,13.0,0.0,0,924.0,924.0,932.0282938068814,Y1
1.0,0.0,1.0,1.0,0.0,0.0,0.0,10.0,0.0,0,979.0,979.0,968.3877250461867,Y1
1.0,0.0,0.0,1.0,0.0,0.0,-1.0,9.0,0.0,0,922.0,922.0,891.7063230332885,Y1
1.0,0.0,1.0,1.0,0.0,0.0,0.0,9.0,0.0,1,821.0,808.2457859419164,821.0,Y0
0.0,1.0,3.0,1.0,3.0,1.0,0.0,12.0,0.0,0,848.0,848.0,840.3613142913032,Y1
1.0,0.0,1.0,0.0,0.0,1.0,0.0,20.0,0.0,0,1016.0,1016.0,969.5861196659965,Y1
0.0,0.0,0.0,1.0,2.0,1.0,0.0,11.0,0.0,0,903.0,903.0,909.4434055374714,Y1
0.0,0.0,2.0,0.0,1.0,0.0,0.0,12.0,0.0,0,935.0,935.0,937.0043701129982,Y1
0.0,0.0,3.0,1.0,0.0,1.0,0.0,21.0,0.0,0,867.0,867.0,857.4350098500196,Y1
1.0,0.0,3.0,1.0,1.0,0.0,0.0,11.0,0.0,0,785.0,785.0,789.7438855266546,Y1
1.0,1.0,2.0,1.0,2.0,0.0,0.0,16.0,1.0,0,988.0,988.0,991.968996229707,Y1
1.0,1.0,0.0,1.0,2.0,0.0,2.0,0.0,0.0,0,817.0,817.0,892.1890289921745,Y1
0.0,1.0,0.0,1.0,2.0,0.0,0.0,9.0,1.0,0,857.0,857.0,860.2870177922697,Y1
1.0,0.0,0.0,0.0,0.0,0.0,0.0,8.0,0.0,1,929.0,896.1451455643527,929.0,Y0
0.0,1.0,1.0,1.0,0.0,1.0,3.0,11.0,0.0,0,851.0,851.0,796.4898785283561,Y1
0.0,0.0,2.0,0.0,0.0,0.0,3.0,27.0,0.0,0,937.0,937.0,957.6064975760611,Y1
1.0,1.0,0.0,1.0,2.0,0.0,0.0,5.0,0.0,0,836.0,836.0,894.4497419852279,Y1
0.0,0.0,0.0,1.0,0.0,1.0,0.0,5.0,0.0,0,937.0,937.0,950.6358760081428,Y1
0.0,0.0,8.0,1.0,0.0,0.0,2.0,3.0,0.0,1,886.0,901.5402443317064,886.0,Y0
0.0,0.0,2.0,1.0,0.0,1.0,0.0,13.0,0.0,1,999.0,990.5299999022814,999.0,Y0
0.0,0.0,2.0,0.0,0.0,0.0,-1.0,5.0,0.0,0,1013.0,1013.0,995.4602710115217,Y1
1.0,0.0,3.0,0.0,0.0,2.0,0.0,8.0,0.0,1,940.0,912.168329230206,940.0,Y0
1.0,0.0,2.0,0.0,1.0,1.0,0.0,22.0,0.0,0,912.0,912.0,918.4954998482281,Y1
1.0,0.0,2.0,1.0,0.0,0.0,-1.0,2.0,0.0,0,889.0,889.0,893.9598018649853,Y1
1.0,0.0,0.0,0.0,1.0,1.0,0.0,14.0,0.0,0,984.0,984.0,1012.4582791795198,Y1
1.0,0.0,4.0,1.0,0.0,1.0,0.0,12.0,0.0,0,914.0,914.0,920.806457866889,Y1
0.0,0.0,3.0,1.0,3.0,2.0,0.0,13.0,0.0,0,976.0,976.0,1037.199573162638,Y1
0.0,0.0,7.0,1.0,0.0,0.0,-1.0,6.0,0.0,1,958.0,983.9798903550194,958.0,Y0
1.0,1.0,1.0,1.0,2.0,0.0,1.0,1.0,0.0,1,893.0,872.0681574157438,893.0,Y0
0.0,0.0,0.0,0.0,0.0,0.0,0.0,8.0,0.0,0,797.0,797.0,817.6267093674783,Y1
0.0,1.0,3.0,1.0,2.0,0.0,0.0,3.0,1.0,1,923.0,832.4813227671924,923.0,Y0
0.0,1.0,3.0,1.0,2.0,0.0,0.0,11.0,0.0,0,839.0,839.0,850.3251022315046,Y1
0.0,0.0,1.0,0.0,0.0,0.0,0.0,19.0,0.0,0,1037.0,1037.0,1001.7875772795963,Y1
0.0,0.0,2.0,0.0,0.0,1.0,0.0,13.0,0.0,0,870.0,870.0,878.0282938068814,Y1
0.0,1.0,3.0,1.0,2.0,0.0,0.0,9.0,1.0,0,834.0,834.0,835.3328036734207,Y1
1.0,0.0,3.0,0.0,0.0,1.0,0.0,10.0,0.0,0,848.0,848.0,839.1418262695081,Y1
0.0,1.0,0.0,1.0,2.0,0.0,2.0,2.0,0.0,1,848.0,844.8921000420436,848.0,Y0
0.0,1.0,4.0,1.0,2.0,1.0,2.0,24.0,0.0,0,1082.0,1082.0,1008.4361397633166,Y1
1.0,1.0,3.0,1.0,2.0,1.0,0.0,5.0,0.0,0,906.0,906.0,937.9730257959068,Y1
0.0,0.0,2.0,1.0,0.0,0.0,0.0,6.0,0.0,1,953.0,915.7381631967216,953.0,Y0
0.0,0.0,0.0,0.0,0.0,0.0,0.0,11.0,0.0,0,1042.0,1042.0,1059.2063189607943,Y1
0.0,0.0,2.0,0.0,0.0,2.0,0.0,6.0,0.0,1,961.0,944.2269508826696,961.0,Y0
0.0,0.0,2.0,0.0,0.0,0.0,0.0,3.0,0.0,0,903.0,903.0,945.994977328658,Y1
1.0,0.0,3.0,0.0,0.0,1.0,0.0,4.0,0.0,0,820.0,820.0,881.3471809257711,Y1
0.0,0.0,1.0,0.0,2.0,1.0,1.0,3.0,1.0,0,903.0,903.0,963.1011612954227,Y1
1.0,0.0,1.0,1.0,1.0,1.0,0.0,15.0,1.0,0,1063.0,1063.0,1082.2828082957096,Y1
1.0,0.0,3.0,1.0,0.0,1.0,0.0,12.0,0.0,0,910.0,910.0,915.2355110953255,Y1
0.0,0.0,2.0,1.0,0.0,0.0,0.0,27.0,0.0,1,995.0,970.0466962384571,995.0,Y0
1.0,0.0,2.0,0.0,1.0,1.0,0.0,20.0,0.0,1,1020.0,1065.006160254593,1020.0,Y0
0.0,0.0,3.0,0.0,0.0,1.0,0.0,13.0,0.0,0,908.0,908.0,916.0295495393764,Y1
1.0,0.0,3.0,0.0,0.0,1.0,0.0,5.0,0.0,0,826.0,826.0,854.9097671154705,Y1
1.0,0.0,3.0,0.0,0.0,0.0,0.0,13.0,-1.0,0,912.0,912.0,929.2453216709706,Y1
1.0,1.0,2.0,1.0,2.0,1.0,0.0,17.0,0.0,0,855.0,855.0,876.220755383646,Y1
1.0,0.0,1.0,0.0,0.0,1.0,0.0,10.0,0.0,0,938.0,938.0,926.9686524911415,Y1
0.0,0.0,3.0,0.0,0.0,0.0,0.0,11.0,0.0,0,954.0,954.0,963.7672943449684,Y1
0.0,1.0,0.0,1.0,1.0,0.0,1.0,0.0,0.0,1,922.0,866.2740763986203,922.0,Y0
0.0,0.0,0.0,0.0,3.0,0.0,0.0,13.0,0.0,1,1058.0,1043.298274263925,1058.0,Y0
0.0,0.0,2.0,1.0,0.0,0.0,0.0,10.0,0.0,1,857.0,869.9268078416616,857.0,Y0
1.0,1.0,3.0,0.0,1.0,0.0,-1.0,12.0,1.0,0,865.0,865.0,860.6440382479763,Y1
0.0,0.0,0.0,1.0,0.0,1.0,0.0,3.0,0.0,0,864.0,864.0,900.877674015378,Y1
1.0,0.0,1.0,1.0,3.0,0.0,0.0,3.0,0.0,0,943.0,943.0,967.2341217536601,Y1
1.0,0.0,3.0,0.0,3.0,1.0,0.0,8.0,0.0,0,856.0,856.0,872.5661666222351,Y1
1.0,1.0,0.0,1.0,2.0,0.0,-1.0,3.0,1.0,0,839.0,839.0,912.1476583370744,Y1
0.0,1.0,3.0,1.0,2.0,0.0,0.0,11.0,0.0,0,852.0,852.0,863.3251022315046,Y1
1.0,1.0,2.0,1.0,2.0,1.0,0.0,8.0,0.0,1,789.0,763.1464981744807,789.0,Y0
1.0,0.0,1.0,0.0,0.0,0.0,0.0,6.0,0.0,1,1018.0,973.4073598749239,1018.0,Y0
1.0,0.0,0.0,0.0,1.0,0.0,0.0,7.0,0.0,0,983.0,983.0,1027.7415229883877,Y1
1.0,1.0,0.0,1.0,2.0,0.0,0.0,11.0,0.0,0,789.0,789.0,805.4842223428707,Y1
0.0,1.0,2.0,1.0,2.0,0.0,0.0,6.0,1.0,1,872.0,823.3920754094145,872.0,Y0
1.0,0.0,5.0,0.0,0.0,0.0,0.0,14.0,0.0,0,934.0,934.0,973.2776948203355,Y1
0.0,1.0,0.0,1.0,3.0,0.0,0.0,5.0,0.0,0,931.0,931.0,959.6292400452227,Y1
0.0,0.0,5.0,0.0,1.0,0.0,-1.0,0.0,0.0,1,858.0,868.4605705046054,858.0,Y0
0.0,1.0,0.0,1.0,2.0,0.0,0.0,5.0,0.0,1,1097.0,1041.9735152326523,1097.0,Y0
1.0,1.0,3.0,1.0,1.0,0.0,3.0,13.0,0.0,1,880.0,915.2766594878365,880.0,Y0
0.0,0.0,3.0,0.0,0.0,1.0,0.0,9.0,0.0,0,920.0,920.0,926.0651405262008,Y1
1.0,1.0,0.0,0.0,2.0,0.0,0.0,9.0,0.0,0,973.0,973.0,990.3691304567894,Y1
1.0,0.0,3.0,0.0,0.0,0.0,2.0,2.0,0.0,1,897.0,917.2865819663685,897.0,Y0
0.0,0.0,2.0,0.0,0.0,1.0,0.0,3.0,0.0,0,800.0,800.0,835.7542272149848,Y1
1.0,0.0,1.0,0.0,1.0,1.0,1.0,8.0,0.0,1,933.0,897.070279757151,933.0,Y0
1.0,1.0,2.0,1.0,2.0,0.0,0.0,11.0,0.0,0,867.0,867.0,877.7298620814717,Y1
0.0,0.0,1.0,0.0,0.0,3.0,0.0,10.0,0.0,1,965.0,969.7915204620141,965.0,Y0
1.0,0.0,3.0,1.0,0.0,0.0,0.0,8.0,0.0,1,873.0,845.7331174828687,873.0,Y0
0.0,1.0,1.0,1.0,1.0,0.0,0.0,6.0,0.0,0,898.0,898.0,948.4489416771786,Y1
0.0,0.0,4.0,1.0,3.0,0.0,1.0,0.0,0.0,0,886.0,886.0,879.1378790530694,Y1
1.0,0.0,1.0,0.0,0.0,0.0,2.0,2.0,0.0,0,879.0,879.0,856.6414444811629,Y1
1.0,0.0,1.0,1.0,0.0,0.0,0.0,4.0,0.0,1,1078.0,1007.049960230741,1078.0,Y0
1.0,0.0,7.0,0.0,0.0,0.0,0.0,3.0,0.0,1,921.0,897.1399375382695,921.0,Y0
1.0,0.0,0.0,0.0,0.0,0.0,0.0,6.0,0.0,1,1007.0,962.9118866355507,1007.0,Y0
1.0,0.0,2.0,1.0,0.0,1.0,0.0,21.0,0.0,0,868.0,868.0,865.0728683669239,Y1
1.0,1.0,3.0,1.0,2.0,0.0,2.0,1.0,0.0,0,927.0,927.0,909.4224298890797,Y1
1.0,0.0,2.0,0.0,0.0,0.0,0.0,6.0,0.0,0,952.0,952.0,996.835163934379,Y1
1.0,0.0,0.0,0.0,1.0,0.0,5.0,3.0,0.0,0,913.0,913.0,853.6797730742271,Y1
1.0,0.0,3.0,1.0,0.0,0.0,0.0,16.0,0.0,0,933.0,933.0,951.5438142970585,Y1
0.0,1.0,3.0,1.0,0.0,1.0,0.0,17.0,0.0,0,911.0,911.0,926.4923665221405,Y1
0.0,0.0,3.0,1.0,0.0,1.0,0.0,13.0,0.0,0,872.0,872.0,880.4746684092851,Y1
0.0,0.0,2.0,1.0,0.0,0.0,3.0,27.0,0.0,0,881.0,881.0,872.8920496061885,Y1
1.0,0.0,1.0,0.0,0.0,0.0,0.0,13.0,0.0,0,1099.0,1099.0,1118.1331694669882,Y1
1.0,0.0,3.0,0.0,1.0,1.0,0.0,17.0,0.0,1,921.0,894.4021854456752,921.0,Y0
1.0,0.0,1.0,0.0,0.0,0.0,0.0,7.0,0.0,0,847.0,847.0,893.9733852897418,Y1
0.0,1.0,1.0,1.0,2.0,0.0,2.0,1.0,1.0,1,942.0,952.0420675787805,942.0,Y0
1.0,1.0,1.0,1.0,2.0,1.0,1.0,6.0,0.0,0,779.0,779.0,823.3924445790236,Y1
0.0,1.0,2.0,1.0,1.0,0.0,0.0,21.0,1.0,0,846.0,846.0,809.3090696709032,Y1
1.0,1.0,3.0,0.0,1.0,0.0,0.0,5.0,1.0,0,926.0,926.0,976.5385689738298,Y1
0.0,1.0,3.0,1.0,2.0,1.0,0.0,17.0,0.0,0,852.0,852.0,875.0496608934933,Y1
1.0,0.0,4.0,0.0,0.0,1.0,0.0,4.0,0.0,1,1007.0,945.9950803455348,1007.0,Y0
1.0,1.0,0.0,1.0,2.0,0.0,0.0,6.0,0.0,0,847.0,847.0,901.7317418612123,Y1
1.0,0.0,0.0,0.0,0.0,1.0,0.0,5.0,0.0,0,892.0,892.0,909.8616123794187,Y1
0.0,0.0,1.0,1.0,0.0,0.0,0.0,14.0,0.0,0,831.0,831.0,881.4735285820814,Y1
1.0,0.0,5.0,1.0,0.0,0.0,3.0,10.0,0.0,0,900.0,900.0,816.3328715646412,Y1
0.0,1.0,1.0,0.0,1.0,1.0,0.0,20.0,0.0,1,932.0,989.1012842858484,932.0,Y0
0.0,0.0,3.0,1.0,0.0,0.0,-1.0,4.0,0.0,0,830.0,830.0,889.6698632349638,Y1
1.0,1.0,8.0,1.0,2.0,0.0,0.0,21.0,1.0,1,854.0,903.6083373796462,854.0,Y0
1.0,0.0,0.0,0.0,1.0,0.0,0.0,11.0,0.0,1,979.0,966.0593129869266,979.0,Y0
0.0,0.0,0.0,0.0,0.0,0.0,0.0,8.0,0.0,0,1000.0,1000.0,1020.6267093674783,Y1
0.0,0.0,2.0,0.0,0.0,0.0,0.0,14.0,0.0,1,1003.0,961.3296930416366,1003.0,Y0
1.0,0.0,1.0,0.0,0.0,0.0,2.0,1.0,0.0,0,974.0,974.0,940.9428295700435,Y1
1.0,0.0,3.0,0.0,0.0,2.0,0.0,12.0,0.0,0,862.0,862.0,893.1513022810027,Y1
0.0,1.0,5.0,1.0,2.0,1.0,0.0,22.0,0.0,0,851.0,851.0,842.399939292218,Y1
1.0,0.0,0.0,0.0,1.0,0.0,0.0,16.0,1.0,1,936.0,922.9733378311964,936.0,Y0
1.0,0.0,3.0,0.0,0.0,0.0,0.0,2.0,0.0,0,872.0,872.0,883.9725820606291,Y1
0.0,1.0,3.0,1.0,2.0,0.0,1.0,0.0,0.0,0,1067.0,1067.0,1120.4626498578616,Y1
0.0,0.0,3.0,1.0,0.0,0.0,0.0,14.0,0.0,0,854.0,854.0,897.7286962497226,Y1
0.0,0.0,3.0,0.0,1.0,0.0,0.0,17.0,0.0,0,862.0,862.0,885.2066680412482,Y1
0.0,0.0,3.0,0.0,3.0,0.0,0.0,8.0,0.0,0,967.0,967.0,965.958793025324,Y1
1.0,0.0,0.0,1.0,0.0,0.0,0.0,4.0,0.0,1,1124.0,1052.9765529998053,1124.0,Y0
0.0,0.0,2.0,0.0,0.0,1.0,0.0,13.0,0.0,0,947.0,947.0,955.0282938068814,Y1
1.0,0.0,2.0,0.0,0.0,1.0,0.0,13.0,0.0,0,799.0,799.0,809.1102254765595,Y1
0.0,0.0,5.0,1.0,0.0,0.0,0.0,15.0,0.0,0,890.0,890.0,899.2587595614536,Y1
0.0,0.0,0.0,0.0,0.0,0.0,0.0,8.0,0.0,0,919.0,919.0,939.6267093674783,Y1
0.0,1.0,3.0,0.0,2.0,0.0,0.0,10.0,1.0,0,998.0,998.0,973.0882480948068,Y1
0.0,0.0,1.0,1.0,0.0,0.0,3.0,10.0,0.0,0,908.0,908.0,823.6634999922919,Y1
1.0,0.0,2.0,0.0,1.0,1.0,0.0,14.0,0.0,0,1203.0,1203.0,1234.3338329373178,Y1
0.0,0.0,3.0,0.0,1.0,0.0,0.0,5.0,1.0,0,915.0,915.0,939.5145228129874,Y1
1.0,0.0,3.0,1.0,0.0,1.0,0.0,6.0,0.0,0,962.0,962.0,988.6082303821394,Y1
1.0,1.0,0.0,1.0,2.0,0.0,0.0,12.0,0.0,0,819.0,819.0,830.5201337170499,Y1
1.0,1.0,1.0,1.0,2.0,0.0,0.0,16.0,1.0,0,867.0,867.0,877.5908289685708,Y1
0.0,0.0,3.0,1.0,3.0,1.0,0.0,7.0,0.0,1,996.0,1002.4595072322759,996.0,Y0
1.0,0.0,3.0,0.0,3.0,0.0,0.0,5.0,0.0,0,956.0,956.0,981.6637280877154,Y1
0.0,0.0,1.0,0.0,0.0,1.0,0.0,12.0,0.0,0,912.0,912.0,916.3256696571272,Y1
0.0,1.0,2.0,1.0,2.0,0.0,-1.0,2.0,0.0,0,956.0,956.0,943.8243119429192,Y1
1.0,1.0,3.0,1.0,2.0,0.0,0.0,20.0,1.0,0,1021.0,1021.0,947.6979451263228,Y1
1.0,0.0,1.0,0.0,3.0,0.0,0.0,21.0,0.0,1,1036.0,1015.8116099670287,1036.0,Y0
0.0,1.0,4.0,1.0,2.0,1.0,2.0,24.0,0.0,0,1025.0,1025.0,951.4361397633166,Y1
1.0,0.0,1.0,1.0,0.0,0.0,0.0,16.0,0.0,0,888.0,888.0,913.1512693143453,Y1
1.0,0.0,2.0,0.0,0.0,0.0,2.0,2.0,0.0,1,901.0,922.6619338332274,901.0,Y0
0.0,1.0,0.0,0.0,1.0,0.0,0.0,0.0,0.0,0,864.0,864.0,890.0495411327113,Y1
1.0,0.0,3.0,0.0,3.0,0.0,0.0,5.0,0.0,0,885.0,885.0,910.6637280877154,Y1
0.0,1.0,0.0,1.0,1.0,0.0,-1.0,4.0,0.0,0,937.0,937.0,994.0862657419596,Y1
0.0,0.0,0.0,0.0,1.0,0.0,0.0,3.0,0.0,0,926.0,926.0,968.145072881224,Y1
0.0,1.0,2.0,1.0,3.0,1.0,0.0,14.0,0.0,1,940.0,898.4642405859389,940.0,Y0
1.0,0.0,0.0,0.0,0.0,0.0,3.0,9.0,0.0,0,1014.0,1014.0,969.7988797231194,Y1
1.0,1.0,4.0,1.0,1.0,2.0,0.0,13.0,0.0,0,836.0,836.0,864.9112210888394,Y1
1.0,1.0,2.0,1.0,2.0,0.0,0.0,6.0,0.0,0,878.0,878.0,934.4398474602073,Y1
1.0,0.0,3.0,0.0,1.0,1.0,0.0,8.0,0.0,1,967.0,939.3132690038893,967.0,Y0
1.0,0.0,0.0,0.0,3.0,1.0,0.0,12.0,0.0,0,1003.0,1003.0,994.4407487692862,Y1
1.0,1.0,2.0,0.0,1.0,1.0,0.0,10.0,0.0,0,854.0,854.0,843.7081395209988,Y1
0.0,0.0,2.0,1.0,0.0,0.0,0.0,11.0,0.0,0,917.0,917.0,928.7599220026339,Y1
0.0,0.0,2.0,1.0,0.0,0.0,0.0,13.0,0.0,0,953.0,953.0,966.9739303055057,Y1
0.0,0.0,7.0,1.0,0.0,0.0,0.0,5.0,0.0,1,855.0,841.1249990578254,855.0,Y0
0.0,1.0,0.0,1.0,0.0,2.0,0.0,12.0,0.0,0,992.0,992.0,1018.5909962787317,Y1
1.0,0.0,3.0,0.0,3.0,2.0,0.0,13.0,0.0,0,868.0,868.0,945.4316040062297,Y1
1.0,1.0,1.0,1.0,1.0,1.0,0.0,15.0,0.0,1,952.0,923.9175012893562,952.0,Y0
0.0,0.0,3.0,0.0,1.0,1.0,4.0,15.0,0.0,0,966.0,966.0,933.5976103749053,Y1
1.0,0.0,3.0,0.0,0.0,0.0,0.0,9.0,0.0,0,911.0,911.0,924.97632311083,Y1
1.0,1.0,3.0,1.0,1.0,1.0,0.0,15.0,1.0,0,896.0,896.0,909.6585685191793,Y1
1.0,0.0,1.0,1.0,0.0,2.0,0.0,8.0,0.0,1,910.0,900.0678575612975,910.0,Y0
1.0,0.0,2.0,0.0,0.0,0.0,0.0,15.0,0.0,0,934.0,934.0,941.6280678035533,Y1
0.0,0.0,2.0,0.0,1.0,1.0,0.0,12.0,0.0,1,967.0,969.3889880947586,967.0,Y0
0.0,1.0,9.0,1.0,0.0,0.0,3.0,9.0,0.0,0,787.0,787.0,796.3151502610965,Y1
0.0,0.0,2.0,0.0,1.0,0.0,0.0,18.0,0.0,0,944.0,944.0,984.1750175515492,Y1
1.0,0.0,3.0,0.0,3.0,0.0,0.0,5.0,0.0,0,923.0,923.0,948.6637280877154,Y1
0.0,0.0,0.0,0.0,0.0,2.0,0.0,8.0,0.0,1,952.0,941.3809702849807,952.0,Y0
0.0,0.0,2.0,1.0,0.0,0.0,-1.0,12.0,0.0,1,926.0,948.0638179951607,926.0,Y0
0.0,1.0,1.0,1.0,0.0,1.0,0.0,6.0,0.0,1,1050.0,1017.6811634318955,1050.0,Y0
1.0,1.0,1.0,1.0,2.0,0.0,0.0,12.0,1.0,0,983.0,983.0,979.0998953969106,Y1
1.0,0.0,2.0,0.0,0.0,0.0,0.0,13.0,0.0,0,897.0,897.0,909.5624264812899,Y1
1.0,1.0,3.0,1.0,2.0,1.0,4.0,12.0,0.0,1,839.0,875.5277608695035,839.0,Y0
1.0,0.0,0.0,0.0,0.0,1.0,0.0,8.0,0.0,1,914.0,895.4429565236259,914.0,Y0
1.0,0.0,3.0,0.0,1.0,2.0,0.0,12.0,0.0,0,954.0,954.0,987.7055367557266,Y1
0.0,0.0,1.0,0.0,3.0,0.0,0.0,13.0,0.0,0,1014.0,1014.0,1028.5257264694758,Y1
1.0,0.0,3.0,0.0,1.0,0.0,0.0,11.0,0.0,1,891.0,884.6750694047697,891.0,Y0
0.0,0.0,3.0,1.0,0.0,0.0,0.0,27.0,0.0,1,953.0,935.3455444105716,953.0,Y0
0.0,0.0,2.0,0.0,0.0,0.0,-1.0,2.0,0.0,0,1089.0,1089.0,1080.1891398791624,Y1
1.0,1.0,0.0,0.0,1.0,0.0,2.0,1.0,1.0,0,924.0,924.0,917.6462719092077,Y1
1.0,1.0,1.0,1.0,2.0,1.0,4.0,12.0,0.0,1,862.0,902.1181456548411,862.0,Y0
1.0,0.0,3.0,1.0,2.0,1.0,0.0,11.0,0.0,0,856.0,856.0,859.5031562933962,Y1
0.0,0.0,2.0,0.0,1.0,1.0,0.0,15.0,1.0,0,917.0,917.0,938.8761129756468,Y1
1.0,0.0,4.0,0.0,0.0,0.0,0.0,11.0,0.0,0,974.0,974.0,989.3578562596826,Y1
1.0,1.0,0.0,1.0,2.0,0.0,2.0,2.0,0.0,1,987.0,979.3472973695842,987.0,Y0
1.0,1.0,3.0,1.0,2.0,1.0,0.0,22.0,0.0,0,800.0,800.0,791.8424224657804,Y1
0.0,1.0,3.0,0.0,1.0,0.0,2.0,1.0,1.0,0,1044.0,1044.0,1012.769416794864,Y1
1.0,0.0,2.0,0.0,1.0,1.0,0.0,7.0,0.0,1,978.0,964.0595799569355,978.0,Y0
0.0,0.0,1.0,0.0,0.0,0.0,3.0,9.0,0.0,0,1087.0,1087.0,1033.3360070310289,Y1
0.0,1.0,3.0,1.0,2.0,0.0,0.0,6.0,1.0,1,900.0,851.2990189399743,900.0,Y0
0.0,0.0,2.0,0.0,0.0,0.0,-1.0,1.0,0.0,1,879.0,888.6456883540251,879.0,Y0
1.0,0.0,2.0,0.0,0.0,0.0,2.0,2.0,0.0,0,862.0,862.0,840.3380661667726,Y1
0.0,1.0,2.0,1.0,2.0,0.0,1.0,0.0,0.0,0,1006.0,1006.0,1058.6519690549344,Y1
1.0,1.0,4.0,1.0,1.0,0.0,0.0,11.0,0.0,0,896.0,896.0,906.7780360836266,Y1
1.0,0.0,2.0,0.0,0.0,1.0,0.0,6.0,0.0,0,873.0,873.0,904.487501489576,Y1
1.0,0.0,1.0,0.0,3.0,0.0,0.0,21.0,0.0,1,895.0,874.8116099670287,895.0,Y0
0.0,1.0,0.0,0.0,2.0,1.0,0.0,11.0,1.0,0,936.0,936.0,934.2765001774485,Y1
0.0,0.0,1.0,1.0,0.0,1.0,0.0,12.0,0.0,1,994.0,988.3463368363797,994.0,Y0
0.0,0.0,0.0,1.0,3.0,0.0,2.0,5.0,0.0,0,871.0,871.0,861.1361642488623,Y1
1.0,1.0,2.0,1.0,2.0,0.0,0.0,7.0,0.0,0,825.0,825.0,875.3878778718216,Y1
1.0,1.0,0.0,0.0,2.0,0.0,1.0,9.0,1.0,1,986.0,968.6275394683104,986.0,Y0
0.0,0.0,2.0,0.0,0.0,0.0,0.0,13.0,-1.0,0,989.0,989.0,1005.5413908532663,Y1
1.0,1.0,0.0,0.0,0.0,1.0,0.0,8.0,0.0,0,1136.0,1136.0,1154.0429897513725,Y1
0.0,0.0,2.0,0.0,1.0,1.0,0.0,8.0,0.0,1,991.0,977.7868970216716,991.0,Y0
1.0,0.0,0.0,1.0,0.0,0.0,0.0,8.0,0.0,0,964.0,964.0,993.4819686569213,Y1
0.0,0.0,0.0,0.0,0.0,1.0,0.0,5.0,0.0,1,996.0,987.6247775465233,996.0,Y0
1.0,0.0,3.0,-1.0,0.0,0.0,0.0,10.0,-1.0,1,910.0,921.6230093322781,910.0,Y0
0.0,0.0,7.0,0.0,1.0,0.0,0.0,15.0,0.0,0,947.0,947.0,963.2434511898997,Y1
1.0,1.0,2.0,1.0,1.0,0.0,-1.0,3.0,0.0,1,1144.0,1069.2074672478416,1144.0,Y0
1.0,0.0,8.0,1.0,0.0,1.0,0.0,13.0,0.0,1,889.0,885.0035004151862,889.0,Y0
0.0,0.0,0.0,0.0,0.0,1.0,0.0,6.0,0.0,0,867.0,867.0,878.0169224773676,Y1
0.0,0.0,3.0,1.0,0.0,1.0,0.0,8.0,0.0,0,865.0,865.0,885.7204125954429,Y1
0.0,1.0,2.0,1.0,2.0,0.0,2.0,1.0,1.0,0,924.0,924.0,906.755045530173,Y1
1.0,0.0,1.0,1.0,0.0,0.0,0.0,12.0,0.0,0,1005.0,1005.0,1020.6309428520393,Y1
1.0,0.0,1.0,0.0,1.0,0.0,0.0,7.0,0.0,0,902.0,902.0,947.2532242255412,Y1
0.0,1.0,0.0,1.0,2.0,1.0,0.0,10.0,1.0,1,844.0,865.9224940969098,844.0,Y0
0.0,0.0,0.0,0.0,0.0,1.0,0.0,9.0,0.0,0,949.0,949.0,952.1316432605877,Y1
1.0,0.0,0.0,0.0,0.0,1.0,0.0,6.0,0.0,0,961.0,961.0,981.4838653632954,Y1
1.0,1.0,0.0,1.0,1.0,1.0,0.0,24.0,0.0,0,924.0,924.0,910.5100081660734,Y1
0.0,0.0,3.0,0.0,3.0,0.0,1.0,1.0,0.0,1,864.0,904.55874463502,864.0,Y0
0.0,0.0,2.0,0.0,3.0,1.0,0.0,12.0,0.0,1,813.0,822.4651668324012,813.0,Y0
0.0,1.0,0.0,0.0,2.0,1.0,0.0,8.0,0.0,1,825.0,814.7850914500426,825.0,Y0
1.0,0.0,1.0,0.0,0.0,0.0,1.0,0.0,0.0,0,973.0,973.0,1033.4370820920674,Y1
1.0,0.0,0.0,0.0,0.0,0.0,-1.0,4.0,0.0,0,1069.0,1069.0,1138.7408682822959,Y1
1.0,0.0,1.0,1.0,0.0,0.0,0.0,13.0,0.0,0,931.0,931.0,948.6955284911661,Y1
0.0,1.0,2.0,0.0,1.0,0.0,-1.0,12.0,1.0,0,883.0,883.0,865.4814051144391,Y1
0.0,1.0,2.0,0.0,2.0,0.0,0.0,6.0,1.0,0,962.0,962.0,1005.6078109532701,Y1
1.0,0.0,0.0,0.0,0.0,1.0,0.0,8.0,0.0,0,924.0,924.0,942.5570434763741,Y1
0.0,0.0,3.0,1.0,0.0,1.0,0.0,8.0,0.0,0,985.0,985.0,1005.7204125954429,Y1
0.0,1.0,3.0,1.0,1.0,0.0,-1.0,12.0,1.0,0,900.0,900.0,882.9905517160878,Y1
1.0,0.0,2.0,1.0,0.0,1.0,0.0,6.0,0.0,1,1104.0,1077.528348847079,1104.0,Y0
0.0,1.0,2.0,1.0,2.0,0.0,0.0,24.0,1.0,0,914.0,914.0,867.7509396681962,Y1
0.0,1.0,3.0,1.0,2.0,0.0,0.0,5.0,1.0,0,761.0,761.0,815.8231673239487,Y1
0.0,0.0,0.0,0.0,1.0,2.0,0.0,13.0,0.0,0,847.0,847.0,884.0297911139124,Y1
1.0,0.0,0.0,1.0,0.0,0.0,0.0,8.0,0.0,1,962.0,932.5180313430787,962.0,Y0
0.0,0.0,3.0,1.0,0.0,0.0,-1.0,4.0,0.0,0,829.0,829.0,888.6698632349638,Y1
1.0,0.0,3.0,0.0,0.0,1.0,4.0,16.0,0.0,0,892.0,892.0,844.7034189533946,Y1
0.0,0.0,0.0,1.0,0.0,1.0,0.0,12.0,0.0,0,916.0,916.0,924.2075142179939,Y1
1.0,1.0,1.0,1.0,2.0,0.0,0.0,6.0,0.0,1,962.0,905.9559346121837,962.0,Y0
1.0,0.0,2.0,0.0,1.0,1.0,0.0,4.0,0.0,1,942.0,902.2590515894905,942.0,Y0
1.0,0.0,1.0,0.0,0.0,0.0,0.0,6.0,0.0,0,881.0,881.0,925.5926401250761,Y1
0.0,1.0,1.0,1.0,2.0,0.0,2.0,0.0,0.0,0,795.0,795.0,830.3641150973782,Y1
1.0,1.0,3.0,1.0,2.0,0.0,0.0,24.0,1.0,0,967.0,967.0,917.8715360321488,Y1
1.0,0.0,3.0,0.0,0.0,0.0,0.0,12.0,0.0,0,877.0,877.0,887.5448258123123,Y1
1.0,0.0,0.0,0.0,0.0,0.0,0.0,4.0,0.0,1,1097.0,1023.5068074900463,1097.0,Y0
0.0,0.0,2.0,0.0,0.0,0.0,0.0,8.0,0.0,0,1087.0,1087.0,1105.8255706102523,Y1
1.0,1.0,5.0,1.0,2.0,1.0,0.0,11.0,1.0,0,934.0,934.0,922.461359630184,Y1
0.0,1.0,2.0,0.0,1.0,0.0,0.0,21.0,0.0,1,875.0,883.3173591613624,875.0,Y0
1.0,1.0,1.0,1.0,2.0,0.0,1.0,1.0,0.0,1,891.0,870.0681574157438,891.0,Y0
0.0,1.0,3.0,1.0,2.0,0.0,1.0,9.0,1.0,1,936.0,919.8147501629354,936.0,Y0
1.0,1.0,1.0,1.0,1.0,0.0,0.0,6.0,0.0,0,899.0,899.0,952.6096385442274,Y1
1.0,0.0,3.0,1.0,0.0,1.0,5.0,11.0,0.0,1,857.0,938.994910697654,857.0,Y0
1.0,0.0,3.0,0.0,0.0,0.0,2.0,1.0,0.0,0,862.0,862.0,830.6819713462561,Y1
0.0,0.0,0.0,1.0,0.0,0.0,0.0,20.0,0.0,0,925.0,925.0,896.2302449833683,Y1
0.0,0.0,0.0,0.0,0.0,1.0,0.0,9.0,0.0,1,1016.0,1012.8683567394123,1016.0,Y0
1.0,0.0,2.0,1.0,0.0,0.0,0.0,14.0,0.0,0,837.0,837.0,877.5276604763576,Y1
1.0,0.0,2.0,0.0,0.0,0.0,0.0,12.0,0.0,0,973.0,973.0,983.5460999624466,Y1
1.0,1.0,3.0,1.0,1.0,0.0,2.0,5.0,1.0,1,891.0,889.126866805687,891.0,Y0
0.0,0.0,2.0,0.0,1.0,0.0,1.0,14.0,0.0,0,857.0,857.0,899.3609653217068,Y1
1.0,0.0,8.0,1.0,0.0,1.0,0.0,12.0,0.0,0,834.0,834.0,836.7879156973086,Y1
1.0,1.0,3.0,1.0,2.0,0.0,0.0,10.0,1.0,0,894.0,894.0,869.4475493001792,Y1
0.0,1.0,2.0,0.0,1.0,0.0,0.0,20.0,1.0,0,1076.0,1076.0,995.0892683414177,Y1
1.0,1.0,0.0,0.0,2.0,0.0,0.0,10.0,1.0,0,928.0,928.0,907.3688935800092,Y1
1.0,0.0,0.0,0.0,3.0,0.0,1.0,0.0,0.0,0,935.0,935.0,968.1873168046297,Y1
0.0,0.0,0.0,0.0,3.0,0.0,2.0,1.0,0.0,1,924.0,983.680138294977,924.0,Y0
1.0,0.0,1.0,1.0,0.0,1.0,0.0,5.0,0.0,0,930.0,930.0,951.1538708207235,Y1
1.0,0.0,2.0,0.0,0.0,0.0,0.0,8.0,0.0,0,954.0,954.0,985.0392759807746,Y1
1.0,0.0,0.0,1.0,3.0,0.0,0.0,13.0,0.0,0,849.0,849.0,863.7135171620057,Y1
0.0,1.0,3.0,0.0,2.0,0.0,1.0,0.0,1.0,0,933.0,933.0,985.0320291006649,Y1
0.0,0.0,3.0,0.0,0.0,1.0,0.0,5.0,0.0,0,887.0,887.0,900.8345738710016,Y1
1.0,1.0,3.0,1.0,2.0,0.0,-1.0,14.0,1.0,1,931.0,917.2203933830715,931.0,Y0
0.0,1.0,3.0,1.0,2.0,1.0,0.0,10.0,1.0,0,856.0,856.0,834.0000004985726,Y1
1.0,1.0,2.0,1.0,1.0,0.0,-1.0,4.0,0.0,0,831.0,831.0,905.569676230902,Y1
0.0,1.0,2.0,1.0,1.0,1.0,0.0,10.0,0.0,0,862.0,862.0,848.0960048494043,Y1
0.0,0.0,7.0,1.0,0.0,1.0,0.0,12.0,0.0,1,891.0,893.4910760124089,891.0,Y0
1.0,0.0,0.0,1.0,1.0,2.0,0.0,12.0,0.0,0,1058.0,1058.0,1071.6580928138712,Y1
1.0,0.0,2.0,1.0,0.0,0.0,3.0,9.0,0.0,0,993.0,993.0,950.0745536762581,Y1
0.0,0.0,4.0,0.0,1.0,1.0,0.0,14.0,1.0,1,923.0,896.0289909706452,923.0,Y0
1.0,1.0,2.0,0.0,1.0,1.0,0.0,13.0,0.0,0,842.0,842.0,852.0439260917573,Y1
1.0,1.0,2.0,1.0,2.0,0.0,2.0,0.0,0.0,0,861.0,861.0,938.7192645022135,Y1
0.0,0.0,1.0,0.0,1.0,0.0,2.0,1.0,1.0,0,1048.0,1048.0,1010.0247157471343,Y1
0.0,0.0,2.0,0.0,0.0,0.0,0.0,11.0,0.0,0,937.0,937.0,946.7970276275485,Y1
0.0,0.0,3.0,0.0,0.0,1.0,0.0,17.0,0.0,0,841.0,841.0,860.495549041266,Y1
1.0,0.0,1.0,0.0,0.0,1.0,0.0,12.0,0.0,0,962.0,962.0,970.175161754526,Y1
0.0,0.0,4.0,0.0,1.0,0.0,0.0,17.0,0.0,0,907.0,907.0,933.9822384197288,Y1
1.0,0.0,1.0,0.0,1.0,0.0,1.0,0.0,0.0,0,914.0,914.0,981.299700275276,Y1
0.0,0.0,2.0,0.0,3.0,0.0,2.0,5.0,0.0,0,847.0,847.0,865.3838988600567,Y1
0.0,0.0,3.0,1.0,0.0,1.0,0.0,12.0,0.0,1,870.0,865.23664976239,870.0,Y0
1.0,1.0,2.0,1.0,2.0,0.0,1.0,0.0,0.0,0,981.0,981.0,1074.394945092094,Y1
1.0,0.0,1.0,0.0,1.0,0.0,0.0,18.0,0.0,0,971.0,971.0,1023.1298079645604,Y1
0.0,0.0,0.0,1.0,1.0,1.0,0.0,15.0,1.0,0,936.0,936.0,959.3317780050519,Y1
0.0,0.0,2.0,0.0,1.0,1.0,0.0,22.0,0.0,0,967.0,967.0,969.1358271485002,Y1
0.0,1.0,2.0,1.0,1.0,0.0,0.0,11.0,1.0,1,865.0,874.1435115880213,865.0,Y0
0.0,0.0,0.0,0.0,1.0,0.0,0.0,10.0,0.0,1,944.0,958.5649637376154,944.0,Y0
1.0,0.0,7.0,1.0,0.0,1.0,0.0,15.0,0.0,1,862.0,876.4975757197151,862.0,Y0
1.0,1.0,1.0,0.0,0.0,0.0,0.0,8.0,0.0,0,907.0,907.0,947.3439894618953,Y1
1.0,0.0,3.0,0.0,3.0,1.0,0.0,4.0,0.0,0,909.0,909.0,927.0749831584359,Y1
1.0,0.0,1.0,1.0,3.0,0.0,2.0,5.0,0.0,0,864.0,864.0,867.4209151604033,Y1
1.0,1.0,5.0,1.0,0.0,0.0,0.0,13.0,0.0,0,911.0,911.0,924.1483744203925,Y1
1.0,0.0,1.0,0.0,0.0,1.0,0.0,13.0,0.0,0,917.0,917.0,929.2353371681786,Y1
0.0,1.0,1.0,1.0,0.0,0.0,0.0,7.0,0.0,0,782.0,782.0,832.4452153602481,Y1
1.0,0.0,2.0,0.0,0.0,0.0,0.0,3.0,0.0,0,937.0,937.0,994.7613031416818,Y1
0.0,0.0,3.0,0.0,0.0,0.0,0.0,20.0,0.0,0,906.0,906.0,857.4840165570445,Y1
1.0,0.0,1.0,0.0,0.0,1.0,0.0,6.0,0.0,0,885.0,885.0,913.8358213952567,Y1
1.0,1.0,4.0,1.0,1.0,0.0,0.0,5.0,1.0,0,899.0,899.0,943.2157539347473,Y1
1.0,0.0,1.0,0.0,0.0,1.0,0.0,8.0,0.0,1,877.0,850.0416008838522,877.0,Y0
1.0,1.0,2.0,0.0,1.0,0.0,0.0,11.0,1.0,1,943.0,950.5502554080783,943.0,Y0
0.0,0.0,3.0,0.0,1.0,2.0,0.0,13.0,0.0,0,1023.0,1023.0,1059.8901715602826,Y1
0.0,0.0,0.0,0.0,1.0,1.0,0.0,8.0,0.0,1,936.0,928.1925311616651,936.0,Y0
0.0,0.0,3.0,1.0,0.0,1.0,0.0,13.0,0.0,1,846.0,837.5253315907149,846.0,Y0
0.0,1.0,3.0,1.0,2.0,0.0,0.0,6.0,1.0,0,876.0,876.0,924.7009810600257,Y1
0.0,0.0,11.0,0.0,0.0,1.0,0.0,11.0,0.0,0,1180.0,1180.0,1075.5897899438598,Y1
1.0,0.0,3.0,1.0,0.0,0.0,0.0,12.0,0.0,0,881.0,881.0,890.0338647987321,Y1
1.0,1.0,2.0,1.0,2.0,0.0,2.0,1.0,0.0,1,816.0,834.372259659125,816.0,Y0
0.0,0.0,3.0,0.0,1.0,0.0,0.0,16.0,0.0,0,966.0,966.0,987.5984566783535,Y1
1.0,0.0,3.0,1.0,0.0,0.0,2.0,3.0,1.0,0,635.0,635.0,628.0839304988899,Y1
0.0,0.0,0.0,0.0,0.0,3.0,0.0,14.0,0.0,1,1034.0,972.2924743599643,1034.0,Y0
0.0,0.0,0.0,0.0,0.0,1.0,0.0,13.0,0.0,0,894.0,894.0,906.1320538594146,Y1
0.0,0.0,0.0,0.0,0.0,1.0,0.0,12.0,0.0,0,953.0,953.0,959.3091619065111,Y1
0.0,0.0,3.0,1.0,0.0,1.0,0.0,13.0,0.0,0,834.0,834.0,842.4746684092851,Y1
0.0,0.0,2.0,0.0,0.0,1.0,0.0,6.0,0.0,0,957.0,957.0,973.4082056610581,Y1
1.0,0.0,3.0,0.0,1.0,2.0,0.0,13.0,0.0,0,943.0,943.0,981.5467540609693,Y1
0.0,1.0,2.0,1.0,2.0,0.0,0.0,5.0,0.0,0,890.0,890.0,946.8648757829999,Y1
1.0,0.0,2.0,1.0,0.0,0.0,0.0,11.0,0.0,0,855.0,855.0,866.0053347282142,Y1
0.0,1.0,0.0,1.0,2.0,0.0,0.0,7.0,0.0,0,886.0,886.0,931.2665686526802,Y1
1.0,0.0,0.0,0.0,0.0,0.0,0.0,20.0,0.0,0,958.0,958.0,922.432633361304,Y1
0.0,1.0,3.0,1.0,2.0,0.0,2.0,2.0,1.0,1,809.0,802.4350171328804,809.0,Y0
1.0,1.0,2.0,1.0,2.0,0.0,0.0,12.0,1.0,0,995.0,995.0,984.5290278704216,Y1
0.0,0.0,2.0,0.0,0.0,0.0,0.0,4.0,0.0,1,1094.0,1040.5942765896702,1094.0,Y0
1.0,1.0,7.0,1.0,2.0,1.0,0.0,10.0,1.0,0,918.0,918.0,883.6180742585113,Y1
0.0,0.0,2.0,0.0,1.0,1.0,0.0,22.0,0.0,0,966.0,966.0,968.1358271485002,Y1
1.0,1.0,1.0,1.0,2.0,0.0,0.0,11.0,0.0,0,967.0,967.0,984.7554405312233,Y1
1.0,1.0,0.0,1.0,2.0,0.0,0.0,3.0,1.0,0,868.0,868.0,964.9696480464112,Y1
1.0,1.0,3.0,1.0,2.0,0.0,0.0,6.0,0.0,0,825.0,825.0,881.6095447116654,Y1
1.0,0.0,2.0,1.0,0.0,1.0,0.0,9.0,0.0,1,909.0,898.264807279386,909.0,Y0
1.0,0.0,3.0,0.0,0.0,0.0,0.0,8.0,0.0,0,1002.0,1002.0,1033.7878266819564,Y1
0.0,1.0,0.0,1.0,2.0,0.0,0.0,11.0,0.0,0,859.0,859.0,876.708889596341,Y1
1.0,0.0,7.0,1.0,1.0,1.0,0.0,22.0,0.0,0,898.0,898.0,856.9288626341511,Y1
0.0,0.0,2.0,0.0,1.0,0.0,0.0,16.0,0.0,0,933.0,933.0,954.6160171867041,Y1
1.0,0.0,0.0,1.0,0.0,0.0,0.0,10.0,0.0,0,925.0,925.0,914.4033108968606,Y1
0.0,0.0,3.0,0.0,0.0,0.0,0.0,19.0,0.0,0,1023.0,1023.0,980.227552328865,Y1
1.0,1.0,0.0,1.0,2.0,0.0,0.0,11.0,0.0,0,831.0,831.0,847.4842223428707,Y1
1.0,0.0,2.0,1.0,0.0,1.0,0.0,10.0,0.0,0,860.0,860.0,848.9532651142641,Y1
0.0,0.0,3.0,0.0,0.0,1.0,0.0,12.0,0.0,0,950.0,950.0,953.4295721386655,Y1
1.0,0.0,0.0,0.0,0.0,1.0,0.0,4.0,0.0,0,872.0,872.0,923.4201421293037,Y1
0.0,0.0,2.0,1.0,0.0,0.0,0.0,16.0,0.0,0,949.0,949.0,970.8189247644843,Y1
0.0,0.0,0.0,1.0,0.0,0.0,0.0,8.0,0.0,0,903.0,903.0,929.4963250080748,Y1
1.0,1.0,3.0,1.0,2.0,0.0,0.0,24.0,1.0,0,858.0,858.0,808.8715360321488,Y1
1.0,0.0,2.0,1.0,0.0,0.0,0.0,19.0,0.0,1,852.0,894.206806770537,852.0,Y0
0.0,0.0,3.0,1.0,3.0,0.0,-1.0,11.0,0.0,0,1008.0,1008.0,940.3780711662776,Y1
0.0,0.0,3.0,1.0,3.0,1.0,0.0,7.0,0.0,1,950.0,956.4595072322759,950.0,Y0
1.0,0.0,3.0,0.0,1.0,0.0,-1.0,3.0,0.0,0,942.0,942.0,1000.3631368644471,Y1
1.0,0.0,2.0,0.0,3.0,0.0,0.0,13.0,0.0,1,910.0,900.4601729987311,910.0,Y0
1.0,0.0,3.0,0.0,0.0,1.0,0.0,9.0,0.0,0,854.0,854.0,868.7575801822476,Y1
0.0,0.0,3.0,0.0,0.0,0.0,-1.0,9.0,0.0,0,905.0,905.0,871.6893133340744,Y1
0.0,0.0,0.0,0.0,3.0,0.0,0.0,14.0,0.0,0,1156.0,1156.0,1198.4930273296886,Y1
1.0,0.0,0.0,0.0,1.0,0.0,0.0,17.0,0.0,0,975.0,975.0,1004.9163173484626,Y1
1.0,0.0,1.0,0.0,0.0,1.0,0.0,12.0,0.0,0,969.0,969.0,977.175161754526,Y1
1.0,0.0,0.0,0.0,0.0,0.0,0.0,9.0,0.0,1,1012.0,996.8953641888012,1012.0,Y0
1.0,1.0,2.0,1.0,1.0,0.0,-1.0,0.0,0.0,0,911.0,911.0,972.117536359566,Y1
0.0,1.0,0.0,1.0,2.0,0.0,2.0,1.0,1.0,1,897.0,903.9578533930099,897.0,Y0
1.0,0.0,0.0,1.0,0.0,1.0,0.0,12.0,0.0,0,944.0,944.0,946.1743871698011,Y1
0.0,0.0,3.0,1.0,3.0,2.0,0.0,13.0,0.0,0,939.0,939.0,1000.199573162638,Y1
1.0,0.0,2.0,0.0,0.0,2.0,0.0,12.0,0.0,0,984.0,984.0,1015.2506695820357,Y1
0.0,1.0,0.0,1.0,1.0,0.0,0.0,21.0,1.0,0,891.0,891.0,870.9050574138231,Y1
0.0,1.0,2.0,1.0,1.0,0.0,0.0,21.0,1.0,0,886.0,886.0,849.3090696709032,Y1
0.0,0.0,1.0,0.0,0.0,0.0,-1.0,9.0,0.0,0,993.0,993.0,961.4817479786053,Y1
1.0,0.0,3.0,1.0,3.0,1.0,0.0,6.0,0.0,0,884.0,884.0,890.5537230109944,Y1
1.0,1.0,1.0,1.0,2.0,2.0,0.0,8.0,0.0,0,879.0,879.0,902.2805107327358,Y1
0.0,0.0,1.0,0.0,3.0,0.0,0.0,3.0,0.0,0,1124.0,1124.0,1135.575241446294,Y1
1.0,0.0,2.0,0.0,1.0,1.0,0.0,14.0,0.0,0,971.0,971.0,1002.3338329373178,Y1
0.0,0.0,3.0,1.0,0.0,1.0,0.0,9.0,0.0,1,881.0,871.9114619975969,881.0,Y0
1.0,1.0,3.0,1.0,1.0,1.0,0.0,24.0,0.0,0,947.0,947.0,920.6979553447178,Y1
1.0,0.0,2.0,0.0,0.0,1.0,0.0,5.0,0.0,0,871.0,871.0,899.1402670291227,Y1
0.0,0.0,2.0,1.0,0.0,1.0,0.0,9.0,0.0,0,897.0,897.0,905.9827391446702,Y1
0.0,1.0,0.0,1.0,0.0,0.0,3.0,10.0,0.0,0,974.0,974.0,901.2080100908403,Y1
1.0,0.0,1.0,1.0,0.0,1.0,0.0,6.0,0.0,0,930.0,930.0,953.8519015628337,Y1
1.0,1.0,0.0,1.0,2.0,0.0,-1.0,3.0,0.0,1,809.0,781.5285547445008,809.0,Y0
0.0,1.0,3.0,1.0,1.0,0.0,2.0,1.0,0.0,0,876.0,876.0,856.3097672414918,Y1
0.0,1.0,2.0,1.0,2.0,0.0,-1.0,6.0,1.0,0,1074.0,1074.0,1075.8890096581947,Y1
1.0,0.0,3.0,0.0,1.0,2.0,0.0,12.0,0.0,0,954.0,954.0,987.7055367557266,Y1
0.0,1.0,3.0,1.0,2.0,0.0,0.0,3.0,1.0,0,870.0,870.0,960.5186772328076,Y1
1.0,1.0,3.0,1.0,2.0,1.0,0.0,6.0,0.0,1,947.0,912.3242124236765,947.0,Y0
0.0,1.0,3.0,1.0,1.0,0.0,2.0,3.0,0.0,0,822.0,822.0,831.5095133623606,Y1
1.0,1.0,3.0,1.0,2.0,0.0,2.0,2.0,1.0,1,837.0,826.3050116975479,837.0,Y0
1.0,0.0,2.0,0.0,0.0,0.0,0.0,6.0,0.0,0,864.0,864.0,908.835163934379,Y1
1.0,0.0,0.0,0.0,3.0,0.0,0.0,5.0,0.0,0,911.0,911.0,934.0470504139089,Y1
0.0,0.0,0.0,0.0,0.0,1.0,0.0,13.0,0.0,0,834.0,834.0,846.1320538594146,Y1
1.0,0.0,1.0,0.0,0.0,0.0,0.0,11.0,0.0,0,892.0,892.0,911.6843547891341,Y1
1.0,1.0,3.0,1.0,2.0,0.0,2.0,1.0,1.0,0,931.0,931.0,916.6155224660966,Y1
1.0,1.0,3.0,1.0,2.0,0.0,2.0,1.0,1.0,0,837.0,837.0,822.6155224660966,Y1
0.0,0.0,2.0,0.0,1.0,0.0,0.0,8.0,0.0,0,913.0,913.0,929.5600110550682,Y1
1.0,1.0,2.0,1.0,2.0,0.0,0.0,12.0,1.0,0,1006.0,1006.0,995.5290278704216,Y1
1.0,0.0,2.0,0.0,3.0,0.0,0.0,11.0,0.0,0,889.0,889.0,880.3048714877231,Y1
1.0,0.0,2.0,0.0,0.0,0.0,0.0,11.0,0.0,0,934.0,934.0,946.4836018230682,Y1
0.0,1.0,0.0,1.0,2.0,0.0,-1.0,9.0,1.0,0,903.0,903.0,869.153957204869,Y1
1.0,0.0,3.0,0.0,0.0,1.0,0.0,6.0,0.0,0,773.0,773.0,805.2291825444237,Y1
1.0,0.0,3.0,0.0,1.0,1.0,0.0,7.0,0.0,1,947.0,932.3310763080816,947.0,Y0
0.0,0.0,2.0,0.0,1.0,0.0,0.0,16.0,0.0,0,968.0,968.0,989.6160171867041,Y1
0.0,1.0,0.0,1.0,2.0,1.0,0.0,22.0,0.0,0,855.0,855.0,865.0529309508609,Y1
0.0,1.0,3.0,1.0,2.0,0.0,2.0,1.0,1.0,1,873.0,889.5310216794406,873.0,Y0
1.0,0.0,0.0,0.0,0.0,0.0,0.0,11.0,0.0,0,883.0,883.0,902.1788600178904,Y1
1.0,1.0,3.0,1.0,2.0,0.0,0.0,6.0,1.0,0,831.0,831.0,882.9807167715119,Y1
0.0,1.0,2.0,1.0,2.0,0.0,0.0,12.0,1.0,0,984.0,984.0,974.4653785921276,Y1
1.0,0.0,2.0,1.0,0.0,1.0,0.0,6.0,0.0,1,1076.0,1049.528348847079,1076.0,Y0
0.0,0.0,3.0,0.0,0.0,1.0,5.0,11.0,0.0,1,859.0,933.1334763557155,859.0,Y0
1.0,1.0,1.0,1.0,2.0,0.0,0.0,20.0,1.0,0,1003.0,1003.0,935.915436260781,Y1
0.0,1.0,2.0,1.0,1.0,0.0,0.0,10.0,0.0,1,853.0,863.8495111829185,853.0,Y0
1.0,0.0,2.0,0.0,0.0,0.0,0.0,11.0,0.0,0,919.0,919.0,931.4836018230682,Y1
0.0,0.0,2.0,0.0,0.0,0.0,0.0,16.0,0.0,0,939.0,939.0,959.0100333873412,Y1
0.0,0.0,3.0,0.0,1.0,0.0,0.0,16.0,0.0,0,939.0,939.0,960.5984566783535,Y1
0.0,0.0,3.0,0.0,0.0,0.0,-1.0,9.0,0.0,0,971.0,971.0,937.6893133340744,Y1
1.0,0.0,0.0,-1.0,3.0,1.0,0.0,14.0,-1.0,1,927.0,990.1079933750815,927.0,Y0
1.0,1.0,1.0,0.0,1.0,0.0,0.0,7.0,0.0,0,937.0,937.0,989.636851611217,Y1
1.0,0.0,3.0,0.0,0.0,0.0,0.0,9.0,0.0,1,957.0,943.02367688917,957.0,Y0
1.0,0.0,4.0,1.0,0.0,1.0,0.0,8.0,0.0,0,887.0,887.0,910.6587292386887,Y1
1.0,0.0,0.0,0.0,3.0,0.0,2.0,5.0,0.0,0,1083.0,1083.0,1076.0555927164296,Y1
1.0,0.0,0.0,0.0,0.0,1.0,0.0,5.0,0.0,0,910.0,910.0,927.8616123794187,Y1
0.0,0.0,5.0,0.0,1.0,0.0,0.0,7.0,0.0,0,836.0,836.0,867.2339103757693,Y1
0.0,0.0,3.0,0.0,0.0,2.0,0.0,12.0,0.0,0,966.0,966.0,993.7160120383297,Y1
1.0,0.0,1.0,0.0,1.0,0.0,0.0,17.0,0.0,0,961.0,961.0,991.5016060562959,Y1
1.0,0.0,1.0,0.0,0.0,1.0,0.0,10.0,0.0,0,878.0,878.0,866.9686524911415,Y1
0.0,1.0,0.0,0.0,2.0,1.0,0.0,11.0,0.0,0,892.0,892.0,896.5137099685135,Y1
0.0,1.0,2.0,1.0,2.0,1.0,0.0,13.0,1.0,1,890.0,891.9945246154505,890.0,Y0
1.0,1.0,1.0,1.0,2.0,0.0,2.0,1.0,0.0,0,934.0,934.0,914.37360129344,Y1
0.0,1.0,1.0,1.0,2.0,0.0,1.0,0.0,1.0,0,845.0,845.0,918.8062442513337,Y1
1.0,0.0,7.0,1.0,0.0,0.0,3.0,27.0,0.0,0,891.0,891.0,847.0963318699763,Y1
1.0,0.0,2.0,1.0,3.0,0.0,0.0,8.0,0.0,0,847.0,847.0,855.1399505949042,Y1
0.0,0.0,0.0,0.0,3.0,0.0,0.0,5.0,0.0,0,936.0,936.0,944.9869634075255,Y1
1.0,1.0,1.0,0.0,0.0,2.0,0.0,12.0,0.0,0,898.0,898.0,930.9274014099418,Y1
1.0,0.0,8.0,1.0,3.0,1.0,0.0,8.0,0.0,0,904.0,904.0,889.3330178256122,Y1
1.0,0.0,1.0,0.0,0.0,0.0,2.0,2.0,0.0,0,1038.0,1038.0,1015.6414444811629,Y1
1.0,0.0,3.0,0.0,0.0,1.0,0.0,20.0,0.0,0,1033.0,1033.0,981.1985472898716,Y1
1.0,0.0,1.0,0.0,0.0,0.0,0.0,13.0,0.0,0,906.0,906.0,925.1331694669882,Y1
1.0,0.0,3.0,0.0,1.0,0.0,1.0,14.0,0.0,0,948.0,948.0,991.7743722854051,Y1
0.0,0.0,0.0,1.0,1.0,0.0,-1.0,18.0,1.0,0,825.0,825.0,858.2709820270101,Y1
0.0,2.0,4.0,0.0,1.0,1.0,0.0,18.0,0.0,1,982.0,1000.5236992143706,982.0,Y0
0.0,0.0,3.0,0.0,1.0,0.0,3.0,13.0,0.0,1,992.0,1034.6988641627522,992.0,Y0
1.0,0.0,0.0,0.0,0.0,0.0,0.0,9.0,0.0,0,886.0,886.0,901.1046358111988,Y1
0.0,1.0,0.0,1.0,2.0,0.0,0.0,9.0,1.0,0,857.0,857.0,860.2870177922697,Y1
1.0,0.0,3.0,0.0,0.0,1.0,0.0,12.0,0.0,0,865.0,865.0,872.3050130252085,Y1
0.0,1.0,3.0,1.0,0.0,0.0,3.0,10.0,0.0,0,994.0,994.0,921.8890451489955,Y1
1.0,0.0,1.0,0.0,3.0,0.0,1.0,0.0,0.0,0,1061.0,1061.0,1093.927742118415,Y1
0.0,0.0,2.0,1.0,0.0,1.0,0.0,13.0,0.0,0,886.0,886.0,894.4700000977186,Y1
1.0,0.0,1.0,1.0,1.0,0.0,-1.0,2.0,0.0,0,992.0,992.0,997.0726663142841,Y1
0.0,0.0,1.0,0.0,0.0,1.0,0.0,8.0,0.0,0,1171.0,1171.0,1184.1762237618073,Y1
0.0,0.0,3.0,1.0,0.0,0.0,2.0,2.0,0.0,0,959.0,959.0,927.0628318987365,Y1
0.0,1.0,2.0,1.0,2.0,0.0,-1.0,2.0,0.0,1,807.0,819.1756880570808,807.0,Y0
1.0,1.0,1.0,1.0,2.0,0.0,2.0,2.0,0.0,1,868.0,862.9910724744772,868.0,Y0
0.0,0.0,0.0,1.0,1.0,1.0,0.0,4.0,0.0,1,859.0,839.500020406094,859.0,Y0
0.0,0.0,3.0,0.0,0.0,1.0,0.0,20.0,0.0,0,938.0,938.0,884.826566181452,Y1
1.0,0.0,0.0,0.0,0.0,0.0,2.0,1.0,0.0,0,842.0,842.0,812.774604872698,Y1
0.0,0.0,2.0,0.0,3.0,0.0,0.0,5.0,0.0,0,1094.0,1094.0,1105.710400066137,Y1
0.0,1.0,2.0,1.0,0.0,0.0,-1.0,5.0,0.0,0,868.0,868.0,874.3390132911471,Y1
0.0,0.0,0.0,0.0,0.0,1.0,0.0,20.0,0.0,0,902.0,902.0,861.1955755553938,Y1
0.0,0.0,2.0,0.0,1.0,2.0,0.0,12.0,0.0,0,900.0,900.0,930.4091037052275,Y1
0.0,1.0,1.0,1.0,1.0,0.0,2.0,1.0,1.0,0,933.0,933.0,920.4931637743761,Y1
0.0,1.0,0.0,1.0,2.0,0.0,0.0,7.0,0.0,0,860.0,860.0,905.2665686526802,Y1
1.0,0.0,1.0,0.0,0.0,0.0,0.0,10.0,0.0,1,891.0,900.0843288710355,891.0,Y0
0.0,0.0,2.0,0.0,3.0,1.0,0.0,7.0,0.0,1,1009.0,1019.6915191391226,1009.0,Y0
0.0,1.0,2.0,0.0,1.0,0.0,3.0,13.0,0.0,1,979.0,1014.4155730605804,979.0,Y0
1.0,0.0,0.0,1.0,0.0,0.0,0.0,13.0,0.0,0,883.0,883.0,900.73540370887,Y1
1.0,0.0,0.0,0.0,0.0,0.0,0.0,13.0,-1.0,0,869.0,869.0,880.6871646642451,Y1
1.0,1.0,1.0,1.0,2.0,1.0,0.0,10.0,1.0,0,842.0,842.0,818.9205633634298,Y1
0.0,0.0,9.0,1.0,3.0,2.0,0.0,13.0,0.0,0,832.0,832.0,888.5497229262141,Y1
1.0,1.0,1.0,1.0,0.0,0.0,2.0,1.0,0.0,1,873.0,891.9099222340454,873.0,Y0
1.0,0.0,3.0,1.0,0.0,1.0,0.0,13.0,0.0,0,824.0,824.0,831.1711094138501,Y1
1.0,0.0,0.0,0.0,1.0,1.0,0.0,12.0,0.0,0,999.0,999.0,996.9067904544004,Y1
0.0,0.0,3.0,1.0,3.0,0.0,0.0,11.0,0.0,0,924.0,924.0,914.0472635050528,Y1
1.0,0.0,2.0,1.0,3.0,0.0,0.0,21.0,0.0,1,961.0,947.9017280736333,961.0,Y0
1.0,1.0,3.0,0.0,2.0,0.0,0.0,3.0,1.0,1,987.0,887.1836937695666,987.0,Y0
1.0,0.0,1.0,0.0,3.0,2.0,0.0,12.0,0.0,1,1003.0,954.7583326091284,1003.0,Y0
1.0,1.0,3.0,0.0,1.0,0.0,5.0,3.0,0.0,0,879.0,879.0,875.7444260400417,Y1
1.0,1.0,2.0,1.0,2.0,1.0,0.0,7.0,0.0,0,903.0,903.0,917.4898817978286,Y1
0.0,0.0,2.0,1.0,0.0,0.0,0.0,12.0,0.0,0,937.0,937.0,947.1499824210478,Y1
0.0,0.0,3.0,1.0,3.0,0.0,0.0,21.0,0.0,1,978.0,972.254379320137,978.0,Y0
1.0,0.0,1.0,0.0,1.0,0.0,0.0,5.0,1.0,0,897.0,897.0,933.9802220804627,Y1
0.0,0.0,2.0,0.0,0.0,1.0,0.0,12.0,0.0,0,975.0,975.0,978.4469772019967,Y1
0.0,0.0,1.0,1.0,1.0,0.0,0.0,8.0,0.0,0,849.0,849.0,873.1548884386036,Y1
1.0,1.0,2.0,0.0,3.0,0.0,0.0,11.0,0.0,1,883.0,887.6387719296121,883.0,Y0
0.0,0.0,2.0,0.0,1.0,1.0,4.0,15.0,0.0,0,1206.0,1206.0,1175.5461540731633,Y1
0.0,0.0,2.0,0.0,0.0,0.0,2.0,2.0,0.0,0,856.0,856.0,817.3220883467823,Y1
1.0,0.0,2.0,1.0,0.0,1.0,0.0,12.0,0.0,1,987.0,981.7540417982278,987.0,Y0
1.0,1.0,0.0,1.0,0.0,1.0,4.0,16.0,0.0,0,974.0,974.0,923.6540957797896,Y1
1.0,0.0,0.0,0.0,0.0,0.0,2.0,2.0,0.0,1,907.0,923.9121140817041,907.0,Y0
0.0,0.0,3.0,1.0,0.0,1.0,0.0,12.0,0.0,0,892.0,892.0,896.76335023761,Y1
1.0,0.0,4.0,1.0,3.0,0.0,0.0,11.0,0.0,1,1000.0,1011.1911527972112,1000.0,Y0
0.0,1.0,0.0,0.0,1.0,1.0,0.0,10.0,0.0,0,961.0,961.0,944.390147239443,Y1
1.0,1.0,7.0,1.0,2.0,0.0,0.0,11.0,0.0,0,883.0,883.0,889.83271145989,Y1
0.0,0.0,0.0,0.0,1.0,0.0,-1.0,5.0,0.0,1,841.0,865.2906394492537,841.0,Y0
1.0,1.0,2.0,0.0,1.0,0.0,0.0,12.0,1.0,1,886.0,898.0054476486432,886.0,Y0
1.0,1.0,3.0,1.0,2.0,0.0,0.0,6.0,1.0,0,782.0,782.0,833.9807167715119,Y1
0.0,1.0,3.0,0.0,2.0,0.0,-1.0,9.0,1.0,0,1016.0,1016.0,989.6982492467895,Y1
1.0,1.0,11.0,0.0,2.0,0.0,0.0,3.0,1.0,1,971.0,963.3200248653461,971.0,Y0
0.0,0.0,3.0,0.0,1.0,0.0,0.0,3.0,0.0,0,894.0,894.0,936.9688351935968,Y1
1.0,1.0,0.0,1.0,0.0,0.0,-1.0,9.0,0.0,0,902.0,902.0,876.2721765001432,Y1
0.0,0.0,1.0,1.0,0.0,1.0,0.0,12.0,0.0,0,805.0,805.0,810.6536631636203,Y1
1.0,0.0,2.0,1.0,0.0,0.0,0.0,4.0,0.0,1,892.0,821.568599265168,892.0,Y0
1.0,0.0,1.0,0.0,0.0,0.0,0.0,8.0,0.0,1,959.0,925.6359893813026,959.0,Y0
0.0,1.0,2.0,1.0,2.0,0.0,0.0,3.0,1.0,0,957.0,957.0,1047.4453469794605,Y1
1.0,1.0,0.0,1.0,2.0,1.0,0.0,11.0,0.0,0,899.0,899.0,900.0018006214486,Y1
0.0,1.0,2.0,0.0,2.0,0.0,-1.0,9.0,1.0,0,979.0,979.0,952.0807920305946,Y1
1.0,0.0,3.0,0.0,0.0,0.0,0.0,13.0,-1.0,0,955.0,955.0,972.2453216709706,Y1
0.0,0.0,0.0,0.0,3.0,0.0,0.0,13.0,0.0,1,978.0,963.2982742639249,978.0,Y0
1.0,0.0,1.0,0.0,3.0,1.0,0.0,4.0,0.0,0,1016.0,1016.0,1031.3471920577347,Y1
1.0,1.0,0.0,1.0,2.0,0.0,0.0,5.0,0.0,1,968.0,909.5502580147721,968.0,Y0
1.0,1.0,1.0,1.0,0.0,0.0,0.0,11.0,0.0,0,962.0,962.0,985.0996804832201,Y1
0.0,0.0,0.0,1.0,0.0,1.0,0.0,5.0,0.0,0,826.0,826.0,839.6358760081428,Y1
1.0,0.0,4.0,1.0,3.0,0.0,2.0,5.0,0.0,0,919.0,919.0,941.4071957361604,Y1
1.0,1.0,2.0,1.0,1.0,1.0,0.0,24.0,0.0,0,983.0,983.0,962.1631411326846,Y1
1.0,0.0,1.0,0.0,0.0,0.0,0.0,8.0,0.0,1,1052.0,1018.6359893813026,1052.0,Y0
1.0,0.0,2.0,0.0,3.0,0.0,0.0,11.0,0.0,0,910.0,910.0,901.3048714877231,Y1
1.0,0.0,2.0,1.0,3.0,1.0,0.0,7.0,0.0,1,874.0,873.7114326979315,874.0,Y0
0.0,0.0,3.0,0.0,0.0,1.0,0.0,15.0,0.0,0,996.0,996.0,1005.3745600359724,Y1
1.0,0.0,2.0,0.0,0.0,0.0,2.0,3.0,1.0,0,839.0,839.0,836.3171118319829,Y1
0.0,0.0,0.0,0.0,0.0,1.0,0.0,13.0,0.0,0,889.0,889.0,901.1320538594146,Y1
1.0,0.0,4.0,0.0,0.0,0.0,0.0,12.0,0.0,1,950.0,935.8499634158451,950.0,Y0
0.0,0.0,1.0,0.0,0.0,0.0,0.0,16.0,0.0,0,950.0,950.0,976.606308364612,Y1
0.0,0.0,2.0,1.0,1.0,1.0,0.0,15.0,1.0,0,937.0,937.0,955.0602556350505,Y1
1.0,0.0,2.0,0.0,1.0,0.0,0.0,8.0,0.0,0,872.0,872.0,900.7559117116522,Y1
1.0,0.0,1.0,0.0,0.0,0.0,2.0,1.0,0.0,0,978.0,978.0,944.9428295700435,Y1
1.0,0.0,0.0,0.0,0.0,0.0,0.0,19.0,0.0,0,1108.0,1108.0,1072.1908265415163,Y1
1.0,0.0,3.0,0.0,1.0,0.0,-1.0,10.0,1.0,1,1074.0,1076.1057359457614,1074.0,Y0
0.0,0.0,0.0,1.0,0.0,0.0,-1.0,6.0,0.0,1,938.0,950.5099662643563,938.0,Y0
1.0,0.0,3.0,0.0,0.0,1.0,0.0,17.0,0.0,0,875.0,875.0,896.3919950671954,Y1
1.0,0.0,0.0,0.0,0.0,1.0,0.0,8.0,0.0,1,832.0,813.4429565236259,832.0,Y0
0.0,0.0,0.0,0.0,1.0,0.0,-1.0,10.0,1.0,1,868.0,883.3894645014095,868.0,Y0
1.0,0.0,0.0,0.0,0.0,0.0,0.0,8.0,0.0,1,973.0,940.1451455643527,973.0,Y0
0.0,1.0,2.0,1.0,2.0,0.0,-1.0,9.0,1.0,0,917.0,917.0,893.2889661107282,Y1
0.0,1.0,1.0,0.0,3.0,0.0,-1.0,11.0,0.0,0,881.0,881.0,823.0171989693338,Y1
0.0,0.0,3.0,0.0,0.0,0.0,0.0,3.0,0.0,0,870.0,870.0,913.766951461081,Y1
0.0,1.0,1.0,1.0,2.0,0.0,0.0,11.0,0.0,0,964.0,964.0,982.3086225631203,Y1
1.0,0.0,3.0,1.0,0.0,0.0,0.0,10.0,0.0,0,894.0,894.0,880.3249258600486,Y1
0.0,-1.0,-1.0,1.0,2.0,0.0,0.0,5.0,0.0,0,936.0,936.0,1004.9324325072116,Y1
0.0,1.0,1.0,1.0,2.0,0.0,0.0,16.0,1.0,0,883.0,883.0,896.7095073535893,Y1
1.0,1.0,0.0,1.0,2.0,1.0,0.0,6.0,0.0,1,810.0,787.2856702571411,810.0,Y0
1.0,0.0,3.0,0.0,3.0,0.0,0.0,14.0,0.0,1,962.0,924.058676862957,962.0,Y0
1.0,1.0,2.0,1.0,2.0,0.0,0.0,11.0,0.0,0,856.0,856.0,866.7298620814717,Y1
1.0,1.0,0.0,1.0,1.0,0.0,-1.0,18.0,1.0,0,965.0,965.0,995.7402285466055,Y1
0.0,0.0,3.0,0.0,0.0,1.0,3.0,11.0,0.0,0,992.0,992.0,932.8577947735928,Y1
0.0,1.0,2.0,0.0,2.0,0.0,1.0,0.0,1.0,0,892.0,892.0,942.7147372005115,Y1
0.0,0.0,1.0,0.0,0.0,1.0,0.0,13.0,0.0,0,971.0,971.0,981.1737799658044,Y1
0.0,0.0,0.0,1.0,0.0,1.0,0.0,9.0,0.0,0,872.0,872.0,879.3086993759055,Y1
0.0,1.0,0.0,1.0,2.0,1.0,0.0,13.0,1.0,1,1067.0,1064.6824973326545,1067.0,Y0
0.0,0.0,0.0,0.0,3.0,0.0,1.0,0.0,0.0,0,979.0,979.0,951.6205928227891,Y1
0.0,1.0,3.0,1.0,2.0,0.0,0.0,10.0,1.0,0,939.0,939.0,915.0048310807417,Y1
1.0,0.0,1.0,0.0,1.0,1.0,0.0,14.0,0.0,0,951.0,951.0,985.0194816816648,Y1
0.0,0.0,2.0,1.0,0.0,1.0,0.0,9.0,0.0,1,1006.0,997.0172608553298,1006.0,Y0
0.0,1.0,2.0,1.0,1.0,1.0,0.0,24.0,0.0,0,967.0,967.0,940.9355292743384,Y1
0.0,0.0,3.0,0.0,0.0,1.0,0.0,13.0,0.0,0,1033.0,1033.0,1041.0295495393764,Y1
0.0,1.0,2.0,1.0,2.0,0.0,0.0,12.0,1.0,0,954.0,954.0,944.4653785921276,Y1
0.0,1.0,2.0,1.0,2.0,1.0,0.0,22.0,0.0,0,804.0,804.0,800.9693084257311,Y1
0.0,0.0,2.0,0.0,0.0,0.0,1.0,0.0,0.0,0,1005.0,1005.0,1004.6856316496011,Y1
1.0,1.0,2.0,1.0,1.0,0.0,0.0,5.0,1.0,0,956.0,956.0,1001.5072577173011,Y1
0.0,0.0,3.0,0.0,0.0,0.0,2.0,3.0,1.0,0,817.0,817.0,801.9099035076202,Y1
1.0,0.0,0.0,0.0,1.0,0.0,-1.0,10.0,1.0,1,960.0,962.6267157970535,960.0,Y0
0.0,1.0,3.0,1.0,2.0,0.0,0.0,6.0,1.0,1,1039.0,990.2990189399743,1039.0,Y0
1.0,0.0,2.0,1.0,0.0,0.0,2.0,3.0,1.0,0,790.0,790.0,782.7799385642982,Y1
0.0,0.0,3.0,1.0,0.0,0.0,1.0,0.0,0.0,0,870.0,870.0,889.1945095036172,Y1
1.0,0.0,3.0,0.0,0.0,1.0,0.0,8.0,1.0,0,853.0,853.0,890.9553478205481,Y1
0.0,0.0,3.0,0.0,0.0,0.0,3.0,10.0,0.0,0,1181.0,1181.0,1095.9975091187516,Y1
1.0,1.0,2.0,1.0,2.0,1.0,0.0,6.0,0.0,1,796.0,761.4930857556221,796.0,Y0
0.0,0.0,0.0,1.0,0.0,0.0,0.0,4.0,0.0,0,940.0,940.0,1000.4847090284999,Y1
1.0,1.0,0.0,0.0,1.0,1.0,0.0,10.0,0.0,0,921.0,921.0,902.3096794824603,Y1
0.0,0.0,0.0,1.0,1.0,0.0,-1.0,10.0,1.0,1,956.0,969.6671006301325,956.0,Y0
0.0,1.0,3.0,1.0,2.0,0.0,0.0,16.0,1.0,0,873.0,873.0,881.4202630262879,Y1
0.0,1.0,8.0,1.0,3.0,1.0,0.0,6.0,0.0,0,857.0,857.0,885.3451559711393,Y1
0.0,0.0,1.0,0.0,0.0,1.0,0.0,6.0,0.0,0,1031.0,1031.0,1044.755520110321,Y1
1.0,0.0,0.0,0.0,0.0,0.0,0.0,12.0,0.0,0,946.0,946.0,962.5892637546882,Y1
1.0,0.0,4.0,1.0,0.0,0.0,0.0,5.0,0.0,1,890.0,853.1894824214328,890.0,Y0
1.0,1.0,1.0,0.0,0.0,0.0,0.0,13.0,0.0,0,864.0,864.0,886.2035963553135,Y1
1.0,0.0,0.0,1.0,3.0,0.0,0.0,11.0,0.0,1,872.0,874.9869845312226,872.0,Y0
1.0,0.0,4.0,0.0,1.0,0.0,0.0,12.0,0.0,0,905.0,905.0,912.9405169626876,Y1
1.0,0.0,1.0,0.0,3.0,0.0,0.0,11.0,0.0,0,831.0,831.0,829.4236262788652,Y1
0.0,0.0,12.0,0.0,3.0,0.0,0.0,8.0,0.0,0,976.0,976.0,1018.6105292976433,Y1
0.0,0.0,0.0,0.0,0.0,1.0,0.0,20.0,0.0,0,956.0,956.0,915.1955755553938,Y1
0.0,0.0,3.0,0.0,3.0,0.0,0.0,8.0,0.0,0,949.0,949.0,947.958793025324,Y1
0.0,0.0,3.0,0.0,3.0,0.0,-1.0,11.0,0.0,0,981.0,981.0,912.3282190903132,Y1
1.0,0.0,0.0,1.0,0.0,0.0,-1.0,4.0,0.0,0,870.0,870.0,937.0913514866638,Y1
1.0,0.0,1.0,0.0,0.0,1.0,0.0,7.0,0.0,0,913.0,913.0,930.4013238699163,Y1
1.0,0.0,2.0,1.0,0.0,0.0,0.0,8.0,0.0,1,821.0,793.8929403578093,821.0,Y0
1.0,0.0,1.0,0.0,1.0,0.0,0.0,3.0,0.0,0,934.0,934.0,991.3877143561837,Y1
0.0,0.0,2.0,1.0,3.0,0.0,2.0,5.0,0.0,0,816.0,816.0,840.9965398264576,Y1
1.0,0.0,2.0,0.0,2.0,0.0,-1.0,10.0,1.0,0,906.0,906.0,903.1966855053951,Y1
0.0,1.0,3.0,0.0,2.0,1.0,0.0,11.0,0.0,0,937.0,937.0,939.97629717978,Y1
1.0,0.0,1.0,0.0,0.0,2.0,0.0,12.0,0.0,0,915.0,915.0,947.2173985538159,Y1
1.0,1.0,2.0,1.0,2.0,0.0,1.0,0.0,0.0,0,968.0,968.0,1061.394945092094,Y1
0.0,0.0,3.0,0.0,0.0,1.0,0.0,12.0,0.0,0,1031.0,1031.0,1034.4295721386654,Y1
1.0,0.0,0.0,1.0,0.0,0.0,0.0,12.0,0.0,0,883.0,883.0,898.6627159736104,Y1
1.0,1.0,1.0,1.0,2.0,0.0,2.0,2.0,1.0,1,911.0,899.8380802951577,911.0,Y0
1.0,1.0,7.0,1.0,3.0,1.0,0.0,6.0,0.0,0,866.0,866.0,868.9540480869482,Y1
1.0,0.0,1.0,0.0,0.0,0.0,0.0,10.0,0.0,1,886.0,895.0843288710355,886.0,Y0
1.0,0.0,5.0,0.0,1.0,0.0,0.0,3.0,0.0,0,969.0,969.0,1019.1112070331843,Y1
0.0,1.0,0.0,1.0,2.0,1.0,1.0,6.0,0.0,0,813.0,813.0,848.3971393071652,Y1
0.0,1.0,2.0,1.0,1.0,0.0,-1.0,2.0,0.0,0,897.0,897.0,916.0189203162079,Y1
0.0,0.0,1.0,0.0,1.0,0.0,-1.0,3.0,0.0,0,960.0,960.0,1004.2068449180865,Y1
0.0,1.0,0.0,1.0,2.0,0.0,0.0,10.0,1.0,0,868.0,868.0,847.4844608285892,Y1
1.0,1.0,2.0,1.0,2.0,1.0,0.0,11.0,0.0,0,780.0,780.0,784.6810034816614,Y1
0.0,1.0,2.0,1.0,1.0,0.0,-1.0,0.0,0.0,0,847.0,847.0,881.1515270051965,Y1
1.0,1.0,0.0,0.0,1.0,0.0,0.0,11.0,1.0,1,942.0,943.7029255774488,942.0,Y0
1.0,0.0,3.0,0.0,3.0,2.0,0.0,12.0,0.0,1,1009.0,948.0472167835578,1009.0,Y0
0.0,0.0,0.0,0.0,0.0,1.0,0.0,12.0,0.0,0,979.0,979.0,985.3091619065111,Y1
0.0,0.0,3.0,0.0,1.0,0.0,0.0,14.0,0.0,1,1050.0,1020.2564248072869,1050.0,Y0
0.0,0.0,1.0,1.0,0.0,3.0,0.0,10.0,0.0,1,818.0,827.9096253560607,818.0,Y0
0.0,1.0,3.0,1.0,2.0,0.0,2.0,1.0,0.0,1,842.0,863.0597204994883,842.0,Y0
0.0,1.0,2.0,1.0,2.0,1.0,4.0,12.0,0.0,1,842.0,892.9600805571051,842.0,Y0
1.0,0.0,2.0,0.0,1.0,0.0,-1.0,10.0,1.0,1,1004.0,1006.0866988286665,1004.0,Y0
1.0,0.0,0.0,0.0,0.0,0.0,0.0,12.0,0.0,0,978.0,978.0,994.5892637546882,Y1
1.0,0.0,7.0,1.0,3.0,1.0,0.0,6.0,0.0,0,831.0,831.0,793.5863173076918,Y1
0.0,0.0,0.0,0.0,0.0,1.0,0.0,10.0,0.0,0,873.0,873.0,859.689387781967,Y1
1.0,0.0,2.0,0.0,0.0,0.0,2.0,3.0,1.0,0,834.0,834.0,831.3171118319829,Y1
0.0,0.0,0.0,0.0,1.0,0.0,0.0,17.0,0.0,0,842.0,842.0,872.5267677576575,Y1
0.0,0.0,8.0,0.0,1.0,1.0,0.0,14.0,0.0,0,895.0,895.0,935.4465135306386,Y1
0.0,1.0,1.0,1.0,1.0,0.0,0.0,5.0,1.0,0,917.0,917.0,959.0132425508306,Y1
1.0,1.0,0.0,1.0,2.0,1.0,0.0,10.0,1.0,1,868.0,895.5267274210262,868.0,Y0
0.0,1.0,0.0,1.0,2.0,0.0,1.0,0.0,0.0,0,966.0,966.0,1015.670905445477,Y1
0.0,1.0,0.0,1.0,2.0,1.0,2.0,24.0,0.0,0,1102.0,1102.0,1044.8958695862702,Y1
0.0,0.0,3.0,1.0,0.0,1.0,0.0,8.0,0.0,0,893.0,893.0,913.7204125954429,Y1
0.0,0.0,3.0,0.0,0.0,0.0,-1.0,12.0,0.0,1,849.0,872.5740776872518,849.0,Y0
0.0,0.0,3.0,0.0,1.0,0.0,0.0,0.0,0.0,0,934.0,934.0,930.2399031004661,Y1
1.0,1.0,3.0,1.0,2.0,1.0,1.0,6.0,0.0,0,820.0,820.0,871.0589368510657,Y1
1.0,0.0,0.0,0.0,0.0,0.0,2.0,2.0,0.0,0,836.0,836.0,819.0878859182959,Y1
1.0,1.0,8.0,1.0,2.0,0.0,0.0,12.0,0.0,0,829.0,829.0,853.3020796474112,Y1
1.0,0.0,3.0,0.0,0.0,0.0,0.0,5.0,0.0,1,903.0,859.7585450217903,903.0,Y0
1.0,0.0,1.0,1.0,0.0,1.0,0.0,13.0,0.0,0,880.0,880.0,889.2772880258956,Y1
0.0,0.0,2.0,0.0,0.0,1.0,0.0,10.0,0.0,0,1018.0,1018.0,1004.8890302962375,Y1
1.0,0.0,0.0,0.0,0.0,0.0,0.0,11.0,0.0,0,1024.0,1024.0,1043.1788600178904,Y1
0.0,0.0,0.0,1.0,0.0,1.0,0.0,12.0,0.0,0,901.0,901.0,909.2075142179939,Y1
1.0,0.0,1.0,0.0,0.0,1.0,0.0,11.0,0.0,0,896.0,896.0,906.765804677186,Y1
0.0,0.0,2.0,0.0,0.0,0.0,0.0,7.0,0.0,1,1029.0,995.3328430386317,1029.0,Y0
1.0,1.0,3.0,1.0,0.0,1.0,0.0,10.0,0.0,0,903.0,903.0,892.5967817032109,Y1
1.0,0.0,2.0,0.0,1.0,1.0,0.0,12.0,0.0,0,923.0,923.0,924.5038796834729,Y1
1.0,1.0,3.0,1.0,2.0,0.0,1.0,0.0,0.0,0,928.0,928.0,1022.1765887675542,Y1
0.0,0.0,2.0,0.0,0.0,1.0,0.0,11.0,0.0,0,1091.0,1091.0,1096.025382084115,Y1
0.0,0.0,2.0,0.0,0.0,0.0,0.0,14.0,0.0,0,941.0,941.0,982.6703069583634,Y1
1.0,0.0,1.0,0.0,0.0,1.0,0.0,13.0,0.0,0,952.0,952.0,964.2353371681786,Y1
1.0,0.0,2.0,0.0,0.0,0.0,-1.0,2.0,0.0,0,935.0,935.0,943.9318344832243,Y1
1.0,0.0,1.0,1.0,0.0,0.0,0.0,27.0,0.0,1,925.0,919.6324375476132,925.0,Y0
1.0,0.0,0.0,0.0,0.0,0.0,0.0,4.0,0.0,1,1007.0,933.5068074900463,1007.0,Y0
0.0,0.0,2.0,1.0,1.0,1.0,0.0,12.0,0.0,0,994.0,994.0,992.8727825144161,Y1
1.0,0.0,3.0,1.0,0.0,0.0,0.0,20.0,0.0,1,886.0,927.0926418703809,886.0,Y0
1.0,0.0,2.0,0.0,1.0,2.0,0.0,12.0,0.0,0,944.0,944.0,977.8212144084126,Y1
1.0,0.0,2.0,0.0,3.0,0.0,0.0,5.0,0.0,0,942.0,942.0,967.7993081345273,Y1
1.0,1.0,3.0,0.0,1.0,0.0,-1.0,2.0,0.0,0,861.0,861.0,890.6002227644864,Y1
1.0,1.0,2.0,0.0,2.0,0.0,0.0,11.0,0.0,0,837.0,837.0,849.706337730845,Y1
0.0,0.0,2.0,0.0,0.0,1.0,0.0,12.0,0.0,0,954.0,954.0,957.4469772019967,Y1
1.0,1.0,3.0,1.0,2.0,0.0,-1.0,6.0,1.0,0,989.0,989.0,1003.7921524267925,Y1
1.0,0.0,1.0,0.0,1.0,0.0,1.0,0.0,0.0,1,1034.0,966.700299724724,1034.0,Y0
1.0,0.0,2.0,0.0,0.0,1.0,0.0,12.0,0.0,0,956.0,956.0,963.3088465962203,Y1
1.0,0.0,1.0,0.0,0.0,0.0,2.0,1.0,0.0,1,1022.0,1055.0571704299564,1022.0,Y0
1.0,0.0,3.0,0.0,3.0,1.0,0.0,8.0,0.0,0,1092.0,1092.0,1108.566166622235,Y1
1.0,0.0,8.0,0.0,0.0,1.0,0.0,4.0,0.0,0,819.0,819.0,821.3164214888291,Y1
1.0,1.0,1.0,1.0,3.0,1.0,0.0,12.0,0.0,1,810.0,815.8243830362313,810.0,Y0
0.0,0.0,2.0,0.0,0.0,0.0,0.0,4.0,0.0,0,904.0,904.0,957.4057234103296,Y1
1.0,0.0,2.0,1.0,0.0,1.0,0.0,15.0,0.0,0,1042.0,1042.0,1049.868487144988,Y1
1.0,0.0,1.0,0.0,0.0,0.0,0.0,10.0,0.0,0,961.0,961.0,951.9156711289645,Y1
0.0,0.0,4.0,0.0,0.0,1.0,0.0,13.0,0.0,0,932.0,932.0,944.5170428777795,Y1
0.0,0.0,2.0,0.0,0.0,0.0,0.0,19.0,0.0,0,983.0,983.0,942.8163111259496,Y1
1.0,0.0,2.0,0.0,0.0,0.0,0.0,13.0,0.0,0,1039.0,1039.0,1051.56242648129,Y1
1.0,0.0,3.0,0.0,1.0,0.0,0.0,21.0,1.0,0,935.0,935.0,891.8182696756446,Y1
1.0,0.0,0.0,0.0,3.0,0.0,1.0,0.0,0.0,0,897.0,897.0,930.1873168046297,Y1
1.0,0.0,1.0,0.0,0.0,0.0,0.0,3.0,0.0,1,1063.0,1004.8143897612084,1063.0,Y0
0.0,0.0,1.0,0.0,1.0,0.0,1.0,0.0,0.0,0,947.0,947.0,954.1169776555904,Y1
1.0,1.0,0.0,0.0,1.0,0.0,0.0,3.0,0.0,1,1059.0,983.0182259784879,1059.0,Y0
1.0,0.0,3.0,0.0,1.0,0.0,0.0,0.0,0.0,0,992.0,992.0,1050.879918135788,Y1
1.0,0.0,3.0,0.0,0.0,1.0,0.0,20.0,0.0,0,957.0,957.0,905.1985472898716,Y1
1.0,0.0,3.0,1.0,0.0,1.0,0.0,6.0,0.0,0,899.0,899.0,925.6082303821394,Y1
0.0,0.0,3.0,1.0,0.0,0.0,0.0,7.0,0.0,1,1006.0,966.2330496820947,1006.0,Y0
0.0,0.0,2.0,0.0,0.0,1.0,0.0,12.0,0.0,0,884.0,884.0,887.4469772019967,Y1
1.0,0.0,1.0,1.0,0.0,1.0,0.0,8.0,0.0,0,866.0,866.0,888.5557779336302,Y1
0.0,0.0,2.0,0.0,3.0,0.0,0.0,21.0,0.0,1,1031.0,1024.7780930185718,1031.0,Y0
1.0,0.0,8.0,0.0,0.0,0.0,0.0,10.0,0.0,1,819.0,880.0765051517049,819.0,Y0
0.0,0.0,8.0,1.0,0.0,0.0,2.0,3.0,0.0,1,845.0,860.5402443317064,845.0,Y0
1.0,0.0,3.0,0.0,0.0,1.0,0.0,8.0,1.0,0,881.0,881.0,918.9553478205481,Y1
1.0,1.0,3.0,1.0,2.0,0.0,1.0,0.0,1.0,0,839.0,839.0,947.3714064162517,Y1
1.0,0.0,1.0,0.0,0.0,0.0,0.0,14.0,0.0,0,945.0,945.0,993.440202646949,Y1
0.0,0.0,0.0,1.0,0.0,1.0,0.0,15.0,0.0,1,881.0,866.6077099953276,881.0,Y0
1.0,0.0,0.0,0.0,0.0,0.0,0.0,3.0,0.0,1,1203.0,1145.3098184607802,1203.0,Y0
1.0,0.0,1.0,1.0,0.0,0.0,0.0,11.0,0.0,0,884.0,884.0,902.2233981144398,Y1
1.0,1.0,0.0,1.0,2.0,0.0,0.0,7.0,0.0,0,873.0,873.0,921.6521038089335,Y1
1.0,1.0,1.0,1.0,2.0,1.0,0.0,10.0,1.0,1,881.0,904.0794366365702,881.0,Y0
1.0,0.0,4.0,0.0,0.0,0.0,0.0,7.0,0.0,0,881.0,881.0,929.4080861527722,Y1
0.0,0.0,2.0,1.0,1.0,1.0,0.0,7.0,0.0,1,877.0,873.2418985523441,877.0,Y0
1.0,0.0,0.0,0.0,1.0,1.0,1.0,8.0,0.0,1,882.0,854.3734257391646,882.0,Y0
0.0,1.0,2.0,1.0,2.0,1.0,0.0,17.0,0.0,0,831.0,831.0,853.4593463970634,Y1
0.0,0.0,3.0,1.0,2.0,0.0,0.0,9.0,0.0,0,919.0,919.0,928.1006563442306,Y1
1.0,0.0,3.0,1.0,0.0,0.0,0.0,5.0,0.0,0,866.0,866.0,905.1447567439997,Y1
1.0,0.0,2.0,1.0,0.0,0.0,0.0,2.0,0.0,1,860.0,853.4193765455949,860.0,Y0
1.0,1.0,0.0,1.0,2.0,1.0,0.0,11.0,1.0,0,877.0,877.0,867.118901827447,Y1
1.0,0.0,3.0,1.0,3.0,0.0,0.0,11.0,0.0,0,939.0,939.0,928.9231634504599,Y1
0.0,0.0,0.0,0.0,3.0,0.0,0.0,8.0,0.0,0,1087.0,1087.0,1085.9985108880862,Y1
0.0,0.0,1.0,0.0,0.0,0.0,0.0,20.0,0.0,0,961.0,961.0,921.9738943960799,Y1
0.0,0.0,2.0,0.0,1.0,0.0,-1.0,0.0,0.0,1,870.0,876.7895098051523,870.0,Y0
1.0,0.0,3.0,1.0,0.0,0.0,0.0,11.0,0.0,0,823.0,823.0,833.9947743417499,Y1
1.0,1.0,4.0,1.0,2.0,0.0,0.0,24.0,1.0,0,879.0,879.0,832.5990135169734,Y1
1.0,0.0,2.0,0.0,0.0,1.0,0.0,9.0,0.0,0,886.0,886.0,900.0769661717269,Y1
0.0,1.0,1.0,1.0,2.0,1.0,0.0,17.0,0.0,0,810.0,810.0,835.0881263999054,Y1
0.0,0.0,2.0,0.0,0.0,0.0,0.0,2.0,0.0,0,958.0,958.0,950.028271318614,Y1
0.0,1.0,1.0,1.0,2.0,1.0,0.0,7.0,0.0,0,952.0,952.0,958.9143059629125,Y1
0.0,0.0,0.0,0.0,3.0,0.0,0.0,14.0,0.0,0,987.0,987.0,1029.4930273296886,Y1
1.0,1.0,3.0,1.0,2.0,0.0,0.0,5.0,1.0,0,830.0,830.0,888.12292848782,Y1
0.0,0.0,3.0,0.0,0.0,0.0,-1.0,9.0,0.0,0,889.0,889.0,855.6893133340744,Y1
1.0,0.0,9.0,0.0,0.0,0.0,0.0,13.0,-1.0,0,921.0,921.0,888.8996438928003,Y1
0.0,0.0,3.0,1.0,0.0,0.0,2.0,1.0,0.0,0,814.0,814.0,774.8589920074022,Y1
1.0,0.0,3.0,0.0,0.0,1.0,0.0,6.0,0.0,0,827.0,827.0,859.2291825444237,Y1
1.0,0.0,0.0,0.0,0.0,1.0,0.0,11.0,0.0,0,826.0,826.0,832.3336240570102,Y1
1.0,0.0,3.0,0.0,1.0,0.0,-1.0,5.0,0.0,1,945.0,951.8794259499476,945.0,Y0
1.0,1.0,0.0,1.0,2.0,1.0,0.0,17.0,0.0,0,907.0,907.0,925.3860199459497,Y1
0.0,0.0,0.0,1.0,0.0,0.0,2.0,2.0,0.0,1,905.0,932.4689034080661,905.0,Y0
0.0,0.0,0.0,0.0,0.0,1.0,0.0,6.0,0.0,0,1144.0,1144.0,1155.0169224773676,Y1
1.0,0.0,0.0,0.0,1.0,2.0,0.0,12.0,0.0,0,1051.0,1051.0,1077.2621121787176,Y1
0.0,0.0,0.0,0.0,0.0,1.0,0.0,5.0,0.0,0,926.0,926.0,934.3752224534767,Y1
1.0,1.0,1.0,1.0,2.0,1.0,0.0,13.0,1.0,1,905.0,906.067795936061,905.0,Y0
1.0,0.0,2.0,1.0,0.0,0.0,2.0,1.0,0.0,0,890.0,890.0,854.3955768067938,Y1
1.0,0.0,0.0,0.0,0.0,0.0,3.0,10.0,0.0,0,877.0,877.0,795.2717387302163,Y1
0.0,0.0,0.0,0.0,0.0,0.0,0.0,13.0,0.0,0,958.0,958.0,976.8192994322403,Y1
0.0,1.0,3.0,1.0,2.0,0.0,-1.0,3.0,1.0,0,772.0,772.0,841.5770890039531,Y1
0.0,1.0,2.0,1.0,2.0,1.0,2.0,24.0,0.0,0,1144.0,1144.0,1076.1614371628482,Y1
0.0,0.0,1.0,0.0,0.0,1.0,0.0,13.0,0.0,0,989.0,989.0,999.1737799658044,Y1
1.0,1.0,1.0,1.0,2.0,0.0,2.0,1.0,1.0,1,961.0,968.9086648604913,961.0,Y0
0.0,0.0,2.0,1.0,0.0,0.0,0.0,10.0,0.0,0,961.0,961.0,948.0731921583384,Y1
1.0,0.0,3.0,1.0,0.0,1.0,0.0,5.0,0.0,1,870.0,846.7906010062239,870.0,Y0
1.0,0.0,2.0,1.0,0.0,1.0,0.0,6.0,0.0,1,911.0,884.5283488470791,911.0,Y0
1.0,0.0,2.0,0.0,1.0,0.0,0.0,5.0,1.0,0,975.0,975.0,1012.3645633126399,Y1
0.0,1.0,2.0,1.0,2.0,0.0,-1.0,9.0,1.0,0,928.0,928.0,904.2889661107282,Y1
1.0,1.0,3.0,1.0,2.0,0.0,-1.0,10.0,1.0,0,849.0,849.0,846.9598627738476,Y1
1.0,0.0,0.0,0.0,0.0,3.0,0.0,14.0,0.0,1,931.0,874.208371249536,931.0,Y0
0.0,1.0,3.0,0.0,2.0,0.0,0.0,9.0,0.0,0,873.0,873.0,884.2981293729234,Y1
1.0,1.0,1.0,1.0,2.0,1.0,0.0,11.0,0.0,0,872.0,872.0,878.1526570797836,Y1
0.0,0.0,0.0,0.0,1.0,1.0,0.0,8.0,0.0,0,914.0,914.0,921.8074688383349,Y1
0.0,1.0,0.0,1.0,2.0,0.0,-1.0,2.0,0.0,0,857.0,857.0,835.6906705333395,Y1
1.0,1.0,0.0,1.0,2.0,0.0,2.0,1.0,1.0,0,891.0,891.0,886.1564403518374,Y1
0.0,0.0,1.0,1.0,1.0,0.0,-1.0,3.0,0.0,0,901.0,901.0,951.619091340773,Y1
1.0,0.0,1.0,1.0,0.0,0.0,0.0,6.0,0.0,0,831.0,831.0,871.7304627280946,Y1
1.0,0.0,0.0,0.0,0.0,2.0,0.0,12.0,0.0,0,896.0,896.0,923.8409719226651,Y1
0.0,0.0,0.0,0.0,0.0,1.0,0.0,13.0,0.0,0,891.0,891.0,903.1320538594146,Y1
1.0,0.0,2.0,1.0,0.0,0.0,0.0,14.0,0.0,0,1031.0,1031.0,1071.5276604763576,Y1
1.0,1.0,3.0,1.0,2.0,0.0,0.0,6.0,0.0,1,1065.0,1008.3904552883346,1065.0,Y0
0.0,1.0,2.0,0.0,1.0,0.0,0.0,6.0,0.0,0,873.0,873.0,918.3174544477042,Y1
1.0,0.0,2.0,0.0,1.0,0.0,0.0,5.0,0.0,1,979.0,939.6166807314618,979.0,Y0
1.0,0.0,1.0,0.0,0.0,1.0,3.0,11.0,0.0,0,952.0,952.0,895.1007362551635,Y1
1.0,0.0,0.0,0.0,0.0,0.0,0.0,16.0,0.0,0,898.0,898.0,924.0989699176364,Y1
0.0,0.0,3.0,0.0,1.0,0.0,0.0,15.0,0.0,0,947.0,947.0,970.4740436587348,Y1
1.0,0.0,0.0,0.0,1.0,1.0,0.0,12.0,0.0,0,958.0,958.0,955.9067904544004,Y1
1.0,1.0,3.0,1.0,2.0,0.0,0.0,16.0,1.0,0,856.0,856.0,861.3081895052478,Y1
0.0,1.0,3.0,1.0,2.0,0.0,2.0,1.0,1.0,1,897.0,913.5310216794406,897.0,Y0
0.0,0.0,0.0,1.0,2.0,0.0,0.0,9.0,0.0,0,874.0,874.0,885.2342973286445,Y1
1.0,0.0,3.0,0.0,0.0,0.0,0.0,15.0,0.0,1,936.0,928.2936660227844,936.0,Y0
1.0,1.0,4.0,1.0,2.0,0.0,0.0,3.0,1.0,1,873.0,779.0523445856492,873.0,Y0
0.0,0.0,0.0,0.0,0.0,1.0,0.0,6.0,0.0,0,985.0,985.0,996.0169224773676,Y1
1.0,0.0,2.0,0.0,1.0,0.0,0.0,17.0,0.0,0,901.0,901.0,924.9739508465186,Y1
0.0,1.0,3.0,1.0,1.0,0.0,-1.0,4.0,0.0,0,893.0,893.0,958.494817753228,Y1
1.0,1.0,4.0,1.0,2.0,0.0,0.0,6.0,1.0,0,829.0,829.0,880.4046894816262,Y1
0.0,0.0,0.0,0.0,3.0,1.0,0.0,8.0,0.0,0,992.0,992.0,987.526461181549,Y1
1.0,0.0,1.0,0.0,0.0,1.0,0.0,6.0,0.0,0,1008.0,1008.0,1036.8358213952567,Y1
0.0,0.0,3.0,1.0,0.0,1.0,0.0,3.0,0.0,0,926.0,926.0,969.4760701381787,Y1
0.0,1.0,3.0,1.0,2.0,0.0,0.0,5.0,1.0,0,879.0,879.0,933.8231673239487,Y1
1.0,1.0,0.0,1.0,2.0,0.0,0.0,12.0,0.0,0,885.0,885.0,896.5201337170499,Y1
1.0,1.0,3.0,1.0,2.0,0.0,2.0,1.0,0.0,0,856.0,856.0,838.4224298890797,Y1
0.0,0.0,7.0,0.0,0.0,0.0,0.0,2.0,0.0,0,865.0,865.0,835.8949520907652,Y1
1.0,0.0,0.0,0.0,0.0,1.0,0.0,10.0,0.0,0,1027.0,1027.0,1011.5245395934147,Y1
1.0,0.0,4.0,1.0,0.0,0.0,0.0,4.0,0.0,0,868.0,868.0,936.1118724498613,Y1
0.0,0.0,3.0,0.0,0.0,0.0,0.0,4.0,0.0,1,1058.0,1003.8741261593757,1058.0,Y0
0.0,0.0,0.0,1.0,0.0,0.0,0.0,15.0,0.0,1,869.0,852.7188314385845,869.0,Y0
1.0,1.0,2.0,1.0,2.0,0.0,1.0,0.0,0.0,0,911.0,911.0,1004.394945092094,Y1
0.0,0.0,0.0,0.0,0.0,1.0,0.0,13.0,0.0,0,1015.0,1015.0,1027.1320538594146,Y1
1.0,0.0,3.0,0.0,0.0,0.0,0.0,5.0,0.0,1,848.0,804.7585450217903,848.0,Y0
1.0,0.0,3.0,0.0,0.0,0.0,0.0,15.0,0.0,0,903.0,903.0,910.7063339772156,Y1
0.0,0.0,0.0,1.0,0.0,1.0,0.0,12.0,0.0,0,824.0,824.0,832.2075142179939,Y1
0.0,1.0,3.0,1.0,2.0,0.0,0.0,5.0,0.0,0,859.0,859.0,915.9775894829678,Y1
1.0,1.0,3.0,1.0,2.0,0.0,0.0,11.0,0.0,0,974.0,974.0,984.7742008532775,Y1
1.0,0.0,2.0,1.0,0.0,1.0,0.0,10.0,0.0,0,825.0,825.0,813.9532651142641,Y1
0.0,0.0,0.0,1.0,0.0,1.0,0.0,13.0,0.0,0,889.0,889.0,902.1211780188661,Y1
0.0,0.0,1.0,0.0,3.0,0.0,0.0,8.0,0.0,0,988.0,988.0,987.4945304680722,Y1
1.0,0.0,3.0,1.0,1.0,0.0,0.0,7.0,0.0,0,886.0,886.0,927.8049977318699,Y1
0.0,0.0,2.0,0.0,0.0,1.0,0.0,8.0,0.0,0,892.0,892.0,907.8104559466553,Y1
0.0,0.0,4.0,0.0,1.0,0.0,2.0,3.0,0.0,0,853.0,853.0,839.6709153989015,Y1
1.0,0.0,2.0,1.0,0.0,0.0,-1.0,2.0,0.0,0,910.0,910.0,914.9598018649853,Y1
1.0,0.0,2.0,0.0,0.0,0.0,0.0,15.0,0.0,1,857.0,849.3719321964467,857.0,Y0
0.0,0.0,2.0,0.0,2.0,1.0,1.0,3.0,1.0,0,923.0,923.0,984.8924824808329,Y1
0.0,1.0,2.0,1.0,2.0,0.0,0.0,10.0,1.0,0,979.0,979.0,955.0274446789928,Y1
0.0,1.0,1.0,1.0,2.0,0.0,2.0,1.0,0.0,0,908.0,908.0,884.9133159683299,Y1
1.0,0.0,3.0,0.0,0.0,0.0,0.0,6.0,0.0,1,996.0,950.4159823499172,996.0,Y0
0.0,0.0,3.0,0.0,0.0,1.0,0.0,8.0,1.0,0,932.0,932.0,956.0703369455326,Y1
0.0,0.0,3.0,1.0,0.0,0.0,2.0,2.0,0.0,1,912.0,943.9371681012635,912.0,Y0
1.0,0.0,2.0,0.0,0.0,0.0,0.0,20.0,0.0,1,834.0,880.4354243894351,834.0,Y0
0.0,0.0,1.0,0.0,3.0,0.0,2.0,1.0,0.0,1,921.0,968.8661722873258,921.0,Y0
1.0,1.0,0.0,1.0,2.0,0.0,0.0,6.0,0.0,0,831.0,831.0,885.7317418612123,Y1
0.0,0.0,3.0,0.0,0.0,0.0,-1.0,1.0,0.0,1,914.0,922.2433839517522,914.0,Y0
1.0,1.0,1.0,0.0,1.0,0.0,2.0,1.0,1.0,0,973.0,973.0,964.5223362340662,Y1
0.0,0.0,2.0,0.0,1.0,1.0,0.0,22.0,0.0,0,983.0,983.0,985.1358271485002,Y1
0.0,1.0,2.0,1.0,2.0,1.0,2.0,24.0,0.0,0,1087.0,1087.0,1019.1614371628483,Y1
0.0,1.0,3.0,0.0,1.0,0.0,2.0,5.0,1.0,1,1010.0,1015.1262659673164,1010.0,Y0
1.0,0.0,0.0,0.0,0.0,0.0,0.0,7.0,0.0,0,854.0,854.0,900.462149709986,Y1
1.0,0.0,3.0,1.0,0.0,1.0,3.0,11.0,0.0,0,869.0,869.0,813.6997220571614,Y1
0.0,0.0,2.0,1.0,0.0,1.0,0.0,6.0,0.0,0,1048.0,1048.0,1069.2088311798236,Y1
1.0,0.0,2.0,0.0,0.0,1.0,0.0,12.0,0.0,0,896.0,896.0,903.3088465962203,Y1
0.0,1.0,0.0,1.0,1.0,0.0,2.0,1.0,1.0,0,942.0,942.0,932.5289118852876,Y1
1.0,1.0,0.0,1.0,0.0,0.0,0.0,9.0,0.0,0,966.0,966.0,983.3662923375452,Y1
0.0,1.0,0.0,1.0,2.0,0.0,1.0,0.0,1.0,0,711.0,711.0,785.0937425039214,Y1
1.0,0.0,2.0,1.0,0.0,0.0,0.0,20.0,0.0,0,858.0,858.0,819.4274378891048,Y1
0.0,1.0,2.0,0.0,1.0,0.0,0.0,20.0,1.0,0,1012.0,1012.0,931.0892683414177,Y1
1.0,0.0,3.0,0.0,0.0,0.0,-1.0,2.0,0.0,0,816.0,816.0,826.3308128248511,Y1
1.0,0.0,1.0,0.0,1.0,1.0,0.0,17.0,0.0,1,860.0,830.1072192434749,860.0,Y0
1.0,0.0,2.0,0.0,0.0,1.0,0.0,6.0,0.0,0,787.0,787.0,818.487501489576,Y1
0.0,0.0,0.0,0.0,0.0,1.0,0.0,5.0,0.0,0,1012.0,1012.0,1020.3752224534767,Y1
0.0,0.0,0.0,1.0,0.0,0.0,0.0,14.0,0.0,0,950.0,950.0,1000.1387909238189,Y1
1.0,0.0,2.0,0.0,0.0,0.0,0.0,8.0,0.0,0,953.0,953.0,984.0392759807746,Y1
0.0,0.0,3.0,1.0,3.0,1.0,0.0,4.0,0.0,0,1019.0,1019.0,1019.5413170963748,Y1
0.0,0.0,1.0,1.0,0.0,0.0,0.0,20.0,0.0,0,1027.0,1027.0,996.6740028690842,Y1
0.0,0.0,2.0,1.0,0.0,1.0,5.0,11.0,0.0,1,856.0,934.9877271186496,856.0,Y0
0.0,0.0,0.0,0.0,0.0,1.0,0.0,13.0,0.0,0,1019.0,1019.0,1031.1320538594146,Y1
1.0,1.0,0.0,1.0,2.0,0.0,0.0,10.0,1.0,0,942.0,942.0,920.2186122277664,Y1
1.0,0.0,2.0,0.0,0.0,0.0,0.0,3.0,0.0,0,822.0,822.0,879.7613031416818,Y1
1.0,0.0,0.0,1.0,0.0,1.0,0.0,15.0,0.0,1,891.0,884.6367858763903,891.0,Y0
1.0,0.0,3.0,1.0,1.0,0.0,0.0,5.0,1.0,0,958.0,958.0,991.4313781252907,Y1
1.0,0.0,3.0,0.0,1.0,0.0,0.0,7.0,0.0,0,941.0,941.0,987.2895005052,Y1
1.0,0.0,1.0,0.0,1.0,1.0,0.0,20.0,0.0,1,951.0,993.0643268557745,951.0,Y0
0.0,1.0,1.0,1.0,2.0,0.0,0.0,3.0,1.0,1,963.0,870.4811418081313,963.0,Y0
0.0,0.0,0.0,0.0,0.0,0.0,0.0,16.0,0.0,0,1008.0,1008.0,1034.7477564850865,Y1
1.0,0.0,1.0,1.0,3.0,0.0,0.0,13.0,0.0,1,1042.0,1027.303722209498,1042.0,Y0
0.0,1.0,0.0,1.0,2.0,1.0,0.0,17.0,0.0,0,966.0,966.0,992.1293780643842,Y1
1.0,0.0,2.0,0.0,1.0,1.0,0.0,15.0,0.0,1,980.0,949.2857393664938,980.0,Y0
0.0,0.0,3.0,0.0,0.0,0.0,0.0,15.0,0.0,1,932.0,924.4012033421686,932.0,Y0
0.0,1.0,1.0,1.0,0.0,0.0,0.0,14.0,0.0,1,919.0,870.0937100024578,919.0,Y0
0.0,0.0,2.0,0.0,3.0,0.0,0.0,5.0,0.0,0,1044.0,1044.0,1055.710400066137,Y1
0.0,0.0,0.0,0.0,1.0,0.0,0.0,15.0,0.0,0,931.0,931.0,961.2198961504286,Y1
1.0,3.0,2.0,1.0,0.0,1.0,0.0,9.0,0.0,0,890.0,890.0,953.2541267905059,Y1
0.0,0.0,2.0,0.0,3.0,1.0,0.0,8.0,0.0,0,1038.0,1038.0,1040.6338485885806,Y1
1.0,0.0,7.0,1.0,0.0,0.0,0.0,15.0,0.0,1,909.0,916.6092207437608,909.0,Y0
1.0,0.0,0.0,0.0,0.0,3.0,0.0,14.0,0.0,1,1003.0,946.208371249536,1003.0,Y0
1.0,1.0,3.0,1.0,2.0,0.0,0.0,12.0,0.0,0,812.0,812.0,818.4969514871544,Y1
1.0,0.0,0.0,1.0,0.0,0.0,-1.0,6.0,0.0,1,960.0,969.5368157908738,960.0,Y0
0.0,0.0,3.0,0.0,3.0,0.0,-1.0,11.0,0.0,0,991.0,991.0,922.3282190903132,Y1
0.0,1.0,3.0,1.0,2.0,0.0,-1.0,14.0,1.0,1,891.0,885.1741608899769,891.0,Y0
1.0,0.0,0.0,1.0,0.0,0.0,-1.0,4.0,0.0,0,873.0,873.0,940.0913514866638,Y1
0.0,1.0,1.0,0.0,1.0,0.0,3.0,13.0,0.0,1,939.0,972.7901067692612,939.0,Y0
0.0,0.0,3.0,0.0,0.0,0.0,0.0,15.0,0.0,0,910.0,910.0,917.5987966578314,Y1
0.0,0.0,0.0,0.0,0.0,0.0,0.0,8.0,0.0,0,917.0,917.0,937.6267093674783,Y1
1.0,1.0,3.0,0.0,2.0,0.0,2.0,1.0,1.0,1,858.0,869.5367334488216,858.0,Y0
1.0,0.0,1.0,0.0,0.0,0.0,0.0,15.0,0.0,0,918.0,918.0,932.1308132536359,Y1
0.0,0.0,2.0,1.0,1.0,0.0,-1.0,0.0,0.0,0,921.0,921.0,930.8506340657186,Y1
1.0,0.0,4.0,0.0,1.0,0.0,-1.0,3.0,0.0,0,871.0,871.0,929.0112256102032,Y1
1.0,0.0,3.0,0.0,0.0,0.0,0.0,10.0,0.0,0,956.0,956.0,943.8838182176753,Y1
0.0,1.0,5.0,1.0,2.0,0.0,2.0,1.0,1.0,1,949.0,945.8849611679303,949.0,Y0
0.0,0.0,3.0,1.0,1.0,0.0,-1.0,5.0,0.0,1,874.0,888.09308797128,874.0,Y0
1.0,1.0,3.0,1.0,2.0,0.0,0.0,6.0,1.0,0,849.0,849.0,900.9807167715119,Y1
0.0,1.0,3.0,1.0,2.0,1.0,0.0,17.0,0.0,0,918.0,918.0,941.0496608934933,Y1
0.0,0.0,3.0,1.0,0.0,0.0,2.0,2.0,0.0,0,987.0,987.0,955.0628318987365,Y1
0.0,0.0,4.0,1.0,0.0,0.0,0.0,20.0,0.0,0,961.0,961.0,893.4660487779523,Y1
1.0,0.0,3.0,0.0,1.0,0.0,-1.0,18.0,1.0,0,878.0,878.0,903.7820498438764,Y1
0.0,0.0,1.0,0.0,0.0,0.0,1.0,0.0,0.0,0,1109.0,1109.0,1107.4938296107882,Y1
0.0,0.0,0.0,0.0,2.0,0.0,-1.0,10.0,1.0,0,973.0,973.0,951.007382075763,Y1
0.0,1.0,2.0,1.0,2.0,0.0,0.0,24.0,1.0,0,1002.0,1002.0,955.7509396681962,Y1
0.0,0.0,2.0,1.0,0.0,0.0,0.0,2.0,0.0,0,888.0,888.0,885.8002488250246,Y1
0.0,0.0,3.0,-1.0,1.0,2.0,0.0,12.0,-1.0,0,927.0,927.0,931.7895985408148,Y1
0.0,0.0,0.0,0.0,1.0,0.0,0.0,8.0,0.0,0,877.0,877.0,895.3050095764862,Y1
0.0,0.0,3.0,0.0,1.0,0.0,0.0,8.0,0.0,0,915.0,915.0,932.3473877324535,Y1
1.0,0.0,2.0,0.0,1.0,1.0,1.0,8.0,0.0,1,1156.0,1111.8638257296527,1156.0,Y0
1.0,0.0,3.0,0.0,1.0,0.0,0.0,15.0,0.0,0,890.0,890.0,913.654078324659,Y1
1.0,0.0,0.0,1.0,0.0,0.0,0.0,8.0,0.0,0,931.0,931.0,960.4819686569213,Y1
1.0,0.0,0.0,1.0,0.0,1.0,4.0,16.0,0.0,0,822.0,822.0,768.6032270498167,Y1
1.0,1.0,2.0,1.0,1.0,0.0,2.0,1.0,1.0,0,846.0,846.0,828.0178187282763,Y1
1.0,0.0,0.0,0.0,0.0,0.0,0.0,6.0,0.0,0,911.0,911.0,955.0881133644493,Y1
0.0,1.0,1.0,0.0,2.0,0.0,0.0,5.0,0.0,0,1003.0,1003.0,1053.197607525907,Y1
0.0,1.0,5.0,1.0,2.0,1.0,1.0,6.0,0.0,0,809.0,809.0,853.1296975211794,Y1
0.0,1.0,2.0,1.0,0.0,0.0,2.0,2.0,0.0,0,796.0,796.0,789.2636908088859,Y1
1.0,1.0,1.0,1.0,2.0,1.0,0.0,6.0,0.0,1,927.0,895.1844753252466,927.0,Y0
1.0,0.0,2.0,0.0,3.0,0.0,0.0,8.0,0.0,0,951.0,951.0,962.6879848838637,Y1
1.0,0.0,1.0,0.0,0.0,0.0,0.0,6.0,0.0,0,929.0,929.0,973.5926401250761,Y1
1.0,0.0,3.0,0.0,0.0,1.0,0.0,17.0,0.0,0,868.0,868.0,889.3919950671954,Y1
1.0,0.0,1.0,0.0,1.0,0.0,0.0,20.0,1.0,0,1066.0,1066.0,1004.6852214705402,Y1
1.0,0.0,4.0,1.0,3.0,2.0,0.0,13.0,0.0,0,893.0,893.0,941.2882612797947,Y1
1.0,0.0,2.0,1.0,0.0,0.0,0.0,13.0,0.0,0,917.0,917.0,928.0824365164789,Y1
0.0,0.0,2.0,0.0,0.0,0.0,0.0,9.0,0.0,1,1053.0,1046.8966343147958,1053.0,Y0
0.0,1.0,2.0,0.0,0.0,1.0,4.0,16.0,0.0,0,951.0,951.0,896.4706727262061,Y1
1.0,1.0,0.0,1.0,3.0,0.0,1.0,1.0,0.0,1,856.0,867.9361930147676,856.0,Y0
1.0,0.0,2.0,1.0,0.0,1.0,0.0,7.0,0.0,0,1031.0,1031.0,1046.1680236236123,Y1
0.0,0.0,0.0,0.0,0.0,1.0,0.0,6.0,0.0,1,995.0,983.9830775226324,995.0,Y0
1.0,0.0,2.0,0.0,1.0,0.0,-1.0,15.0,0.0,1,849.0,851.7235553998091,849.0,Y0
0.0,1.0,3.0,1.0,1.0,0.0,0.0,5.0,1.0,0,867.0,867.0,909.5179985141251,Y1
1.0,0.0,0.0,0.0,0.0,0.0,0.0,15.0,0.0,1,1062.0,1048.4977075559375,1062.0,Y0
1.0,1.0,3.0,1.0,2.0,0.0,0.0,6.0,0.0,0,829.0,829.0,885.6095447116654,Y1
0.0,1.0,2.0,0.0,1.0,0.0,0.0,6.0,0.0,0,873.0,873.0,918.3174544477042,Y1
1.0,0.0,1.0,1.0,2.0,0.0,-1.0,10.0,1.0,0,948.0,948.0,946.8603579026992,Y1
1.0,0.0,0.0,0.0,0.0,0.0,0.0,19.0,0.0,0,915.0,915.0,879.1908265415163,Y1
0.0,0.0,2.0,0.0,0.0,1.0,0.0,12.0,0.0,1,879.0,875.5530227980033,879.0,Y0
1.0,1.0,0.0,0.0,1.0,0.0,0.0,6.0,0.0,0,916.0,916.0,971.6174338413575,Y1
1.0,0.0,3.0,1.0,0.0,3.0,3.0,8.0,0.0,1,883.0,915.6593274256352,883.0,Y0
1.0,1.0,3.0,0.0,3.0,1.0,0.0,6.0,0.0,0,844.0,844.0,866.6151673837901,Y1
1.0,0.0,2.0,0.0,0.0,1.0,0.0,13.0,0.0,0,934.0,934.0,944.1102254765595,Y1
0.0,0.0,2.0,0.0,1.0,1.0,0.0,14.0,0.0,0,971.0,971.0,1000.3505905209372,Y1
1.0,1.0,0.0,1.0,2.0,0.0,2.0,2.0,1.0,1,937.0,922.6912109126051,937.0,Y0
1.0,1.0,2.0,1.0,2.0,1.0,0.0,10.0,1.0,0,923.0,923.0,902.0304320628638,Y1
1.0,0.0,3.0,1.0,0.0,0.0,0.0,13.0,0.0,0,933.0,933.0,944.0725475384746,Y1
1.0,1.0,3.0,0.0,2.0,0.0,1.0,0.0,1.0,0,907.0,907.0,1017.4236380970981,Y1
0.0,0.0,3.0,1.0,0.0,0.0,2.0,1.0,0.0,0,791.0,791.0,751.8589920074022,Y1
0.0,1.0,3.0,1.0,0.0,0.0,0.0,12.0,0.0,1,830.0,817.1870642973255,830.0,Y0
0.0,1.0,3.0,1.0,3.0,0.0,2.0,5.0,0.0,0,837.0,837.0,871.9051410976543,Y1
1.0,0.0,0.0,0.0,0.0,0.0,0.0,13.0,0.0,0,795.0,795.0,813.6299906468437,Y1
0.0,0.0,1.0,0.0,0.0,0.0,-1.0,4.0,0.0,0,950.0,950.0,1003.8421321781327,Y1
0.0,0.0,2.0,0.0,0.0,0.0,-1.0,2.0,0.0,0,940.0,940.0,931.1891398791624,Y1
0.0,0.0,3.0,0.0,1.0,2.0,0.0,13.0,0.0,0,963.0,963.0,999.8901715602826,Y1
1.0,0.0,2.0,0.0,0.0,1.0,0.0,8.0,0.0,0,855.0,855.0,884.5775554428288,Y1
0.0,0.0,2.0,0.0,0.0,0.0,2.0,1.0,0.0,0,958.0,958.0,906.1344959071785,Y1
1.0,0.0,13.0,0.0,1.0,0.0,0.0,8.0,1.0,0,962.0,962.0,983.434082553428,Y1
0.0,0.0,0.0,0.0,1.0,1.0,4.0,15.0,0.0,0,1071.0,1071.0,1033.366008212348,Y1
1.0,0.0,2.0,0.0,0.0,1.0,0.0,6.0,0.0,1,1100.0,1068.512498510424,1100.0,Y0
1.0,0.0,0.0,1.0,0.0,0.0,0.0,19.0,0.0,1,764.0,801.2933079513948,764.0,Y0
1.0,0.0,0.0,0.0,3.0,0.0,0.0,14.0,0.0,0,971.0,971.0,1013.847319745313,Y1
0.0,1.0,2.0,1.0,2.0,0.0,1.0,0.0,0.0,0,975.0,975.0,1027.6519690549344,Y1
1.0,1.0,3.0,1.0,2.0,2.0,0.0,8.0,0.0,0,834.0,834.0,874.1516993731776,Y1
1.0,0.0,3.0,1.0,1.0,2.0,0.0,12.0,0.0,0,910.0,910.0,930.7508987951517,Y1
1.0,1.0,2.0,0.0,2.0,1.0,0.0,8.0,0.0,1,937.0,906.3665681068413,937.0,Y0
0.0,0.0,2.0,1.0,0.0,1.0,0.0,8.0,0.0,0,810.0,810.0,830.5904803792027,Y1
1.0,0.0,0.0,0.0,0.0,0.0,-1.0,5.0,0.0,0,945.0,945.0,936.4642451243204,Y1
0.0,0.0,3.0,0.0,0.0,0.0,3.0,10.0,0.0,0,905.0,905.0,819.9975091187516,Y1
0.0,0.0,3.0,0.0,1.0,1.0,0.0,12.0,0.0,1,953.0,955.3806686082564,953.0,Y0
0.0,0.0,2.0,0.0,1.0,1.0,0.0,12.0,0.0,1,902.0,904.3889880947586,902.0,Y0
0.0,1.0,1.0,0.0,1.0,0.0,2.0,1.0,1.0,0,921.0,921.0,895.6446740954026,Y1
0.0,0.0,2.0,0.0,0.0,0.0,0.0,11.0,0.0,0,934.0,934.0,943.7970276275485,Y1
1.0,0.0,1.0,1.0,0.0,0.0,0.0,20.0,0.0,0,923.0,923.0,889.3723266226241,Y1
0.0,0.0,1.0,1.0,0.0,0.0,0.0,16.0,0.0,0,872.0,872.0,900.4381480149177,Y1
1.0,0.0,2.0,0.0,0.0,0.0,0.0,8.0,0.0,0,983.0,983.0,1014.0392759807746,Y1
1.0,0.0,0.0,0.0,1.0,1.0,4.0,15.0,0.0,0,933.0,933.0,908.5463967866896,Y1
0.0,0.0,2.0,0.0,0.0,0.0,2.0,3.0,0.0,1,837.0,860.218763840807,837.0,Y0
0.0,0.0,3.0,1.0,0.0,1.0,0.0,21.0,0.0,0,924.0,924.0,914.4350098500196,Y1
0.0,0.0,1.0,1.0,0.0,0.0,0.0,8.0,0.0,1,978.0,951.5132753518488,978.0,Y0
1.0,0.0,3.0,0.0,1.0,0.0,0.0,3.0,0.0,0,903.0,903.0,960.7469547900171,Y1
1.0,0.0,0.0,1.0,0.0,0.0,0.0,20.0,0.0,0,906.0,906.0,873.2172737992406,Y1
0.0,0.0,2.0,0.0,0.0,0.0,0.0,15.0,0.0,0,981.0,981.0,988.541916606173,Y1
0.0,0.0,1.0,1.0,1.0,0.0,-1.0,3.0,0.0,1,1039.0,988.380908659227,1039.0,Y0
1.0,1.0,3.0,1.0,1.0,0.0,0.0,11.0,1.0,1,810.0,819.9201929880304,810.0,Y0
0.0,1.0,3.0,1.0,2.0,0.0,0.0,11.0,0.0,0,915.0,915.0,926.3251022315046,Y1
1.0,0.0,3.0,1.0,0.0,1.0,0.0,8.0,0.0,0,847.0,847.0,872.2734686022591,Y1
1.0,1.0,1.0,1.0,2.0,0.0,-1.0,2.0,0.0,0,899.0,899.0,893.1822304383473,Y1
1.0,0.0,3.0,1.0,1.0,0.0,-1.0,2.0,0.0,0,878.0,878.0,881.7182070395713,Y1
1.0,0.0,1.0,0.0,1.0,1.0,4.0,15.0,0.0,0,1116.0,1116.0,1093.9394650735921,Y1
1.0,0.0,0.0,0.0,0.0,0.0,0.0,13.0,0.0,0,886.0,886.0,904.6299906468437,Y1
0.0,0.0,1.0,0.0,0.0,1.0,0.0,13.0,0.0,0,881.0,881.0,891.1737799658044,Y1
1.0,0.0,3.0,0.0,1.0,0.0,-1.0,0.0,0.0,1,881.0,837.0332279581912,881.0,Y0
1.0,0.0,0.0,0.0,0.0,1.0,0.0,6.0,0.0,0,910.0,910.0,930.4838653632954,Y1
0.0,0.0,3.0,1.0,0.0,1.0,0.0,12.0,0.0,0,825.0,825.0,829.76335023761,Y1
0.0,0.0,0.0,1.0,0.0,0.0,0.0,8.0,0.0,0,916.0,916.0,942.4963250080748,Y1
0.0,0.0,1.0,0.0,1.0,0.0,0.0,15.0,0.0,0,950.0,950.0,980.0553915354014,Y1
1.0,0.0,1.0,0.0,0.0,1.0,0.0,13.0,0.0,1,923.0,910.7646628318214,923.0,Y0
0.0,0.0,0.0,1.0,0.0,1.0,0.0,5.0,0.0,0,933.0,933.0,946.6358760081428,Y1
0.0,1.0,3.0,1.0,1.0,0.0,0.0,21.0,1.0,0,902.0,902.0,856.2801500952802,Y1
0.0,1.0,0.0,1.0,2.0,0.0,2.0,1.0,1.0,1,848.0,854.9578533930099,848.0,Y0
0.0,0.0,2.0,0.0,1.0,1.0,0.0,7.0,0.0,1,906.0,907.1461586468002,906.0,Y0
1.0,0.0,1.0,1.0,3.0,2.0,0.0,12.0,0.0,1,883.0,847.3040066017854,883.0,Y0
0.0,1.0,1.0,0.0,3.0,1.0,0.0,13.0,0.0,1,993.0,978.6749265914893,993.0,Y0
0.0,0.0,2.0,0.0,0.0,0.0,2.0,3.0,1.0,0,814.0,814.0,798.0313514923324,Y1
1.0,1.0,3.0,1.0,2.0,0.0,-1.0,10.0,1.0,0,857.0,857.0,854.9598627738476,Y1
1.0,1.0,2.0,0.0,0.0,0.0,2.0,3.0,1.0,0,836.0,836.0,853.0711748427979,Y1
1.0,0.0,8.0,1.0,0.0,1.0,0.0,13.0,0.0,0,863.0,863.0,866.9964995848138,Y1
0.0,0.0,1.0,0.0,1.0,0.0,0.0,14.0,0.0,1,971.0,934.6468520066372,971.0,Y0
0.0,1.0,2.0,0.0,1.0,1.0,0.0,20.0,0.0,1,900.0,960.0289575164297,900.0,Y0
0.0,0.0,0.0,0.0,0.0,1.0,0.0,13.0,0.0,0,1063.0,1063.0,1075.1320538594146,Y1
0.0,0.0,2.0,0.0,0.0,0.0,0.0,3.0,0.0,0,964.0,964.0,1006.994977328658,Y1
0.0,0.0,0.0,0.0,0.0,0.0,2.0,2.0,0.0,1,898.0,931.8688340629137,898.0,Y0
0.0,1.0,2.0,1.0,2.0,1.0,0.0,10.0,1.0,0,881.0,881.0,858.9702906106747,Y1
1.0,1.0,2.0,1.0,2.0,0.0,-1.0,10.0,1.0,0,808.0,808.0,806.0385266136782,Y1
1.0,0.0,1.0,0.0,1.0,0.0,-1.0,15.0,0.0,1,866.0,863.3358822063475,866.0,Y0
0.0,1.0,3.0,1.0,2.0,0.0,-1.0,3.0,1.0,0,812.0,812.0,881.5770890039531,Y1
0.0,1.0,1.0,1.0,2.0,0.0,1.0,0.0,0.0,0,884.0,884.0,934.3418323843974,Y1
0.0,0.0,2.0,0.0,0.0,2.0,0.0,12.0,0.0,0,898.0,898.0,925.7997235505345,Y1
1.0,0.0,3.0,1.0,0.0,0.0,0.0,9.0,0.0,1,903.0,892.5046347757069,903.0,Y0
0.0,1.0,1.0,1.0,2.0,1.0,0.0,11.0,1.0,0,919.0,919.0,912.4957549257037,Y1
1.0,0.0,0.0,0.0,0.0,1.0,4.0,16.0,0.0,0,986.0,986.0,934.5604871066447,Y1
0.0,1.0,0.0,1.0,1.0,2.0,0.0,12.0,0.0,0,914.0,914.0,931.0249345267232,Y1
1.0,0.0,3.0,0.0,3.0,1.0,0.0,12.0,0.0,0,857.0,857.0,851.9341282313205,Y1
0.0,0.0,4.0,0.0,1.0,0.0,0.0,18.0,0.0,0,1012.0,1012.0,1046.288640431544,Y1
1.0,0.0,2.0,1.0,3.0,1.0,0.0,12.0,0.0,0,886.0,886.0,878.9908119483412,Y1
0.0,0.0,6.0,0.0,1.0,0.0,-1.0,10.0,1.0,1,849.0,898.1431790619375,849.0,Y0
1.0,0.0,2.0,0.0,1.0,1.0,4.0,15.0,0.0,0,915.0,915.0,896.3132992604674,Y1
0.0,0.0,0.0,1.0,3.0,0.0,0.0,11.0,0.0,0,881.0,881.0,878.8172392098924,Y1
1.0,0.0,0.0,1.0,0.0,0.0,0.0,4.0,0.0,1,1044.0,972.9765529998052,1044.0,Y0
1.0,0.0,3.0,0.0,0.0,1.0,0.0,13.0,0.0,0,996.0,996.0,1006.1302480598961,Y1
0.0,0.0,5.0,1.0,0.0,0.0,0.0,4.0,0.0,1,820.0,764.2123803390508,820.0,Y0
1.0,2.0,1.0,0.0,1.0,0.0,0.0,11.0,0.0,0,981.0,981.0,978.6210297834273,Y1
1.0,1.0,0.0,1.0,2.0,0.0,0.0,16.0,1.0,0,943.0,943.0,952.9435533467355,Y1
1.0,1.0,3.0,1.0,0.0,1.0,0.0,9.0,0.0,0,1020.0,1020.0,1031.0569519615958,Y1
1.0,1.0,1.0,1.0,2.0,1.0,0.0,7.0,0.0,0,872.0,872.0,883.8441899956903,Y1
1.0,1.0,3.0,1.0,2.0,0.0,0.0,3.0,1.0,1,901.0,805.712611764571,901.0,Y0
0.0,1.0,0.0,0.0,1.0,0.0,-1.0,4.0,0.0,0,960.0,960.0,1009.9405909044959,Y1
1.0,0.0,3.0,0.0,0.0,1.0,0.0,13.0,0.0,0,893.0,893.0,903.1302480598961,Y1
0.0,1.0,1.0,1.0,0.0,0.0,0.0,7.0,0.0,0,803.0,803.0,853.4452153602481,Y1
1.0,1.0,3.0,1.0,1.0,0.0,0.0,12.0,1.0,1,962.0,976.4152956924142,962.0,Y0
0.0,0.0,2.0,0.0,1.0,1.0,0.0,8.0,0.0,0,1017.0,1017.0,1030.2131029783284,Y1
0.0,1.0,5.0,0.0,1.0,0.0,3.0,13.0,0.0,1,936.0,963.3887480678363,936.0,Y0
0.0,0.0,2.0,0.0,0.0,0.0,0.0,11.0,0.0,0,921.0,921.0,930.7970276275485,Y1
0.0,0.0,0.0,1.0,0.0,0.0,0.0,12.0,0.0,0,992.0,992.0,1009.4668022240651,Y1
1.0,0.0,1.0,0.0,0.0,1.0,5.0,11.0,0.0,1,898.0,985.493922856003,898.0,Y0
1.0,1.0,5.0,1.0,2.0,0.0,2.0,1.0,0.0,1,844.0,867.5449188561587,844.0,Y0
1.0,0.0,3.0,0.0,0.0,0.0,0.0,6.0,0.0,0,978.0,978.0,1023.5840176500828,Y1
1.0,0.0,3.0,0.0,3.0,0.0,0.0,14.0,0.0,0,949.0,949.0,986.941323137043,Y1
1.0,0.0,3.0,0.0,0.0,0.0,0.0,16.0,0.0,1,870.0,849.8956841044883,870.0,Y0
1.0,1.0,3.0,1.0,3.0,0.0,1.0,0.0,0.0,0,803.0,803.0,864.6585028767227,Y1
1.0,1.0,3.0,1.0,2.0,0.0,0.0,14.0,0.0,1,865.0,835.9080430824004,865.0,Y0
1.0,3.0,2.0,0.0,1.0,0.0,0.0,10.0,0.0,1,947.0,975.5604801612179,947.0,Y0
0.0,0.0,0.0,0.0,3.0,0.0,0.0,3.0,0.0,0,957.0,957.0,968.1610014322814,Y1
1.0,0.0,2.0,1.0,0.0,0.0,3.0,9.0,0.0,0,1046.0,1046.0,1003.0745536762581,Y1
0.0,0.0,3.0,1.0,0.0,1.0,0.0,13.0,0.0,0,836.0,836.0,844.4746684092851,Y1
0.0,1.0,3.0,0.0,1.0,0.0,-1.0,12.0,1.0,0,870.0,870.0,852.5788474052933,Y1
0.0,0.0,2.0,0.0,0.0,1.0,0.0,9.0,0.0,0,1044.0,1044.0,1049.3741054864754,Y1
1.0,0.0,0.0,0.0,0.0,0.0,0.0,13.0,0.0,0,855.0,855.0,873.6299906468437,Y1
0.0,1.0,0.0,0.0,1.0,0.0,0.0,5.0,1.0,0,1253.0,1253.0,1288.2483327431405,Y1
0.0,1.0,2.0,1.0,2.0,0.0,0.0,3.0,1.0,0,945.0,945.0,1035.4453469794605,Y1
0.0,0.0,4.0,0.0,0.0,1.0,0.0,8.0,0.0,0,992.0,992.0,1010.3297848830899,Y1
1.0,0.0,0.0,0.0,0.0,1.0,0.0,13.0,0.0,0,976.0,976.0,983.730306249547,Y1
0.0,0.0,3.0,1.0,3.0,1.0,0.0,4.0,0.0,0,946.0,946.0,946.5413170963748,Y1
1.0,1.0,0.0,1.0,2.0,0.0,0.0,3.0,1.0,1,889.0,792.0303519535888,889.0,Y0
0.0,0.0,3.0,0.0,3.0,0.0,0.0,17.0,0.0,0,864.0,864.0,898.7258964202109,Y1
0.0,0.0,1.0,0.0,1.0,0.0,0.0,18.0,0.0,0,994.0,994.0,1046.0331169693395,Y1
1.0,0.0,2.0,1.0,0.0,0.0,0.0,13.0,0.0,0,867.0,867.0,878.0824365164789,Y1
0.0,1.0,1.0,1.0,1.0,0.0,2.0,1.0,0.0,0,935.0,935.0,913.4005833422327,Y1
1.0,0.0,3.0,0.0,0.0,0.0,0.0,3.0,0.0,1,960.0,901.4657747406098,960.0,Y0
0.0,0.0,2.0,1.0,0.0,0.0,0.0,8.0,0.0,0,852.0,852.0,876.1216687827994,Y1
1.0,0.0,2.0,1.0,1.0,0.0,-1.0,0.0,0.0,0,875.0,875.0,914.9013854445373,Y1
1.0,0.0,3.0,0.0,0.0,0.0,0.0,20.0,0.0,1,870.0,918.9659774029038,870.0,Y0
0.0,0.0,0.0,0.0,0.0,1.0,0.0,12.0,0.0,0,976.0,976.0,982.3091619065111,Y1
1.0,1.0,0.0,1.0,0.0,0.0,0.0,10.0,0.0,0,918.0,918.0,911.964366566308,Y1
1.0,0.0,2.0,1.0,0.0,0.0,0.0,6.0,0.0,1,887.0,846.0246681922636,887.0,Y0
1.0,0.0,2.0,1.0,1.0,1.0,0.0,22.0,0.0,0,795.0,795.0,806.7360491446418,Y1
0.0,0.0,0.0,0.0,0.0,1.0,0.0,8.0,1.0,0,896.0,896.0,913.6982897726265,Y1
1.0,0.0,2.0,0.0,1.0,0.0,0.0,8.0,0.0,0,949.0,949.0,977.7559117116522,Y1
0.0,1.0,2.0,1.0,2.0,0.0,2.0,1.0,0.0,0,944.0,944.0,922.1571959855346,Y1
0.0,0.0,1.0,0.0,0.0,0.0,0.0,22.0,0.0,1,837.0,823.8466136877959,837.0,Y0
1.0,1.0,1.0,1.0,2.0,0.0,0.0,24.0,1.0,0,921.0,921.0,891.9756954926455,Y1
0.0,0.0,0.0,0.0,0.0,0.0,0.0,13.0,0.0,0,960.0,960.0,978.8192994322403,Y1
0.0,1.0,3.0,0.0,1.0,0.0,0.0,16.0,1.0,1,890.0,886.5229249457431,890.0,Y0
0.0,0.0,1.0,0.0,0.0,0.0,0.0,10.0,0.0,0,1030.0,1030.0,1018.2350907039325,Y1
0.0,1.0,2.0,0.0,1.0,0.0,2.0,5.0,1.0,1,865.0,870.7923984566268,865.0,Y0
1.0,0.0,2.0,0.0,3.0,0.0,0.0,11.0,0.0,1,820.0,828.6951285122769,820.0,Y0
1.0,0.0,7.0,1.0,0.0,1.0,0.0,13.0,0.0,0,1043.0,1043.0,1027.234420013373,Y1
1.0,0.0,0.0,0.0,0.0,1.0,0.0,8.0,1.0,0,847.0,847.0,872.6643828867217,Y1
1.0,1.0,3.0,0.0,0.0,2.0,0.0,6.0,0.0,1,880.0,836.9362922473039,880.0,Y0
0.0,0.0,0.0,0.0,0.0,0.0,0.0,7.0,0.0,0,849.0,849.0,881.928174180327,Y1
0.0,0.0,2.0,0.0,0.0,0.0,0.0,19.0,0.0,1,1067.0,1107.1836888740504,1067.0,Y0
0.0,0.0,3.0,0.0,0.0,0.0,0.0,8.0,0.0,0,917.0,917.0,936.5816314123593,Y1
1.0,0.0,4.0,1.0,0.0,0.0,0.0,14.0,0.0,1,1065.0,1023.006686439781,1065.0,Y0
0.0,0.0,1.0,0.0,1.0,1.0,0.0,13.0,0.0,0,1038.0,1038.0,1046.4247351041154,Y1
0.0,1.0,2.0,1.0,2.0,2.0,0.0,8.0,0.0,0,855.0,855.0,889.9837350921231,Y1
1.0,1.0,2.0,0.0,1.0,0.0,-1.0,12.0,1.0,0,837.0,837.0,832.5645794010409,Y1
0.0,0.0,3.0,1.0,0.0,1.0,0.0,10.0,0.0,0,954.0,954.0,942.1549832830788,Y1
0.0,1.0,1.0,1.0,2.0,1.0,0.0,17.0,0.0,0,873.0,873.0,898.0881263999054,Y1
0.0,0.0,2.0,0.0,0.0,0.0,0.0,9.0,0.0,0,970.0,970.0,976.1033656852043,Y1
0.0,1.0,2.0,1.0,0.0,1.0,0.0,8.0,0.0,1,881.0,859.1155430177162,881.0,Y0
0.0,0.0,2.0,1.0,1.0,0.0,0.0,12.0,1.0,1,952.0,963.6961954465187,952.0,Y0
0.0,0.0,2.0,1.0,1.0,0.0,0.0,7.0,0.0,0,816.0,816.0,853.9125663987638,Y1
1.0,1.0,0.0,0.0,1.0,1.0,0.0,15.0,1.0,0,872.0,872.0,888.8073038111716,Y1
1.0,0.0,0.0,0.0,3.0,1.0,0.0,8.0,0.0,0,905.0,905.0,909.2049511115491,Y1
0.0,1.0,0.0,1.0,3.0,1.0,0.0,8.0,0.0,0,885.0,885.0,885.6107344315747,Y1
0.0,1.0,1.0,0.0,1.0,0.0,0.0,20.0,1.0,0,1092.0,1092.0,1018.1765980500493,Y1
0.0,1.0,0.0,1.0,2.0,0.0,0.0,10.0,1.0,0,994.0,994.0,973.4844608285892,Y1
1.0,1.0,3.0,1.0,2.0,0.0,2.0,1.0,1.0,0,848.0,848.0,833.6155224660966,Y1
1.0,0.0,4.0,1.0,0.0,0.0,0.0,12.0,0.0,0,828.0,828.0,838.5906064770029,Y1
1.0,1.0,3.0,1.0,2.0,0.0,0.0,5.0,1.0,0,864.0,864.0,922.12292848782,Y1
1.0,0.0,2.0,0.0,1.0,1.0,0.0,8.0,0.0,0,965.0,965.0,991.9427205662032,Y1
0.0,1.0,0.0,1.0,3.0,0.0,1.0,0.0,0.0,0,895.0,895.0,910.7305001688391,Y1
1.0,1.0,2.0,0.0,2.0,1.0,0.0,6.0,0.0,1,967.0,927.0967892849154,967.0,Y0
0.0,0.0,3.0,0.0,1.0,1.0,1.0,8.0,0.0,1,888.0,859.0539067776126,888.0,Y0
0.0,1.0,1.0,1.0,2.0,1.0,1.0,6.0,0.0,0,785.0,785.0,823.9833485675734,Y1
1.0,1.0,1.0,1.0,2.0,0.0,2.0,2.0,0.0,1,1026.0,1020.9910724744772,1026.0,Y0
0.0,0.0,0.0,0.0,3.0,0.0,0.0,17.0,0.0,0,904.0,904.0,945.7406816223032,Y1
0.0,0.0,3.0,0.0,3.0,0.0,0.0,3.0,0.0,0,950.0,950.0,962.6853246562316,Y1
0.0,1.0,3.0,1.0,2.0,0.0,0.0,5.0,0.0,0,952.0,952.0,1008.9775894829678,Y1
0.0,0.0,0.0,0.0,1.0,1.0,0.0,8.0,0.0,1,1008.0,1000.1925311616651,1008.0,Y0
1.0,0.0,8.0,1.0,0.0,1.0,0.0,12.0,0.0,0,880.0,880.0,882.7879156973086,Y1
0.0,0.0,3.0,0.0,0.0,0.0,-1.0,5.0,0.0,0,911.0,911.0,894.2518679371044,Y1
0.0,0.0,3.0,1.0,0.0,0.0,2.0,2.0,0.0,0,1054.0,1054.0,1022.0628318987365,Y1
1.0,0.0,1.0,0.0,1.0,0.0,0.0,11.0,1.0,1,1070.0,1071.6008384755246,1070.0,Y0
0.0,1.0,0.0,1.0,1.0,0.0,-1.0,12.0,1.0,0,949.0,949.0,931.5639524253169,Y1
0.0,0.0,2.0,0.0,0.0,1.0,0.0,10.0,0.0,0,936.0,936.0,922.8890302962375,Y1
0.0,1.0,3.0,1.0,2.0,0.0,0.0,9.0,0.0,0,931.0,931.0,945.1802133701489,Y1
0.0,1.0,3.0,1.0,1.0,1.0,0.0,24.0,0.0,0,924.0,924.0,892.4599965065099,Y1
0.0,0.0,1.0,0.0,0.0,0.0,0.0,8.0,0.0,0,828.0,828.0,849.1412210682237,Y1
0.0,0.0,2.0,0.0,0.0,1.0,0.0,5.0,0.0,1,920.0,906.9355798783894,920.0,Y0
0.0,0.0,0.0,0.0,0.0,0.0,0.0,10.0,0.0,0,1044.0,1044.0,1032.4063787824043,Y1
0.0,1.0,1.0,0.0,1.0,0.0,0.0,21.0,0.0,1,1051.0,1045.2373544075729,1051.0,Y0
1.0,1.0,1.0,1.0,2.0,0.0,0.0,5.0,0.0,1,999.0,939.2718524553143,999.0,Y0
0.0,1.0,3.0,1.0,1.0,0.0,2.0,1.0,0.0,0,953.0,953.0,933.3097672414918,Y1
1.0,0.0,1.0,0.0,3.0,0.0,0.0,8.0,0.0,0,956.0,956.0,968.106062313445,Y1
1.0,0.0,1.0,0.0,1.0,0.0,-1.0,10.0,1.0,1,1074.0,1072.9281461684418,1074.0,Y0
0.0,0.0,2.0,1.0,0.0,0.0,2.0,2.0,0.0,0,914.0,914.0,881.3754615726056,Y1
0.0,0.0,3.0,0.0,1.0,0.0,-1.0,15.0,0.0,1,912.0,915.2702013617827,912.0,Y0
1.0,0.0,0.0,0.0,3.0,0.0,0.0,11.0,0.0,0,997.0,997.0,994.894722495277,Y1
0.0,1.0,0.0,1.0,2.0,0.0,0.0,11.0,0.0,1,996.0,978.291110403659,996.0,Y0
1.0,0.0,2.0,0.0,1.0,1.0,0.0,17.0,0.0,1,865.0,837.7258568624238,865.0,Y0
0.0,0.0,3.0,0.0,1.0,1.0,4.0,15.0,0.0,0,965.0,965.0,932.5976103749053,Y1
1.0,0.0,3.0,1.0,0.0,1.0,0.0,11.0,0.0,0,823.0,823.0,830.1979330491583,Y1
0.0,0.0,2.0,0.0,0.0,0.0,0.0,19.0,0.0,1,976.0,1016.1836888740504,976.0,Y0
1.0,1.0,1.0,1.0,1.0,0.0,-1.0,15.0,0.0,1,785.0,785.7812747000169,785.0,Y0
0.0,1.0,3.0,0.0,1.0,0.0,-1.0,12.0,1.0,0,907.0,907.0,889.5788474052933,Y1
1.0,0.0,3.0,0.0,0.0,0.0,0.0,16.0,0.0,1,991.0,970.8956841044883,991.0,Y0
0.0,0.0,3.0,0.0,0.0,1.0,0.0,6.0,0.0,1,906.0,888.849486920494,906.0,Y0
0.0,0.0,2.0,0.0,3.0,1.0,0.0,13.0,0.0,1,947.0,935.846101974934,947.0,Y0
1.0,0.0,3.0,0.0,1.0,0.0,0.0,5.0,0.0,1,992.0,951.8371537074636,992.0,Y0
1.0,1.0,1.0,1.0,2.0,0.0,0.0,6.0,1.0,1,892.0,840.4180567897959,892.0,Y0
1.0,0.0,3.0,0.0,0.0,1.0,0.0,8.0,0.0,1,949.0,918.7103044471589,949.0,Y0
0.0,0.0,0.0,0.0,0.0,0.0,2.0,2.0,0.0,1,923.0,956.8688340629137,923.0,Y0
0.0,0.0,1.0,0.0,0.0,1.0,0.0,12.0,0.0,0,1027.0,1027.0,1031.3256696571273,Y1
1.0,1.0,2.0,1.0,2.0,0.0,-1.0,3.0,0.0,1,815.0,773.208646412166,815.0,Y0
0.0,0.0,1.0,0.0,0.0,0.0,0.0,14.0,0.0,0,966.0,966.0,1014.3264143988699,Y1
1.0,0.0,1.0,0.0,1.0,1.0,1.0,8.0,0.0,1,945.0,909.070279757151,945.0,Y0
1.0,0.0,0.0,0.0,0.0,1.0,0.0,10.0,0.0,0,907.0,907.0,891.5245395934147,Y1
0.0,0.0,1.0,1.0,0.0,0.0,-1.0,6.0,0.0,1,953.0,962.4260899668759,953.0,Y0
0.0,0.0,3.0,1.0,0.0,0.0,0.0,15.0,0.0,1,864.0,854.7945837516024,864.0,Y0
1.0,1.0,0.0,1.0,2.0,0.0,0.0,6.0,0.0,0,785.0,785.0,839.7317418612123,Y1
1.0,0.0,3.0,0.0,0.0,0.0,0.0,5.0,0.0,0,887.0,887.0,930.2414549782097,Y1
0.0,1.0,2.0,1.0,2.0,1.0,0.0,15.0,1.0,0,815.0,815.0,833.0903324749548,Y1
1.0,1.0,3.0,1.0,2.0,0.0,0.0,6.0,1.0,0,922.0,922.0,973.9807167715119,Y1
1.0,0.0,2.0,0.0,0.0,1.0,0.0,8.0,0.0,0,826.0,826.0,855.5775554428288,Y1
1.0,0.0,3.0,1.0,0.0,0.0,1.0,0.0,0.0,0,892.0,892.0,956.5322061667724,Y1
1.0,1.0,3.0,1.0,2.0,0.0,2.0,1.0,0.0,1,787.0,804.5775701109203,787.0,Y0
0.0,0.0,2.0,0.0,0.0,0.0,2.0,3.0,1.0,0,886.0,886.0,870.0313514923324,Y1
1.0,0.0,2.0,0.0,1.0,1.0,4.0,15.0,0.0,0,952.0,952.0,933.3132992604674,Y1
0.0,0.0,2.0,0.0,1.0,0.0,-1.0,0.0,0.0,1,935.0,941.7895098051523,935.0,Y0
0.0,0.0,3.0,0.0,0.0,1.0,0.0,9.0,0.0,0,911.0,911.0,917.0651405262008,Y1
1.0,0.0,2.0,1.0,3.0,0.0,0.0,13.0,0.0,0,914.0,914.0,922.199216192539,Y1
0.0,0.0,1.0,0.0,0.0,0.0,0.0,6.0,0.0,1,1056.0,1024.9580086410633,1056.0,Y0
0.0,0.0,0.0,0.0,0.0,0.0,0.0,13.0,0.0,0,1057.0,1057.0,1075.8192994322403,Y1
1.0,1.0,3.0,0.0,2.0,0.0,0.0,6.0,1.0,1,956.0,898.7961326268028,956.0,Y0
1.0,1.0,0.0,1.0,0.0,0.0,0.0,10.0,0.0,0,877.0,877.0,870.964366566308,Y1
1.0,0.0,0.0,0.0,0.0,1.0,0.0,13.0,0.0,0,851.0,851.0,858.730306249547,Y1
1.0,0.0,0.0,0.0,0.0,0.0,0.0,6.0,0.0,1,1019.0,974.9118866355507,1019.0,Y0
0.0,0.0,2.0,0.0,0.0,1.0,0.0,9.0,0.0,0,881.0,881.0,886.3741054864754,Y1
0.0,0.0,2.0,0.0,1.0,0.0,0.0,5.0,1.0,0,931.0,931.0,954.8697424605178,Y1
0.0,0.0,2.0,1.0,0.0,0.0,0.0,4.0,0.0,1,926.0,866.0663720971945,926.0,Y0
0.0,1.0,0.0,1.0,2.0,0.0,0.0,12.0,0.0,0,839.0,839.0,852.1053553874095,Y1
1.0,0.0,4.0,0.0,0.0,1.0,0.0,8.0,0.0,0,833.0,833.0,863.7484097807052,Y1
1.0,0.0,2.0,1.0,0.0,0.0,3.0,27.0,0.0,0,842.0,842.0,834.5241257680633,Y1
0.0,0.0,3.0,1.0,0.0,1.0,0.0,13.0,0.0,0,855.0,855.0,863.4746684092851,Y1
0.0,0.0,0.0,0.0,0.0,1.0,0.0,12.0,0.0,0,970.0,970.0,976.3091619065111,Y1
1.0,1.0,0.0,1.0,2.0,0.0,2.0,1.0,0.0,1,869.0,886.1145447918987,869.0,Y0
1.0,1.0,0.0,0.0,0.0,1.0,0.0,8.0,0.0,1,896.0,877.9570102486275,896.0,Y0
1.0,1.0,0.0,1.0,2.0,0.0,0.0,14.0,0.0,1,831.0,799.1804562323344,831.0,Y0
0.0,1.0,0.0,1.0,2.0,1.0,0.0,17.0,0.0,0,927.0,927.0,953.1293780643842,Y1
0.0,1.0,3.0,1.0,2.0,0.0,0.0,11.0,0.0,1,893.0,881.6748977684954,893.0,Y0
0.0,0.0,2.0,0.0,1.0,0.0,0.0,8.0,0.0,0,866.0,866.0,882.5600110550682,Y1
1.0,1.0,1.0,1.0,2.0,0.0,-1.0,3.0,1.0,0,742.0,742.0,827.9961639443634,Y1
0.0,0.0,3.0,0.0,0.0,1.0,0.0,20.0,0.0,0,952.0,952.0,898.826566181452,Y1
0.0,0.0,2.0,0.0,0.0,1.0,0.0,7.0,0.0,0,1136.0,1136.0,1140.9013433713385,Y1
0.0,1.0,2.0,1.0,0.0,0.0,0.0,3.0,0.0,0,826.0,826.0,901.4507889167704,Y1
1.0,0.0,1.0,0.0,0.0,1.0,0.0,5.0,0.0,0,931.0,931.0,957.197922566489,Y1
0.0,0.0,3.0,0.0,0.0,1.0,0.0,13.0,0.0,0,877.0,877.0,885.0295495393764,Y1
1.0,0.0,1.0,0.0,0.0,0.0,0.0,4.0,0.0,1,1206.0,1132.07965350567,1206.0,Y0
0.0,0.0,3.0,0.0,1.0,0.0,0.0,3.0,0.0,0,851.0,851.0,893.9688351935968,Y1
0.0,0.0,1.0,0.0,0.0,1.0,0.0,13.0,0.0,0,953.0,953.0,963.1737799658044,Y1
0.0,0.0,2.0,1.0,0.0,0.0,0.0,4.0,0.0,1,937.0,877.0663720971945,937.0,Y0
1.0,0.0,2.0,1.0,3.0,0.0,0.0,14.0,0.0,1,933.0,896.1449173194208,933.0,Y0
1.0,1.0,3.0,1.0,3.0,0.0,1.0,1.0,0.0,1,832.0,840.2538808634395,832.0,Y0
0.0,0.0,1.0,0.0,0.0,0.0,0.0,6.0,0.0,1,859.0,827.9580086410633,859.0,Y0
0.0,0.0,3.0,1.0,0.0,0.0,-1.0,1.0,0.0,1,861.0,857.965184404689,861.0,Y0
0.0,0.0,1.0,1.0,0.0,0.0,0.0,4.0,0.0,0,807.0,807.0,867.4306805084587,Y1
0.0,1.0,0.0,1.0,2.0,0.0,0.0,21.0,1.0,1,857.0,875.2089744730189,857.0,Y0
0.0,1.0,2.0,1.0,2.0,0.0,0.0,3.0,1.0,1,1073.0,982.5546530205395,1073.0,Y0
0.0,1.0,1.0,1.0,2.0,0.0,0.0,3.0,1.0,1,1079.0,986.4811418081313,1079.0,Y0
0.0,0.0,0.0,0.0,0.0,0.0,0.0,6.0,0.0,0,934.0,934.0,964.5462974639296,Y1
0.0,1.0,2.0,0.0,2.0,1.0,0.0,15.0,1.0,0,882.0,882.0,905.2266556108152,Y1
0.0,0.0,1.0,0.0,0.0,0.0,0.0,2.0,0.0,0,1043.0,1043.0,1036.8586310841079,Y1
1.0,0.0,3.0,0.0,0.0,0.0,0.0,22.0,0.0,1,957.0,965.5573263350093,957.0,Y0
0.0,0.0,2.0,0.0,1.0,1.0,0.0,15.0,0.0,1,992.0,963.2571096367966,992.0,Y0
0.0,0.0,1.0,0.0,0.0,0.0,0.0,8.0,0.0,1,1094.0,1072.8587789317764,1094.0,Y0
0.0,0.0,3.0,0.0,0.0,1.0,0.0,8.0,0.0,0,900.0,900.0,916.5373821861289,Y1
1.0,0.0,0.0,0.0,0.0,1.0,0.0,12.0,0.0,0,1024.0,1024.0,1027.724350904868,Y1
1.0,0.0,4.0,0.0,0.0,1.0,0.0,8.0,0.0,0,1007.0,1007.0,1037.748409780705,Y1
1.0,1.0,0.0,1.0,2.0,1.0,0.0,15.0,1.0,0,946.0,946.0,960.703128553944,Y1
1.0,1.0,0.0,1.0,0.0,1.0,0.0,13.0,0.0,0,770.0,770.0,774.6183390619674,Y1
0.0,0.0,3.0,1.0,0.0,0.0,0.0,6.0,0.0,0,816.0,816.0,853.4026289770412,Y1
1.0,0.0,1.0,0.0,2.0,1.0,1.0,3.0,1.0,0,859.0,859.0,935.3758792906688,Y1
1.0,0.0,3.0,0.0,1.0,0.0,2.0,1.0,1.0,0,948.0,948.0,922.9160507271606,Y1
0.0,0.0,4.0,0.0,1.0,0.0,0.0,7.0,0.0,0,924.0,924.0,958.4856017442247,Y1
1.0,1.0,3.0,1.0,2.0,1.0,1.0,6.0,0.0,0,727.0,727.0,778.0589368510657,Y1
0.0,0.0,2.0,0.0,3.0,2.0,0.0,12.0,0.0,1,1015.0,957.597481628292,1015.0,Y0
1.0,1.0,8.0,1.0,2.0,0.0,0.0,6.0,0.0,1,925.0,858.2917671313953,925.0,Y0
0.0,0.0,3.0,0.0,3.0,0.0,1.0,0.0,0.0,0,900.0,900.0,876.0119423540199,Y1
0.0,0.0,2.0,0.0,0.0,0.0,0.0,11.0,0.0,0,1073.0,1073.0,1082.7970276275485,Y1
1.0,1.0,0.0,1.0,2.0,2.0,0.0,8.0,0.0,0,862.0,862.0,876.1264962922014,Y1
0.0,1.0,3.0,1.0,2.0,0.0,0.0,5.0,0.0,0,859.0,859.0,915.9775894829678,Y1
1.0,0.0,1.0,1.0,0.0,0.0,0.0,16.0,0.0,0,834.0,834.0,859.1512693143453,Y1
1.0,0.0,0.0,0.0,1.0,1.0,0.0,14.0,1.0,1,928.0,907.0266720676376,928.0,Y0
0.0,0.0,0.0,0.0,1.0,0.0,1.0,14.0,0.0,0,1066.0,1066.0,1109.7101921017747,Y1
0.0,0.0,0.0,0.0,3.0,1.0,0.0,13.0,0.0,1,987.0,971.7483995967427,987.0,Y0
1.0,0.0,2.0,0.0,0.0,1.0,3.0,11.0,0.0,0,956.0,956.0,903.714431085978,Y1
1.0,0.0,1.0,0.0,0.0,0.0,-1.0,9.0,0.0,0,933.0,933.0,908.89209485427,Y1
1.0,1.0,2.0,1.0,2.0,0.0,-1.0,2.0,0.0,0,952.0,952.0,945.1693198791089,Y1
1.0,1.0,3.0,1.0,2.0,0.0,1.0,0.0,1.0,0,870.0,870.0,978.3714064162517,Y1
1.0,0.0,2.0,0.0,0.0,0.0,0.0,13.0,0.0,0,931.0,931.0,943.5624264812899,Y1
0.0,0.0,3.0,0.0,3.0,1.0,0.0,8.0,0.0,0,878.0,878.0,880.4717882631924,Y1
0.0,1.0,2.0,1.0,1.0,1.0,0.0,15.0,1.0,0,957.0,957.0,970.7772659167259,Y1
0.0,0.0,2.0,1.0,0.0,0.0,0.0,8.0,0.0,0,870.0,870.0,894.1216687827994,Y1
1.0,0.0,1.0,0.0,0.0,0.0,0.0,9.0,0.0,1,874.0,858.3985762406206,874.0,Y0
1.0,0.0,2.0,0.0,0.0,0.0,0.0,16.0,0.0,0,979.0,979.0,999.0914870034569,Y1
1.0,0.0,3.0,0.0,0.0,0.0,2.0,1.0,0.0,0,873.0,873.0,841.6819713462561,Y1
1.0,0.0,0.0,1.0,0.0,0.0,0.0,6.0,0.0,1,884.0,843.2610936301636,884.0,Y0
1.0,0.0,3.0,0.0,1.0,0.0,0.0,7.0,0.0,0,877.0,877.0,923.2895005052,Y1
1.0,0.0,2.0,0.0,1.0,0.0,2.0,3.0,0.0,0,939.0,939.0,936.7970238025075,Y1
1.0,0.0,1.0,0.0,0.0,0.0,0.0,19.0,0.0,1,961.0,996.2055787851108,961.0,Y0
1.0,1.0,1.0,1.0,2.0,1.0,0.0,5.0,0.0,0,931.0,931.0,960.8591896334608,Y1
0.0,0.0,1.0,0.0,1.0,0.0,0.0,5.0,1.0,0,1108.0,1108.0,1131.4922372198243,Y1
1.0,0.0,1.0,0.0,0.0,0.0,0.0,8.0,0.0,0,841.0,841.0,874.3640106186974,Y1
1.0,0.0,0.0,1.0,3.0,0.0,0.0,13.0,0.0,1,989.0,974.2864828379943,989.0,Y0
0.0,1.0,2.0,1.0,2.0,0.0,0.0,7.0,0.0,0,971.0,971.0,1017.9771676295092,Y1
1.0,0.0,0.0,1.0,0.0,0.0,0.0,19.0,0.0,0,1053.0,1053.0,1015.7066920486052,Y1
0.0,0.0,0.0,0.0,0.0,0.0,0.0,21.0,0.0,1,1253.0,1233.8088297036877,1253.0,Y0
1.0,1.0,3.0,1.0,2.0,0.0,-1.0,14.0,1.0,1,854.0,840.2203933830715,854.0,Y0
1.0,1.0,2.0,1.0,0.0,0.0,0.0,13.0,0.0,0,854.0,854.0,867.6475738842624,Y1
0.0,0.0,3.0,0.0,0.0,0.0,0.0,3.0,0.0,0,954.0,954.0,997.766951461081,Y1
0.0,0.0,1.0,1.0,0.0,0.0,0.0,10.0,0.0,0,881.0,881.0,871.144934832462,Y1
1.0,0.0,0.0,0.0,0.0,0.0,0.0,12.0,0.0,0,876.0,876.0,892.5892637546882,Y1
0.0,0.0,3.0,1.0,0.0,0.0,0.0,8.0,0.0,0,877.0,877.0,901.2803378824884,Y1
0.0,1.0,3.0,1.0,3.0,1.0,0.0,12.0,0.0,1,809.0,816.6386857086968,809.0,Y0
1.0,1.0,1.0,1.0,1.0,0.0,0.0,21.0,0.0,1,989.0,980.6341772683353,989.0,Y0
1.0,0.0,3.0,0.0,0.0,0.0,0.0,13.0,0.0,0,1042.0,1042.0,1054.5527431636428,Y1
1.0,0.0,3.0,0.0,3.0,0.0,0.0,14.0,0.0,0,909.0,909.0,946.941323137043,Y1
0.0,0.0,2.0,0.0,0.0,0.0,0.0,12.0,0.0,1,1086.0,1077.770018010806,1086.0,Y0
0.0,0.0,2.0,0.0,1.0,0.0,0.0,3.0,0.0,0,934.0,934.0,976.1951726954653,Y1
0.0,0.0,1.0,0.0,1.0,0.0,5.0,3.0,0.0,0,950.0,950.0,866.7065755551002,Y1
0.0,1.0,0.0,1.0,2.0,0.0,0.0,21.0,1.0,1,934.0,952.2089744730189,934.0,Y0
0.0,1.0,0.0,1.0,2.0,0.0,2.0,1.0,1.0,0,900.0,900.0,893.0421466069901,Y1
1.0,0.0,3.0,0.0,0.0,1.0,3.0,11.0,0.0,0,921.0,921.0,866.8341340179179,Y1
1.0,0.0,0.0,1.0,2.0,1.0,0.0,10.0,1.0,1,785.0,811.1741556908817,785.0,Y0
0.0,0.0,0.0,0.0,1.0,1.0,0.0,18.0,0.0,1,962.0,910.2355716573843,962.0,Y0
0.0,0.0,2.0,0.0,0.0,1.0,0.0,7.0,0.0,0,938.0,938.0,942.9013433713385,Y1
0.0,0.0,2.0,0.0,1.0,0.0,0.0,3.0,0.0,0,1007.0,1007.0,1049.1951726954653,Y1
0.0,0.0,3.0,0.0,0.0,1.0,0.0,8.0,0.0,0,896.0,896.0,912.5373821861289,Y1
0.0,0.0,0.0,1.0,0.0,0.0,0.0,20.0,0.0,0,799.0,799.0,770.2302449833683,Y1
0.0,0.0,0.0,0.0,3.0,0.0,1.0,0.0,0.0,0,954.0,954.0,926.6205928227891,Y1
1.0,0.0,1.0,1.0,1.0,0.0,2.0,1.0,1.0,0,989.0,989.0,967.573407222077,Y1
0.0,0.0,2.0,0.0,3.0,0.0,2.0,1.0,0.0,1,1105.0,1135.1206586720662,1105.0,Y0
1.0,1.0,3.0,1.0,2.0,0.0,2.0,1.0,1.0,0,870.0,870.0,855.6155224660966,Y1
1.0,0.0,8.0,1.0,0.0,0.0,-1.0,12.0,0.0,1,881.0,886.5861393850439,881.0,Y0
0.0,1.0,1.0,0.0,2.0,0.0,0.0,10.0,1.0,0,921.0,921.0,899.154810227883,Y1
1.0,1.0,0.0,1.0,2.0,0.0,0.0,6.0,1.0,0,866.0,866.0,917.2524315496864,Y1
1.0,1.0,3.0,0.0,1.0,0.0,0.0,21.0,1.0,0,1073.0,1073.0,1018.8550725236073,Y1
0.0,0.0,2.0,1.0,0.0,0.0,0.0,8.0,0.0,0,881.0,881.0,905.1216687827994,Y1
1.0,1.0,2.0,1.0,2.0,0.0,0.0,20.0,1.0,0,924.0,924.0,851.927694603306,Y1
1.0,0.0,1.0,0.0,1.0,0.0,0.0,11.0,0.0,0,912.0,912.0,925.4674377957185,Y1
0.0,0.0,0.0,1.0,0.0,0.0,0.0,6.0,0.0,1,981.0,943.9568598389684,981.0,Y0
0.0,0.0,0.0,1.0,0.0,0.0,0.0,21.0,0.0,1,1033.0,1008.5856942447176,1033.0,Y0
1.0,1.0,1.0,1.0,1.0,0.0,0.0,5.0,1.0,0,991.0,991.0,1036.0569477767467,Y1
1.0,0.0,2.0,0.0,1.0,0.0,-1.0,18.0,1.0,0,866.0,866.0,900.8133870337886,Y1
1.0,1.0,3.0,1.0,2.0,1.0,0.0,10.0,1.0,0,849.0,849.0,828.0549991795476,Y1
1.0,1.0,0.0,1.0,2.0,0.0,0.0,6.0,1.0,0,852.0,852.0,903.2524315496864,Y1
0.0,1.0,3.0,1.0,0.0,0.0,0.0,7.0,0.0,0,781.0,781.0,832.0678473900894,Y1
1.0,1.0,0.0,1.0,2.0,0.0,-1.0,6.0,1.0,0,1031.0,1031.0,1033.0682502727257,Y1
1.0,0.0,0.0,1.0,0.0,0.0,2.0,2.0,0.0,1,914.0,934.1913379172286,914.0,Y0
1.0,1.0,2.0,1.0,2.0,0.0,0.0,6.0,1.0,0,798.0,798.0,849.8742269940745,Y1
0.0,0.0,3.0,1.0,1.0,1.0,0.0,13.0,0.0,0,934.0,934.0,940.7005515384809,Y1
1.0,1.0,-1.0,1.0,2.0,0.0,0.0,5.0,0.0,1,943.0,853.1333335210772,943.0,Y0
0.0,0.0,0.0,0.0,0.0,0.0,0.0,12.0,0.0,0,928.0,928.0,942.9913751339271,Y1
1.0,0.0,2.0,0.0,0.0,0.0,0.0,6.0,0.0,1,862.0,817.164836065621,862.0,Y0
1.0,1.0,3.0,0.0,1.0,0.0,0.0,16.0,0.0,0,907.0,907.0,928.6813125732709,Y1
0.0,0.0,0.0,0.0,3.0,0.0,-1.0,11.0,0.0,0,908.0,908.0,837.000857437053,Y1
0.0,1.0,2.0,1.0,2.0,1.0,0.0,17.0,0.0,0,920.0,920.0,942.4593463970634,Y1
0.0,1.0,1.0,1.0,2.0,1.0,2.0,24.0,0.0,0,1140.0,1140.0,1075.9361895760267,Y1
1.0,0.0,2.0,0.0,3.0,0.0,0.0,8.0,0.0,0,874.0,874.0,885.6879848838637,Y1
0.0,0.0,3.0,0.0,0.0,1.0,0.0,8.0,0.0,0,943.0,943.0,959.5373821861289,Y1
1.0,0.0,0.0,0.0,1.0,0.0,-1.0,5.0,0.0,1,1017.0,1028.4621400720528,1017.0,Y0
0.0,0.0,2.0,0.0,0.0,0.0,0.0,19.0,0.0,1,1139.0,1179.1836888740504,1139.0,Y0
0.0,0.0,1.0,0.0,0.0,0.0,0.0,13.0,0.0,0,902.0,902.0,920.6149425343239,Y1
1.0,0.0,2.0,1.0,0.0,1.0,0.0,12.0,0.0,0,975.0,975.0,980.2459582017722,Y1
0.0,0.0,7.0,1.0,0.0,0.0,0.0,13.0,0.0,0,884.0,884.0,891.1101457973867,Y1
0.0,0.0,1.0,0.0,1.0,1.0,0.0,8.0,0.0,0,861.0,861.0,871.5418892517179,Y1
1.0,0.0,0.0,1.0,0.0,0.0,0.0,2.0,0.0,1,927.0,914.8020582361223,927.0,Y0
1.0,0.0,0.0,1.0,2.0,0.0,0.0,9.0,0.0,1,908.0,896.4012222194458,908.0,Y0
0.0,0.0,1.0,1.0,0.0,0.0,0.0,12.0,0.0,1,899.0,882.2558324526484,899.0,Y0
0.0,1.0,1.0,1.0,2.0,0.0,0.0,12.0,1.0,0,1024.0,1024.0,1021.0369791616931,Y1
0.0,0.0,3.0,1.0,0.0,1.0,0.0,12.0,0.0,0,842.0,842.0,846.76335023761,Y1
1.0,0.0,7.0,1.0,0.0,1.0,0.0,9.0,0.0,0,847.0,847.0,818.7967607731009,Y1
1.0,1.0,4.0,1.0,0.0,1.0,0.0,15.0,0.0,0,925.0,925.0,934.6094351305103,Y1
1.0,0.0,5.0,1.0,0.0,1.0,0.0,8.0,0.0,0,973.0,973.0,983.9801059033903,Y1
1.0,0.0,3.0,0.0,0.0,1.0,0.0,8.0,1.0,0,858.0,858.0,895.9553478205481,Y1
0.0,0.0,1.0,0.0,3.0,1.0,0.0,14.0,0.0,1,1028.0,982.3667013659358,1028.0,Y0
1.0,0.0,0.0,0.0,0.0,0.0,0.0,8.0,0.0,0,925.0,925.0,957.8548544356473,Y1
0.0,1.0,5.0,0.0,2.0,0.0,0.0,21.0,1.0,1,911.0,951.1848303651511,911.0,Y0
1.0,1.0,3.0,0.0,2.0,0.0,2.0,1.0,1.0,0,939.0,939.0,927.4632665511784,Y1
0.0,1.0,0.0,1.0,1.0,0.0,0.0,6.0,0.0,0,809.0,809.0,858.1932021188212,Y1
0.0,0.0,2.0,0.0,0.0,0.0,0.0,5.0,0.0,1,918.0,889.0875781518481,918.0,Y0
0.0,1.0,3.0,1.0,2.0,0.0,2.0,2.0,1.0,1,870.0,863.4350171328804,870.0,Y0
1.0,0.0,3.0,1.0,0.0,0.0,0.0,11.0,0.0,0,883.0,883.0,893.9947743417499,Y1
1.0,2.0,0.0,0.0,0.0,0.0,0.0,7.0,0.0,0,823.0,823.0,935.7271675974164,Y1
0.0,0.0,1.0,1.0,0.0,0.0,-1.0,12.0,0.0,1,930.0,946.5246516053427,930.0,Y0
0.0,1.0,1.0,1.0,2.0,0.0,-1.0,10.0,1.0,0,862.0,862.0,852.6975995525744,Y1
1.0,0.0,1.0,0.0,1.0,1.0,0.0,8.0,0.0,1,976.0,951.7131641748819,976.0,Y0
0.0,1.0,2.0,1.0,2.0,0.0,2.0,2.0,0.0,1,825.0,822.9435429499287,825.0,Y0
1.0,1.0,2.0,1.0,2.0,2.0,0.0,8.0,0.0,0,821.0,821.0,861.0634099590999,Y1
0.0,0.0,3.0,0.0,1.0,0.0,-1.0,3.0,0.0,0,906.0,906.0,950.3258694623619,Y1
0.0,0.0,3.0,0.0,3.0,0.0,0.0,13.0,0.0,0,1043.0,1043.0,1051.037913161418,Y1
1.0,0.0,2.0,1.0,0.0,0.0,0.0,13.0,-1.0,0,794.0,794.0,811.0928019233742,Y1
0.0,0.0,0.0,0.0,0.0,1.0,0.0,13.0,0.0,0,796.0,796.0,808.1320538594146,Y1
1.0,0.0,3.0,0.0,0.0,0.0,0.0,14.0,0.0,0,972.0,972.0,1013.7368289944133,Y1
1.0,0.0,3.0,1.0,0.0,0.0,2.0,2.0,0.0,0,862.0,862.0,837.432043386554,Y1
0.0,0.0,3.0,0.0,3.0,0.0,0.0,3.0,0.0,0,1048.0,1048.0,1060.6853246562316,Y1
1.0,1.0,0.0,1.0,2.0,0.0,0.0,7.0,0.0,0,870.0,870.0,918.6521038089335,Y1
0.0,1.0,2.0,1.0,2.0,0.0,0.0,3.0,1.0,1,897.0,806.5546530205395,897.0,Y0
1.0,0.0,0.0,0.0,0.0,0.0,0.0,16.0,0.0,0,978.0,978.0,1004.0989699176364,Y1
0.0,0.0,0.0,0.0,0.0,1.0,0.0,13.0,0.0,1,908.0,895.8679461405854,908.0,Y0
0.0,0.0,3.0,0.0,0.0,0.0,0.0,13.0,0.0,0,952.0,952.0,963.9847555350948,Y1
0.0,0.0,2.0,0.0,0.0,1.0,0.0,13.0,0.0,0,1018.0,1018.0,1026.0282938068813,Y1
1.0,1.0,0.0,1.0,2.0,0.0,0.0,21.0,1.0,1,873.0,895.3432223880613,873.0,Y0
1.0,0.0,8.0,1.0,0.0,1.0,0.0,12.0,0.0,0,898.0,898.0,900.7879156973086,Y1
0.0,0.0,3.0,0.0,3.0,0.0,0.0,8.0,0.0,0,933.0,933.0,931.958793025324,Y1
0.0,1.0,0.0,1.0,2.0,0.0,0.0,5.0,0.0,1,880.0,824.9735152326523,880.0,Y0
0.0,1.0,5.0,0.0,2.0,0.0,0.0,5.0,0.0,1,993.0,941.7643769317269,993.0,Y0
1.0,0.0,2.0,1.0,0.0,0.0,0.0,19.0,0.0,0,1022.0,1022.0,979.793193229463,Y1
0.0,1.0,3.0,1.0,2.0,0.0,-1.0,2.0,0.0,1,812.0,823.3633158593443,812.0,Y0
0.0,1.0,3.0,1.0,1.0,0.0,1.0,0.0,0.0,1,978.0,918.5278322840662,978.0,Y0
0.0,0.0,2.0,0.0,0.0,1.0,0.0,13.0,0.0,0,1052.0,1052.0,1060.0282938068813,Y1
1.0,0.0,0.0,0.0,3.0,0.0,1.0,0.0,0.0,0,949.0,949.0,982.1873168046297,Y1
0.0,0.0,4.0,0.0,0.0,1.0,0.0,8.0,0.0,0,945.0,945.0,963.3297848830899,Y1
1.0,0.0,3.0,0.0,1.0,1.0,0.0,7.0,0.0,1,908.0,893.3310763080816,908.0,Y0
0.0,0.0,9.0,1.0,0.0,0.0,0.0,8.0,0.0,0,840.0,840.0,861.0359181859648,Y1
0.0,1.0,1.0,1.0,1.0,0.0,-1.0,4.0,0.0,0,878.0,878.0,943.0792438061069,Y1
1.0,1.0,3.0,1.0,0.0,1.0,0.0,10.0,0.0,0,873.0,873.0,862.5967817032109,Y1
0.0,1.0,2.0,1.0,2.0,0.0,0.0,10.0,1.0,0,934.0,934.0,910.0274446789928,Y1
0.0,1.0,3.0,1.0,1.0,0.0,-1.0,2.0,0.0,0,921.0,921.0,940.6920332907125,Y1
0.0,0.0,3.0,1.0,1.0,0.0,0.0,12.0,1.0,1,872.0,883.7128973329819,872.0,Y0
1.0,0.0,2.0,1.0,0.0,0.0,0.0,7.0,0.0,1,981.0,937.6723583872354,981.0,Y0
1.0,1.0,2.0,1.0,2.0,1.0,4.0,12.0,0.0,1,926.0,960.7327917839006,926.0,Y0
1.0,0.0,2.0,1.0,0.0,1.0,0.0,12.0,0.0,0,915.0,915.0,920.2459582017722,Y1
0.0,0.0,3.0,0.0,0.0,1.0,4.0,16.0,0.0,0,1069.0,1069.0,1009.9175792753833,Y1
0.0,1.0,2.0,0.0,1.0,0.0,0.0,20.0,1.0,0,1164.0,1164.0,1083.0892683414177,Y1
1.0,1.0,2.0,1.0,2.0,1.0,2.0,24.0,0.0,0,1066.0,1066.0,1006.8578017624255,Y1
0.0,0.0,7.0,1.0,1.0,0.0,0.0,14.0,0.0,1,891.0,866.9950101294629,891.0,Y0
0.0,1.0,1.0,0.0,2.0,1.0,0.0,8.0,0.0,1,912.0,897.2208807123765,912.0,Y0
0.0,0.0,0.0,0.0,1.0,1.0,4.0,15.0,0.0,0,1056.0,1056.0,1018.366008212348,Y1
0.0,1.0,3.0,1.0,2.0,0.0,-1.0,6.0,1.0,0,1063.0,1063.0,1064.9210587996192,Y1
1.0,0.0,2.0,0.0,1.0,0.0,0.0,3.0,0.0,0,889.0,889.0,945.9723101436977,Y1
1.0,1.0,3.0,1.0,2.0,0.0,2.0,1.0,1.0,1,851.0,865.3844775339034,851.0,Y0
0.0,1.0,0.0,1.0,2.0,0.0,2.0,1.0,1.0,0,858.0,858.0,851.0421466069901,Y1
0.0,0.0,0.0,0.0,0.0,0.0,0.0,22.0,0.0,1,829.0,807.3619272805387,829.0,Y0
1.0,0.0,7.0,0.0,0.0,1.0,0.0,13.0,0.0,1,834.0,848.9849092128383,834.0,Y0
0.0,0.0,1.0,0.0,1.0,2.0,0.0,13.0,0.0,0,980.0,980.0,1015.0160042144959,Y1
1.0,1.0,3.0,1.0,2.0,0.0,2.0,2.0,0.0,1,939.0,931.7437783080876,939.0,Y0
0.0,0.0,3.0,1.0,0.0,0.0,0.0,20.0,0.0,0,896.0,896.0,858.2052436453721,Y1
1.0,0.0,1.0,0.0,0.0,0.0,0.0,10.0,0.0,1,900.0,909.0843288710355,900.0,Y0
0.0,0.0,7.0,1.0,1.0,0.0,-1.0,15.0,0.0,1,888.0,892.8319323423493,888.0,Y0
1.0,0.0,2.0,0.0,1.0,1.0,0.0,14.0,0.0,0,947.0,947.0,978.3338329373178,Y1
0.0,1.0,0.0,0.0,0.0,0.0,0.0,7.0,0.0,1,984.0,941.1135333438145,984.0,Y0
0.0,0.0,1.0,0.0,1.0,0.0,1.0,0.0,0.0,0,848.0,848.0,855.1169776555904,Y1
0.0,1.0,1.0,1.0,2.0,1.0,0.0,7.0,0.0,0,1148.0,1148.0,1154.9143059629125,Y1
0.0,1.0,0.0,1.0,2.0,1.0,4.0,12.0,0.0,1,899.0,960.021240389636,899.0,Y0
0.0,1.0,3.0,1.0,2.0,0.0,-1.0,2.0,0.0,0,826.0,826.0,814.6366841406557,Y1
0.0,0.0,2.0,0.0,1.0,0.0,0.0,15.0,0.0,0,983.0,983.0,1006.4911871288216,Y1
0.0,0.0,3.0,0.0,1.0,0.0,0.0,16.0,1.0,1,960.0,953.0526259793274,960.0,Y0
1.0,1.0,2.0,1.0,2.0,0.0,2.0,1.0,0.0,1,901.0,919.372259659125,901.0,Y0
1.0,1.0,0.0,1.0,2.0,0.0,0.0,11.0,0.0,1,896.0,879.5157776571293,896.0,Y0
1.0,0.0,3.0,1.0,3.0,0.0,0.0,17.0,0.0,0,863.0,863.0,896.567780741004,Y1
0.0,1.0,2.0,1.0,2.0,1.0,2.0,24.0,0.0,0,1069.0,1069.0,1001.1614371628483,Y1
1.0,0.0,3.0,0.0,0.0,0.0,0.0,12.0,0.0,0,883.0,883.0,893.5448258123123,Y1
0.0,0.0,9.0,1.0,0.0,1.0,0.0,10.0,0.0,0,899.0,899.0,883.5362937915343,Y1
0.0,0.0,3.0,1.0,0.0,0.0,0.0,12.0,0.0,1,941.0,930.8527951132627,941.0,Y0
1.0,1.0,2.0,1.0,2.0,1.0,0.0,13.0,1.0,1,861.0,864.1108628743409,861.0,Y0
0.0,0.0,1.0,0.0,0.0,1.0,0.0,6.0,0.0,0,950.0,950.0,963.7555201103208,Y1
1.0,1.0,3.0,0.0,1.0,1.0,0.0,24.0,0.0,0,973.0,973.0,943.1597544899086,Y1
0.0,1.0,1.0,1.0,2.0,0.0,2.0,1.0,1.0,0,928.0,928.0,917.9579324212195,Y1
1.0,0.0,2.0,1.0,0.0,1.0,0.0,21.0,0.0,0,963.0,963.0,960.0728683669239,Y1
1.0,1.0,3.0,1.0,0.0,0.0,0.0,13.0,0.0,0,851.0,851.0,864.6887392736327,Y1
1.0,1.0,2.0,0.0,1.0,0.0,-1.0,0.0,0.0,0,888.0,888.0,950.5089794734417,Y1
0.0,1.0,3.0,1.0,2.0,0.0,2.0,1.0,0.0,1,901.0,922.0597204994883,901.0,Y0
0.0,0.0,3.0,0.0,0.0,1.0,0.0,8.0,0.0,1,878.0,861.4626178138711,878.0,Y0
0.0,1.0,1.0,1.0,2.0,0.0,2.0,1.0,1.0,0,949.0,949.0,938.9579324212195,Y1
0.0,0.0,0.0,0.0,3.0,1.0,0.0,4.0,0.0,0,942.0,942.0,932.9582069266824,Y1
1.0,0.0,2.0,0.0,1.0,1.0,0.0,7.0,0.0,1,1043.0,1029.0595799569355,1043.0,Y0
0.0,0.0,2.0,0.0,0.0,0.0,0.0,6.0,0.0,0,980.0,980.0,1011.2768726664061,Y1
1.0,0.0,0.0,0.0,0.0,0.0,0.0,8.0,0.0,0,866.0,866.0,898.8548544356473,Y1
0.0,1.0,3.0,0.0,0.0,1.0,0.0,10.0,0.0,0,881.0,881.0,869.1173604344997,Y1
1.0,0.0,4.0,1.0,0.0,0.0,2.0,2.0,0.0,0,986.0,986.0,959.0027853757433,Y1
1.0,0.0,2.0,1.0,0.0,1.0,0.0,12.0,0.0,0,886.0,886.0,891.2459582017722,Y1
1.0,1.0,4.0,1.0,2.0,0.0,0.0,5.0,1.0,0,905.0,905.0,961.7571724811131,Y1
0.0,0.0,9.0,1.0,0.0,0.0,2.0,1.0,0.0,0,861.0,861.0,850.4731888426545,Y1
0.0,1.0,0.0,1.0,2.0,0.0,0.0,11.0,0.0,0,795.0,795.0,812.708889596341,Y1
0.0,0.0,5.0,-1.0,3.0,0.0,0.0,5.0,-1.0,0,899.0,899.0,904.2390895159622,Y1
0.0,0.0,1.0,0.0,0.0,1.0,0.0,13.0,0.0,0,1065.0,1065.0,1075.1737799658044,Y1
0.0,0.0,0.0,0.0,0.0,1.0,0.0,6.0,0.0,0,975.0,975.0,986.0169224773676,Y1
0.0,0.0,0.0,0.0,3.0,0.0,0.0,5.0,0.0,0,944.0,944.0,952.9869634075255,Y1
1.0,1.0,1.0,1.0,2.0,0.0,2.0,1.0,0.0,0,976.0,976.0,956.37360129344,Y1
0.0,0.0,0.0,0.0,1.0,0.0,0.0,12.0,0.0,0,1004.0,1004.0,1012.6775926841791,Y1
0.0,1.0,2.0,1.0,1.0,0.0,-1.0,4.0,0.0,0,876.0,876.0,941.3677479592395,Y1
1.0,0.0,0.0,1.0,0.0,1.0,0.0,5.0,0.0,0,959.0,959.0,972.209031394464,Y1
1.0,0.0,3.0,0.0,0.0,1.0,0.0,11.0,0.0,0,927.0,927.0,936.2403518776066,Y1
0.0,0.0,1.0,0.0,0.0,0.0,0.0,7.0,0.0,0,857.0,857.0,890.4306259422539,Y1
0.0,0.0,1.0,0.0,3.0,0.0,1.0,0.0,0.0,0,1010.0,1010.0,982.3709865551865,Y1
0.0,1.0,0.0,1.0,1.0,0.0,0.0,11.0,1.0,1,900.0,901.5344375409255,900.0,Y0
1.0,0.0,0.0,1.0,0.0,0.0,0.0,15.0,0.0,1,949.0,936.7167622771972,949.0,Y0
1.0,1.0,0.0,0.0,2.0,0.0,0.0,9.0,1.0,0,846.0,846.0,852.3415107571132,Y1
0.0,0.0,1.0,0.0,0.0,0.0,0.0,2.0,0.0,1,973.0,979.1413689158921,973.0,Y0
0.0,1.0,3.0,0.0,1.0,0.0,3.0,13.0,0.0,1,889.0,924.4647793141396,889.0,Y0
0.0,0.0,2.0,1.0,1.0,2.0,0.0,12.0,0.0,0,960.0,960.0,977.2777009889974,Y1
0.0,1.0,3.0,1.0,2.0,1.0,0.0,15.0,1.0,0,856.0,856.0,875.3725883741328,Y1
0.0,0.0,1.0,0.0,0.0,0.0,0.0,15.0,0.0,0,1139.0,1139.0,1153.063585175524,Y1
1.0,0.0,7.0,1.0,0.0,0.0,0.0,4.0,0.0,0,939.0,939.0,976.8119760455647,Y1
0.0,0.0,1.0,0.0,1.0,0.0,0.0,15.0,0.0,0,932.0,932.0,962.0553915354014,Y1
0.0,0.0,1.0,1.0,0.0,1.0,3.0,11.0,0.0,0,1005.0,1005.0,945.5318921568115,Y1
0.0,1.0,3.0,-1.0,1.0,0.0,0.0,5.0,-1.0,0,908.0,908.0,952.6473484465989,Y1
0.0,1.0,2.0,1.0,2.0,1.0,0.0,22.0,0.0,0,884.0,884.0,880.9693084257311,Y1
1.0,0.0,3.0,0.0,0.0,1.0,0.0,5.0,0.0,0,912.0,912.0,940.9097671154705,Y1
1.0,0.0,0.0,0.0,3.0,2.0,0.0,12.0,0.0,1,1082.0,1037.9275589863378,1082.0,Y0
1.0,0.0,0.0,0.0,0.0,0.0,0.0,11.0,0.0,1,1012.0,992.8211399821096,1012.0,Y0
1.0,0.0,2.0,1.0,0.0,1.0,0.0,13.0,0.0,0,832.0,832.0,839.167189334634,Y1
0.0,0.0,3.0,0.0,0.0,0.0,0.0,8.0,0.0,1,921.0,901.4183685876407,921.0,Y0
1.0,1.0,-1.0,1.0,2.0,1.0,0.0,6.0,0.0,1,943.0,871.3374311300516,943.0,Y0
0.0,0.0,0.0,0.0,0.0,0.0,0.0,10.0,0.0,0,937.0,937.0,925.4063787824043,Y1
1.0,0.0,3.0,0.0,1.0,0.0,0.0,7.0,0.0,0,848.0,848.0,894.2895005052,Y1
1.0,0.0,0.0,0.0,0.0,1.0,0.0,4.0,0.0,1,1072.0,1020.5798578706963,1072.0,Y0
1.0,0.0,1.0,0.0,0.0,0.0,0.0,13.0,0.0,0,895.0,895.0,914.1331694669882,Y1
0.0,0.0,2.0,1.0,0.0,1.0,0.0,9.0,0.0,0,945.0,945.0,953.9827391446702,Y1
0.0,1.0,2.0,1.0,2.0,0.0,1.0,0.0,1.0,0,933.0,933.0,1000.8020538446677,Y1
1.0,0.0,2.0,0.0,3.0,1.0,0.0,12.0,0.0,0,889.0,889.0,883.927585438155,Y1
1.0,0.0,0.0,0.0,0.0,1.0,3.0,11.0,0.0,0,1043.0,1043.0,983.6002598034999,Y1
0.0,0.0,0.0,0.0,1.0,1.0,0.0,12.0,0.0,1,918.0,917.6160174522885,918.0,Y0
0.0,0.0,3.0,0.0,0.0,0.0,0.0,13.0,-1.0,0,841.0,841.0,857.5618298706611,Y1
0.0,0.0,2.0,0.0,1.0,2.0,0.0,13.0,0.0,0,945.0,945.0,981.9794428924628,Y1
0.0,0.0,3.0,0.0,0.0,1.0,0.0,5.0,0.0,0,916.0,916.0,929.8345738710016,Y1
1.0,0.0,3.0,0.0,1.0,1.0,0.0,15.0,0.0,1,1144.0,1113.3495079898435,1144.0,Y0
0.0,0.0,0.0,0.0,1.0,1.0,0.0,13.0,0.0,0,998.0,998.0,1008.3525946015002,Y1
1.0,0.0,3.0,0.0,3.0,0.0,0.0,3.0,0.0,0,948.0,948.0,975.9549898777343,Y1
1.0,1.0,2.0,1.0,2.0,0.0,0.0,11.0,0.0,0,796.0,796.0,806.7298620814717,Y1
0.0,0.0,2.0,0.0,0.0,0.0,0.0,20.0,0.0,0,980.0,980.0,934.038424366881,Y1
0.0,1.0,1.0,1.0,2.0,0.0,-1.0,2.0,0.0,0,931.0,931.0,919.85566734221,Y1
0.0,0.0,0.0,0.0,1.0,0.0,0.0,11.0,0.0,0,939.0,939.0,949.9143956141294,Y1
0.0,0.0,0.0,0.0,1.0,0.0,2.0,1.0,1.0,0,963.0,963.0,928.0797383169082,Y1
0.0,1.0,2.0,1.0,2.0,0.0,0.0,12.0,1.0,0,882.0,882.0,872.4653785921276,Y1
1.0,1.0,2.0,0.0,0.0,3.0,0.0,14.0,0.0,1,971.0,914.4752051742848,971.0,Y0
1.0,1.0,0.0,0.0,0.0,1.0,0.0,13.0,0.0,0,849.0,849.0,856.1052774257892,Y1
0.0,0.0,2.0,1.0,1.0,1.0,0.0,17.0,0.0,1,873.0,847.6221383381618,873.0,Y0
1.0,0.0,1.0,1.0,0.0,0.0,-1.0,2.0,0.0,0,871.0,871.0,878.0702172739163,Y1
1.0,0.0,1.0,0.0,3.0,0.0,0.0,3.0,0.0,0,923.0,923.0,949.8292395173157,Y1
0.0,0.0,2.0,1.0,0.0,0.0,0.0,4.0,0.0,0,962.0,962.0,1021.9336279028055,Y1
0.0,0.0,0.0,0.0,0.0,0.0,0.0,14.0,0.0,1,1043.0,995.5706705238862,1043.0,Y0
0.0,0.0,2.0,0.0,0.0,1.0,0.0,13.0,0.0,0,948.0,948.0,956.0282938068814,Y1
1.0,1.0,1.0,0.0,0.0,0.0,2.0,3.0,1.0,0,814.0,814.0,831.5889748759131,Y1
1.0,1.0,1.0,1.0,2.0,0.0,-1.0,9.0,1.0,0,891.0,891.0,881.0508372436262,Y1
1.0,1.0,2.0,1.0,2.0,1.0,0.0,17.0,0.0,0,868.0,868.0,889.220755383646,Y1
0.0,0.0,2.0,0.0,0.0,1.0,0.0,20.0,0.0,0,933.0,933.0,882.3652770131739,Y1
1.0,0.0,2.0,0.0,0.0,1.0,0.0,17.0,0.0,0,875.0,875.0,897.0522215370803,Y1
0.0,0.0,0.0,0.0,1.0,0.0,0.0,17.0,0.0,0,964.0,964.0,994.5267677576575,Y1
1.0,0.0,3.0,1.0,1.0,2.0,0.0,13.0,0.0,0,890.0,890.0,914.6917346850056,Y1
1.0,0.0,2.0,0.0,0.0,1.0,0.0,7.0,0.0,0,1073.0,1073.0,1092.9907460076643,Y1
1.0,0.0,3.0,0.0,0.0,0.0,0.0,6.0,0.0,0,933.0,933.0,978.5840176500828,Y1
0.0,0.0,3.0,0.0,0.0,0.0,0.0,15.0,0.0,1,829.0,821.4012033421686,829.0,Y0
0.0,0.0,3.0,1.0,0.0,0.0,-1.0,6.0,0.0,1,957.0,966.2054679038633,957.0,Y0
0.0,0.0,3.0,0.0,1.0,1.0,0.0,7.0,0.0,1,967.0,967.4170532667284,967.0,Y0
1.0,0.0,3.0,0.0,1.0,0.0,0.0,17.0,0.0,0,912.0,912.0,935.3423156881443,Y1
1.0,0.0,4.0,1.0,0.0,0.0,-1.0,9.0,0.0,0,847.0,847.0,815.889949279015,Y1
1.0,0.0,2.0,0.0,1.0,1.0,0.0,13.0,0.0,0,916.0,916.0,924.3936755775414,Y1
1.0,0.0,1.0,1.0,0.0,0.0,0.0,5.0,0.0,0,884.0,884.0,922.5001120987769,Y1
0.0,1.0,2.0,1.0,1.0,0.0,-1.0,3.0,0.0,1,1068.0,997.1113136311574,1068.0,Y0
1.0,0.0,3.0,0.0,0.0,0.0,0.0,8.0,0.0,0,880.0,880.0,911.7878266819565,Y1
0.0,0.0,1.0,1.0,0.0,1.0,0.0,8.0,0.0,0,852.0,852.0,869.9891485668045,Y1
1.0,0.0,2.0,1.0,3.0,0.0,0.0,5.0,0.0,0,980.0,980.0,1002.7604037136728,Y1
1.0,1.0,1.0,1.0,2.0,0.0,1.0,0.0,0.0,0,1006.0,1006.0,1094.6859434279334,Y1
1.0,0.0,7.0,1.0,3.0,1.0,0.0,12.0,0.0,1,831.0,868.0403014635432,831.0,Y0
0.0,0.0,0.0,0.0,1.0,0.0,0.0,10.0,0.0,1,953.0,967.5649637376154,953.0,Y0
1.0,1.0,1.0,1.0,2.0,0.0,0.0,10.0,1.0,0,1072.0,1072.0,1050.5284660584934,Y1
1.0,1.0,3.0,1.0,1.0,0.0,-1.0,12.0,1.0,0,825.0,825.0,817.956089643184,Y1
1.0,0.0,0.0,0.0,0.0,1.0,0.0,17.0,0.0,0,902.0,902.0,922.010483908657,Y1
1.0,0.0,2.0,0.0,1.0,0.0,0.0,5.0,1.0,0,846.0,846.0,883.3645633126399,Y1
1.0,0.0,2.0,1.0,0.0,1.0,0.0,4.0,0.0,1,992.0,936.0198326056131,992.0,Y0
1.0,0.0,0.0,0.0,0.0,1.0,0.0,12.0,0.0,0,965.0,965.0,968.724350904868,Y1
1.0,0.0,7.0,1.0,1.0,0.0,0.0,15.0,0.0,0,823.0,823.0,829.7475377259648,Y1
1.0,1.0,5.0,1.0,2.0,1.0,0.0,7.0,0.0,0,896.0,896.0,900.3429611269887,Y1
1.0,1.0,1.0,1.0,2.0,0.0,-1.0,3.0,1.0,0,779.0,779.0,864.9961639443634,Y1
0.0,0.0,2.0,1.0,0.0,1.0,0.0,12.0,0.0,0,930.0,930.0,934.7678632054314,Y1
0.0,0.0,0.0,0.0,0.0,0.0,0.0,13.0,0.0,0,904.0,904.0,922.8192994322403,Y1
0.0,0.0,3.0,0.0,0.0,0.0,0.0,11.0,0.0,0,944.0,944.0,953.7672943449684,Y1
0.0,0.0,0.0,1.0,0.0,0.0,0.0,11.0,0.0,1,1098.0,1078.3030192727092,1098.0,Y0
1.0,1.0,2.0,1.0,2.0,0.0,2.0,1.0,0.0,1,839.0,857.372259659125,839.0,Y0
1.0,0.0,7.0,0.0,0.0,0.0,0.0,15.0,0.0,0,987.0,987.0,978.8825464319262,Y1
1.0,0.0,0.0,1.0,1.0,0.0,-1.0,18.0,1.0,0,903.0,903.0,943.5847441672486,Y1
1.0,1.0,4.0,1.0,0.0,1.0,0.0,4.0,0.0,0,870.0,870.0,941.6515837738785,Y1
1.0,0.0,1.0,1.0,0.0,1.0,0.0,13.0,0.0,0,895.0,895.0,904.2772880258956,Y1
1.0,0.0,0.0,0.0,0.0,1.0,0.0,13.0,0.0,0,921.0,921.0,928.730306249547,Y1
0.0,0.0,2.0,0.0,1.0,0.0,-1.0,5.0,0.0,1,820.0,840.5313041489599,820.0,Y0
0.0,1.0,3.0,1.0,2.0,0.0,2.0,1.0,1.0,1,967.0,983.5310216794406,967.0,Y0
1.0,0.0,3.0,0.0,0.0,0.0,-1.0,5.0,0.0,0,950.0,950.0,946.0818474163416,Y1
0.0,0.0,1.0,0.0,0.0,1.0,0.0,12.0,0.0,0,919.0,919.0,923.3256696571272,Y1
1.0,1.0,2.0,1.0,0.0,1.0,0.0,13.0,0.0,0,816.0,816.0,823.7191819359225,Y1
1.0,0.0,0.0,1.0,3.0,0.0,-1.0,11.0,0.0,0,1007.0,1007.0,937.2431837025445,Y1
1.0,0.0,3.0,1.0,0.0,0.0,3.0,9.0,0.0,0,989.0,989.0,946.673959072469,Y1
0.0,0.0,1.0,0.0,0.0,1.0,5.0,11.0,0.0,1,859.0,972.0385906270733,859.0,Y0
0.0,0.0,0.0,0.0,3.0,1.0,0.0,13.0,0.0,1,1074.0,1058.7483995967427,1074.0,Y0
1.0,0.0,1.0,1.0,0.0,0.0,0.0,6.0,0.0,0,913.0,913.0,953.7304627280946,Y1
1.0,0.0,2.0,0.0,0.0,0.0,0.0,8.0,0.0,1,906.0,874.9607240192254,906.0,Y0
1.0,0.0,0.0,0.0,0.0,0.0,0.0,10.0,0.0,1,888.0,897.606266582835,888.0,Y0
0.0,0.0,2.0,0.0,3.0,0.0,0.0,21.0,0.0,1,952.0,945.7780930185719,952.0,Y0
0.0,1.0,7.0,0.0,1.0,0.0,2.0,5.0,1.0,1,970.0,953.2129782002502,970.0,Y0
0.0,1.0,3.0,1.0,2.0,0.0,-1.0,6.0,1.0,0,842.0,842.0,843.9210587996191,Y1
0.0,0.0,2.0,0.0,0.0,1.0,0.0,3.0,0.0,0,917.0,917.0,952.7542272149848,Y1
1.0,0.0,3.0,0.0,0.0,0.0,0.0,8.0,0.0,0,886.0,886.0,917.7878266819565,Y1
0.0,0.0,0.0,0.0,0.0,3.0,0.0,14.0,0.0,1,1008.0,946.2924743599643,1008.0,Y0
0.0,0.0,2.0,0.0,0.0,1.0,0.0,10.0,0.0,0,871.0,871.0,857.8890302962375,Y1
1.0,0.0,2.0,1.0,0.0,0.0,-1.0,5.0,0.0,0,942.0,942.0,933.6200049055277,Y1
1.0,0.0,0.0,0.0,1.0,1.0,0.0,14.0,0.0,0,936.0,936.0,964.4582791795198,Y1
1.0,1.0,0.0,0.0,2.0,0.0,0.0,9.0,1.0,0,961.0,961.0,967.3415107571132,Y1
1.0,1.0,2.0,0.0,1.0,0.0,-1.0,12.0,1.0,0,891.0,891.0,886.5645794010409,Y1
1.0,1.0,1.0,1.0,2.0,1.0,0.0,10.0,1.0,1,847.0,870.0794366365702,847.0,Y0
1.0,0.0,2.0,0.0,0.0,1.0,0.0,13.0,0.0,0,928.0,928.0,938.1102254765595,Y1
0.0,0.0,0.0,0.0,0.0,0.0,0.0,4.0,0.0,0,885.0,885.0,938.4343295288709,Y1
1.0,0.0,2.0,0.0,0.0,0.0,-1.0,9.0,0.0,0,953.0,953.0,926.3367539945685,Y1
0.0,0.0,1.0,0.0,0.0,1.0,0.0,5.0,0.0,0,922.0,922.0,933.1203256011379,Y1
0.0,0.0,2.0,0.0,0.0,1.0,0.0,6.0,0.0,0,971.0,971.0,987.4082056610581,Y1
1.0,0.0,1.0,1.0,0.0,0.0,0.0,2.0,0.0,1,909.0,900.5778696456891,909.0,Y0
1.0,0.0,2.0,0.0,1.0,0.0,5.0,3.0,0.0,0,971.0,971.0,946.6442188435138,Y1
1.0,0.0,1.0,1.0,0.0,1.0,0.0,12.0,0.0,0,949.0,949.0,955.1387343405064,Y1
1.0,0.0,4.0,1.0,0.0,0.0,0.0,12.0,0.0,0,796.0,796.0,806.5906064770029,Y1
0.0,0.0,0.0,0.0,1.0,0.0,0.0,18.0,0.0,0,1015.0,1015.0,1067.2442078588392,Y1
0.0,0.0,0.0,0.0,0.0,1.0,0.0,13.0,0.0,0,902.0,902.0,914.1320538594146,Y1
0.0,0.0,4.0,1.0,0.0,0.0,-1.0,12.0,0.0,1,802.0,821.5358503938342,802.0,Y0
0.0,1.0,0.0,1.0,2.0,0.0,2.0,1.0,1.0,1,933.0,939.9578533930099,933.0,Y0
0.0,0.0,3.0,1.0,3.0,1.0,0.0,14.0,0.0,1,1000.0,956.3685373993017,1000.0,Y0
1.0,1.0,2.0,1.0,2.0,0.0,-1.0,3.0,1.0,0,777.0,777.0,860.7002168961045,Y1
0.0,1.0,3.0,1.0,1.0,0.0,-1.0,2.0,0.0,0,883.0,883.0,902.6920332907125,Y1
1.0,1.0,0.0,1.0,2.0,0.0,0.0,11.0,0.0,0,976.0,976.0,992.4842223428707,Y1
1.0,0.0,3.0,0.0,0.0,1.0,0.0,11.0,0.0,0,887.0,887.0,896.2403518776066,Y1
0.0,0.0,2.0,1.0,1.0,1.0,0.0,15.0,0.0,1,976.0,946.9963107758765,976.0,Y0
1.0,1.0,0.0,1.0,0.0,0.0,0.0,9.0,0.0,1,951.0,933.6337076624548,951.0,Y0
0.0,0.0,0.0,0.0,1.0,1.0,0.0,15.0,0.0,1,1047.0,1013.5382450672001,1047.0,Y0
1.0,0.0,1.0,0.0,3.0,2.0,0.0,12.0,0.0,1,1073.0,1024.7583326091283,1073.0,Y0
0.0,0.0,2.0,1.0,0.0,1.0,0.0,6.0,0.0,0,940.0,940.0,961.2088311798236,Y1
0.0,0.0,3.0,1.0,0.0,2.0,0.0,8.0,0.0,1,868.0,860.618695226228,868.0,Y0
0.0,0.0,0.0,0.0,3.0,2.0,0.0,13.0,0.0,0,889.0,889.0,954.4970263723404,Y1
1.0,0.0,3.0,0.0,1.0,1.0,1.0,8.0,0.0,1,921.0,877.8876878234815,921.0,Y0
1.0,1.0,3.0,0.0,2.0,0.0,0.0,9.0,1.0,0,871.0,871.0,877.0023751109347,Y1
0.0,0.0,3.0,1.0,0.0,0.0,0.0,3.0,0.0,0,816.0,816.0,865.5350682580322,Y1
1.0,0.0,0.0,0.0,0.0,0.0,0.0,20.0,0.0,0,1015.0,1015.0,979.432633361304,Y1
0.0,0.0,0.0,1.0,0.0,0.0,0.0,2.0,0.0,1,883.0,879.4894617637385,883.0,Y0
1.0,0.0,1.0,0.0,0.0,1.0,0.0,8.0,1.0,0,886.0,886.0,920.6199420302868,Y1
0.0,0.0,1.0,-1.0,0.0,0.0,0.0,2.0,-1.0,0,919.0,919.0,889.7909986059324,Y1
1.0,1.0,0.0,1.0,2.0,0.0,0.0,6.0,0.0,1,896.0,841.2682581387877,896.0,Y0
0.0,1.0,0.0,1.0,1.0,0.0,-1.0,18.0,1.0,0,981.0,981.0,1004.3925699405711,Y1
1.0,0.0,3.0,1.0,0.0,1.0,0.0,12.0,0.0,0,867.0,867.0,872.2355110953255,Y1
0.0,1.0,2.0,1.0,0.0,0.0,3.0,9.0,0.0,0,961.0,961.0,927.8568437658937,Y1
0.0,1.0,0.0,1.0,2.0,0.0,0.0,16.0,1.0,0,868.0,868.0,881.7858553028433,Y1
1.0,1.0,0.0,1.0,2.0,0.0,1.0,0.0,0.0,0,841.0,841.0,929.0684817965166,Y1
1.0,0.0,3.0,0.0,1.0,1.0,0.0,12.0,0.0,1,845.0,843.474037309775,845.0,Y0
1.0,1.0,2.0,0.0,0.0,0.0,0.0,21.0,0.0,1,860.0,872.8349422596857,860.0,Y0
0.0,1.0,1.0,0.0,1.0,0.0,0.0,3.0,0.0,1,920.0,855.9311526129753,920.0,Y0
0.0,1.0,3.0,1.0,0.0,0.0,-1.0,6.0,0.0,1,747.0,738.4864805871707,747.0,Y0
0.0,1.0,0.0,1.0,2.0,1.0,0.0,11.0,1.0,0,952.0,952.0,947.7396331240656,Y1
1.0,0.0,0.0,1.0,3.0,0.0,-1.0,11.0,0.0,0,963.0,963.0,893.2431837025445,Y1
0.0,0.0,2.0,0.0,1.0,0.0,-1.0,18.0,1.0,0,856.0,856.0,879.826367135655,Y1
0.0,0.0,2.0,0.0,2.0,1.0,1.0,3.0,1.0,0,806.0,806.0,867.8924824808329,Y1
1.0,1.0,0.0,1.0,2.0,1.0,0.0,7.0,0.0,0,945.0,945.0,947.7608199136566,Y1
0.0,0.0,3.0,1.0,0.0,0.0,0.0,13.0,0.0,0,828.0,828.0,841.9577310142615,Y1
1.0,0.0,1.0,1.0,0.0,0.0,0.0,8.0,0.0,1,997.0,967.5262021823954,997.0,Y0
1.0,0.0,1.0,0.0,1.0,0.0,1.0,14.0,0.0,0,963.0,963.0,1009.104443193372,Y1
1.0,0.0,3.0,0.0,1.0,1.0,0.0,14.0,0.0,0,886.0,886.0,917.282756481431,Y1
1.0,0.0,3.0,0.0,0.0,1.0,0.0,15.0,0.0,0,879.0,879.0,890.2995029351347,Y1
0.0,1.0,3.0,1.0,2.0,0.0,0.0,6.0,0.0,0,834.0,834.0,887.1678183890903,Y1
1.0,0.0,4.0,1.0,0.0,1.0,0.0,4.0,0.0,0,837.0,837.0,890.6855183400637,Y1
0.0,0.0,0.0,0.0,0.0,1.0,0.0,9.0,0.0,0,964.0,964.0,967.1316432605877,Y1
1.0,0.0,1.0,0.0,3.0,1.0,0.0,6.0,0.0,0,882.0,882.0,889.6202798829216,Y1
1.0,1.0,0.0,1.0,2.0,0.0,0.0,11.0,0.0,0,995.0,995.0,1011.4842223428707,Y1
1.0,0.0,2.0,1.0,0.0,0.0,0.0,5.0,0.0,0,863.0,863.0,901.9793706630086,Y1
1.0,1.0,2.0,0.0,0.0,0.0,0.0,11.0,0.0,0,972.0,972.0,990.1466681230083,Y1
1.0,1.0,2.0,1.0,1.0,0.0,-1.0,2.0,0.0,0,917.0,917.0,941.1091272036404,Y1
1.0,0.0,7.0,0.0,3.0,0.0,1.0,1.0,0.0,1,861.0,917.5675969201585,861.0,Y0
1.0,0.0,2.0,0.0,0.0,0.0,0.0,4.0,0.0,1,1024.0,950.5836401994666,1024.0,Y0
0.0,0.0,0.0,0.0,0.0,0.0,0.0,8.0,0.0,0,972.0,972.0,992.6267093674783,Y1
0.0,0.0,2.0,0.0,1.0,0.0,0.0,8.0,0.0,0,923.0,923.0,939.5600110550682,Y1
1.0,0.0,2.0,1.0,3.0,0.0,2.0,5.0,0.0,0,918.0,918.0,943.6781171055313,Y1
1.0,0.0,1.0,1.0,0.0,0.0,0.0,8.0,0.0,0,831.0,831.0,860.4737978176046,Y1
0.0,0.0,1.0,0.0,1.0,1.0,0.0,12.0,0.0,0,1156.0,1156.0,1154.449345596097,Y1
1.0,0.0,0.0,0.0,0.0,0.0,0.0,13.0,0.0,0,1105.0,1105.0,1123.6299906468437,Y1
1.0,0.0,3.0,0.0,0.0,0.0,0.0,13.0,0.0,0,879.0,879.0,891.5527431636428,Y1
0.0,1.0,2.0,1.0,2.0,0.0,0.0,6.0,1.0,0,897.0,897.0,945.6079245905855,Y1
1.0,0.0,2.0,0.0,0.0,0.0,0.0,12.0,0.0,1,903.0,892.4539000375534,903.0,Y0
1.0,0.0,0.0,0.0,1.0,0.0,1.0,0.0,0.0,0,852.0,852.0,919.5676010737527,Y1
1.0,0.0,3.0,1.0,0.0,1.0,0.0,4.0,0.0,0,874.0,874.0,930.0822535113379,Y1
0.0,0.0,3.0,1.0,0.0,1.0,0.0,20.0,0.0,0,928.0,928.0,883.3757214470107,Y1
0.0,1.0,0.0,0.0,1.0,0.0,0.0,21.0,1.0,0,948.0,948.0,925.1661533568443,Y1
1.0,0.0,0.0,0.0,2.0,0.0,0.0,9.0,0.0,0,909.0,909.0,922.7110844034665,Y1
0.0,0.0,0.0,0.0,0.0,1.0,0.0,12.0,0.0,0,914.0,914.0,920.3091619065111,Y1
1.0,0.0,0.0,0.0,1.0,0.0,0.0,11.0,0.0,1,928.0,915.0593129869266,928.0,Y0
1.0,0.0,2.0,0.0,0.0,1.0,0.0,3.0,0.0,0,931.0,931.0,983.012735498737,Y1
1.0,0.0,0.0,0.0,0.0,0.0,3.0,10.0,0.0,0,1090.0,1090.0,1008.2717387302163,Y1
0.0,0.0,1.0,0.0,1.0,0.0,0.0,8.0,0.0,0,869.0,869.0,887.8229324850088,Y1
1.0,0.0,4.0,0.0,0.0,0.0,0.0,11.0,0.0,0,1156.0,1156.0,1171.3578562596826,Y1
0.0,1.0,0.0,1.0,2.0,0.0,0.0,5.0,0.0,1,957.0,901.9735152326523,957.0,Y0
0.0,0.0,0.0,0.0,3.0,0.0,-1.0,11.0,0.0,0,1019.0,1019.0,948.000857437053,Y1
1.0,0.0,2.0,1.0,3.0,0.0,0.0,17.0,0.0,0,873.0,873.0,907.2279613873454,Y1
1.0,0.0,4.0,0.0,0.0,0.0,0.0,15.0,0.0,1,919.0,907.5246944164312,919.0,Y0
0.0,1.0,3.0,1.0,1.0,0.0,2.0,1.0,0.0,0,948.0,948.0,928.3097672414918,Y1
1.0,1.0,1.0,1.0,2.0,0.0,-1.0,2.0,0.0,0,868.0,868.0,862.1822304383473,Y1
0.0,1.0,4.0,1.0,2.0,0.0,-1.0,2.0,0.0,0,825.0,825.0,813.9380139807041,Y1
0.0,1.0,1.0,0.0,1.0,1.0,0.0,20.0,0.0,1,924.0,981.1012842858484,924.0,Y0
1.0,2.0,2.0,0.0,1.0,0.0,-1.0,10.0,1.0,1,926.0,939.86570033734,926.0,Y0
0.0,0.0,0.0,0.0,0.0,0.0,0.0,6.0,0.0,0,842.0,842.0,872.5462974639296,Y1
1.0,0.0,0.0,0.0,3.0,1.0,0.0,14.0,0.0,1,990.0,946.9890847176733,990.0,Y0
1.0,0.0,2.0,0.0,1.0,0.0,0.0,17.0,0.0,0,919.0,919.0,942.9739508465186,Y1
0.0,1.0,3.0,1.0,1.0,0.0,-1.0,0.0,0.0,0,865.0,865.0,899.979574225898,Y1
1.0,0.0,0.0,0.0,0.0,0.0,0.0,16.0,0.0,0,949.0,949.0,975.0989699176364,Y1
0.0,0.0,0.0,0.0,0.0,1.0,0.0,6.0,0.0,0,858.0,858.0,869.0169224773676,Y1
1.0,1.0,1.0,0.0,1.0,0.0,0.0,11.0,1.0,1,1014.0,1014.3959486417497,1014.0,Y0
1.0,0.0,1.0,1.0,0.0,0.0,0.0,21.0,0.0,1,955.0,939.6364744904982,955.0,Y0
0.0,0.0,1.0,1.0,0.0,1.0,0.0,12.0,0.0,0,877.0,877.0,882.6536631636203,Y1
0.0,0.0,2.0,1.0,0.0,0.0,0.0,11.0,0.0,0,996.0,996.0,1007.7599220026339,Y1
1.0,0.0,0.0,1.0,0.0,0.0,1.0,0.0,0.0,0,900.0,900.0,961.3085255803255,Y1
1.0,1.0,0.0,1.0,0.0,1.0,0.0,8.0,0.0,0,978.0,978.0,992.0188442047778,Y1
0.0,0.0,4.0,0.0,3.0,0.0,1.0,1.0,0.0,1,981.0,1018.8308969217208,981.0,Y0
0.0,0.0,3.0,0.0,1.0,0.0,0.0,18.0,0.0,0,896.0,896.0,927.5150254518092,Y1
0.0,0.0,0.0,0.0,1.0,0.0,0.0,12.0,0.0,0,916.0,916.0,924.6775926841791,Y1
0.0,0.0,0.0,0.0,0.0,0.0,-1.0,2.0,0.0,0,923.0,923.0,918.5462301231737,Y1
1.0,0.0,4.0,1.0,0.0,1.0,0.0,6.0,0.0,1,805.0,780.0112266206719,805.0,Y0
1.0,1.0,2.0,1.0,2.0,0.0,0.0,6.0,1.0,0,873.0,873.0,924.8742269940745,Y1
0.0,1.0,3.0,0.0,2.0,0.0,-1.0,9.0,1.0,0,862.0,862.0,835.6982492467895,Y1
1.0,0.0,0.0,1.0,0.0,0.0,0.0,19.0,0.0,1,886.0,923.2933079513948,886.0,Y0
0.0,1.0,3.0,1.0,1.0,0.0,2.0,1.0,0.0,0,944.0,944.0,924.3097672414918,Y1
1.0,1.0,2.0,1.0,2.0,0.0,-1.0,3.0,1.0,0,780.0,780.0,863.7002168961045,Y1
0.0,1.0,2.0,0.0,2.0,1.0,0.0,15.0,1.0,0,812.0,812.0,835.2266556108152,Y1
0.0,1.0,1.0,1.0,2.0,0.0,-1.0,2.0,0.0,0,913.0,913.0,901.85566734221,Y1
1.0,1.0,0.0,1.0,2.0,0.0,-1.0,3.0,1.0,0,808.0,808.0,881.1476583370744,Y1
0.0,0.0,3.0,1.0,0.0,0.0,0.0,12.0,0.0,0,898.0,898.0,908.1472048867373,Y1
0.0,0.0,2.0,0.0,1.0,0.0,-1.0,0.0,0.0,1,846.0,852.7895098051523,846.0,Y0
0.0,1.0,0.0,1.0,2.0,1.0,0.0,15.0,1.0,0,923.0,923.0,945.7192604274206,Y1
1.0,0.0,3.0,1.0,0.0,1.0,0.0,13.0,0.0,0,944.0,944.0,951.1711094138501,Y1
1.0,0.0,0.0,0.0,0.0,1.0,0.0,13.0,0.0,0,878.0,878.0,885.730306249547,Y1
1.0,0.0,2.0,1.0,0.0,0.0,0.0,16.0,0.0,1,1010.0,991.4682791379008,1010.0,Y0
0.0,0.0,1.0,0.0,0.0,0.0,0.0,19.0,0.0,0,1140.0,1140.0,1104.7875772795965,Y1
0.0,0.0,0.0,0.0,0.0,0.0,0.0,13.0,0.0,0,1042.0,1042.0,1060.8192994322403,Y1
0.0,0.0,0.0,0.0,0.0,0.0,0.0,7.0,0.0,1,1048.0,1015.071825819673,1048.0,Y0
1.0,1.0,7.0,1.0,3.0,1.0,0.0,12.0,0.0,1,841.0,859.5481488605906,841.0,Y0
1.0,0.0,2.0,0.0,0.0,0.0,0.0,3.0,0.0,0,863.0,863.0,920.7613031416818,Y1
1.0,0.0,1.0,0.0,0.0,1.0,0.0,8.0,0.0,0,1156.0,1156.0,1182.9583991161478,Y1
1.0,1.0,1.0,0.0,1.0,0.0,1.0,0.0,0.0,1,1007.0,911.5601384041976,1007.0,Y0
0.0,1.0,2.0,1.0,0.0,0.0,2.0,3.0,1.0,0,857.0,857.0,865.9186127357093,Y1
0.0,1.0,1.0,1.0,2.0,0.0,0.0,16.0,1.0,0,895.0,895.0,908.7095073535893,Y1
1.0,1.0,1.0,1.0,2.0,1.0,0.0,10.0,1.0,0,848.0,848.0,824.9205633634298,Y1
1.0,0.0,2.0,1.0,0.0,1.0,0.0,8.0,0.0,0,821.0,821.0,846.1495378984292,Y1
1.0,0.0,0.0,0.0,3.0,0.0,1.0,1.0,0.0,1,874.0,893.442262586093,874.0,Y0
0.0,0.0,1.0,0.0,0.0,0.0,0.0,12.0,0.0,0,914.0,914.0,928.8010118680961,Y1
0.0,1.0,0.0,1.0,1.0,1.0,0.0,24.0,0.0,0,998.0,998.0,986.0551361697823,Y1
1.0,0.0,2.0,1.0,1.0,1.0,0.0,15.0,1.0,0,924.0,924.0,940.6616098571819,Y1
0.0,0.0,0.0,0.0,0.0,0.0,0.0,8.0,0.0,1,978.0,957.3732906325217,978.0,Y0
1.0,1.0,4.0,1.0,2.0,0.0,-1.0,3.0,1.0,0,886.0,886.0,968.4659731081865,Y1
0.0,0.0,2.0,1.0,1.0,0.0,0.0,12.0,1.0,1,950.0,961.6961954465187,950.0,Y0
1.0,1.0,3.0,1.0,2.0,0.0,0.0,12.0,1.0,0,1019.0,1019.0,1008.5325709527689,Y1
0.0,1.0,0.0,1.0,2.0,0.0,0.0,6.0,1.0,0,919.0,919.0,967.0114934936475,Y1
1.0,0.0,3.0,0.0,3.0,0.0,0.0,5.0,0.0,0,892.0,892.0,917.6637280877154,Y1
1.0,1.0,2.0,1.0,2.0,0.0,0.0,3.0,1.0,0,887.0,887.0,982.2037334757727,Y1
1.0,1.0,1.0,1.0,2.0,0.0,2.0,1.0,0.0,0,829.0,829.0,809.37360129344,Y1
0.0,1.0,3.0,1.0,2.0,0.0,0.0,11.0,0.0,0,826.0,826.0,837.3251022315046,Y1
0.0,0.0,3.0,0.0,0.0,1.0,0.0,7.0,0.0,0,939.0,939.0,944.5825479822198,Y1
0.0,1.0,2.0,0.0,2.0,0.0,0.0,16.0,1.0,0,923.0,923.0,929.9543443664651,Y1
1.0,0.0,4.0,0.0,0.0,1.0,0.0,13.0,0.0,0,944.0,944.0,957.8183754863405,Y1
0.0,0.0,0.0,0.0,0.0,1.0,0.0,9.0,0.0,0,846.0,846.0,849.1316432605877,Y1
0.0,0.0,3.0,0.0,0.0,0.0,0.0,8.0,0.0,1,953.0,933.4183685876407,953.0,Y0
1.0,0.0,3.0,0.0,0.0,0.0,0.0,6.0,0.0,0,1052.0,1052.0,1097.5840176500828,Y1
0.0,0.0,0.0,1.0,0.0,1.0,0.0,13.0,0.0,0,947.0,947.0,960.1211780188661,Y1
0.0,0.0,1.0,0.0,0.0,0.0,-1.0,12.0,0.0,1,969.0,987.1671012694889,969.0,Y0
1.0,1.0,3.0,1.0,2.0,0.0,2.0,1.0,0.0,0,869.0,869.0,851.4224298890797,Y1
0.0,0.0,3.0,0.0,0.0,0.0,0.0,4.0,0.0,1,1031.0,976.8741261593757,1031.0,Y0
1.0,0.0,2.0,1.0,0.0,1.0,0.0,5.0,0.0,1,885.0,861.9491813024723,885.0,Y0
0.0,1.0,3.0,1.0,2.0,0.0,2.0,2.0,0.0,1,878.0,875.3110022043039,878.0,Y0
0.0,0.0,3.0,0.0,1.0,0.0,0.0,3.0,0.0,0,914.0,914.0,956.9688351935968,Y1
0.0,0.0,2.0,1.0,0.0,1.0,0.0,20.0,0.0,0,923.0,923.0,880.907435301,Y1
1.0,0.0,2.0,0.0,1.0,1.0,0.0,14.0,0.0,0,941.0,941.0,972.3338329373178,Y1
1.0,1.0,0.0,1.0,0.0,0.0,0.0,12.0,0.0,1,861.0,844.1057360743793,861.0,Y0
1.0,1.0,2.0,1.0,2.0,0.0,0.0,14.0,0.0,1,815.0,787.2114945227746,815.0,Y0
0.0,0.0,1.0,1.0,0.0,0.0,3.0,27.0,0.0,0,969.0,969.0,929.3579740751834,Y1
0.0,1.0,3.0,1.0,2.0,1.0,0.0,7.0,0.0,0,943.0,943.0,952.6778626983017,Y1
0.0,0.0,2.0,1.0,0.0,0.0,0.0,4.0,0.0,0,929.0,929.0,988.9336279028055,Y1
0.0,1.0,0.0,1.0,2.0,1.0,2.0,24.0,0.0,0,1071.0,1071.0,1013.8958695862702,Y1
1.0,1.0,0.0,1.0,2.0,2.0,0.0,8.0,0.0,0,834.0,834.0,848.1264962922014,Y1
1.0,1.0,3.0,1.0,2.0,0.0,0.0,9.0,1.0,0,816.0,816.0,817.7219352254708,Y1
1.0,0.0,0.0,1.0,0.0,1.0,0.0,15.0,0.0,1,1015.0,1008.6367858763903,1015.0,Y0
1.0,0.0,3.0,0.0,0.0,2.0,0.0,8.0,0.0,1,1010.0,982.168329230206,1010.0,Y0
1.0,1.0,0.0,1.0,2.0,1.0,1.0,6.0,0.0,0,752.0,752.0,787.2583854011431,Y1
0.0,0.0,0.0,0.0,0.0,0.0,0.0,8.0,0.0,1,929.0,908.3732906325217,929.0,Y0
0.0,0.0,2.0,0.0,0.0,1.0,0.0,12.0,0.0,0,886.0,886.0,889.4469772019967,Y1
1.0,1.0,2.0,1.0,2.0,0.0,0.0,12.0,0.0,0,790.0,790.0,796.432812341402,Y1
0.0,0.0,2.0,1.0,3.0,0.0,0.0,14.0,0.0,0,944.0,944.0,983.1388522666783,Y1
1.0,1.0,0.0,0.0,2.0,0.0,0.0,9.0,1.0,0,918.0,918.0,924.3415107571132,Y1
0.0,0.0,1.0,0.0,0.0,1.0,0.0,6.0,0.0,0,1022.0,1022.0,1035.755520110321,Y1
0.0,0.0,2.0,1.0,0.0,0.0,0.0,5.0,0.0,1,917.0,881.73902729415,917.0,Y0
0.0,1.0,2.0,1.0,2.0,0.0,0.0,11.0,0.0,0,962.0,962.0,973.2825150501887,Y1
0.0,1.0,2.0,1.0,2.0,0.0,0.0,5.0,0.0,1,1031.0,974.1351242170001,1031.0,Y0
0.0,0.0,1.0,0.0,1.0,0.0,0.0,16.0,1.0,1,1019.0,1005.2606858949583,1019.0,Y0
0.0,0.0,3.0,0.0,0.0,0.0,0.0,8.0,0.0,1,802.0,782.4183685876407,802.0,Y0
0.0,1.0,0.0,1.0,2.0,0.0,-1.0,10.0,1.0,0,910.0,910.0,888.5824990260037,Y1
1.0,1.0,0.0,1.0,2.0,0.0,1.0,0.0,0.0,0,979.0,979.0,1067.0684817965166,Y1
1.0,0.0,2.0,0.0,1.0,0.0,0.0,11.0,0.0,0,902.0,902.0,908.3072559826303,Y1
0.0,0.0,2.0,0.0,1.0,1.0,0.0,8.0,0.0,1,978.0,964.7868970216716,978.0,Y0
0.0,5.0,9.0,1.0,0.0,1.0,0.0,12.0,0.0,1,863.0,809.6772795000426,863.0,Y0
0.0,0.0,1.0,1.0,0.0,1.0,0.0,6.0,0.0,0,954.0,954.0,972.5891641313555,Y1
0.0,0.0,2.0,1.0,0.0,0.0,0.0,16.0,0.0,0,940.0,940.0,961.8189247644843,Y1
1.0,0.0,1.0,0.0,1.0,0.0,0.0,16.0,0.0,0,981.0,981.0,1009.3113814488001,Y1
0.0,1.0,3.0,1.0,2.0,1.0,0.0,5.0,0.0,0,864.0,864.0,891.0245603616725,Y1
1.0,0.0,2.0,1.0,0.0,0.0,0.0,14.0,0.0,0,872.0,872.0,912.5276604763576,Y1
0.0,0.0,0.0,0.0,1.0,0.0,0.0,8.0,1.0,0,942.0,942.0,955.5330900987168,Y1
1.0,0.0,2.0,0.0,0.0,0.0,0.0,12.0,0.0,0,949.0,949.0,959.5460999624466,Y1
0.0,0.0,1.0,0.0,0.0,1.0,0.0,13.0,0.0,0,876.0,876.0,886.1737799658044,Y1
0.0,0.0,3.0,0.0,3.0,0.0,0.0,8.0,0.0,0,917.0,917.0,915.958793025324,Y1
0.0,0.0,2.0,1.0,2.0,1.0,1.0,3.0,1.0,0,876.0,876.0,938.1895943720257,Y1
0.0,1.0,3.0,1.0,2.0,0.0,0.0,11.0,0.0,0,783.0,783.0,794.3251022315046,Y1
1.0,1.0,0.0,1.0,2.0,0.0,0.0,3.0,1.0,0,934.0,934.0,1030.9696480464113,Y1
0.0,0.0,0.0,0.0,1.0,1.0,0.0,13.0,0.0,0,994.0,994.0,1004.3525946015002,Y1
1.0,0.0,0.0,0.0,0.0,0.0,0.0,15.0,0.0,0,925.0,925.0,938.5022924440624,Y1
1.0,0.0,0.0,1.0,0.0,1.0,0.0,8.0,0.0,0,883.0,883.0,897.5477333736314,Y1
0.0,1.0,2.0,1.0,1.0,1.0,0.0,10.0,0.0,0,834.0,834.0,820.0960048494043,Y1
1.0,1.0,0.0,1.0,2.0,0.0,1.0,0.0,1.0,0,874.0,874.0,985.9230670697777,Y1
1.0,0.0,4.0,0.0,0.0,0.0,0.0,3.0,0.0,0,870.0,870.0,928.205921273997,Y1
1.0,0.0,1.0,1.0,1.0,0.0,0.0,7.0,0.0,0,846.0,846.0,887.3775632732561,Y1
1.0,1.0,3.0,1.0,2.0,0.0,0.0,20.0,1.0,0,874.0,874.0,800.6979451263228,Y1
0.0,0.0,1.0,0.0,0.0,1.0,0.0,21.0,0.0,0,941.0,941.0,941.8974946993021,Y1
1.0,1.0,0.0,1.0,2.0,0.0,2.0,1.0,0.0,1,833.0,850.1145447918987,833.0,Y0
1.0,0.0,3.0,0.0,1.0,0.0,1.0,14.0,0.0,0,1027.0,1027.0,1070.7743722854052,Y1
0.0,1.0,0.0,1.0,2.0,0.0,-1.0,14.0,1.0,1,887.0,890.1219020992937,887.0,Y0
0.0,1.0,0.0,1.0,2.0,0.0,0.0,3.0,1.0,0,908.0,908.0,1000.2277648798827,Y1
0.0,0.0,0.0,0.0,0.0,0.0,0.0,10.0,0.0,0,1037.0,1037.0,1025.4063787824043,Y1
1.0,0.0,2.0,0.0,0.0,1.0,0.0,6.0,0.0,0,931.0,931.0,962.487501489576,Y1
0.0,2.0,2.0,0.0,0.0,0.0,0.0,11.0,0.0,0,919.0,919.0,985.6491508046306,Y1
0.0,0.0,0.0,0.0,0.0,0.0,0.0,6.0,0.0,1,1018.0,987.4537025360704,1018.0,Y0
0.0,0.0,0.0,1.0,0.0,0.0,0.0,14.0,0.0,0,880.0,880.0,930.1387909238189,Y1
1.0,1.0,2.0,0.0,1.0,0.0,2.0,1.0,1.0,0,846.0,846.0,830.3243134533835,Y1
1.0,1.0,1.0,0.0,2.0,0.0,0.0,6.0,0.0,0,802.0,802.0,862.1739065178527,Y1
0.0,0.0,3.0,0.0,1.0,1.0,0.0,18.0,0.0,1,940.0,906.974233541734,940.0,Y0
0.0,0.0,0.0,0.0,1.0,0.0,0.0,17.0,0.0,0,939.0,939.0,969.5267677576575,Y1
1.0,0.0,0.0,0.0,1.0,0.0,1.0,0.0,0.0,0,926.0,926.0,993.5676010737527,Y1
1.0,0.0,3.0,0.0,0.0,1.0,0.0,8.0,0.0,0,929.0,929.0,959.2896955528411,Y1
0.0,0.0,2.0,0.0,0.0,0.0,0.0,11.0,0.0,0,948.0,948.0,957.7970276275485,Y1
0.0,0.0,1.0,0.0,1.0,1.0,0.0,7.0,0.0,1,894.0,897.7892106880736,894.0,Y0
1.0,0.0,3.0,0.0,1.0,1.0,4.0,15.0,0.0,0,964.0,964.0,943.34806808296,Y1
1.0,0.0,2.0,0.0,0.0,1.0,0.0,9.0,0.0,0,918.0,918.0,932.0769661717269,Y1
1.0,0.0,4.0,1.0,1.0,0.0,2.0,1.0,1.0,0,923.0,923.0,891.5306983965789,Y1
1.0,0.0,1.0,0.0,0.0,0.0,0.0,11.0,0.0,0,873.0,873.0,892.6843547891341,Y1
1.0,1.0,0.0,1.0,2.0,0.0,2.0,2.0,0.0,1,911.0,903.3472973695842,911.0,Y0
1.0,1.0,2.0,1.0,2.0,0.0,2.0,1.0,1.0,1,856.0,871.1094741795687,856.0,Y0
0.0,0.0,0.0,0.0,0.0,1.0,0.0,4.0,0.0,0,1102.0,1102.0,1137.377701798124,Y1
0.0,1.0,3.0,1.0,2.0,0.0,-1.0,10.0,1.0,0,846.0,846.0,833.5629864533232,Y1
0.0,1.0,3.0,1.0,2.0,1.0,0.0,11.0,1.0,0,872.0,872.0,864.0419722884592,Y1
1.0,0.0,3.0,0.0,0.0,1.0,0.0,5.0,0.0,0,885.0,885.0,913.9097671154705,Y1
1.0,0.0,0.0,0.0,0.0,1.0,0.0,12.0,0.0,0,921.0,921.0,924.724350904868,Y1
1.0,0.0,7.0,0.0,0.0,2.0,0.0,6.0,0.0,1,922.0,933.9999387300664,922.0,Y0
0.0,0.0,1.0,0.0,0.0,0.0,-1.0,12.0,0.0,1,876.0,894.1671012694889,876.0,Y0
0.0,1.0,3.0,1.0,2.0,0.0,-1.0,9.0,1.0,0,911.0,911.0,887.3633272596506,Y1
0.0,0.0,1.0,0.0,1.0,0.0,0.0,7.0,0.0,0,912.0,912.0,943.6896172448475,Y1
0.0,1.0,2.0,1.0,2.0,0.0,0.0,16.0,1.0,0,901.0,901.0,908.0861072809273,Y1
1.0,0.0,1.0,0.0,0.0,1.0,0.0,6.0,0.0,0,888.0,888.0,916.8358213952567,Y1
0.0,0.0,0.0,1.0,0.0,0.0,0.0,4.0,0.0,0,875.0,875.0,935.4847090284999,Y1
0.0,0.0,2.0,0.0,0.0,1.0,0.0,17.0,0.0,0,950.0,950.0,970.1719680152282,Y1
1.0,1.0,3.0,1.0,1.0,0.0,-1.0,2.0,0.0,0,899.0,899.0,923.7990842724009,Y1
0.0,0.0,0.0,0.0,0.0,1.0,0.0,15.0,0.0,0,988.0,988.0,1001.8985526239684,Y1
1.0,0.0,3.0,0.0,2.0,0.0,0.0,9.0,1.0,0,852.0,852.0,855.8375904752462,Y1
0.0,0.0,1.0,0.0,0.0,0.0,1.0,0.0,0.0,0,1171.0,1171.0,1169.4938296107882,Y1
0.0,1.0,1.0,1.0,2.0,0.0,-1.0,14.0,1.0,1,915.0,904.8889475273535,915.0,Y0
1.0,0.0,1.0,0.0,0.0,1.0,0.0,20.0,0.0,0,989.0,989.0,942.5861196659965,Y1
0.0,0.0,3.0,0.0,1.0,0.0,0.0,5.0,1.0,0,808.0,808.0,832.5145228129874,Y1
0.0,0.0,2.0,1.0,1.0,0.0,0.0,16.0,0.0,0,979.0,979.0,1002.5066764095116,Y1
0.0,1.0,2.0,1.0,2.0,0.0,2.0,2.0,0.0,1,862.0,859.9435429499287,862.0,Y0
1.0,0.0,2.0,0.0,0.0,0.0,-1.0,9.0,0.0,0,954.0,954.0,927.3367539945685,Y1
1.0,1.0,3.0,1.0,2.0,0.0,0.0,14.0,0.0,1,909.0,879.9080430824004,909.0,Y0
1.0,0.0,1.0,0.0,0.0,0.0,0.0,13.0,0.0,0,947.0,947.0,966.1331694669882,Y1
0.0,0.0,2.0,0.0,1.0,1.0,0.0,20.0,0.0,1,902.0,948.4205254845128,902.0,Y0
1.0,0.0,1.0,0.0,0.0,0.0,0.0,5.0,0.0,0,915.0,915.0,956.9940498152321,Y1
0.0,0.0,3.0,1.0,0.0,0.0,0.0,14.0,0.0,0,862.0,862.0,905.7286962497226,Y1
1.0,1.0,2.0,1.0,2.0,0.0,-1.0,2.0,0.0,1,862.0,868.8306801208911,862.0,Y0
0.0,0.0,3.0,0.0,0.0,0.0,2.0,1.0,0.0,0,929.0,929.0,878.5850936370701,Y1
1.0,1.0,1.0,-1.0,2.0,0.0,0.0,6.0,-1.0,0,879.0,879.0,913.2620677217726,Y1
1.0,0.0,2.0,0.0,0.0,0.0,0.0,16.0,0.0,0,911.0,911.0,931.0914870034569,Y1
0.0,0.0,0.0,1.0,0.0,0.0,0.0,16.0,0.0,0,987.0,987.0,1016.1033405097194,Y1
1.0,0.0,0.0,0.0,1.0,0.0,0.0,12.0,1.0,1,986.0,990.7202973988566,986.0,Y0
0.0,1.0,3.0,1.0,2.0,0.0,0.0,10.0,1.0,0,879.0,879.0,855.0048310807417,Y1
1.0,0.0,2.0,0.0,1.0,0.0,0.0,5.0,1.0,0,905.0,905.0,942.3645633126399,Y1
0.0,1.0,1.0,0.0,2.0,0.0,0.0,9.0,1.0,0,920.0,920.0,920.5235755762162,Y1
0.0,0.0,1.0,1.0,0.0,0.0,2.0,2.0,0.0,0,1017.0,1017.0,983.7685189309129,Y1
0.0,1.0,3.0,1.0,2.0,0.0,-1.0,3.0,1.0,0,798.0,798.0,867.5770890039531,Y1
0.0,0.0,0.0,0.0,1.0,1.0,0.0,20.0,0.0,1,942.0,979.8725091683724,942.0,Y0
1.0,1.0,3.0,0.0,0.0,1.0,0.0,8.0,0.0,0,882.0,882.0,913.589602303057,Y1
0.0,0.0,3.0,0.0,1.0,2.0,0.0,13.0,0.0,0,895.0,895.0,931.8901715602826,Y1
1.0,0.0,0.0,0.0,3.0,0.0,0.0,14.0,0.0,0,982.0,982.0,1024.8473197453131,Y1
1.0,0.0,2.0,1.0,0.0,0.0,0.0,2.0,0.0,1,832.0,825.4193765455949,832.0,Y0
0.0,0.0,4.0,0.0,0.0,1.0,0.0,12.0,0.0,1,1046.0,1038.1164116191114,1046.0,Y0
0.0,1.0,3.0,1.0,2.0,0.0,0.0,12.0,1.0,0,997.0,997.0,987.4657443769529,Y1
0.0,0.0,0.0,0.0,3.0,0.0,0.0,11.0,0.0,0,911.0,911.0,906.3281367329276,Y1
0.0,0.0,1.0,0.0,0.0,0.0,0.0,6.0,0.0,0,895.0,895.0,926.0419913589367,Y1
1.0,1.0,3.0,0.0,0.0,1.0,0.0,8.0,0.0,0,895.0,895.0,926.589602303057,Y1
1.0,0.0,7.0,1.0,0.0,1.0,0.0,5.0,0.0,0,879.0,879.0,863.0320864176174,Y1
1.0,1.0,3.0,1.0,1.0,0.0,2.0,1.0,1.0,0,857.0,857.0,839.6807246593924,Y1
0.0,0.0,3.0,0.0,0.0,1.0,0.0,12.0,0.0,0,950.0,950.0,953.4295721386655,Y1
1.0,0.0,9.0,1.0,3.0,1.0,0.0,6.0,0.0,0,837.0,837.0,819.4710379754658,Y1
0.0,1.0,2.0,1.0,2.0,0.0,2.0,2.0,1.0,1,845.0,839.018813708088,845.0,Y0
0.0,1.0,3.0,1.0,2.0,0.0,-1.0,14.0,1.0,1,894.0,888.1741608899769,894.0,Y0
1.0,0.0,3.0,1.0,0.0,1.0,0.0,8.0,0.0,0,940.0,940.0,965.2734686022591,Y1
0.0,0.0,2.0,0.0,1.0,0.0,-1.0,2.0,0.0,0,1006.0,1006.0,994.9230525218768,Y1
0.0,1.0,1.0,1.0,1.0,0.0,-1.0,12.0,1.0,0,877.0,877.0,865.5268715101454,Y1
1.0,1.0,3.0,1.0,2.0,1.0,0.0,6.0,0.0,1,922.0,887.3242124236765,922.0,Y0
0.0,1.0,3.0,1.0,0.0,1.0,0.0,13.0,0.0,0,881.0,881.0,890.0542804146943,Y1
1.0,1.0,2.0,1.0,2.0,0.0,0.0,12.0,1.0,0,1003.0,1003.0,992.5290278704216,Y1
0.0,0.0,1.0,0.0,2.0,0.0,0.0,9.0,1.0,0,917.0,917.0,915.4444156223586,Y1
1.0,0.0,2.0,0.0,1.0,0.0,0.0,3.0,0.0,0,925.0,925.0,981.9723101436977,Y1
1.0,0.0,1.0,0.0,0.0,1.0,0.0,13.0,0.0,0,900.0,900.0,912.2353371681786,Y1
0.0,0.0,0.0,0.0,0.0,0.0,0.0,2.0,0.0,1,915.0,917.6704848611847,915.0,Y0
0.0,1.0,3.0,1.0,0.0,1.0,3.0,11.0,0.0,0,871.0,871.0,819.3045990315504,Y1
1.0,1.0,3.0,1.0,0.0,0.0,0.0,8.0,0.0,0,863.0,863.0,896.791185621444,Y1
0.0,0.0,1.0,0.0,0.0,1.0,0.0,8.0,1.0,0,952.0,952.0,972.707059885516,Y1
1.0,0.0,0.0,1.0,0.0,0.0,0.0,14.0,0.0,0,906.0,906.0,952.1752668463594,Y1
1.0,1.0,2.0,1.0,2.0,1.0,0.0,17.0,0.0,0,877.0,877.0,898.220755383646,Y1
0.0,1.0,2.0,1.0,2.0,0.0,0.0,6.0,0.0,0,851.0,851.0,904.012529890326,Y1
1.0,0.0,4.0,1.0,0.0,2.0,0.0,12.0,0.0,0,917.0,917.0,944.9193870892522,Y1
1.0,0.0,1.0,1.0,0.0,1.0,0.0,10.0,0.0,0,993.0,993.0,979.8244136633355,Y1
1.0,0.0,0.0,0.0,0.0,0.0,3.0,10.0,0.0,0,971.0,971.0,889.2717387302163,Y1
1.0,1.0,2.0,0.0,1.0,0.0,-1.0,10.0,1.0,1,945.0,941.3353382602329,945.0,Y0
1.0,0.0,2.0,0.0,0.0,0.0,0.0,8.0,0.0,0,908.0,908.0,939.0392759807746,Y1
1.0,0.0,1.0,0.0,1.0,0.0,0.0,16.0,0.0,0,1171.0,1171.0,1199.3113814488001,Y1
0.0,0.0,4.0,0.0,0.0,1.0,0.0,15.0,0.0,0,1051.0,1051.0,1064.8992633689202,Y1
1.0,1.0,3.0,0.0,1.0,0.0,0.0,6.0,0.0,0,971.0,971.0,1030.1146631998076,Y1
0.0,0.0,2.0,1.0,0.0,0.0,0.0,14.0,0.0,1,852.0,808.2038970031663,852.0,Y0
1.0,1.0,1.0,1.0,2.0,0.0,-1.0,9.0,1.0,0,894.0,894.0,884.0508372436262,Y1
1.0,0.0,3.0,0.0,0.0,0.0,0.0,6.0,0.0,0,889.0,889.0,934.5840176500828,Y1
0.0,0.0,2.0,1.0,2.0,0.0,0.0,9.0,0.0,1,902.0,893.0663566723161,902.0,Y0
0.0,0.0,3.0,1.0,0.0,1.0,0.0,13.0,0.0,0,889.0,889.0,897.4746684092851,Y1
0.0,0.0,0.0,1.0,0.0,1.0,0.0,9.0,0.0,0,867.0,867.0,874.3086993759055,Y1
1.0,0.0,0.0,0.0,3.0,0.0,0.0,13.0,0.0,0,887.0,887.0,902.4900985076828,Y1
1.0,1.0,0.0,0.0,2.0,0.0,2.0,2.0,0.0,1,998.0,987.9092143840326,998.0,Y0
0.0,0.0,4.0,0.0,1.0,0.0,0.0,17.0,0.0,0,910.0,910.0,936.9822384197288,Y1
0.0,0.0,0.0,0.0,0.0,1.0,0.0,9.0,0.0,0,1031.0,1031.0,1034.1316432605877,Y1
0.0,0.0,0.0,0.0,1.0,0.0,1.0,0.0,0.0,0,950.0,950.0,957.370631266058,Y1
1.0,1.0,0.0,1.0,2.0,0.0,0.0,11.0,0.0,0,951.0,951.0,967.4842223428707,Y1
0.0,1.0,3.0,1.0,2.0,0.0,2.0,1.0,0.0,1,907.0,928.0597204994883,907.0,Y0
0.0,0.0,3.0,1.0,0.0,0.0,0.0,12.0,0.0,0,901.0,901.0,911.1472048867373,Y1
1.0,0.0,0.0,0.0,0.0,0.0,0.0,8.0,0.0,0,990.0,990.0,1022.8548544356473,Y1
1.0,0.0,7.0,0.0,1.0,0.0,0.0,5.0,0.0,1,928.0,923.8930510627489,928.0,Y0
0.0,1.0,3.0,0.0,1.0,0.0,0.0,20.0,1.0,0,1106.0,1106.0,1023.8133940991138,Y1
1.0,0.0,1.0,0.0,1.0,1.0,0.0,12.0,0.0,0,1002.0,1002.0,1004.3296608743495,Y1
1.0,0.0,0.0,0.0,3.0,0.0,0.0,11.0,0.0,0,898.0,898.0,895.894722495277,Y1
0.0,0.0,1.0,0.0,0.0,1.0,0.0,4.0,0.0,1,1083.0,1044.921830320655,1083.0,Y0
1.0,1.0,1.0,1.0,2.0,0.0,2.0,0.0,0.0,0,851.0,851.0,925.1664649075103,Y1
1.0,0.0,3.0,0.0,3.0,0.0,0.0,8.0,0.0,0,905.0,905.0,916.5668609775171,Y1
1.0,1.0,2.0,1.0,2.0,0.0,0.0,6.0,1.0,0,845.0,845.0,896.8742269940745,Y1
0.0,0.0,2.0,0.0,0.0,1.0,0.0,4.0,0.0,1,996.0,956.913233606542,996.0,Y0
1.0,1.0,4.0,1.0,2.0,2.0,0.0,8.0,0.0,0,783.0,783.0,823.1029658336176,Y1
1.0,0.0,1.0,1.0,0.0,1.0,0.0,8.0,1.0,0,904.0,904.0,929.7004020684429,Y1
1.0,0.0,3.0,1.0,0.0,0.0,0.0,19.0,0.0,1,909.0,953.7623380642534,909.0,Y0
1.0,0.0,2.0,1.0,0.0,1.0,0.0,15.0,0.0,1,955.0,947.1315128550119,955.0,Y0
1.0,1.0,8.0,0.0,0.0,1.0,0.0,7.0,0.0,0,832.0,832.0,819.016879273365,Y1
1.0,1.0,2.0,0.0,2.0,0.0,2.0,1.0,0.0,1,913.0,930.0145044496485,913.0,Y0
1.0,0.0,2.0,0.0,3.0,0.0,1.0,0.0,0.0,0,826.0,826.0,864.5842134579699,Y1
1.0,0.0,3.0,1.0,3.0,0.0,0.0,13.0,0.0,1,872.0,863.7878091749544,872.0,Y0
1.0,0.0,4.0,1.0,0.0,1.0,0.0,13.0,0.0,0,869.0,869.0,877.7756144798276,Y1
1.0,1.0,3.0,1.0,2.0,1.0,0.0,8.0,0.0,1,855.0,828.9887830219078,855.0,Y0
1.0,0.0,0.0,1.0,0.0,1.0,0.0,8.0,0.0,1,852.0,837.4522666263686,852.0,Y0
1.0,0.0,3.0,0.0,0.0,0.0,0.0,11.0,0.0,1,1028.0,1015.5267577948955,1028.0,Y0
0.0,0.0,3.0,0.0,1.0,1.0,0.0,8.0,0.0,0,948.0,948.0,961.972143317375,Y1
1.0,1.0,0.0,1.0,2.0,0.0,0.0,6.0,0.0,0,881.0,881.0,935.7317418612123,Y1
1.0,0.0,3.0,0.0,1.0,0.0,0.0,16.0,1.0,1,1032.0,1025.1353436403454,1032.0,Y0
0.0,1.0,2.0,0.0,3.0,1.0,0.0,12.0,0.0,1,876.0,884.420831504912,876.0,Y0
0.0,0.0,5.0,1.0,0.0,0.0,0.0,19.0,0.0,0,967.0,967.0,893.61055072235,Y1
1.0,1.0,3.0,1.0,2.0,0.0,0.0,20.0,1.0,0,933.0,933.0,859.6979451263228,Y1
1.0,0.0,2.0,0.0,0.0,1.0,0.0,13.0,0.0,0,856.0,856.0,866.1102254765595,Y1
0.0,1.0,3.0,1.0,2.0,0.0,1.0,1.0,0.0,1,927.0,907.9807803991431,927.0,Y0
0.0,0.0,1.0,0.0,0.0,0.0,1.0,0.0,0.0,0,1014.0,1014.0,1012.4938296107882,Y1
0.0,0.0,2.0,0.0,1.0,0.0,0.0,7.0,0.0,0,928.0,928.0,959.9429714460872,Y1
0.0,0.0,1.0,0.0,1.0,0.0,-1.0,5.0,0.0,1,942.0,962.7978729381225,942.0,Y0
0.0,0.0,3.0,0.0,0.0,0.0,0.0,8.0,0.0,1,896.0,876.4183685876407,896.0,Y0
0.0,0.0,3.0,0.0,2.0,1.0,1.0,3.0,1.0,0,835.0,835.0,898.9038322590959,Y1
0.0,0.0,3.0,0.0,0.0,0.0,0.0,15.0,0.0,1,904.0,896.4012033421686,904.0,Y0
1.0,0.0,3.0,0.0,1.0,1.0,0.0,12.0,0.0,1,948.0,946.474037309775,948.0,Y0
1.0,0.0,1.0,0.0,0.0,0.0,0.0,13.0,0.0,0,911.0,911.0,930.1331694669882,Y1
1.0,1.0,3.0,0.0,3.0,1.0,0.0,13.0,0.0,1,879.0,863.8212912959074,879.0,Y0
0.0,0.0,1.0,0.0,0.0,1.0,4.0,16.0,0.0,0,1004.0,1004.0,935.6264710504772,Y1
1.0,0.0,8.0,0.0,0.0,0.0,0.0,8.0,0.0,0,922.0,922.0,901.1075056771091,Y1
1.0,1.0,2.0,1.0,2.0,0.0,1.0,0.0,0.0,0,888.0,888.0,981.394945092094,Y1
1.0,0.0,3.0,0.0,0.0,0.0,0.0,13.0,0.0,0,887.0,887.0,899.5527431636428,Y1
1.0,0.0,0.0,0.0,0.0,3.0,0.0,14.0,0.0,1,1032.0,975.208371249536,1032.0,Y0
1.0,1.0,0.0,1.0,2.0,0.0,0.0,12.0,0.0,0,825.0,825.0,836.5201337170499,Y1
1.0,1.0,3.0,1.0,2.0,0.0,1.0,0.0,0.0,0,947.0,947.0,1041.1765887675542,Y1
1.0,0.0,7.0,1.0,0.0,1.0,0.0,13.0,0.0,0,881.0,881.0,865.234420013373,Y1
1.0,0.0,2.0,1.0,1.0,0.0,2.0,1.0,1.0,0,864.0,864.0,834.2067238317678,Y1
0.0,0.0,2.0,0.0,0.0,0.0,0.0,14.0,0.0,0,993.0,993.0,1034.6703069583634,Y1
1.0,0.0,0.0,0.0,1.0,0.0,0.0,5.0,0.0,1,927.0,888.6032262157397,927.0,Y0
0.0,0.0,2.0,1.0,0.0,0.0,0.0,19.0,0.0,1,898.0,936.9140319562504,898.0,Y0
0.0,1.0,1.0,1.0,2.0,0.0,0.0,10.0,1.0,0,1034.0,1034.0,1013.0873888899199,Y1
1.0,0.0,1.0,1.0,0.0,0.0,0.0,5.0,0.0,1,816.0,777.4998879012231,816.0,Y0
0.0,0.0,2.0,0.0,0.0,1.0,0.0,17.0,0.0,0,907.0,907.0,927.1719680152282,Y1
1.0,0.0,2.0,0.0,0.0,1.0,0.0,5.0,0.0,1,916.0,887.8597329708773,916.0,Y0
1.0,0.0,0.0,0.0,0.0,0.0,0.0,15.0,0.0,0,979.0,979.0,992.5022924440624,Y1
0.0,0.0,0.0,1.0,0.0,1.0,0.0,21.0,0.0,0,913.0,913.0,927.865052079075,Y1
0.0,0.0,1.0,0.0,0.0,0.0,0.0,5.0,0.0,0,951.0,951.0,979.4379820330666,Y1
0.0,1.0,2.0,1.0,2.0,0.0,2.0,2.0,1.0,1,934.0,928.018813708088,934.0,Y0
0.0,0.0,1.0,1.0,0.0,0.0,0.0,5.0,0.0,1,1021.0,986.2101965762602,1021.0,Y0
1.0,1.0,3.0,1.0,2.0,0.0,2.0,1.0,0.0,0,905.0,905.0,887.4224298890797,Y1
0.0,1.0,3.0,1.0,1.0,0.0,0.0,21.0,0.0,1,916.0,925.1110687866106,916.0,Y0
1.0,1.0,2.0,1.0,2.0,0.0,-1.0,2.0,0.0,0,846.0,846.0,839.1693198791089,Y1
0.0,0.0,0.0,0.0,3.0,2.0,0.0,12.0,0.0,1,937.0,890.4861285003931,937.0,Y0
1.0,0.0,2.0,0.0,0.0,0.0,0.0,6.0,0.0,1,1017.0,972.164836065621,1017.0,Y0
0.0,0.0,0.0,0.0,3.0,1.0,0.0,13.0,0.0,1,956.0,940.7483995967427,956.0,Y0
1.0,0.0,0.0,0.0,1.0,0.0,0.0,16.0,0.0,0,907.0,907.0,934.769110708154,Y1
0.0,1.0,4.0,-1.0,2.0,0.0,-1.0,2.0,-1.0,1,847.0,863.3995964545195,847.0,Y0
0.0,1.0,2.0,1.0,1.0,0.0,-1.0,3.0,0.0,1,949.0,878.1113136311574,949.0,Y0
0.0,1.0,3.0,1.0,0.0,0.0,0.0,21.0,0.0,1,807.0,819.9923080492566,807.0,Y0
1.0,0.0,0.0,0.0,0.0,1.0,0.0,4.0,0.0,0,878.0,878.0,929.4201421293037,Y1
0.0,1.0,0.0,1.0,2.0,1.0,0.0,6.0,0.0,1,943.0,919.6287025508503,943.0,Y0
1.0,1.0,0.0,0.0,2.0,0.0,-1.0,14.0,1.0,1,874.0,868.6150772739005,874.0,Y0
1.0,0.0,3.0,1.0,0.0,1.0,0.0,13.0,0.0,0,825.0,825.0,832.1711094138501,Y1
0.0,1.0,5.0,0.0,2.0,0.0,0.0,3.0,1.0,1,1124.0,1019.093037621449,1124.0,Y0
1.0,1.0,2.0,0.0,1.0,0.0,0.0,21.0,1.0,0,1015.0,1015.0,969.8264830043456,Y1
1.0,1.0,1.0,1.0,2.0,0.0,0.0,11.0,0.0,0,773.0,773.0,790.7554405312233,Y1
1.0,1.0,0.0,1.0,2.0,0.0,2.0,1.0,0.0,0,915.0,915.0,897.8854552081013,Y1
0.0,1.0,3.0,1.0,2.0,0.0,0.0,11.0,0.0,0,807.0,807.0,818.3251022315046,Y1
1.0,1.0,3.0,1.0,2.0,1.0,0.0,17.0,0.0,0,934.0,934.0,955.8115681509868,Y1
1.0,1.0,0.0,1.0,2.0,0.0,1.0,9.0,1.0,1,901.0,886.3998203388713,901.0,Y0
1.0,0.0,3.0,0.0,0.0,0.0,0.0,6.0,0.0,1,847.0,801.4159823499172,847.0,Y0
1.0,0.0,1.0,0.0,0.0,0.0,0.0,12.0,0.0,1,933.0,915.9012827695283,933.0,Y0
1.0,0.0,1.0,0.0,3.0,0.0,1.0,0.0,0.0,0,906.0,906.0,938.9277421184149,Y1
0.0,0.0,2.0,0.0,0.0,0.0,0.0,22.0,0.0,1,937.0,938.0287031015627,937.0,Y0
1.0,0.0,2.0,1.0,0.0,0.0,0.0,13.0,0.0,0,797.0,797.0,808.0824365164789,Y1
1.0,0.0,0.0,0.0,3.0,0.0,-1.0,11.0,0.0,0,900.0,900.0,832.1478490202375,Y1
1.0,0.0,2.0,0.0,1.0,0.0,0.0,15.0,0.0,0,932.0,932.0,955.6493770790004,Y1
1.0,0.0,1.0,1.0,0.0,0.0,2.0,1.0,0.0,1,991.0,1026.8438773092785,991.0,Y0
0.0,0.0,1.0,0.0,0.0,1.0,3.0,11.0,0.0,0,1024.0,1024.0,962.1442616292048,Y1
1.0,0.0,4.0,0.0,1.0,0.0,0.0,11.0,0.0,1,1041.0,1031.8442706194794,1041.0,Y0
0.0,1.0,0.0,1.0,2.0,1.0,0.0,22.0,0.0,0,928.0,928.0,938.0529309508609,Y1
1.0,0.0,1.0,0.0,0.0,1.0,0.0,9.0,0.0,0,1181.0,1181.0,1192.4907094733444,Y1
1.0,0.0,2.0,0.0,3.0,1.0,0.0,17.0,0.0,1,1046.0,1002.5218090528105,1046.0,Y0
1.0,1.0,2.0,0.0,1.0,0.0,0.0,21.0,1.0,0,942.0,942.0,896.8264830043456,Y1
1.0,0.0,1.0,0.0,1.0,0.0,1.0,0.0,0.0,1,914.0,846.700299724724,914.0,Y0
1.0,0.0,1.0,1.0,0.0,0.0,3.0,27.0,0.0,0,898.0,898.0,866.748603982557,Y1
1.0,1.0,2.0,1.0,2.0,1.0,0.0,5.0,0.0,0,889.0,889.0,920.8136591161837,Y1
0.0,0.0,1.0,0.0,0.0,3.0,0.0,14.0,0.0,1,1046.0,985.4268017523252,1046.0,Y0
1.0,0.0,2.0,0.0,1.0,0.0,0.0,18.0,0.0,0,927.0,927.0,967.2861045609442,Y1
0.0,0.0,1.0,0.0,0.0,1.0,0.0,12.0,0.0,0,978.0,978.0,982.3256696571272,Y1
0.0,1.0,2.0,1.0,2.0,0.0,0.0,21.0,1.0,1,872.0,906.3750402898004,872.0,Y0
1.0,0.0,0.0,1.0,3.0,2.0,0.0,13.0,0.0,0,898.0,898.0,946.3530491957218,Y1
1.0,0.0,1.0,1.0,0.0,0.0,0.0,15.0,0.0,1,887.0,874.620297995048,887.0,Y0
1.0,1.0,3.0,1.0,2.0,0.0,0.0,12.0,0.0,0,796.0,796.0,802.4969514871544,Y1
1.0,0.0,2.0,0.0,0.0,1.0,0.0,6.0,0.0,0,909.0,909.0,940.487501489576,Y1
1.0,0.0,3.0,0.0,0.0,1.0,0.0,3.0,0.0,0,831.0,831.0,886.9834278395103,Y1
1.0,1.0,2.0,1.0,2.0,0.0,0.0,9.0,1.0,0,813.0,813.0,814.6007250790798,Y1
0.0,1.0,2.0,1.0,2.0,0.0,0.0,6.0,0.0,1,1019.0,965.987470109674,1019.0,Y0
0.0,0.0,3.0,1.0,0.0,0.0,0.0,2.0,0.0,1,882.0,883.4650740368814,882.0,Y0
1.0,0.0,0.0,0.0,0.0,0.0,0.0,5.0,0.0,1,933.0,891.5161971340823,933.0,Y0
1.0,0.0,8.0,1.0,0.0,0.0,0.0,12.0,0.0,1,962.0,946.610710053326,962.0,Y0
1.0,0.0,1.0,0.0,0.0,0.0,3.0,9.0,0.0,0,1116.0,1116.0,1070.2089307356714,Y1
1.0,1.0,1.0,1.0,2.0,0.0,0.0,7.0,0.0,0,831.0,831.0,880.9744491443278,Y1
0.0,0.0,0.0,0.0,0.0,0.0,2.0,1.0,0.0,1,868.0,916.2698609933177,868.0,Y0
0.0,0.0,8.0,0.0,0.0,0.0,-1.0,5.0,0.0,0,998.0,998.0,980.1286949355922,Y1
1.0,0.0,1.0,0.0,3.0,1.0,0.0,12.0,0.0,0,1032.0,1032.0,1027.7385285274513,Y1
1.0,1.0,3.0,1.0,2.0,0.0,-1.0,3.0,1.0,0,817.0,817.0,900.7976591136899,Y1
1.0,0.0,2.0,0.0,0.0,0.0,0.0,6.0,0.0,1,1109.0,1064.1648360656209,1109.0,Y0
0.0,1.0,3.0,0.0,2.0,0.0,2.0,2.0,0.0,1,994.0,996.4891082126295,994.0,Y0
0.0,1.0,2.0,1.0,2.0,0.0,0.0,20.0,1.0,0,839.0,839.0,770.0473067635833,Y1
1.0,0.0,1.0,0.0,1.0,0.0,1.0,14.0,0.0,0,768.0,768.0,814.104443193372,Y1
1.0,1.0,2.0,1.0,2.0,0.0,-1.0,14.0,1.0,1,857.0,844.577353664153,857.0,Y0
1.0,0.0,3.0,0.0,0.0,1.0,0.0,8.0,0.0,0,810.0,810.0,840.2896955528411,Y1
0.0,1.0,1.0,1.0,2.0,1.0,0.0,11.0,0.0,0,859.0,859.0,864.1474700227728,Y1
0.0,1.0,2.0,1.0,0.0,0.0,0.0,9.0,0.0,0,920.0,920.0,936.1598612919463,Y1
1.0,0.0,2.0,0.0,1.0,0.0,-1.0,3.0,0.0,0,896.0,896.0,953.5808549282372,Y1
0.0,0.0,0.0,0.0,0.0,1.0,0.0,4.0,0.0,0,963.0,963.0,998.3777017981241,Y1
0.0,1.0,2.0,1.0,2.0,2.0,0.0,8.0,0.0,0,930.0,930.0,964.9837350921231,Y1
0.0,0.0,2.0,0.0,0.0,0.0,0.0,13.0,0.0,0,986.0,986.0,998.0205757403057,Y1
1.0,0.0,3.0,0.0,1.0,1.0,0.0,13.0,0.0,0,968.0,968.0,976.4209345561003,Y1
1.0,0.0,1.0,0.0,3.0,0.0,0.0,14.0,0.0,1,1253.0,1208.489460098155,1253.0,Y0
0.0,0.0,3.0,0.0,1.0,0.0,0.0,7.0,0.0,0,842.0,842.0,874.7112880556846,Y1
0.0,0.0,2.0,0.0,0.0,0.0,0.0,22.0,0.0,1,914.0,915.0287031015627,914.0,Y0
1.0,0.0,1.0,1.0,1.0,0.0,0.0,20.0,1.0,0,958.0,958.0,902.5469062763005,Y1
0.0,0.0,0.0,0.0,1.0,1.0,0.0,8.0,0.0,1,963.0,955.1925311616651,963.0,Y0
0.0,1.0,3.0,1.0,2.0,0.0,2.0,1.0,0.0,0,873.0,873.0,851.9402795005117,Y1
0.0,0.0,1.0,0.0,0.0,0.0,0.0,12.0,0.0,0,894.0,894.0,908.8010118680961,Y1
0.0,1.0,0.0,1.0,2.0,0.0,0.0,3.0,1.0,1,1078.0,985.7722351201173,1078.0,Y0
0.0,0.0,2.0,0.0,1.0,1.0,0.0,12.0,0.0,0,854.0,854.0,851.6110119052414,Y1
0.0,0.0,0.0,0.0,0.0,0.0,0.0,19.0,0.0,1,914.0,949.0976245710142,914.0,Y0
0.0,0.0,1.0,1.0,0.0,0.0,2.0,2.0,0.0,0,1071.0,1071.0,1037.768518930913,Y1
0.0,1.0,0.0,1.0,2.0,0.0,1.0,9.0,1.0,1,907.0,893.3077373825885,907.0,Y0
0.0,0.0,0.0,0.0,0.0,0.0,0.0,8.0,0.0,0,951.0,951.0,971.6267093674783,Y1
0.0,1.0,2.0,1.0,2.0,0.0,0.0,14.0,0.0,1,965.0,934.1425406688014,965.0,Y0
1.0,1.0,8.0,1.0,2.0,0.0,0.0,6.0,1.0,0,889.0,889.0,964.3305908188756,Y1
0.0,0.0,0.0,0.0,1.0,0.0,0.0,11.0,0.0,0,841.0,841.0,851.9143956141294,Y1
1.0,1.0,2.0,1.0,1.0,0.0,2.0,5.0,1.0,1,906.0,904.2192914421611,906.0,Y0
1.0,0.0,3.0,0.0,0.0,0.0,0.0,20.0,0.0,1,859.0,907.9659774029038,859.0,Y0
1.0,0.0,2.0,0.0,0.0,1.0,0.0,6.0,0.0,1,918.0,886.512498510424,918.0,Y0
1.0,1.0,0.0,1.0,2.0,1.0,0.0,10.0,1.0,0,933.0,933.0,905.4732725789738,Y1
0.0,0.0,2.0,1.0,0.0,0.0,0.0,11.0,0.0,1,969.0,957.2400779973661,969.0,Y0
0.0,1.0,2.0,0.0,1.0,0.0,2.0,1.0,1.0,0,991.0,991.0,958.4752622555459,Y1
0.0,0.0,2.0,1.0,0.0,1.0,0.0,6.0,0.0,1,1073.0,1051.7911688201764,1073.0,Y0
0.0,0.0,3.0,0.0,1.0,1.0,0.0,14.0,1.0,1,951.0,928.6600987999767,951.0,Y0
1.0,0.0,1.0,0.0,1.0,0.0,0.0,17.0,0.0,0,1010.0,1010.0,1040.501606056296,Y1
0.0,1.0,3.0,1.0,1.0,0.0,0.0,8.0,1.0,0,899.0,899.0,918.3640949073701,Y1
1.0,1.0,3.0,0.0,2.0,0.0,0.0,9.0,1.0,0,920.0,920.0,926.0023751109347,Y1
0.0,0.0,7.0,1.0,0.0,1.0,0.0,12.0,0.0,0,920.0,920.0,917.5089239875911,Y1
1.0,0.0,0.0,0.0,0.0,0.0,0.0,6.0,0.0,0,924.0,924.0,968.0881133644493,Y1
1.0,1.0,0.0,1.0,2.0,0.0,2.0,1.0,1.0,0,824.0,824.0,819.1564403518374,Y1
1.0,1.0,3.0,1.0,2.0,1.0,0.0,11.0,1.0,0,883.0,883.0,876.1040867809339,Y1
1.0,0.0,0.0,0.0,1.0,0.0,0.0,8.0,1.0,0,938.0,938.0,963.8177935146733,Y1
1.0,1.0,1.0,1.0,2.0,0.0,0.0,5.0,0.0,1,864.0,804.2718524553143,864.0,Y0
1.0,1.0,2.0,1.0,0.0,1.0,0.0,13.0,0.0,0,913.0,913.0,920.7191819359225,Y1
0.0,0.0,2.0,0.0,1.0,0.0,0.0,15.0,0.0,0,921.0,921.0,944.4911871288216,Y1
1.0,0.0,3.0,0.0,0.0,1.0,0.0,11.0,0.0,0,1034.0,1034.0,1043.2403518776066,Y1
0.0,0.0,1.0,0.0,0.0,1.0,0.0,13.0,0.0,0,1019.0,1019.0,1029.1737799658044,Y1
0.0,0.0,2.0,0.0,0.0,0.0,0.0,8.0,0.0,0,1033.0,1033.0,1051.8255706102523,Y1
1.0,0.0,0.0,0.0,0.0,0.0,0.0,10.0,0.0,0,961.0,961.0,951.393733417165,Y1
0.0,0.0,0.0,1.0,0.0,0.0,0.0,8.0,0.0,0,858.0,858.0,884.4963250080748,Y1
0.0,0.0,1.0,0.0,1.0,1.0,0.0,12.0,0.0,1,954.0,955.5506544039031,954.0,Y0
1.0,1.0,2.0,0.0,1.0,0.0,-1.0,12.0,1.0,0,888.0,888.0,883.5645794010409,Y1
0.0,0.0,1.0,1.0,0.0,1.0,0.0,13.0,0.0,0,839.0,839.0,849.581042010768,Y1
0.0,1.0,2.0,1.0,0.0,0.0,0.0,8.0,0.0,0,836.0,836.0,867.1922631299769,Y1
0.0,1.0,3.0,0.0,2.0,1.0,0.0,8.0,0.0,1,1076.0,1057.718762522785,1076.0,Y0
1.0,0.0,2.0,0.0,0.0,1.0,0.0,10.0,0.0,0,942.0,942.0,933.1199015209681,Y1
1.0,0.0,2.0,1.0,0.0,0.0,0.0,12.0,0.0,0,861.0,861.0,870.0355437817119,Y1
1.0,1.0,2.0,1.0,2.0,0.0,0.0,11.0,0.0,1,950.0,939.2701379185283,950.0,Y0
0.0,1.0,3.0,1.0,2.0,0.0,0.0,10.0,1.0,0,1014.0,1014.0,990.0048310807417,Y1
1.0,0.0,1.0,0.0,1.0,0.0,0.0,11.0,0.0,0,975.0,975.0,988.4674377957185,Y1
1.0,0.0,0.0,0.0,1.0,0.0,1.0,0.0,0.0,1,1048.0,980.4323989262473,1048.0,Y0
0.0,0.0,2.0,1.0,3.0,0.0,2.0,5.0,0.0,0,934.0,934.0,958.9965398264576,Y1
0.0,0.0,7.0,0.0,0.0,0.0,0.0,12.0,0.0,1,900.0,896.5741646916925,900.0,Y0
0.0,0.0,2.0,1.0,0.0,0.0,0.0,8.0,0.0,0,956.0,956.0,980.1216687827994,Y1
1.0,1.0,2.0,1.0,2.0,1.0,0.0,5.0,0.0,0,857.0,857.0,888.8136591161837,Y1
0.0,0.0,2.0,0.0,2.0,0.0,0.0,9.0,0.0,0,918.0,918.0,922.8213605073881,Y1
0.0,1.0,2.0,1.0,2.0,0.0,0.0,6.0,1.0,0,890.0,890.0,938.6079245905855,Y1
1.0,0.0,0.0,0.0,1.0,0.0,0.0,7.0,0.0,0,949.0,949.0,993.7415229883876,Y1
1.0,1.0,3.0,1.0,2.0,0.0,-1.0,6.0,1.0,0,984.0,984.0,998.7921524267925,Y1
1.0,3.0,4.0,0.0,0.0,0.0,0.0,14.0,0.0,1,1078.0,991.3662581698101,1078.0,Y0
0.0,0.0,2.0,0.0,0.0,1.0,5.0,11.0,0.0,1,971.0,1037.17361959809,971.0,Y0
0.0,0.0,2.0,0.0,0.0,1.0,0.0,8.0,0.0,1,871.0,855.1895440533447,871.0,Y0
0.0,1.0,2.0,1.0,2.0,1.0,2.0,24.0,0.0,0,1062.0,1062.0,994.1614371628483,Y1
1.0,1.0,3.0,1.0,3.0,0.0,0.0,5.0,0.0,0,891.0,891.0,926.5802991405877,Y1
0.0,1.0,3.0,1.0,2.0,0.0,2.0,1.0,1.0,1,887.0,903.5310216794406,887.0,Y0
0.0,1.0,0.0,0.0,1.0,0.0,0.0,20.0,1.0,0,988.0,988.0,916.9776477258606,Y1
1.0,0.0,1.0,1.0,1.0,1.0,0.0,12.0,0.0,1,918.0,917.8167380088881,918.0,Y0
1.0,0.0,2.0,0.0,1.0,1.0,0.0,15.0,0.0,1,955.0,924.2857393664938,955.0,Y0
1.0,0.0,0.0,0.0,0.0,1.0,0.0,13.0,0.0,0,864.0,864.0,871.730306249547,Y1
1.0,0.0,2.0,0.0,1.0,0.0,0.0,5.0,0.0,1,970.0,930.6166807314618,970.0,Y0
0.0,0.0,2.0,0.0,0.0,0.0,0.0,4.0,0.0,0,1229.0,1229.0,1282.4057234103298,Y1
0.0,1.0,1.0,1.0,2.0,0.0,0.0,6.0,1.0,0,936.0,936.0,984.3283290790785,Y1
0.0,1.0,2.0,1.0,2.0,0.0,-1.0,6.0,1.0,0,968.0,968.0,969.8890096581947,Y1
0.0,0.0,0.0,0.0,1.0,0.0,0.0,18.0,0.0,0,919.0,919.0,971.2442078588392,Y1
1.0,1.0,3.0,1.0,2.0,2.0,0.0,8.0,0.0,0,804.0,804.0,844.1516993731776,Y1
0.0,0.0,2.0,1.0,0.0,0.0,0.0,20.0,0.0,0,909.0,909.0,873.728111119371,Y1
1.0,0.0,1.0,1.0,0.0,0.0,2.0,3.0,0.0,1,822.0,836.7673658736827,822.0,Y0
0.0,1.0,1.0,0.0,2.0,0.0,-1.0,10.0,1.0,0,861.0,861.0,850.7006893326273,Y1
1.0,1.0,0.0,1.0,2.0,1.0,0.0,11.0,1.0,0,934.0,934.0,924.118901827447,Y1
0.0,1.0,1.0,0.0,2.0,0.0,-1.0,2.0,0.0,1,931.0,947.260754943748,931.0,Y0
1.0,0.0,3.0,0.0,0.0,1.0,4.0,16.0,0.0,0,1031.0,1031.0,983.7034189533946,Y1
1.0,0.0,1.0,0.0,0.0,0.0,0.0,21.0,0.0,1,818.0,808.1471036371069,818.0,Y0
1.0,0.0,0.0,0.0,0.0,1.0,0.0,8.0,0.0,1,852.0,833.4429565236259,852.0,Y0
0.0,0.0,1.0,1.0,3.0,1.0,0.0,17.0,0.0,1,902.0,859.2515356622843,902.0,Y0
1.0,0.0,2.0,0.0,1.0,1.0,0.0,14.0,0.0,0,899.0,899.0,930.3338329373178,Y1
0.0,0.0,2.0,0.0,0.0,0.0,0.0,8.0,0.0,1,949.0,930.1744293897478,949.0,Y0
0.0,0.0,1.0,1.0,0.0,0.0,0.0,6.0,0.0,0,1116.0,1116.0,1153.0255026524856,Y1
1.0,1.0,0.0,0.0,1.0,2.0,0.0,12.0,0.0,0,955.0,955.0,980.7721514314329,Y1
1.0,0.0,2.0,0.0,0.0,0.0,0.0,9.0,0.0,0,952.0,952.0,965.2489452155413,Y1
1.0,0.0,2.0,1.0,0.0,1.0,0.0,13.0,0.0,0,802.0,802.0,809.167189334634,Y1
1.0,0.0,0.0,0.0,1.0,2.0,0.0,12.0,0.0,0,939.0,939.0,965.2621121787176,Y1
0.0,0.0,2.0,0.0,1.0,0.0,0.0,11.0,0.0,0,949.0,949.0,952.5746609054898,Y1
0.0,1.0,0.0,1.0,1.0,0.0,0.0,8.0,1.0,0,902.0,902.0,923.4097661701645,Y1
1.0,1.0,0.0,1.0,2.0,0.0,-1.0,14.0,1.0,1,936.0,931.7850197873553,936.0,Y0
0.0,0.0,3.0,0.0,1.0,0.0,0.0,18.0,0.0,0,1006.0,1006.0,1037.5150254518092,Y1
1.0,0.0,1.0,0.0,0.0,1.0,0.0,8.0,0.0,1,914.0,887.0416008838522,914.0,Y0
0.0,0.0,0.0,0.0,0.0,1.0,0.0,11.0,0.0,0,975.0,975.0,983.5267487497348,Y1
1.0,0.0,4.0,1.0,1.0,0.0,0.0,8.0,0.0,0,856.0,856.0,879.3998142130206,Y1
0.0,0.0,2.0,0.0,0.0,1.0,0.0,6.0,0.0,0,949.0,949.0,965.4082056610581,Y1
0.0,2.0,0.0,0.0,1.0,0.0,0.0,0.0,0.0,0,956.0,956.0,958.2032628555133,Y1
0.0,0.0,1.0,0.0,0.0,0.0,0.0,2.0,0.0,1,931.0,937.1413689158921,931.0,Y0
0.0,1.0,0.0,1.0,2.0,2.0,0.0,8.0,0.0,0,834.0,834.0,848.7458552318894,Y1
1.0,0.0,0.0,1.0,0.0,1.0,0.0,10.0,0.0,0,948.0,948.0,930.8626959306927,Y1
1.0,0.0,0.0,1.0,0.0,1.0,0.0,10.0,0.0,0,915.0,915.0,897.8626959306927,Y1
0.0,0.0,2.0,0.0,0.0,1.0,0.0,10.0,0.0,0,850.0,850.0,836.8890302962375,Y1
0.0,1.0,0.0,1.0,1.0,1.0,0.0,10.0,0.0,0,898.0,898.0,883.1463317131225,Y1
0.0,0.0,3.0,0.0,1.0,0.0,0.0,12.0,1.0,1,878.0,891.0237221767593,878.0,Y0
1.0,0.0,1.0,0.0,0.0,1.0,0.0,5.0,0.0,1,1006.0,979.802077433511,1006.0,Y0
1.0,1.0,0.0,1.0,2.0,0.0,2.0,1.0,1.0,1,924.0,928.8435596481626,924.0,Y0
1.0,1.0,2.0,1.0,1.0,0.0,-1.0,4.0,0.0,0,863.0,863.0,937.569676230902,Y1
0.0,0.0,0.0,0.0,0.0,1.0,0.0,6.0,0.0,1,939.0,927.9830775226324,939.0,Y0
1.0,0.0,8.0,1.0,0.0,0.0,0.0,5.0,0.0,1,844.0,823.390345281579,844.0,Y0
1.0,0.0,0.0,0.0,1.0,0.0,0.0,16.0,0.0,0,1074.0,1074.0,1101.7691107081541,Y1
0.0,0.0,1.0,0.0,0.0,0.0,1.0,0.0,0.0,0,1042.0,1042.0,1040.4938296107882,Y1
0.0,1.0,0.0,0.0,2.0,0.0,0.0,11.0,0.0,1,1036.0,1020.7277438652363,1036.0,Y0
0.0,0.0,0.0,0.0,0.0,0.0,2.0,2.0,0.0,0,886.0,886.0,852.1311659370863,Y1
0.0,0.0,1.0,1.0,0.0,3.0,0.0,10.0,0.0,1,936.0,945.9096253560607,936.0,Y0
0.0,1.0,4.0,1.0,2.0,0.0,0.0,6.0,0.0,1,899.0,846.3455158111104,899.0,Y0
0.0,0.0,3.0,0.0,0.0,1.0,0.0,8.0,1.0,0,856.0,856.0,880.0703369455326,Y1
1.0,1.0,0.0,1.0,1.0,0.0,-1.0,0.0,0.0,0,876.0,876.0,930.089225140509,Y1
0.0,0.0,1.0,0.0,0.0,2.0,0.0,8.0,0.0,1,818.0,804.5659002454129,818.0,Y0
0.0,1.0,0.0,1.0,2.0,0.0,0.0,6.0,1.0,1,892.0,843.9885065063525,892.0,Y0
0.0,0.0,4.0,1.0,0.0,0.0,0.0,12.0,0.0,1,868.0,855.505394373194,868.0,Y0
1.0,1.0,5.0,1.0,2.0,0.0,2.0,1.0,0.0,0,938.0,938.0,914.4550811438413,Y1
1.0,0.0,0.0,1.0,0.0,1.0,0.0,5.0,0.0,0,901.0,901.0,914.209031394464,Y1
0.0,0.0,0.0,0.0,0.0,3.0,3.0,8.0,0.0,1,1007.0,1045.9722304548768,1007.0,Y0
0.0,1.0,3.0,1.0,2.0,1.0,0.0,10.0,1.0,0,884.0,884.0,862.0000004985726,Y1
0.0,0.0,0.0,0.0,0.0,1.0,0.0,4.0,0.0,0,976.0,976.0,1011.3777017981241,Y1
0.0,0.0,2.0,0.0,3.0,1.0,0.0,17.0,0.0,1,1087.0,1046.3066099054727,1087.0,Y0
0.0,0.0,1.0,1.0,0.0,0.0,-1.0,6.0,0.0,1,903.0,912.4260899668759,903.0,Y0
0.0,0.0,1.0,1.0,0.0,1.0,0.0,8.0,0.0,1,1008.0,990.0108514331955,1008.0,Y0
1.0,0.0,1.0,0.0,1.0,2.0,0.0,12.0,0.0,0,899.0,899.0,929.5884883014576,Y1
0.0,0.0,0.0,0.0,0.0,1.0,0.0,13.0,0.0,0,951.0,951.0,963.1320538594146,Y1
1.0,0.0,1.0,1.0,0.0,0.0,-1.0,2.0,0.0,0,844.0,844.0,851.0702172739163,Y1
1.0,0.0,0.0,1.0,0.0,0.0,0.0,3.0,0.0,0,849.0,849.0,903.9838307115101,Y1
1.0,0.0,2.0,0.0,0.0,0.0,3.0,10.0,0.0,0,1000.0,1000.0,918.560301824723,Y1
1.0,1.0,2.0,0.0,1.0,1.0,0.0,24.0,0.0,0,906.0,906.0,881.391683008052,Y1
1.0,0.0,0.0,0.0,0.0,1.0,0.0,7.0,0.0,0,983.0,983.0,992.0702835897398,Y1
1.0,0.0,3.0,0.0,0.0,1.0,5.0,11.0,0.0,1,872.0,940.6160035693001,872.0,Y0
0.0,0.0,0.0,0.0,0.0,0.0,0.0,8.0,0.0,1,949.0,928.3732906325217,949.0,Y0
1.0,0.0,3.0,0.0,0.0,0.0,0.0,4.0,0.0,0,930.0,930.0,1004.1114039495066,Y1
1.0,0.0,0.0,1.0,0.0,0.0,0.0,15.0,0.0,1,897.0,884.7167622771972,897.0,Y0
1.0,0.0,1.0,0.0,0.0,0.0,0.0,14.0,0.0,1,1133.0,1084.559797353051,1133.0,Y0
0.0,0.0,0.0,0.0,0.0,1.0,0.0,7.0,0.0,0,1124.0,1124.0,1123.6153887212024,Y1
1.0,0.0,0.0,1.0,0.0,1.0,0.0,13.0,0.0,0,916.0,916.0,921.2708147063234,Y1
1.0,0.0,2.0,1.0,3.0,0.0,0.0,13.0,0.0,1,939.0,930.800783807461,939.0,Y0
1.0,0.0,2.0,0.0,1.0,0.0,0.0,11.0,0.0,1,869.0,862.6927440173697,869.0,Y0
0.0,0.0,3.0,0.0,1.0,1.0,0.0,12.0,0.0,0,1101.0,1101.0,1098.6193313917436,Y1
1.0,1.0,2.0,1.0,2.0,0.0,-1.0,10.0,1.0,0,873.0,873.0,871.0385266136782,Y1
1.0,1.0,1.0,0.0,1.0,1.0,0.0,10.0,0.0,0,868.0,868.0,855.506027535234,Y1
1.0,0.0,1.0,0.0,0.0,1.0,0.0,13.0,0.0,0,947.0,947.0,959.2353371681786,Y1
0.0,0.0,3.0,1.0,0.0,1.0,4.0,16.0,0.0,0,1042.0,1042.0,979.8178647302717,Y1
0.0,0.0,1.0,0.0,0.0,0.0,0.0,16.0,0.0,0,881.0,881.0,907.606308364612,Y1
1.0,0.0,4.0,0.0,0.0,0.0,0.0,8.0,0.0,1,884.0,851.7441071003478,884.0,Y0
1.0,0.0,2.0,1.0,0.0,1.0,0.0,5.0,0.0,0,827.0,827.0,850.0508186975277,Y1
0.0,0.0,1.0,1.0,0.0,1.0,0.0,5.0,0.0,0,919.0,919.0,934.8928911374832,Y1
0.0,0.0,0.0,0.0,0.0,0.0,0.0,8.0,0.0,0,960.0,960.0,980.6267093674783,Y1
0.0,0.0,0.0,0.0,1.0,0.0,1.0,14.0,0.0,0,882.0,882.0,925.7101921017746,Y1
0.0,0.0,2.0,0.0,0.0,0.0,0.0,21.0,0.0,1,903.0,906.5336686561387,903.0,Y0
0.0,1.0,8.0,1.0,2.0,1.0,0.0,7.0,0.0,0,904.0,904.0,923.8209218549405,Y1
0.0,1.0,0.0,1.0,0.0,0.0,0.0,16.0,0.0,1,921.0,893.9538007812731,921.0,Y0
1.0,0.0,3.0,1.0,2.0,1.0,1.0,3.0,1.0,0,770.0,770.0,840.2924190360408,Y1
0.0,1.0,2.0,1.0,2.0,1.0,0.0,13.0,1.0,1,919.0,920.9945246154505,919.0,Y0
0.0,0.0,2.0,0.0,0.0,0.0,0.0,8.0,0.0,1,991.0,972.1744293897478,991.0,Y0
1.0,0.0,3.0,0.0,0.0,1.0,0.0,13.0,0.0,0,850.0,850.0,860.1302480598961,Y1
1.0,0.0,1.0,1.0,0.0,0.0,0.0,8.0,0.0,1,902.0,872.5262021823954,902.0,Y0
1.0,1.0,2.0,1.0,0.0,0.0,0.0,7.0,0.0,0,768.0,768.0,821.9750752333208,Y1
0.0,0.0,1.0,0.0,0.0,0.0,2.0,2.0,0.0,0,1073.0,1073.0,1033.646474762697,Y1
0.0,0.0,2.0,1.0,0.0,1.0,0.0,8.0,1.0,0,870.0,870.0,893.6234202725608,Y1
1.0,0.0,1.0,0.0,0.0,2.0,0.0,6.0,0.0,1,927.0,900.6296139913401,927.0,Y0
1.0,0.0,0.0,0.0,0.0,0.0,0.0,19.0,0.0,1,907.0,942.8091734584837,907.0,Y0
0.0,1.0,3.0,1.0,0.0,0.0,0.0,19.0,0.0,1,878.0,927.3443072258254,878.0,Y0
1.0,1.0,0.0,1.0,2.0,0.0,-1.0,6.0,1.0,0,971.0,971.0,973.0682502727257,Y1
1.0,0.0,7.0,1.0,1.0,0.0,0.0,3.0,0.0,1,857.0,836.6974928144158,857.0,Y0
0.0,0.0,1.0,1.0,0.0,0.0,0.0,9.0,0.0,1,934.0,921.4182512601997,934.0,Y0
1.0,1.0,0.0,1.0,1.0,0.0,2.0,1.0,1.0,0,826.0,826.0,818.4163739094016,Y1
0.0,1.0,2.0,1.0,2.0,0.0,1.0,9.0,1.0,1,1046.0,1029.9584691766904,1046.0,Y0
1.0,0.0,2.0,1.0,0.0,0.0,0.0,6.0,0.0,1,837.0,796.0246681922636,837.0,Y0
0.0,0.0,2.0,1.0,0.0,1.0,0.0,12.0,0.0,0,973.0,973.0,977.7678632054314,Y1
1.0,0.0,1.0,0.0,0.0,0.0,0.0,13.0,0.0,0,1104.0,1104.0,1123.1331694669882,Y1
1.0,0.0,3.0,1.0,3.0,0.0,-1.0,11.0,0.0,0,868.0,868.0,800.8664447616404,Y1
1.0,0.0,0.0,0.0,1.0,0.0,-1.0,18.0,1.0,0,841.0,841.0,883.1581088687997,Y1
0.0,0.0,0.0,1.0,0.0,0.0,0.0,12.0,0.0,1,1027.0,1009.5331977759349,1027.0,Y0
0.0,1.0,1.0,1.0,2.0,1.0,0.0,15.0,1.0,0,897.0,897.0,917.7012376180197,Y1
1.0,0.0,0.0,0.0,0.0,0.0,-1.0,4.0,0.0,0,837.0,837.0,906.7408682822959,Y1
0.0,0.0,2.0,0.0,0.0,0.0,0.0,3.0,0.0,0,918.0,918.0,960.994977328658,Y1
0.0,0.0,1.0,0.0,0.0,0.0,0.0,3.0,0.0,0,921.0,921.0,964.4196873540833,Y1
1.0,0.0,1.0,0.0,3.0,2.0,0.0,13.0,0.0,0,996.0,996.0,1061.9056840662122,Y1
0.0,1.0,0.0,1.0,2.0,0.0,0.0,3.0,1.0,1,1164.0,1071.7722351201173,1164.0,Y0
0.0,0.0,0.0,0.0,3.0,0.0,1.0,1.0,0.0,1,956.0,998.6403232130017,956.0,Y0
1.0,1.0,0.0,0.0,1.0,0.0,0.0,12.0,0.0,0,936.0,936.0,946.7498860125606,Y1
1.0,0.0,3.0,1.0,0.0,1.0,0.0,5.0,0.0,0,865.0,865.0,888.2093989937761,Y1
0.0,0.0,3.0,1.0,0.0,1.0,0.0,20.0,0.0,0,901.0,901.0,856.3757214470107,Y1
1.0,0.0,3.0,0.0,0.0,1.0,0.0,9.0,0.0,0,936.0,936.0,950.7575801822476,Y1
0.0,1.0,2.0,0.0,1.0,1.0,0.0,20.0,0.0,1,911.0,971.0289575164297,911.0,Y0
0.0,0.0,2.0,0.0,3.0,1.0,0.0,13.0,0.0,1,966.0,954.846101974934,966.0,Y0
1.0,1.0,0.0,1.0,0.0,1.0,0.0,6.0,0.0,0,878.0,878.0,905.7863303270894,Y1
0.0,0.0,2.0,1.0,0.0,0.0,0.0,12.0,0.0,1,852.0,841.8500175789522,852.0,Y0
1.0,1.0,3.0,1.0,2.0,1.0,0.0,17.0,0.0,0,912.0,912.0,933.8115681509868,Y1
0.0,0.0,3.0,0.0,0.0,0.0,0.0,8.0,0.0,1,1031.0,1011.4183685876407,1031.0,Y0
1.0,0.0,0.0,0.0,3.0,0.0,0.0,13.0,0.0,0,870.0,870.0,885.4900985076828,Y1
0.0,0.0,3.0,1.0,0.0,0.0,0.0,16.0,0.0,1,896.0,874.1709233009741,896.0,Y0
0.0,0.0,1.0,0.0,1.0,1.0,0.0,17.0,0.0,1,1090.0,1062.018915726845,1090.0,Y0
1.0,0.0,3.0,0.0,0.0,0.0,0.0,12.0,0.0,1,984.0,973.4551741876877,984.0,Y0
1.0,0.0,1.0,0.0,0.0,0.0,0.0,6.0,0.0,0,918.0,918.0,962.5926401250761,Y1
0.0,0.0,3.0,0.0,3.0,1.0,0.0,12.0,0.0,0,962.0,962.0,952.5227050634135,Y1
0.0,0.0,4.0,0.0,0.0,0.0,0.0,3.0,0.0,0,829.0,829.0,873.8310402844807,Y1
0.0,0.0,1.0,0.0,0.0,0.0,0.0,6.0,0.0,1,939.0,907.9580086410633,939.0,Y0
1.0,0.0,1.0,0.0,1.0,0.0,-1.0,15.0,0.0,1,1030.0,1027.3358822063474,1030.0,Y0
0.0,0.0,2.0,0.0,3.0,0.0,1.0,0.0,0.0,0,955.0,955.0,930.4126469782602,Y1
1.0,1.0,3.0,1.0,2.0,0.0,-1.0,2.0,0.0,0,870.0,870.0,864.0010620665229,Y1
0.0,1.0,2.0,1.0,2.0,1.0,0.0,11.0,1.0,0,839.0,839.0,831.0265052295805,Y1
0.0,1.0,1.0,1.0,2.0,1.0,0.0,5.0,0.0,0,943.0,943.0,967.9220742288668,Y1
1.0,1.0,1.0,0.0,1.0,0.0,0.0,21.0,0.0,1,1004.0,999.0004478253478,1004.0,Y0
0.0,0.0,0.0,0.0,0.0,0.0,0.0,4.0,0.0,1,911.0,857.5656704711291,911.0,Y0
0.0,1.0,2.0,1.0,2.0,0.0,0.0,14.0,0.0,1,831.0,800.1425406688014,831.0,Y0
0.0,0.0,2.0,1.0,0.0,1.0,5.0,11.0,0.0,1,842.0,920.9877271186496,842.0,Y0
1.0,0.0,2.0,0.0,1.0,0.0,0.0,8.0,0.0,0,892.0,892.0,920.7559117116522,Y1
0.0,1.0,0.0,1.0,1.0,0.0,0.0,8.0,1.0,0,907.0,907.0,928.4097661701645,Y1
1.0,0.0,2.0,0.0,0.0,1.0,0.0,15.0,0.0,0,954.0,954.0,965.2732743616002,Y1
1.0,0.0,7.0,0.0,0.0,0.0,2.0,1.0,0.0,1,887.0,952.5677498473976,887.0,Y0
0.0,1.0,3.0,1.0,2.0,0.0,0.0,5.0,0.0,1,999.0,942.0224105170322,999.0,Y0
0.0,1.0,1.0,1.0,2.0,1.0,0.0,11.0,0.0,0,867.0,867.0,872.1474700227728,Y1
1.0,0.0,2.0,0.0,1.0,0.0,0.0,17.0,0.0,0,970.0,970.0,993.9739508465186,Y1
1.0,0.0,3.0,1.0,3.0,0.0,0.0,11.0,0.0,1,811.0,821.0768365495401,811.0,Y0
1.0,0.0,4.0,0.0,2.0,0.0,0.0,9.0,1.0,0,860.0,860.0,864.4412613280863,Y1
1.0,0.0,1.0,1.0,0.0,1.0,0.0,13.0,0.0,0,1034.0,1034.0,1043.2772880258956,Y1
0.0,0.0,14.0,1.0,0.0,0.0,0.0,9.0,0.0,0,902.0,902.0,966.1747962471177,Y1
0.0,0.0,3.0,1.0,3.0,1.0,0.0,4.0,0.0,0,971.0,971.0,971.5413170963748,Y1
0.0,0.0,0.0,0.0,0.0,1.0,0.0,12.0,0.0,0,973.0,973.0,979.3091619065111,Y1
1.0,1.0,3.0,1.0,2.0,2.0,0.0,8.0,0.0,0,820.0,820.0,860.1516993731776,Y1
0.0,0.0,0.0,0.0,3.0,0.0,0.0,5.0,0.0,0,939.0,939.0,947.9869634075255,Y1
1.0,1.0,2.0,0.0,2.0,0.0,0.0,6.0,1.0,0,951.0,951.0,1007.5351450092384,Y1
0.0,1.0,2.0,0.0,0.0,0.0,0.0,6.0,0.0,1,961.0,910.2713353117686,961.0,Y0
1.0,0.0,0.0,0.0,0.0,1.0,0.0,8.0,0.0,1,873.0,854.4429565236259,873.0,Y0
1.0,0.0,0.0,1.0,1.0,0.0,0.0,12.0,1.0,1,839.0,845.0590699912018,839.0,Y0
1.0,0.0,3.0,1.0,1.0,2.0,0.0,13.0,0.0,0,957.0,957.0,981.6917346850056,Y1
1.0,0.0,2.0,0.0,0.0,0.0,0.0,6.0,0.0,0,956.0,956.0,1000.835163934379,Y1
1.0,0.0,1.0,1.0,0.0,0.0,0.0,4.0,0.0,1,937.0,866.049960230741,937.0,Y0
0.0,0.0,0.0,1.0,1.0,0.0,-1.0,0.0,0.0,1,901.0,889.6821899006176,901.0,Y0
1.0,1.0,2.0,1.0,2.0,0.0,1.0,1.0,0.0,1,897.0,873.713253256819,897.0,Y0
1.0,0.0,3.0,0.0,0.0,1.0,0.0,8.0,0.0,0,849.0,849.0,879.2896955528411,Y1
1.0,1.0,3.0,1.0,2.0,1.0,4.0,12.0,0.0,1,900.0,936.5277608695035,900.0,Y0
1.0,0.0,2.0,0.0,1.0,0.0,0.0,12.0,0.0,0,906.0,906.0,910.3706213159991,Y1
0.0,0.0,3.0,0.0,0.0,0.0,0.0,20.0,0.0,1,952.0,1000.5159834429555,952.0,Y0
1.0,0.0,0.0,1.0,0.0,0.0,0.0,12.0,0.0,1,848.0,832.3372840263896,848.0,Y0
1.0,0.0,2.0,1.0,0.0,0.0,0.0,12.0,0.0,0,847.0,847.0,856.0355437817119,Y1
0.0,1.0,0.0,0.0,2.0,0.0,1.0,9.0,1.0,1,947.0,937.2922329967258,947.0,Y0
1.0,1.0,0.0,1.0,2.0,0.0,0.0,6.0,0.0,1,937.0,882.2682581387877,937.0,Y0
1.0,0.0,9.0,0.0,1.0,2.0,0.0,13.0,0.0,0,924.0,924.0,922.980973494701,Y1
0.0,1.0,1.0,0.0,1.0,1.0,0.0,15.0,1.0,0,929.0,929.0,949.5961590236104,Y1
1.0,0.0,3.0,1.0,0.0,0.0,0.0,3.0,0.0,0,906.0,906.0,960.7032093838917,Y1
0.0,1.0,3.0,1.0,2.0,0.0,1.0,0.0,0.0,0,805.0,805.0,858.4626498578617,Y1
0.0,0.0,0.0,0.0,0.0,1.0,0.0,15.0,0.0,0,1054.0,1054.0,1067.8985526239683,Y1
1.0,0.0,3.0,0.0,1.0,0.0,1.0,0.0,0.0,0,886.0,886.0,958.5758924644122,Y1
0.0,1.0,0.0,1.0,0.0,0.0,0.0,6.0,0.0,0,962.0,962.0,1016.4104925738283,Y1
0.0,0.0,3.0,-1.0,0.0,0.0,0.0,15.0,-1.0,0,930.0,930.0,902.1183597639813,Y1
0.0,1.0,2.0,1.0,1.0,0.0,-1.0,3.0,0.0,1,993.0,922.1113136311574,993.0,Y0
0.0,0.0,3.0,1.0,1.0,0.0,0.0,8.0,0.0,0,939.0,939.0,961.0143064869089,Y1
1.0,1.0,1.0,1.0,2.0,1.0,0.0,22.0,0.0,0,855.0,855.0,861.9309335006878,Y1
0.0,0.0,0.0,0.0,0.0,1.0,0.0,17.0,0.0,0,836.0,836.0,860.7047322967649,Y1
0.0,0.0,3.0,1.0,0.0,0.0,0.0,7.0,0.0,1,907.0,867.2330496820947,907.0,Y0
0.0,1.0,1.0,1.0,1.0,2.0,0.0,12.0,0.0,0,906.0,906.0,921.6227421896825,Y1
1.0,0.0,0.0,0.0,0.0,0.0,0.0,8.0,0.0,1,997.0,964.1451455643527,997.0,Y0
0.0,0.0,3.0,0.0,0.0,0.0,0.0,9.0,0.0,1,908.0,901.1660864913537,908.0,Y0
0.0,2.0,5.0,0.0,3.0,1.0,0.0,12.0,0.0,1,834.0,884.067562175296,834.0,Y0
0.0,0.0,2.0,1.0,0.0,0.0,0.0,5.0,0.0,0,877.0,877.0,912.26097270585,Y1
0.0,0.0,3.0,0.0,0.0,1.0,0.0,10.0,0.0,0,894.0,894.0,880.898921148894,Y1
1.0,1.0,1.0,1.0,2.0,0.0,2.0,1.0,0.0,1,882.0,901.62639870656,882.0,Y0
0.0,1.0,5.0,1.0,2.0,1.0,0.0,7.0,0.0,0,960.0,960.0,967.9540907366882,Y1
1.0,0.0,0.0,0.0,0.0,1.0,0.0,13.0,0.0,0,927.0,927.0,934.730306249547,Y1
1.0,0.0,0.0,0.0,0.0,1.0,0.0,8.0,0.0,0,1141.0,1141.0,1159.557043476374,Y1
0.0,0.0,3.0,0.0,0.0,0.0,0.0,2.0,0.0,1,848.0,854.5880508225638,848.0,Y0
0.0,1.0,1.0,1.0,3.0,1.0,0.0,6.0,0.0,0,861.0,861.0,868.3098318605362,Y1
1.0,1.0,2.0,1.0,2.0,0.0,1.0,9.0,1.0,1,824.0,807.0600448195933,824.0,Y0
1.0,0.0,0.0,0.0,0.0,1.0,0.0,5.0,0.0,0,931.0,931.0,948.8616123794187,Y1
0.0,0.0,0.0,0.0,0.0,0.0,-1.0,2.0,0.0,0,905.0,905.0,900.5462301231737,Y1
0.0,0.0,0.0,0.0,0.0,1.0,0.0,11.0,0.0,0,887.0,887.0,895.5267487497348,Y1
1.0,1.0,0.0,0.0,2.0,1.0,1.0,3.0,1.0,0,849.0,849.0,930.8990288385232,Y1
1.0,0.0,0.0,0.0,1.0,0.0,0.0,17.0,0.0,0,871.0,871.0,900.9163173484626,Y1
1.0,1.0,0.0,0.0,1.0,0.0,-1.0,4.0,0.0,0,1010.0,1010.0,1078.7072716353111,Y1
1.0,1.0,0.0,1.0,2.0,0.0,2.0,2.0,1.0,1,948.0,933.6912109126051,948.0,Y0
0.0,0.0,3.0,0.0,1.0,0.0,-1.0,0.0,0.0,1,890.0,895.304029736652,890.0,Y0
1.0,0.0,0.0,0.0,1.0,0.0,5.0,3.0,0.0,0,1106.0,1106.0,1046.6797730742271,Y1
0.0,0.0,0.0,0.0,0.0,0.0,0.0,8.0,0.0,0,891.0,891.0,911.6267093674783,Y1
0.0,0.0,3.0,1.0,3.0,0.0,0.0,11.0,0.0,1,847.0,856.9527364949472,847.0,Y0
1.0,0.0,3.0,0.0,1.0,0.0,0.0,12.0,0.0,0,956.0,956.0,960.3973885064261,Y1
1.0,0.0,0.0,0.0,0.0,1.0,0.0,13.0,0.0,0,962.0,962.0,969.730306249547,Y1
1.0,0.0,2.0,1.0,0.0,0.0,0.0,5.0,0.0,0,926.0,926.0,964.9793706630086,Y1
0.0,1.0,1.0,1.0,2.0,0.0,2.0,0.0,0.0,0,875.0,875.0,910.3641150973782,Y1
1.0,1.0,0.0,1.0,2.0,0.0,2.0,2.0,0.0,1,844.0,836.3472973695842,844.0,Y0
0.0,0.0,2.0,0.0,0.0,1.0,0.0,11.0,0.0,0,908.0,908.0,913.025382084115,Y1
0.0,0.0,2.0,1.0,0.0,1.0,4.0,16.0,0.0,0,1120.0,1120.0,1059.7824695686013,Y1
0.0,0.0,2.0,1.0,0.0,0.0,0.0,6.0,0.0,0,813.0,813.0,850.2618368032784,Y1
1.0,1.0,1.0,1.0,2.0,0.0,2.0,0.0,0.0,0,850.0,850.0,924.1664649075103,Y1
0.0,5.0,3.0,1.0,0.0,1.0,0.0,13.0,0.0,0,807.0,807.0,843.0341639584713,Y1
1.0,0.0,3.0,1.0,0.0,1.0,0.0,5.0,0.0,0,862.0,862.0,885.2093989937761,Y1
1.0,0.0,9.0,1.0,0.0,0.0,0.0,4.0,0.0,0,889.0,889.0,942.4515169649493,Y1
0.0,0.0,3.0,0.0,1.0,0.0,0.0,18.0,0.0,0,969.0,969.0,1000.5150254518092,Y1
0.0,1.0,0.0,1.0,2.0,0.0,2.0,0.0,0.0,0,852.0,852.0,888.3423297710724,Y1
0.0,0.0,1.0,0.0,0.0,0.0,0.0,2.0,0.0,0,975.0,975.0,968.8586310841079,Y1
1.0,0.0,0.0,1.0,0.0,0.0,0.0,5.0,0.0,1,917.0,878.503321610177,917.0,Y0
1.0,0.0,3.0,0.0,0.0,0.0,0.0,7.0,0.0,0,790.0,790.0,837.9644822667846,Y1
0.0,0.0,0.0,1.0,0.0,1.0,0.0,12.0,0.0,0,933.0,933.0,941.2075142179939,Y1
0.0,0.0,2.0,0.0,3.0,0.0,1.0,1.0,0.0,1,865.0,906.168760961541,865.0,Y0
1.0,0.0,1.0,0.0,0.0,0.0,2.0,3.0,1.0,0,822.0,822.0,820.8500193075477,Y1
0.0,1.0,0.0,1.0,1.0,0.0,0.0,3.0,0.0,1,948.0,879.0321567236476,948.0,Y0
1.0,0.0,1.0,0.0,1.0,1.0,0.0,22.0,0.0,0,973.0,973.0,989.6170528971141,Y1
0.0,1.0,3.0,1.0,2.0,0.0,0.0,10.0,1.0,0,947.0,947.0,923.0048310807417,Y1
0.0,1.0,1.0,1.0,2.0,0.0,0.0,6.0,1.0,0,834.0,834.0,882.3283290790785,Y1
1.0,0.0,2.0,0.0,3.0,1.0,0.0,4.0,0.0,0,961.0,961.0,979.231184888881,Y1
1.0,0.0,2.0,0.0,0.0,0.0,2.0,2.0,0.0,0,913.0,913.0,891.3380661667726,Y1
0.0,1.0,3.0,1.0,2.0,0.0,0.0,3.0,1.0,0,1015.0,1015.0,1105.5186772328077,Y1
1.0,0.0,3.0,1.0,0.0,1.0,0.0,10.0,0.0,0,868.0,868.0,856.9679121206552,Y1
1.0,0.0,3.0,1.0,0.0,0.0,0.0,6.0,0.0,0,1038.0,1038.0,1079.125150210577,Y1
1.0,0.0,3.0,1.0,0.0,1.0,0.0,3.0,0.0,0,816.0,816.0,866.1499228275368,Y1
0.0,0.0,1.0,1.0,3.0,0.0,0.0,17.0,0.0,0,949.0,949.0,992.064223489419,Y1
0.0,0.0,1.0,0.0,3.0,0.0,0.0,14.0,0.0,0,1050.0,1050.0,1093.4796333289125,Y1
1.0,0.0,2.0,0.0,0.0,1.0,0.0,12.0,0.0,0,926.0,926.0,933.3088465962203,Y1
1.0,1.0,1.0,1.0,2.0,1.0,0.0,17.0,0.0,0,952.0,952.0,975.8483048222053,Y1
0.0,1.0,3.0,1.0,2.0,0.0,-1.0,2.0,0.0,0,869.0,869.0,857.6366841406557,Y1
0.0,1.0,2.0,1.0,0.0,0.0,-1.0,5.0,0.0,0,818.0,818.0,824.3390132911471,Y1
1.0,0.0,2.0,1.0,0.0,1.0,0.0,12.0,0.0,1,969.0,963.7540417982278,969.0,Y0
0.0,1.0,3.0,1.0,2.0,0.0,2.0,1.0,0.0,1,911.0,932.0597204994883,911.0,Y0
0.0,1.0,2.0,0.0,0.0,0.0,0.0,11.0,0.0,0,871.0,871.0,886.4791684055389,Y1
0.0,0.0,3.0,0.0,1.0,0.0,1.0,0.0,0.0,0,870.0,870.0,879.9155049238232,Y1
1.0,0.0,2.0,0.0,0.0,0.0,0.0,3.0,0.0,0,956.0,956.0,1013.7613031416818,Y1
0.0,0.0,0.0,0.0,0.0,1.0,0.0,12.0,0.0,0,927.0,927.0,933.3091619065111,Y1
0.0,1.0,3.0,1.0,2.0,0.0,-1.0,2.0,0.0,0,879.0,879.0,867.6366841406557,Y1
1.0,0.0,1.0,1.0,0.0,0.0,1.0,0.0,0.0,0,946.0,946.0,1006.1899535213886,Y1
1.0,1.0,1.0,1.0,2.0,0.0,-1.0,10.0,1.0,0,894.0,894.0,895.1672826934965,Y1
1.0,0.0,1.0,1.0,0.0,0.0,0.0,19.0,0.0,0,967.0,967.0,929.7659362246865,Y1
1.0,0.0,3.0,0.0,0.0,1.0,0.0,4.0,0.0,1,957.0,895.6528190742289,957.0,Y0
0.0,1.0,1.0,1.0,3.0,0.0,2.0,1.0,0.0,1,932.0,956.9388714521855,932.0,Y0
1.0,0.0,3.0,1.0,0.0,1.0,0.0,9.0,0.0,1,981.0,970.1711284340277,981.0,Y0
1.0,0.0,2.0,0.0,0.0,1.0,0.0,6.0,0.0,1,973.0,941.512498510424,973.0,Y0
1.0,0.0,1.0,0.0,0.0,0.0,0.0,20.0,0.0,0,1062.0,1062.0,1022.4798661960176,Y1
1.0,0.0,2.0,1.0,3.0,1.0,0.0,7.0,0.0,1,905.0,904.7114326979315,905.0,Y0
0.0,0.0,1.0,0.0,3.0,0.0,0.0,14.0,0.0,1,938.0,894.5203666710876,938.0,Y0
1.0,1.0,0.0,1.0,2.0,0.0,0.0,10.0,1.0,0,990.0,990.0,968.2186122277664,Y1
0.0,1.0,2.0,1.0,1.0,1.0,0.0,10.0,0.0,0,876.0,876.0,862.0960048494043,Y1
0.0,1.0,0.0,1.0,2.0,1.0,0.0,10.0,1.0,0,847.0,847.0,825.0775059030902,Y1
1.0,0.0,0.0,1.0,3.0,1.0,0.0,17.0,0.0,1,961.0,922.8981587292963,961.0,Y0
1.0,0.0,1.0,0.0,0.0,1.0,0.0,12.0,0.0,0,877.0,877.0,885.175161754526,Y1
0.0,0.0,3.0,0.0,0.0,2.0,0.0,6.0,0.0,1,1003.0,985.4474468253877,1003.0,Y0
1.0,0.0,1.0,0.0,1.0,0.0,0.0,3.0,0.0,0,1004.0,1004.0,1061.3877143561836,Y1
0.0,1.0,2.0,1.0,1.0,0.0,-1.0,0.0,0.0,0,886.0,886.0,920.1515270051965,Y1
0.0,1.0,1.0,1.0,0.0,0.0,0.0,3.0,0.0,0,870.0,870.0,944.8876706242182,Y1
0.0,0.0,0.0,0.0,1.0,0.0,0.0,16.0,0.0,0,1141.0,1141.0,1169.351837260755,Y1
0.0,1.0,4.0,0.0,1.0,0.0,0.0,21.0,0.0,1,957.0,969.8055877779668,957.0,Y0
0.0,0.0,3.0,0.0,0.0,1.0,0.0,3.0,0.0,0,821.0,821.0,860.7381890608337,Y1
0.0,1.0,3.0,1.0,3.0,0.0,-1.0,11.0,0.0,0,860.0,860.0,796.4842621322622,Y1
0.0,0.0,3.0,0.0,2.0,1.0,0.0,11.0,0.0,0,975.0,975.0,976.1592736678823,Y1
1.0,0.0,3.0,0.0,1.0,0.0,0.0,17.0,0.0,0,863.0,863.0,886.3423156881443,Y1
1.0,0.0,1.0,0.0,0.0,1.0,0.0,11.0,0.0,0,1060.0,1060.0,1070.765804677186,Y1
0.0,0.0,2.0,1.0,0.0,0.0,0.0,15.0,0.0,0,917.0,917.0,926.1313164972822,Y1
1.0,1.0,3.0,1.0,1.0,0.0,0.0,6.0,0.0,0,865.0,865.0,919.1369865088136,Y1
1.0,0.0,0.0,0.0,0.0,1.0,0.0,6.0,0.0,0,1026.0,1026.0,1046.4838653632953,Y1
1.0,1.0,3.0,1.0,2.0,0.0,-1.0,2.0,0.0,1,837.0,842.9989379334771,837.0,Y0
0.0,0.0,2.0,1.0,0.0,1.0,0.0,8.0,0.0,1,954.0,933.4095196207973,954.0,Y0
1.0,1.0,1.0,1.0,1.0,0.0,0.0,21.0,0.0,1,946.0,937.6341772683353,946.0,Y0
1.0,0.0,1.0,0.0,1.0,0.0,0.0,5.0,0.0,1,1027.0,988.1071435881388,1027.0,Y0
0.0,1.0,3.0,1.0,1.0,0.0,1.0,0.0,0.0,1,1077.0,1017.5278322840662,1077.0,Y0
1.0,0.0,2.0,1.0,3.0,0.0,1.0,1.0,0.0,1,881.0,901.552479388837,881.0,Y0
1.0,1.0,2.0,1.0,2.0,0.0,0.0,5.0,1.0,0,837.0,837.0,895.0577429268656,Y1
1.0,0.0,1.0,1.0,0.0,1.0,0.0,15.0,0.0,1,841.0,830.5470552140162,841.0,Y0
0.0,1.0,2.0,0.0,2.0,0.0,0.0,20.0,1.0,0,962.0,962.0,885.6294691200424,Y1
1.0,0.0,0.0,1.0,0.0,0.0,0.0,11.0,0.0,1,1020.0,1001.7429532814859,1020.0,Y0
0.0,0.0,1.0,0.0,3.0,0.0,0.0,3.0,0.0,0,1062.0,1062.0,1073.575241446294,Y1
0.0,1.0,1.0,0.0,1.0,0.0,0.0,20.0,1.0,0,1082.0,1082.0,1008.1765980500493,Y1
1.0,0.0,0.0,-1.0,0.0,1.0,0.0,8.0,-1.0,1,892.0,932.5123008730482,892.0,Y0
1.0,0.0,1.0,1.0,0.0,1.0,0.0,8.0,0.0,1,1181.0,1158.4442220663698,1181.0,Y0
1.0,0.0,1.0,0.0,0.0,0.0,0.0,3.0,0.0,1,1019.0,960.8143897612084,1019.0,Y0
0.0,0.0,3.0,0.0,0.0,1.0,0.0,12.0,0.0,0,901.0,901.0,904.4295721386655,Y1
1.0,0.0,0.0,0.0,0.0,0.0,2.0,3.0,0.0,1,855.0,865.0713430706041,855.0,Y0
1.0,0.0,3.0,1.0,0.0,0.0,0.0,3.0,0.0,0,820.0,820.0,874.7032093838917,Y1
0.0,1.0,2.0,1.0,1.0,0.0,0.0,3.0,0.0,1,984.0,913.2803367661108,984.0,Y0
1.0,0.0,2.0,1.0,0.0,1.0,0.0,8.0,0.0,0,914.0,914.0,939.1495378984292,Y1
0.0,1.0,2.0,1.0,2.0,0.0,0.0,14.0,0.0,1,878.0,847.1425406688014,878.0,Y0
1.0,1.0,0.0,1.0,2.0,0.0,0.0,14.0,0.0,1,836.0,804.1804562323344,836.0,Y0
0.0,0.0,2.0,0.0,0.0,0.0,0.0,11.0,0.0,1,943.0,933.2029723724515,943.0,Y0
1.0,0.0,7.0,0.0,1.0,0.0,5.0,3.0,0.0,0,847.0,847.0,802.9141382756472,Y1
1.0,0.0,0.0,0.0,0.0,0.0,-1.0,9.0,0.0,0,946.0,946.0,918.2917962808527,Y1
0.0,0.0,1.0,0.0,3.0,0.0,0.0,14.0,0.0,1,987.0,943.5203666710876,987.0,Y0
0.0,1.0,0.0,1.0,0.0,0.0,0.0,10.0,0.0,0,921.0,921.0,916.4114990782542,Y1
1.0,1.0,0.0,0.0,1.0,2.0,0.0,13.0,0.0,0,931.0,931.0,962.80721561461,Y1
1.0,0.0,0.0,1.0,0.0,0.0,-1.0,1.0,0.0,1,891.0,880.8024604322356,891.0,Y0
0.0,1.0,2.0,1.0,3.0,0.0,2.0,5.0,0.0,0,870.0,870.0,905.6654761022588,Y1
0.0,1.0,0.0,1.0,2.0,1.0,0.0,11.0,0.0,0,846.0,846.0,852.3510605922296,Y1
0.0,0.0,3.0,0.0,1.0,0.0,5.0,3.0,0.0,0,1000.0,1000.0,957.7215504965019,Y1
0.0,0.0,2.0,0.0,0.0,1.0,0.0,13.0,0.0,0,920.0,920.0,928.0282938068814,Y1
1.0,0.0,2.0,1.0,0.0,0.0,0.0,3.0,0.0,1,913.0,858.4610891849622,913.0,Y0
1.0,1.0,1.0,0.0,2.0,0.0,0.0,9.0,1.0,0,868.0,868.0,875.6850076053936,Y1
1.0,0.0,0.0,0.0,0.0,2.0,0.0,8.0,0.0,1,934.0,917.9985853697135,934.0,Y0
0.0,1.0,0.0,1.0,3.0,0.0,1.0,0.0,0.0,0,893.0,893.0,908.7305001688391,Y1
1.0,0.0,3.0,0.0,0.0,0.0,-1.0,12.0,0.0,1,889.0,909.7051890137649,889.0,Y0
0.0,0.0,2.0,0.0,3.0,0.0,0.0,5.0,0.0,0,986.0,986.0,997.710400066137,Y1
0.0,1.0,3.0,0.0,1.0,1.0,0.0,4.0,0.0,1,907.0,872.5154848175264,907.0,Y0
0.0,1.0,2.0,1.0,1.0,0.0,2.0,5.0,1.0,1,978.0,978.4331391437179,978.0,Y0
0.0,0.0,3.0,0.0,3.0,0.0,2.0,5.0,0.0,0,945.0,945.0,963.2369198144949,Y1
0.0,1.0,3.0,1.0,2.0,1.0,0.0,13.0,1.0,1,881.0,882.9837808996293,881.0,Y0
1.0,0.0,1.0,0.0,1.0,0.0,0.0,16.0,1.0,1,987.0,973.381226571965,987.0,Y0
0.0,0.0,1.0,1.0,0.0,1.0,0.0,8.0,0.0,1,1011.0,993.0108514331955,1011.0,Y0
0.0,1.0,1.0,1.0,2.0,0.0,-1.0,2.0,0.0,0,850.0,850.0,838.85566734221,Y1
0.0,0.0,2.0,1.0,3.0,0.0,0.0,17.0,0.0,0,863.0,863.0,899.5241010600431,Y1
0.0,0.0,0.0,0.0,1.0,0.0,0.0,5.0,0.0,1,925.0,900.1742763202415,925.0,Y0
0.0,0.0,1.0,1.0,3.0,0.0,0.0,14.0,0.0,0,777.0,777.0,822.7009341409736,Y1
1.0,0.0,1.0,0.0,1.0,2.0,0.0,12.0,0.0,0,1071.0,1071.0,1101.5884883014576,Y1
1.0,0.0,3.0,0.0,1.0,1.0,0.0,7.0,0.0,1,930.0,915.3310763080816,930.0,Y0
1.0,0.0,3.0,1.0,0.0,1.0,0.0,8.0,0.0,1,897.0,871.7265313977409,897.0,Y0
0.0,0.0,1.0,0.0,0.0,1.0,0.0,4.0,0.0,1,1068.0,1029.921830320655,1068.0,Y0
1.0,0.0,0.0,0.0,0.0,0.0,0.0,4.0,0.0,0,924.0,924.0,997.4931925099537,Y1
1.0,0.0,0.0,1.0,3.0,2.0,0.0,13.0,0.0,0,837.0,837.0,885.3530491957218,Y1
1.0,0.0,2.0,1.0,0.0,0.0,0.0,4.0,0.0,1,1024.0,953.568599265168,1024.0,Y0
0.0,1.0,1.0,0.0,0.0,1.0,0.0,8.0,0.0,1,821.0,805.993577737458,821.0,Y0
0.0,0.0,0.0,0.0,0.0,0.0,0.0,3.0,0.0,1,1031.0,988.0726947140054,1031.0,Y0
0.0,0.0,4.0,1.0,3.0,0.0,0.0,8.0,0.0,0,891.0,891.0,894.466076942201,Y1
0.0,1.0,2.0,1.0,2.0,0.0,0.0,24.0,1.0,0,953.0,953.0,906.7509396681962,Y1
0.0,1.0,2.0,1.0,2.0,0.0,-1.0,6.0,1.0,0,917.0,917.0,918.8890096581947,Y1
0.0,1.0,1.0,1.0,2.0,0.0,2.0,1.0,0.0,0,990.0,990.0,966.9133159683299,Y1
1.0,0.0,1.0,0.0,0.0,0.0,0.0,20.0,0.0,0,919.0,919.0,879.4798661960176,Y1
0.0,1.0,3.0,1.0,2.0,0.0,2.0,1.0,0.0,1,884.0,905.0597204994883,884.0,Y0
0.0,0.0,1.0,0.0,0.0,0.0,0.0,4.0,0.0,1,942.0,888.115792710768,942.0,Y0
1.0,1.0,3.0,1.0,1.0,0.0,0.0,3.0,0.0,1,879.0,803.5422636969008,879.0,Y0
0.0,0.0,9.0,1.0,0.0,1.0,0.0,8.0,0.0,0,881.0,881.0,895.9146416902288,Y1
1.0,1.0,0.0,0.0,1.0,0.0,2.0,1.0,0.0,0,1001.0,1001.0,985.6147891542076,Y1
1.0,0.0,0.0,0.0,0.0,1.0,0.0,6.0,0.0,1,1089.0,1068.5161346367047,1089.0,Y0
0.0,1.0,0.0,1.0,2.0,0.0,-1.0,3.0,0.0,1,800.0,776.6371553887426,800.0,Y0
1.0,1.0,3.0,1.0,2.0,0.0,-1.0,6.0,1.0,0,943.0,943.0,957.7921524267925,Y1
1.0,0.0,0.0,1.0,0.0,0.0,0.0,2.0,0.0,1,894.0,881.8020582361223,894.0,Y0
1.0,1.0,1.0,1.0,1.0,0.0,0.0,8.0,1.0,0,837.0,837.0,861.0952560953525,Y1
1.0,0.0,1.0,0.0,0.0,0.0,3.0,27.0,0.0,0,877.0,877.0,912.8137104936882,Y1
1.0,1.0,2.0,0.0,2.0,0.0,0.0,9.0,0.0,1,862.0,844.3807576174634,862.0,Y0
0.0,0.0,1.0,0.0,1.0,0.0,-1.0,18.0,1.0,0,863.0,863.0,898.1063896006387,Y1
1.0,0.0,2.0,1.0,0.0,1.0,0.0,6.0,0.0,1,902.0,875.5283488470791,902.0,Y0
1.0,0.0,2.0,1.0,0.0,0.0,0.0,4.0,0.0,0,885.0,885.0,955.431400734832,Y1
0.0,0.0,1.0,1.0,0.0,0.0,0.0,27.0,0.0,1,910.0,911.2932947395316,910.0,Y0
1.0,1.0,0.0,1.0,0.0,1.0,0.0,13.0,0.0,0,844.0,844.0,848.6183390619674,Y1
1.0,1.0,2.0,1.0,2.0,0.0,2.0,1.0,0.0,1,853.0,871.372259659125,853.0,Y0
1.0,1.0,0.0,1.0,2.0,0.0,1.0,0.0,1.0,0,884.0,884.0,995.9230670697777,Y1
0.0,1.0,3.0,1.0,2.0,0.0,0.0,12.0,1.0,0,1019.0,1019.0,1009.4657443769529,Y1
0.0,0.0,1.0,1.0,0.0,0.0,0.0,8.0,0.0,1,1085.0,1058.5132753518487,1085.0,Y0
0.0,1.0,2.0,1.0,2.0,1.0,0.0,17.0,0.0,0,842.0,842.0,864.4593463970634,Y1
0.0,0.0,2.0,1.0,3.0,2.0,0.0,13.0,0.0,0,893.0,893.0,954.3305631152186,Y1
1.0,0.0,0.0,1.0,0.0,0.0,0.0,16.0,0.0,0,1020.0,1020.0,1045.1139436189865,Y1
0.0,0.0,1.0,0.0,1.0,0.0,0.0,17.0,0.0,0,978.0,978.0,1008.4060012626848,Y1
1.0,1.0,-1.0,0.0,1.0,0.0,0.0,0.0,0.0,0,834.0,834.0,968.7782756199987,Y1
0.0,0.0,0.0,0.0,0.0,1.0,0.0,13.0,0.0,0,940.0,940.0,952.1320538594146,Y1
0.0,0.0,2.0,0.0,1.0,0.0,2.0,3.0,0.0,0,864.0,864.0,848.6885388844328,Y1
0.0,1.0,1.0,0.0,2.0,1.0,0.0,11.0,0.0,0,949.0,949.0,953.4265571330973,Y1
1.0,2.0,3.0,0.0,3.0,0.0,0.0,5.0,0.0,0,874.0,874.0,881.4650420766282,Y1
1.0,0.0,4.0,1.0,3.0,0.0,0.0,11.0,0.0,1,848.0,859.1911527972112,848.0,Y0
0.0,0.0,2.0,1.0,0.0,0.0,3.0,9.0,0.0,0,903.0,903.0,859.20551780589,Y1
1.0,1.0,3.0,1.0,1.0,0.0,0.0,6.0,0.0,0,858.0,858.0,912.1369865088136,Y1
0.0,0.0,1.0,0.0,0.0,1.0,0.0,13.0,0.0,0,916.0,916.0,926.1737799658044,Y1
1.0,1.0,0.0,1.0,3.0,1.0,0.0,6.0,0.0,0,828.0,828.0,831.6049586466761,Y1
1.0,0.0,1.0,0.0,0.0,0.0,0.0,7.0,0.0,1,996.0,949.0266147102582,996.0,Y0
0.0,0.0,1.0,1.0,0.0,1.0,0.0,6.0,0.0,0,884.0,884.0,902.5891641313555,Y1
1.0,0.0,2.0,1.0,0.0,1.0,0.0,6.0,0.0,0,889.0,889.0,915.4716511529209,Y1
1.0,0.0,2.0,0.0,0.0,0.0,0.0,7.0,0.0,0,759.0,759.0,806.2175163470123,Y1
0.0,1.0,1.0,1.0,2.0,0.0,2.0,2.0,1.0,1,841.0,833.9686263947983,841.0,Y0
0.0,0.0,3.0,0.0,0.0,0.0,0.0,11.0,0.0,0,931.0,931.0,940.7672943449684,Y1
0.0,1.0,1.0,1.0,2.0,0.0,0.0,11.0,0.0,1,1020.0,1001.6913774368797,1020.0,Y0
0.0,1.0,0.0,1.0,2.0,1.0,2.0,24.0,0.0,0,1147.0,1147.0,1089.8958695862702,Y1
0.0,0.0,3.0,1.0,1.0,1.0,0.0,24.0,0.0,0,963.0,963.0,945.7794761567521,Y1
0.0,0.0,9.0,1.0,1.0,0.0,0.0,12.0,0.0,0,887.0,887.0,907.8739834402055,Y1
0.0,0.0,3.0,1.0,3.0,0.0,0.0,5.0,0.0,0,848.0,848.0,865.5225972674766,Y1
0.0,0.0,2.0,0.0,3.0,0.0,0.0,14.0,0.0,0,970.0,970.0,1006.9407695774496,Y1
0.0,0.0,3.0,0.0,0.0,0.0,0.0,13.0,0.0,0,926.0,926.0,937.9847555350948,Y1
1.0,0.0,0.0,0.0,0.0,1.0,0.0,5.0,0.0,0,973.0,973.0,990.8616123794187,Y1
1.0,0.0,0.0,0.0,0.0,0.0,2.0,1.0,0.0,0,841.0,841.0,811.774604872698,Y1
1.0,0.0,0.0,1.0,0.0,1.0,0.0,6.0,0.0,1,897.0,881.1061649862974,897.0,Y0
1.0,0.0,8.0,1.0,0.0,0.0,2.0,1.0,0.0,0,908.0,908.0,877.559893575271,Y1
0.0,0.0,1.0,0.0,0.0,0.0,0.0,13.0,0.0,0,1120.0,1120.0,1138.614942534324,Y1
0.0,0.0,2.0,1.0,0.0,1.0,0.0,9.0,0.0,1,947.0,938.0172608553298,947.0,Y0
1.0,0.0,1.0,0.0,0.0,1.0,0.0,4.0,0.0,1,1062.0,1002.3418920757209,1062.0,Y0
0.0,1.0,1.0,1.0,2.0,0.0,0.0,11.0,0.0,0,819.0,819.0,837.3086225631203,Y1
1.0,1.0,0.0,0.0,0.0,1.0,0.0,8.0,0.0,0,810.0,810.0,828.0429897513725,Y1
1.0,0.0,1.0,0.0,1.0,0.0,2.0,3.0,0.0,0,1191.0,1191.0,1187.5801003986953,Y1
0.0,0.0,1.0,0.0,0.0,3.0,0.0,10.0,0.0,1,1036.0,1040.791520462014,1036.0,Y0
1.0,0.0,2.0,0.0,0.0,1.0,0.0,4.0,0.0,0,874.0,874.0,934.6323931088101,Y1
1.0,0.0,4.0,1.0,0.0,1.0,0.0,13.0,0.0,1,823.0,814.2243855201724,823.0,Y0
1.0,1.0,2.0,1.0,2.0,0.0,0.0,6.0,1.0,0,858.0,858.0,909.8742269940745,Y1
1.0,1.0,5.0,1.0,0.0,0.0,2.0,3.0,1.0,0,937.0,937.0,955.7914637339753,Y1
1.0,1.0,0.0,1.0,2.0,0.0,2.0,1.0,1.0,1,866.0,870.8435596481626,866.0,Y0
1.0,0.0,3.0,0.0,1.0,0.0,0.0,12.0,0.0,0,931.0,931.0,935.3973885064261,Y1
0.0,0.0,0.0,0.0,0.0,1.0,0.0,6.0,0.0,0,983.0,983.0,994.0169224773676,Y1
0.0,1.0,1.0,1.0,2.0,0.0,0.0,5.0,0.0,1,975.0,918.7069447702229,975.0,Y0
0.0,0.0,3.0,0.0,0.0,1.0,0.0,5.0,0.0,0,884.0,884.0,897.8345738710016,Y1
1.0,1.0,9.0,1.0,2.0,0.0,2.0,1.0,1.0,0,824.0,824.0,890.398111627373,Y1
1.0,0.0,0.0,0.0,0.0,0.0,-1.0,6.0,0.0,1,921.0,926.9682203152971,921.0,Y0
0.0,0.0,3.0,0.0,3.0,0.0,-1.0,11.0,0.0,0,924.0,924.0,855.3282190903132,Y1
1.0,0.0,9.0,1.0,0.0,1.0,0.0,12.0,0.0,0,798.0,798.0,802.4982393969656,Y1
0.0,0.0,3.0,1.0,0.0,1.0,0.0,5.0,0.0,0,879.0,879.0,896.9473587542046,Y1
1.0,0.0,0.0,1.0,0.0,0.0,3.0,10.0,0.0,0,1007.0,1007.0,924.480580196875,Y1
1.0,0.0,4.0,0.0,0.0,0.0,0.0,12.0,0.0,1,1074.0,1059.8499634158452,1074.0,Y0
0.0,0.0,3.0,1.0,0.0,1.0,0.0,10.0,0.0,0,856.0,856.0,844.1549832830788,Y1
0.0,0.0,7.0,1.0,0.0,0.0,0.0,12.0,0.0,1,986.0,981.0116704011739,986.0,Y0
0.0,0.0,2.0,0.0,0.0,0.0,0.0,8.0,0.0,1,820.0,801.1744293897478,820.0,Y0
1.0,1.0,1.0,1.0,2.0,0.0,0.0,12.0,0.0,0,927.0,927.0,939.7924689180035,Y1
1.0,0.0,2.0,0.0,1.0,0.0,2.0,3.0,0.0,0,941.0,941.0,938.7970238025075,Y1
0.0,0.0,1.0,1.0,0.0,1.0,0.0,4.0,0.0,0,918.0,918.0,960.9744758625535,Y1
1.0,1.0,1.0,1.0,2.0,1.0,0.0,11.0,0.0,0,871.0,871.0,877.1526570797836,Y1
0.0,0.0,1.0,0.0,1.0,0.0,0.0,0.0,0.0,0,969.0,969.0,965.432887979194,Y1
0.0,0.0,1.0,1.0,3.0,1.0,0.0,7.0,0.0,1,944.0,954.1180687271526,944.0,Y0
0.0,0.0,1.0,0.0,0.0,0.0,0.0,8.0,0.0,1,881.0,859.8587789317763,881.0,Y0
0.0,0.0,0.0,1.0,0.0,1.0,0.0,21.0,0.0,0,908.0,908.0,922.865052079075,Y1
0.0,1.0,1.0,0.0,2.0,0.0,0.0,24.0,1.0,0,1076.0,1076.0,1038.9364862843943,Y1
1.0,0.0,3.0,0.0,0.0,0.0,0.0,7.0,0.0,0,767.0,767.0,814.9644822667846,Y1
1.0,1.0,0.0,1.0,3.0,1.0,0.0,17.0,0.0,1,892.0,859.8717240180474,892.0,Y0
0.0,1.0,3.0,1.0,2.0,0.0,-1.0,10.0,1.0,0,875.0,875.0,862.5629864533232,Y1
1.0,0.0,4.0,1.0,0.0,1.0,0.0,21.0,0.0,0,890.0,890.0,878.958860467287,Y1
1.0,0.0,3.0,0.0,0.0,0.0,-1.0,2.0,0.0,0,949.0,949.0,959.3308128248511,Y1
0.0,1.0,1.0,1.0,1.0,0.0,0.0,8.0,1.0,0,1059.0,1059.0,1080.713713195945,Y1
1.0,0.0,0.0,0.0,0.0,2.0,0.0,12.0,0.0,0,907.0,907.0,934.8409719226651,Y1
1.0,1.0,2.0,1.0,2.0,0.0,2.0,2.0,1.0,1,876.0,865.8907770022944,876.0,Y0
1.0,1.0,0.0,0.0,1.0,0.0,1.0,0.0,0.0,1,1015.0,921.2152713365815,1015.0,Y0
0.0,0.0,2.0,0.0,0.0,1.0,0.0,15.0,0.0,1,999.0,989.6346836775135,999.0,Y0
0.0,0.0,0.0,0.0,3.0,0.0,0.0,5.0,0.0,0,1003.0,1003.0,1011.9869634075255,Y1
1.0,1.0,2.0,0.0,0.0,0.0,-1.0,4.0,0.0,0,921.0,921.0,1014.8348708904754,Y1
1.0,1.0,2.0,1.0,2.0,1.0,0.0,17.0,0.0,0,852.0,852.0,873.220755383646,Y1
1.0,0.0,0.0,0.0,2.0,1.0,0.0,11.0,0.0,0,957.0,957.0,959.5918485697147,Y1
0.0,0.0,3.0,1.0,0.0,0.0,0.0,15.0,0.0,1,927.0,917.7945837516024,927.0,Y0
1.0,0.0,3.0,0.0,3.0,0.0,0.0,11.0,0.0,1,894.0,902.6619705408935,894.0,Y0
0.0,0.0,0.0,1.0,0.0,1.0,0.0,5.0,0.0,0,847.0,847.0,860.6358760081428,Y1
0.0,0.0,2.0,0.0,1.0,2.0,0.0,12.0,0.0,0,978.0,978.0,1008.4091037052275,Y1
1.0,0.0,0.0,0.0,0.0,0.0,2.0,1.0,0.0,0,939.0,939.0,909.774604872698,Y1
1.0,0.0,2.0,1.0,0.0,1.0,0.0,12.0,0.0,1,858.0,852.7540417982278,858.0,Y0
0.0,0.0,7.0,1.0,0.0,0.0,2.0,1.0,0.0,0,873.0,873.0,814.4194654382461,Y1
1.0,1.0,2.0,1.0,1.0,1.0,0.0,15.0,1.0,0,992.0,992.0,1004.3782258211297,Y1
1.0,0.0,1.0,0.0,0.0,0.0,0.0,14.0,0.0,1,1070.0,1021.559797353051,1070.0,Y0
1.0,0.0,2.0,0.0,0.0,1.0,0.0,15.0,0.0,0,1044.0,1044.0,1055.2732743616002,Y1
1.0,0.0,3.0,0.0,0.0,0.0,0.0,6.0,0.0,1,932.0,886.4159823499172,932.0,Y0
1.0,1.0,0.0,0.0,2.0,0.0,0.0,6.0,1.0,0,892.0,892.0,946.8828852538879,Y1
0.0,0.0,3.0,1.0,3.0,0.0,0.0,21.0,0.0,1,821.0,815.254379320137,821.0,Y0
0.0,1.0,1.0,0.0,1.0,0.0,2.0,1.0,0.0,0,986.0,986.0,951.2665081782081,Y1
0.0,0.0,3.0,0.0,0.0,3.0,0.0,14.0,0.0,1,973.0,916.4432144144912,973.0,Y0
1.0,0.0,2.0,0.0,0.0,0.0,0.0,3.0,0.0,0,902.0,902.0,959.7613031416818,Y1
1.0,0.0,0.0,0.0,0.0,0.0,-1.0,2.0,0.0,0,856.0,856.0,869.2052640319087,Y1
1.0,1.0,3.0,1.0,2.0,0.0,2.0,1.0,1.0,0,856.0,856.0,841.6155224660966,Y1
0.0,0.0,1.0,1.0,0.0,1.0,0.0,13.0,0.0,0,949.0,949.0,959.581042010768,Y1
1.0,1.0,2.0,0.0,1.0,0.0,0.0,11.0,0.0,1,784.0,773.0032137892822,784.0,Y0
0.0,0.0,3.0,0.0,0.0,0.0,2.0,3.0,0.0,1,809.0,831.3028132571325,809.0,Y0
1.0,0.0,3.0,0.0,0.0,0.0,0.0,8.0,0.0,0,815.0,815.0,846.7878266819565,Y1
1.0,0.0,0.0,1.0,0.0,0.0,0.0,11.0,0.0,0,862.0,862.0,880.2570467185141,Y1
0.0,0.0,2.0,1.0,3.0,0.0,0.0,13.0,0.0,0,948.0,948.0,958.0722670779414,Y1
0.0,0.0,2.0,1.0,0.0,0.0,0.0,15.0,0.0,0,842.0,842.0,851.1313164972822,Y1
1.0,1.0,2.0,1.0,2.0,0.0,0.0,6.0,0.0,1,970.0,913.5601525397927,970.0,Y0
0.0,0.0,1.0,1.0,3.0,1.0,0.0,12.0,0.0,0,887.0,887.0,879.7744731730703,Y1
0.0,0.0,3.0,0.0,3.0,0.0,2.0,1.0,0.0,1,986.0,1015.564927699734,986.0,Y0
0.0,0.0,3.0,0.0,3.0,1.0,0.0,13.0,0.0,1,931.0,919.8425590065629,931.0,Y0
0.0,0.0,0.0,0.0,0.0,0.0,0.0,14.0,0.0,0,997.0,997.0,1044.4293294761137,Y1
0.0,0.0,2.0,0.0,3.0,0.0,0.0,11.0,0.0,0,997.0,997.0,985.038854760044,Y1
0.0,1.0,2.0,1.0,2.0,1.0,2.0,24.0,0.0,0,1171.0,1171.0,1103.1614371628482,Y1
0.0,0.0,0.0,0.0,1.0,0.0,0.0,14.0,0.0,1,1021.0,985.6173224275158,1021.0,Y0
0.0,0.0,3.0,0.0,1.0,1.0,0.0,22.0,0.0,0,869.0,869.0,863.0346849212758,Y1
0.0,1.0,2.0,1.0,1.0,0.0,0.0,20.0,1.0,0,1092.0,1092.0,1019.2079995626547,Y1
1.0,0.0,1.0,1.0,0.0,0.0,1.0,0.0,0.0,0,990.0,990.0,1050.1899535213886,Y1
1.0,0.0,4.0,1.0,2.0,0.0,0.0,9.0,0.0,0,920.0,920.0,927.8216680237746,Y1
1.0,0.0,3.0,0.0,1.0,0.0,0.0,5.0,0.0,1,963.0,922.8371537074636,963.0,Y0
0.0,0.0,2.0,0.0,1.0,2.0,0.0,13.0,0.0,0,1005.0,1005.0,1041.9794428924627,Y1
0.0,1.0,3.0,1.0,2.0,1.0,0.0,7.0,0.0,0,816.0,816.0,825.6778626983017,Y1
0.0,1.0,5.0,0.0,2.0,0.0,0.0,6.0,0.0,0,833.0,833.0,881.8113068416469,Y1
1.0,0.0,1.0,0.0,1.0,1.0,0.0,15.0,0.0,1,1074.0,1040.59291719929,1074.0,Y0
1.0,0.0,3.0,0.0,1.0,1.0,0.0,12.0,0.0,0,941.0,941.0,942.525962690225,Y1
0.0,1.0,2.0,1.0,2.0,0.0,0.0,11.0,0.0,0,979.0,979.0,990.2825150501887,Y1
1.0,0.0,0.0,0.0,0.0,0.0,0.0,22.0,0.0,1,887.0,863.564575103702,887.0,Y0
1.0,0.0,3.0,1.0,0.0,1.0,0.0,5.0,0.0,1,832.0,808.7906010062239,832.0,Y0
0.0,0.0,3.0,0.0,0.0,0.0,0.0,2.0,0.0,0,906.0,906.0,899.4119491774362,Y1
1.0,0.0,3.0,1.0,0.0,0.0,0.0,8.0,0.0,0,780.0,780.0,807.2668825171313,Y1
1.0,1.0,3.0,1.0,1.0,0.0,0.0,21.0,0.0,1,857.0,869.7097553774684,857.0,Y0
0.0,0.0,1.0,1.0,0.0,0.0,1.0,0.0,0.0,0,928.0,928.0,945.2408429732416,Y1
0.0,1.0,2.0,1.0,2.0,0.0,2.0,1.0,1.0,0,874.0,874.0,856.755045530173,Y1
0.0,0.0,3.0,0.0,0.0,1.0,0.0,13.0,0.0,0,815.0,815.0,823.0295495393764,Y1
1.0,0.0,2.0,0.0,0.0,0.0,0.0,15.0,0.0,1,946.0,938.3719321964467,946.0,Y0
1.0,0.0,2.0,0.0,1.0,0.0,-1.0,2.0,0.0,0,959.0,959.0,965.7758104321499,Y1
0.0,0.0,3.0,0.0,0.0,1.0,0.0,13.0,0.0,0,870.0,870.0,878.0295495393764,Y1
1.0,0.0,4.0,0.0,1.0,2.0,0.0,13.0,0.0,0,1024.0,1024.0,1066.0588313524806,Y1
1.0,0.0,2.0,0.0,0.0,1.0,0.0,13.0,0.0,0,947.0,947.0,957.1102254765595,Y1
1.0,0.0,4.0,1.0,0.0,3.0,0.0,10.0,0.0,1,944.0,948.2035581251797,944.0,Y0
1.0,0.0,1.0,0.0,3.0,1.0,0.0,13.0,0.0,1,975.0,958.6721630506263,975.0,Y0
1.0,1.0,1.0,1.0,3.0,0.0,0.0,21.0,0.0,1,924.0,910.8484711682407,924.0,Y0
0.0,0.0,3.0,0.0,0.0,1.0,0.0,8.0,0.0,0,800.0,800.0,816.5373821861289,Y1
0.0,0.0,3.0,1.0,1.0,1.0,0.0,8.0,0.0,0,819.0,819.0,837.102832335008,Y1
0.0,0.0,2.0,0.0,3.0,0.0,-1.0,11.0,0.0,0,957.0,957.0,888.3626034864027,Y1
1.0,0.0,3.0,0.0,1.0,0.0,0.0,5.0,1.0,0,899.0,899.0,937.0158779549547,Y1
1.0,0.0,3.0,0.0,0.0,0.0,0.0,21.0,0.0,1,789.0,803.3969810215535,789.0,Y0
0.0,0.0,2.0,0.0,0.0,0.0,0.0,10.0,0.0,0,949.0,949.0,934.1737792351768,Y1
0.0,1.0,1.0,1.0,1.0,0.0,-1.0,2.0,0.0,0,920.0,920.0,940.1995240244181,Y1
1.0,0.0,2.0,0.0,1.0,1.0,0.0,15.0,1.0,0,981.0,981.0,1004.6405872015869,Y1
0.0,0.0,3.0,0.0,1.0,0.0,0.0,0.0,0.0,0,954.0,954.0,950.2399031004661,Y1
1.0,0.0,4.0,1.0,0.0,1.0,4.0,16.0,0.0,0,945.0,945.0,901.3854601478226,Y1
0.0,0.0,3.0,0.0,1.0,0.0,2.0,1.0,0.0,0,929.0,929.0,880.6932949578982,Y1
0.0,0.0,4.0,0.0,0.0,0.0,0.0,3.0,0.0,0,852.0,852.0,896.8310402844807,Y1
0.0,1.0,0.0,1.0,2.0,1.0,0.0,17.0,0.0,0,842.0,842.0,868.1293780643842,Y1
0.0,1.0,3.0,1.0,2.0,0.0,-1.0,6.0,1.0,0,857.0,857.0,858.9210587996191,Y1
0.0,1.0,3.0,1.0,2.0,0.0,0.0,5.0,0.0,0,842.0,842.0,898.9775894829678,Y1
1.0,0.0,4.0,1.0,0.0,1.0,0.0,9.0,0.0,0,897.0,897.0,906.1923416605367,Y1
0.0,1.0,2.0,1.0,2.0,0.0,0.0,11.0,0.0,0,829.0,829.0,840.2825150501887,Y1
0.0,0.0,1.0,0.0,3.0,0.0,0.0,13.0,0.0,0,922.0,922.0,936.5257264694758,Y1
1.0,0.0,1.0,1.0,0.0,1.0,3.0,11.0,0.0,0,945.0,945.0,887.0355549239132,Y1
0.0,0.0,0.0,1.0,0.0,1.0,0.0,12.0,0.0,0,924.0,924.0,932.2075142179939,Y1
1.0,0.0,2.0,0.0,0.0,0.0,2.0,2.0,0.0,0,929.0,929.0,907.3380661667726,Y1
1.0,0.0,2.0,0.0,0.0,1.0,0.0,6.0,0.0,1,900.0,868.512498510424,900.0,Y0
1.0,0.0,2.0,0.0,0.0,1.0,0.0,13.0,0.0,0,950.0,950.0,960.1102254765595,Y1
1.0,0.0,0.0,0.0,0.0,0.0,0.0,14.0,0.0,0,946.0,946.0,992.8389671639374,Y1
1.0,0.0,3.0,0.0,0.0,1.0,0.0,8.0,0.0,0,898.0,898.0,928.2896955528411,Y1
0.0,0.0,2.0,0.0,1.0,1.0,0.0,7.0,0.0,1,971.0,972.1461586468002,971.0,Y0
0.0,1.0,3.0,0.0,0.0,3.0,0.0,10.0,0.0,1,886.0,889.0355389018349,886.0,Y0
1.0,0.0,3.0,1.0,3.0,0.0,2.0,5.0,0.0,0,848.0,848.0,872.8663646566307,Y1
1.0,0.0,1.0,0.0,1.0,0.0,5.0,3.0,0.0,0,1014.0,1014.0,963.0394272690784,Y1
0.0,0.0,3.0,0.0,0.0,0.0,0.0,13.0,-1.0,0,879.0,879.0,895.5618298706611,Y1
0.0,1.0,1.0,1.0,2.0,0.0,-1.0,6.0,1.0,0,1039.0,1039.0,1040.8897394502076,Y1
0.0,0.0,0.0,0.0,0.0,0.0,0.0,11.0,0.0,1,989.0,971.7936810392057,989.0,Y0
1.0,0.0,8.0,0.0,0.0,1.0,0.0,15.0,0.0,1,847.0,880.8707385308896,847.0,Y0
1.0,0.0,3.0,0.0,0.0,1.0,0.0,8.0,0.0,0,879.0,879.0,909.2896955528411,Y1
0.0,0.0,0.0,1.0,0.0,0.0,0.0,14.0,0.0,0,883.0,883.0,933.1387909238189,Y1
1.0,1.0,3.0,1.0,0.0,0.0,0.0,12.0,0.0,0,910.0,910.0,921.6887133889259,Y1
1.0,1.0,3.0,1.0,2.0,0.0,0.0,6.0,1.0,0,846.0,846.0,897.9807167715119,Y1
1.0,0.0,0.0,0.0,0.0,0.0,0.0,13.0,-1.0,0,872.0,872.0,883.6871646642451,Y1
0.0,0.0,0.0,1.0,0.0,0.0,0.0,14.0,0.0,0,981.0,981.0,1031.1387909238188,Y1
1.0,1.0,3.0,1.0,2.0,1.0,0.0,17.0,0.0,0,894.0,894.0,915.8115681509868,Y1
1.0,1.0,1.0,1.0,2.0,0.0,0.0,7.0,0.0,0,936.0,936.0,985.9744491443278,Y1
1.0,0.0,2.0,1.0,0.0,1.0,0.0,13.0,0.0,0,856.0,856.0,863.167189334634,Y1
0.0,0.0,3.0,1.0,0.0,0.0,2.0,2.0,0.0,0,1005.0,1005.0,973.0628318987365,Y1
1.0,0.0,1.0,0.0,0.0,1.0,0.0,8.0,0.0,0,970.0,970.0,996.9583991161478,Y1
1.0,0.0,3.0,0.0,0.0,0.0,-1.0,4.0,0.0,0,768.0,768.0,841.1574427932011,Y1
1.0,0.0,3.0,1.0,0.0,0.0,0.0,8.0,0.0,1,907.0,879.7331174828687,907.0,Y0
1.0,0.0,0.0,1.0,0.0,1.0,0.0,10.0,0.0,0,881.0,881.0,863.8626959306927,Y1
0.0,0.0,0.0,0.0,0.0,0.0,0.0,12.0,0.0,0,852.0,852.0,866.9913751339271,Y1
0.0,0.0,1.0,1.0,1.0,1.0,0.0,22.0,0.0,0,967.0,967.0,985.3231557305485,Y1
1.0,0.0,2.0,0.0,0.0,0.0,0.0,6.0,0.0,0,902.0,902.0,946.835163934379,Y1
0.0,1.0,0.0,1.0,1.0,1.0,0.0,24.0,0.0,0,989.0,989.0,977.0551361697823,Y1
1.0,0.0,1.0,0.0,0.0,0.0,0.0,3.0,0.0,0,1044.0,1044.0,1102.1856102387917,Y1
0.0,0.0,0.0,0.0,0.0,0.0,0.0,13.0,0.0,0,1108.0,1108.0,1126.8192994322403,Y1
1.0,1.0,2.0,1.0,2.0,0.0,0.0,24.0,1.0,0,970.0,970.0,928.2925138250808,Y1
1.0,0.0,0.0,0.0,0.0,0.0,0.0,6.0,0.0,1,876.0,831.9118866355507,876.0,Y0
0.0,0.0,5.0,0.0,0.0,0.0,0.0,12.0,0.0,0,927.0,927.0,936.4727382003953,Y1
0.0,0.0,3.0,1.0,1.0,0.0,-1.0,2.0,0.0,0,928.0,928.0,923.5521490857527,Y1
1.0,0.0,0.0,0.0,1.0,2.0,0.0,12.0,0.0,0,1009.0,1009.0,1035.2621121787176,Y1
1.0,0.0,4.0,0.0,3.0,2.0,0.0,12.0,0.0,1,1010.0,947.681945101006,1010.0,Y0
1.0,1.0,3.0,1.0,1.0,0.0,0.0,12.0,1.0,1,837.0,851.4152956924142,837.0,Y0
1.0,1.0,2.0,1.0,2.0,1.0,0.0,13.0,1.0,1,849.0,852.1108628743409,849.0,Y0
0.0,0.0,2.0,0.0,2.0,0.0,0.0,9.0,1.0,0,953.0,953.0,948.9999160215126,Y1
1.0,0.0,1.0,0.0,1.0,0.0,0.0,17.0,0.0,0,894.0,894.0,924.5016060562959,Y1
1.0,0.0,2.0,0.0,0.0,1.0,0.0,13.0,0.0,0,816.0,816.0,826.1102254765595,Y1
0.0,0.0,0.0,0.0,3.0,1.0,0.0,13.0,0.0,1,966.0,950.7483995967427,966.0,Y0
1.0,1.0,2.0,1.0,2.0,1.0,0.0,11.0,1.0,0,828.0,828.0,821.0937114735939,Y1
1.0,1.0,3.0,1.0,2.0,0.0,2.0,1.0,1.0,0,888.0,888.0,873.6155224660966,Y1
1.0,0.0,0.0,1.0,0.0,3.0,0.0,14.0,0.0,1,1000.0,947.9122762585376,1000.0,Y0
1.0,1.0,2.0,1.0,2.0,0.0,2.0,1.0,1.0,0,934.0,934.0,918.8905258204313,Y1
1.0,0.0,1.0,0.0,0.0,0.0,0.0,4.0,0.0,1,1123.0,1049.07965350567,1123.0,Y0
0.0,0.0,2.0,0.0,1.0,1.0,0.0,12.0,0.0,0,917.0,917.0,914.6110119052414,Y1
0.0,0.0,0.0,0.0,0.0,1.0,0.0,12.0,0.0,0,980.0,980.0,986.3091619065111,Y1
1.0,0.0,3.0,0.0,1.0,0.0,0.0,7.0,0.0,0,1156.0,1156.0,1202.2895005052,Y1
0.0,1.0,0.0,1.0,2.0,1.0,0.0,5.0,0.0,0,950.0,950.0,971.4176798787868,Y1
1.0,0.0,7.0,0.0,0.0,0.0,2.0,2.0,0.0,1,839.0,893.8709158771173,839.0,Y0
1.0,0.0,0.0,0.0,1.0,1.0,0.0,14.0,1.0,1,971.0,950.0266720676376,971.0,Y0
0.0,1.0,3.0,1.0,2.0,1.0,0.0,10.0,1.0,1,873.0,894.9999995014274,873.0,Y0
1.0,0.0,0.0,0.0,3.0,0.0,2.0,1.0,0.0,1,929.0,969.9374894772016,929.0,Y0
1.0,0.0,3.0,1.0,0.0,1.0,0.0,5.0,0.0,0,859.0,859.0,882.2093989937761,Y1
0.0,1.0,1.0,0.0,2.0,0.0,2.0,2.0,0.0,1,939.0,944.4922650039176,939.0,Y0
0.0,0.0,0.0,0.0,1.0,1.0,0.0,20.0,0.0,1,1093.0,1130.8725091683723,1093.0,Y0
1.0,0.0,3.0,1.0,1.0,0.0,-1.0,2.0,0.0,0,897.0,897.0,900.7182070395713,Y1
1.0,0.0,0.0,0.0,0.0,1.0,0.0,13.0,0.0,0,1005.0,1005.0,1012.730306249547,Y1
1.0,0.0,3.0,0.0,0.0,0.0,2.0,1.0,0.0,0,859.0,859.0,827.6819713462561,Y1
1.0,0.0,2.0,1.0,0.0,0.0,0.0,11.0,0.0,0,884.0,884.0,895.0053347282142,Y1
1.0,0.0,3.0,0.0,0.0,0.0,0.0,11.0,0.0,0,945.0,945.0,957.4732422051045,Y1
1.0,0.0,2.0,0.0,0.0,1.0,0.0,5.0,0.0,0,881.0,881.0,909.1402670291227,Y1
1.0,0.0,2.0,0.0,0.0,0.0,0.0,13.0,0.0,0,919.0,919.0,931.5624264812899,Y1
0.0,0.0,2.0,0.0,0.0,0.0,0.0,4.0,0.0,0,875.0,875.0,928.4057234103296,Y1
1.0,0.0,2.0,1.0,2.0,0.0,0.0,9.0,0.0,1,815.0,805.7101967589834,815.0,Y0
0.0,1.0,0.0,1.0,1.0,0.0,0.0,3.0,0.0,1,1027.0,958.0321567236476,1027.0,Y0
1.0,1.0,0.0,0.0,2.0,0.0,0.0,20.0,1.0,0,997.0,997.0,928.7568120852037,Y1
1.0,0.0,2.0,1.0,0.0,0.0,0.0,10.0,0.0,0,898.0,898.0,884.3138524716451,Y1
0.0,0.0,0.0,1.0,0.0,0.0,0.0,20.0,0.0,0,893.0,893.0,864.2302449833683,Y1
0.0,0.0,0.0,0.0,1.0,1.0,0.0,22.0,0.0,0,862.0,862.0,883.6221648940281,Y1
1.0,1.0,3.0,1.0,2.0,0.0,0.0,11.0,0.0,0,802.0,802.0,812.7742008532775,Y1
1.0,0.0,2.0,0.0,1.0,1.0,1.0,8.0,0.0,1,940.0,895.8638257296526,940.0,Y0
0.0,0.0,2.0,1.0,0.0,1.0,0.0,9.0,0.0,1,793.0,784.0172608553298,793.0,Y0
1.0,0.0,2.0,0.0,1.0,1.0,0.0,22.0,0.0,0,895.0,895.0,901.4954998482281,Y1
0.0,1.0,0.0,1.0,2.0,0.0,-1.0,2.0,0.0,0,989.0,989.0,967.6906705333395,Y1
1.0,0.0,0.0,0.0,3.0,0.0,1.0,0.0,0.0,0,945.0,945.0,978.1873168046297,Y1
1.0,0.0,4.0,0.0,1.0,0.0,-1.0,0.0,0.0,1,957.0,913.3068813136819,957.0,Y0
0.0,1.0,0.0,0.0,1.0,0.0,0.0,21.0,0.0,1,960.0,948.6698755709202,960.0,Y0
0.0,0.0,2.0,0.0,3.0,0.0,0.0,3.0,0.0,0,961.0,961.0,973.8880257216063,Y1
0.0,0.0,2.0,1.0,0.0,1.0,0.0,15.0,0.0,1,917.0,907.6936833914535,917.0,Y0
1.0,1.0,3.0,0.0,2.0,0.0,0.0,9.0,0.0,0,864.0,864.0,882.4246485952795,Y1
1.0,1.0,3.0,1.0,2.0,0.0,0.0,11.0,0.0,0,900.0,900.0,910.7742008532775,Y1
1.0,1.0,2.0,1.0,2.0,0.0,2.0,1.0,1.0,0,808.0,808.0,792.8905258204313,Y1
1.0,1.0,2.0,1.0,2.0,0.0,0.0,12.0,0.0,0,809.0,809.0,815.432812341402,Y1
0.0,1.0,1.0,1.0,1.0,1.0,0.0,24.0,0.0,0,962.0,962.0,944.4501014740318,Y1
0.0,1.0,3.0,1.0,3.0,0.0,0.0,5.0,0.0,0,871.0,871.0,902.6439593515709,Y1
0.0,0.0,3.0,0.0,0.0,1.0,0.0,7.0,0.0,0,941.0,941.0,946.5825479822198,Y1
1.0,0.0,3.0,0.0,1.0,0.0,-1.0,3.0,0.0,0,866.0,866.0,924.3631368644471,Y1
1.0,0.0,0.0,1.0,0.0,0.0,0.0,14.0,0.0,0,944.0,944.0,990.1752668463594,Y1
0.0,0.0,2.0,0.0,0.0,1.0,0.0,10.0,0.0,0,937.0,937.0,923.8890302962375,Y1
1.0,1.0,3.0,1.0,2.0,1.0,1.0,6.0,0.0,0,810.0,810.0,861.0589368510657,Y1
0.0,1.0,3.0,1.0,2.0,1.0,0.0,15.0,1.0,0,843.0,843.0,862.3725883741328,Y1
0.0,0.0,1.0,0.0,0.0,0.0,0.0,11.0,0.0,1,1069.0,1051.9839178098694,1069.0,Y0
1.0,0.0,3.0,0.0,0.0,1.0,0.0,20.0,0.0,0,918.0,918.0,866.1985472898716,Y1
0.0,0.0,0.0,0.0,0.0,0.0,0.0,4.0,0.0,0,922.0,922.0,975.4343295288709,Y1
1.0,0.0,3.0,0.0,0.0,0.0,0.0,15.0,0.0,1,839.0,831.2936660227844,839.0,Y0
0.0,0.0,1.0,1.0,0.0,0.0,-1.0,12.0,0.0,1,942.0,958.5246516053427,942.0,Y0
0.0,1.0,0.0,1.0,2.0,1.0,0.0,7.0,0.0,0,926.0,926.0,929.4384080921441,Y1
0.0,0.0,3.0,0.0,1.0,1.0,1.0,8.0,0.0,1,908.0,879.0539067776126,908.0,Y0
1.0,0.0,0.0,0.0,0.0,0.0,0.0,10.0,0.0,0,917.0,917.0,907.393733417165,Y1
1.0,0.0,1.0,0.0,0.0,0.0,0.0,10.0,0.0,1,893.0,902.0843288710355,893.0,Y0
0.0,0.0,2.0,1.0,0.0,1.0,0.0,6.0,0.0,0,1002.0,1002.0,1023.2088311798236,Y1
0.0,0.0,1.0,0.0,0.0,0.0,3.0,27.0,0.0,0,896.0,896.0,923.6856586742971,Y1
1.0,0.0,3.0,0.0,1.0,0.0,0.0,11.0,0.0,0,929.0,929.0,935.3249305952303,Y1
1.0,0.0,2.0,0.0,0.0,0.0,0.0,8.0,0.0,0,937.0,937.0,968.0392759807746,Y1
1.0,0.0,1.0,0.0,0.0,0.0,0.0,4.0,0.0,0,918.0,918.0,991.92034649433,Y1
0.0,0.0,2.0,0.0,0.0,1.0,0.0,7.0,0.0,0,984.0,984.0,988.9013433713385,Y1
1.0,1.0,3.0,1.0,2.0,0.0,0.0,5.0,0.0,0,883.0,883.0,943.4404546725292,Y1
0.0,0.0,0.0,0.0,1.0,0.0,0.0,15.0,0.0,0,874.0,874.0,904.2198961504286,Y1
0.0,1.0,3.0,1.0,2.0,0.0,0.0,11.0,0.0,0,953.0,953.0,964.3251022315046,Y1
0.0,0.0,0.0,0.0,1.0,0.0,0.0,16.0,0.0,0,1014.0,1014.0,1042.351837260755,Y1
1.0,0.0,0.0,0.0,0.0,0.0,0.0,20.0,0.0,0,976.0,976.0,940.432633361304,Y1
1.0,1.0,2.0,0.0,0.0,0.0,-1.0,4.0,0.0,0,864.0,864.0,957.8348708904754,Y1
1.0,0.0,2.0,1.0,0.0,0.0,0.0,8.0,0.0,1,924.0,896.8929403578093,924.0,Y0
1.0,0.0,2.0,1.0,3.0,0.0,2.0,1.0,0.0,1,859.0,872.6409984316177,859.0,Y0
1.0,0.0,3.0,0.0,1.0,1.0,0.0,8.0,0.0,0,856.0,856.0,883.6867309961107,Y1
1.0,0.0,2.0,1.0,0.0,0.0,0.0,10.0,0.0,1,790.0,803.6861475283549,790.0,Y0
0.0,0.0,0.0,0.0,0.0,0.0,2.0,2.0,0.0,0,954.0,954.0,920.1311659370863,Y1
1.0,1.0,3.0,0.0,2.0,1.0,0.0,13.0,1.0,1,849.0,844.6252415825154,849.0,Y0
1.0,0.0,3.0,1.0,1.0,1.0,0.0,15.0,1.0,0,1019.0,1019.0,1035.5727146182203,Y1
0.0,0.0,2.0,0.0,0.0,1.0,0.0,6.0,0.0,0,914.0,914.0,930.4082056610581,Y1
0.0,0.0,1.0,1.0,0.0,0.0,0.0,8.0,0.0,1,889.0,862.5132753518488,889.0,Y0
1.0,0.0,3.0,0.0,1.0,0.0,0.0,11.0,0.0,0,1049.0,1049.0,1055.3249305952304,Y1
0.0,0.0,2.0,1.0,0.0,0.0,0.0,10.0,0.0,0,1033.0,1033.0,1020.0731921583384,Y1
0.0,0.0,1.0,0.0,0.0,0.0,0.0,19.0,0.0,0,1063.0,1063.0,1027.7875772795965,Y1
1.0,0.0,0.0,0.0,1.0,1.0,0.0,8.0,0.0,0,865.0,865.0,880.979544657131,Y1
0.0,0.0,1.0,1.0,0.0,1.0,0.0,12.0,0.0,0,884.0,884.0,889.6536631636203,Y1
0.0,0.0,0.0,0.0,1.0,0.0,0.0,17.0,0.0,0,974.0,974.0,1004.5267677576575,Y1
0.0,0.0,2.0,0.0,1.0,0.0,0.0,3.0,0.0,0,987.0,987.0,1029.1951726954653,Y1
0.0,0.0,1.0,1.0,0.0,1.0,0.0,13.0,0.0,0,890.0,890.0,900.581042010768,Y1
1.0,0.0,2.0,1.0,3.0,1.0,0.0,17.0,0.0,1,889.0,849.403183429108,889.0,Y0
1.0,0.0,2.0,0.0,0.0,0.0,3.0,9.0,0.0,0,1000.0,1000.0,959.2487043454511,Y1
0.0,0.0,0.0,0.0,0.0,0.0,-1.0,12.0,0.0,1,875.0,896.1286098195302,875.0,Y0
1.0,1.0,3.0,1.0,0.0,0.0,0.0,8.0,0.0,1,1002.0,968.208814378556,1002.0,Y0
1.0,0.0,0.0,0.0,1.0,0.0,0.0,15.0,0.0,0,870.0,870.0,899.6574970571678,Y1
1.0,1.0,1.0,1.0,0.0,1.0,0.0,15.0,0.0,0,941.0,941.0,949.1465781248544,Y1
1.0,0.0,2.0,0.0,0.0,1.0,0.0,21.0,0.0,0,900.0,900.0,891.7377726715226,Y1
1.0,0.0,3.0,1.0,0.0,1.0,0.0,10.0,0.0,0,937.0,937.0,925.9679121206552,Y1
0.0,0.0,1.0,1.0,0.0,2.0,0.0,12.0,0.0,0,1008.0,1008.0,1031.9800120320183,Y1
1.0,0.0,3.0,0.0,0.0,0.0,3.0,10.0,0.0,0,1042.0,1042.0,960.4938530296957,Y1
1.0,1.0,0.0,1.0,2.0,1.0,0.0,17.0,0.0,0,904.0,904.0,922.3860199459497,Y1
1.0,1.0,1.0,1.0,2.0,0.0,0.0,6.0,0.0,0,863.0,863.0,919.0440653878163,Y1
1.0,1.0,3.0,0.0,1.0,1.0,0.0,24.0,0.0,0,916.0,916.0,886.1597544899086,Y1
0.0,0.0,0.0,0.0,1.0,0.0,0.0,3.0,0.0,0,1065.0,1065.0,1107.145072881224,Y1
0.0,0.0,2.0,0.0,0.0,0.0,0.0,3.0,0.0,1,1008.0,965.005022671342,1008.0,Y0
1.0,0.0,14.0,0.0,0.0,0.0,0.0,8.0,0.0,0,964.0,964.0,991.4794684472066,Y1
0.0,0.0,0.0,0.0,0.0,0.0,1.0,0.0,0.0,0,961.0,961.0,960.3250085149577,Y1
1.0,0.0,0.0,0.0,0.0,1.0,0.0,12.0,0.0,0,1027.0,1027.0,1030.724350904868,Y1
0.0,0.0,0.0,0.0,0.0,0.0,0.0,3.0,0.0,1,947.0,904.0726947140054,947.0,Y0
0.0,1.0,3.0,1.0,2.0,0.0,0.0,24.0,1.0,0,972.0,972.0,918.2958902840235,Y1
1.0,0.0,3.0,0.0,3.0,1.0,0.0,7.0,0.0,1,969.0,964.3344407977336,969.0,Y0
1.0,1.0,1.0,0.0,1.0,0.0,-1.0,12.0,1.0,0,859.0,859.0,860.1486185301958,Y1
1.0,0.0,4.0,1.0,0.0,1.0,0.0,6.0,0.0,1,957.0,932.0112266206719,957.0,Y0
0.0,0.0,1.0,1.0,0.0,0.0,0.0,16.0,0.0,0,832.0,832.0,860.4381480149177,Y1
1.0,1.0,3.0,1.0,2.0,1.0,2.0,24.0,0.0,0,856.0,856.0,789.4764665427346,Y1
0.0,0.0,1.0,0.0,0.0,0.0,0.0,19.0,0.0,1,950.0,985.2124227204037,950.0,Y0
0.0,0.0,0.0,1.0,0.0,0.0,0.0,12.0,0.0,1,996.0,978.5331977759349,996.0,Y0
1.0,0.0,0.0,0.0,1.0,0.0,0.0,7.0,0.0,0,876.0,876.0,920.7415229883876,Y1
0.0,0.0,1.0,1.0,0.0,1.0,0.0,12.0,0.0,0,1034.0,1034.0,1039.6536631636204,Y1
1.0,0.0,1.0,0.0,0.0,1.0,0.0,8.0,1.0,0,837.0,837.0,871.6199420302868,Y1
1.0,0.0,0.0,0.0,0.0,0.0,0.0,6.0,0.0,0,897.0,897.0,941.0881133644493,Y1
0.0,0.0,3.0,0.0,0.0,0.0,-1.0,12.0,0.0,1,854.0,877.5740776872518,854.0,Y0
0.0,0.0,2.0,1.0,0.0,1.0,0.0,21.0,0.0,0,929.0,929.0,927.8010994688011,Y1
1.0,0.0,0.0,1.0,0.0,1.0,0.0,13.0,0.0,0,1060.0,1060.0,1065.2708147063236,Y1
1.0,1.0,3.0,1.0,3.0,0.0,1.0,0.0,0.0,0,860.0,860.0,921.6585028767227,Y1
1.0,1.0,0.0,1.0,2.0,0.0,0.0,6.0,0.0,1,956.0,901.2682581387877,956.0,Y0
1.0,0.0,0.0,1.0,0.0,0.0,0.0,12.0,0.0,1,947.0,931.3372840263896,947.0,Y0
1.0,1.0,3.0,0.0,1.0,0.0,0.0,20.0,1.0,0,1126.0,1126.0,1043.17097169488,Y1
1.0,0.0,1.0,0.0,0.0,0.0,0.0,3.0,0.0,0,968.0,968.0,1026.1856102387917,Y1
1.0,0.0,5.0,0.0,0.0,1.0,0.0,8.0,0.0,1,936.0,918.4011199775072,936.0,Y0
1.0,0.0,1.0,1.0,0.0,0.0,-1.0,2.0,0.0,0,851.0,851.0,858.0702172739163,Y1
1.0,0.0,8.0,0.0,0.0,1.0,0.0,6.0,0.0,0,962.0,962.0,934.1684697962158,Y1
0.0,0.0,3.0,0.0,0.0,0.0,0.0,16.0,0.0,0,921.0,921.0,941.0015073605964,Y1
1.0,0.0,1.0,0.0,0.0,0.0,0.0,7.0,0.0,0,884.0,884.0,930.9733852897418,Y1
0.0,0.0,3.0,1.0,0.0,1.0,0.0,13.0,0.0,0,870.0,870.0,878.4746684092851,Y1
0.0,0.0,0.0,1.0,0.0,1.0,0.0,12.0,0.0,0,980.0,980.0,988.2075142179939,Y1
0.0,0.0,0.0,0.0,0.0,1.0,0.0,17.0,0.0,0,897.0,897.0,921.7047322967649,Y1
1.0,0.0,3.0,1.0,0.0,0.0,0.0,3.0,0.0,0,860.0,860.0,914.7032093838917,Y1
0.0,1.0,2.0,1.0,1.0,0.0,-1.0,18.0,1.0,0,892.0,892.0,909.8433896053496,Y1
1.0,1.0,0.0,1.0,0.0,0.0,0.0,6.0,0.0,1,1097.0,1039.4772257723407,1097.0,Y0
1.0,1.0,0.0,1.0,2.0,0.0,0.0,6.0,1.0,0,816.0,816.0,867.2524315496864,Y1
1.0,4.0,1.0,0.0,0.0,0.0,0.0,10.0,0.0,1,981.0,940.1774758172398,981.0,Y0
1.0,1.0,2.0,1.0,2.0,0.0,2.0,2.0,0.0,1,998.0,991.3823643905798,998.0,Y0
1.0,1.0,3.0,-1.0,2.0,0.0,0.0,20.0,-1.0,0,1010.0,1010.0,914.7445091170885,Y1
1.0,0.0,0.0,0.0,3.0,0.0,-1.0,11.0,0.0,0,918.0,918.0,850.1478490202375,Y1
0.0,0.0,0.0,0.0,1.0,0.0,-1.0,3.0,0.0,0,934.0,934.0,974.7816169427211,Y1
1.0,1.0,0.0,1.0,2.0,0.0,0.0,12.0,1.0,0,936.0,936.0,931.776125603914,Y1
1.0,1.0,2.0,1.0,2.0,0.0,1.0,9.0,1.0,1,975.0,958.0600448195933,975.0,Y0
0.0,0.0,4.0,0.0,0.0,1.0,0.0,17.0,0.0,0,937.0,937.0,960.350559178344,Y1
1.0,0.0,0.0,0.0,0.0,0.0,0.0,2.0,0.0,1,939.0,923.2373434232928,939.0,Y0
0.0,0.0,0.0,1.0,0.0,1.0,0.0,10.0,0.0,0,910.0,910.0,898.5031836755848,Y1
0.0,0.0,3.0,0.0,0.0,0.0,0.0,8.0,0.0,1,1113.0,1093.4183685876405,1113.0,Y0
0.0,1.0,2.0,1.0,1.0,0.0,2.0,1.0,1.0,0,902.0,902.0,882.1139276422589,Y1
1.0,0.0,2.0,1.0,1.0,0.0,0.0,11.0,0.0,1,789.0,784.2729596718217,789.0,Y0
1.0,0.0,1.0,0.0,1.0,0.0,0.0,3.0,0.0,0,1003.0,1003.0,1060.3877143561836,Y1
0.0,1.0,2.0,1.0,3.0,0.0,2.0,1.0,0.0,1,853.0,858.8810115394459,853.0,Y0
0.0,1.0,3.0,1.0,1.0,0.0,2.0,5.0,1.0,1,902.0,902.3344092854486,902.0,Y0
0.0,0.0,3.0,0.0,1.0,0.0,1.0,0.0,0.0,0,901.0,901.0,910.9155049238232,Y1
0.0,0.0,2.0,1.0,0.0,0.0,0.0,13.0,0.0,0,970.0,970.0,983.9739303055057,Y1
1.0,1.0,0.0,1.0,2.0,1.0,2.0,24.0,0.0,0,1156.0,1156.0,1100.9026547628812,Y1
1.0,0.0,1.0,1.0,0.0,0.0,0.0,10.0,0.0,0,1008.0,1008.0,997.3877250461867,Y1
0.0,0.0,3.0,1.0,0.0,0.0,0.0,6.0,0.0,1,900.0,862.5973710229588,900.0,Y0
0.0,0.0,1.0,1.0,0.0,1.0,0.0,9.0,0.0,1,964.0,957.5879497239424,964.0,Y0
0.0,1.0,0.0,0.0,1.0,0.0,0.0,20.0,1.0,0,1121.0,1121.0,1049.9776477258606,Y1
0.0,1.0,0.0,1.0,0.0,2.0,0.0,12.0,0.0,0,915.0,915.0,941.5909962787317,Y1
0.0,0.0,2.0,0.0,0.0,0.0,0.0,11.0,0.0,0,924.0,924.0,933.7970276275485,Y1
1.0,0.0,8.0,0.0,1.0,0.0,0.0,5.0,1.0,0,926.0,926.0,923.8721159674446,Y1
1.0,1.0,3.0,1.0,2.0,0.0,0.0,24.0,1.0,0,936.0,936.0,886.8715360321488,Y1
0.0,0.0,3.0,1.0,0.0,0.0,-1.0,4.0,0.0,0,927.0,927.0,986.6698632349638,Y1
0.0,0.0,0.0,0.0,0.0,1.0,0.0,6.0,0.0,0,878.0,878.0,889.0169224773676,Y1
1.0,0.0,3.0,0.0,0.0,0.0,0.0,12.0,0.0,1,890.0,879.4551741876877,890.0,Y0
0.0,0.0,2.0,1.0,0.0,2.0,0.0,8.0,0.0,1,879.0,871.7760224269117,879.0,Y0
1.0,0.0,0.0,1.0,0.0,0.0,0.0,8.0,0.0,0,803.0,803.0,832.4819686569213,Y1
1.0,0.0,0.0,0.0,1.0,0.0,0.0,17.0,0.0,0,876.0,876.0,905.9163173484626,Y1
1.0,0.0,1.0,0.0,1.0,0.0,5.0,3.0,0.0,0,970.0,970.0,919.0394272690784,Y1
0.0,0.0,3.0,1.0,0.0,0.0,0.0,13.0,0.0,0,908.0,908.0,921.9577310142615,Y1
0.0,0.0,1.0,1.0,0.0,0.0,-1.0,5.0,0.0,0,925.0,925.0,913.3596800192346,Y1
1.0,0.0,2.0,0.0,1.0,0.0,0.0,8.0,0.0,0,845.0,845.0,873.7559117116522,Y1
1.0,0.0,3.0,1.0,0.0,0.0,0.0,14.0,0.0,0,839.0,839.0,879.4623226226863,Y1
1.0,0.0,3.0,0.0,1.0,0.0,0.0,8.0,0.0,0,924.0,924.0,953.5356530847183,Y1
1.0,0.0,2.0,1.0,0.0,0.0,0.0,5.0,0.0,0,901.0,901.0,939.9793706630086,Y1
1.0,0.0,2.0,1.0,0.0,1.0,0.0,8.0,0.0,0,882.0,882.0,907.1495378984292,Y1
0.0,0.0,3.0,0.0,1.0,1.0,0.0,13.0,0.0,0,976.0,976.0,982.2712514125543,Y1
1.0,0.0,1.0,1.0,0.0,1.0,0.0,7.0,0.0,0,998.0,998.0,1010.6091610464559,Y1
0.0,0.0,2.0,0.0,0.0,0.0,0.0,15.0,0.0,1,983.0,975.458083393827,983.0,Y0
0.0,0.0,0.0,1.0,0.0,1.0,0.0,20.0,0.0,0,968.0,968.0,930.6315915797062,Y1
0.0,1.0,0.0,1.0,2.0,0.0,0.0,7.0,0.0,0,889.0,889.0,934.2665686526802,Y1
1.0,0.0,7.0,0.0,0.0,0.0,0.0,5.0,0.0,1,935.0,926.4705623934971,935.0,Y0
1.0,0.0,4.0,0.0,3.0,2.0,0.0,13.0,0.0,0,902.0,902.0,965.9748480673653,Y1
1.0,0.0,3.0,1.0,0.0,0.0,-1.0,4.0,0.0,0,834.0,834.0,903.4553993224389,Y1
0.0,0.0,0.0,1.0,3.0,1.0,0.0,4.0,0.0,0,968.0,968.0,964.2550436481074,Y1
0.0,1.0,3.0,1.0,2.0,0.0,-1.0,2.0,0.0,0,773.0,773.0,761.6366841406557,Y1
1.0,0.0,3.0,0.0,1.0,0.0,0.0,8.0,0.0,0,851.0,851.0,880.5356530847183,Y1
1.0,1.0,1.0,1.0,2.0,0.0,-1.0,2.0,0.0,0,793.0,793.0,787.1822304383473,Y1
1.0,1.0,3.0,1.0,2.0,0.0,0.0,6.0,1.0,0,846.0,846.0,897.9807167715119,Y1
0.0,1.0,0.0,1.0,2.0,0.0,1.0,0.0,0.0,0,807.0,807.0,856.670905445477,Y1
1.0,0.0,2.0,1.0,3.0,1.0,0.0,12.0,0.0,0,854.0,854.0,846.9908119483412,Y1
0.0,1.0,0.0,0.0,2.0,1.0,1.0,3.0,1.0,0,892.0,892.0,963.8815948178081,Y1
1.0,0.0,0.0,0.0,0.0,2.0,0.0,6.0,0.0,1,949.0,931.0463353819948,949.0,Y0
0.0,0.0,0.0,0.0,0.0,1.0,0.0,6.0,0.0,0,1003.0,1003.0,1014.0169224773676,Y1
1.0,0.0,1.0,1.0,0.0,0.0,2.0,2.0,0.0,0,1091.0,1091.0,1065.086521849177,Y1
1.0,0.0,0.0,1.0,0.0,0.0,2.0,1.0,0.0,0,861.0,861.0,829.2215163996142,Y1
1.0,0.0,1.0,1.0,0.0,0.0,2.0,1.0,0.0,0,994.0,994.0,958.1561226907214,Y1
0.0,0.0,1.0,0.0,0.0,0.0,0.0,13.0,0.0,0,910.0,910.0,928.6149425343239,Y1
1.0,0.0,8.0,1.0,3.0,0.0,0.0,17.0,0.0,0,878.0,878.0,892.3695467359101,Y1
1.0,0.0,3.0,1.0,3.0,1.0,0.0,8.0,0.0,0,826.0,826.0,837.9460274229722,Y1
0.0,1.0,0.0,0.0,2.0,0.0,-1.0,6.0,1.0,0,1089.0,1089.0,1071.865464391064,Y1
1.0,0.0,1.0,0.0,1.0,0.0,-1.0,3.0,0.0,0,850.0,850.0,908.2481563610876,Y1
0.0,0.0,2.0,0.0,3.0,0.0,0.0,3.0,0.0,0,976.0,976.0,988.8880257216063,Y1
1.0,0.0,7.0,1.0,0.0,3.0,0.0,10.0,0.0,1,867.0,908.8220097102628,867.0,Y0
0.0,0.0,1.0,1.0,0.0,0.0,2.0,1.0,0.0,0,1020.0,1020.0,979.896994182405,Y1
0.0,0.0,1.0,0.0,0.0,1.0,0.0,12.0,0.0,0,1023.0,1023.0,1027.3256696571273,Y1
1.0,0.0,2.0,1.0,2.0,0.0,-1.0,10.0,1.0,0,948.0,948.0,943.6390080334471,Y1
0.0,1.0,3.0,1.0,0.0,2.0,0.0,6.0,0.0,1,853.0,830.6660862146526,853.0,Y0
1.0,0.0,2.0,1.0,0.0,3.0,0.0,10.0,0.0,1,873.0,876.9246344013256,873.0,Y0
0.0,0.0,3.0,1.0,2.0,0.0,0.0,9.0,0.0,1,945.0,935.8993436557694,945.0,Y0
1.0,0.0,1.0,0.0,0.0,0.0,2.0,1.0,0.0,1,867.0,900.0571704299565,867.0,Y0
0.0,0.0,1.0,0.0,1.0,0.0,1.0,14.0,0.0,0,907.0,907.0,951.7302094624778,Y1
1.0,0.0,3.0,0.0,1.0,1.0,0.0,18.0,0.0,1,940.0,905.0349594917959,940.0,Y0
1.0,0.0,3.0,0.0,0.0,0.0,0.0,10.0,0.0,0,997.0,997.0,984.8838182176753,Y1
0.0,0.0,0.0,0.0,0.0,0.0,0.0,6.0,0.0,0,1007.0,1007.0,1037.5462974639297,Y1
1.0,0.0,1.0,0.0,0.0,1.0,0.0,9.0,0.0,0,941.0,941.0,952.4907094733444,Y1
1.0,1.0,0.0,1.0,2.0,0.0,0.0,20.0,1.0,0,983.0,983.0,914.866195366876,Y1
1.0,1.0,2.0,1.0,0.0,1.0,4.0,16.0,0.0,0,877.0,877.0,833.5823877765831,Y1
1.0,0.0,2.0,1.0,0.0,1.0,4.0,16.0,0.0,0,914.0,914.0,866.2190131295637,Y1
0.0,0.0,0.0,0.0,0.0,1.0,0.0,8.0,0.0,0,849.0,849.0,859.4181571453366,Y1
0.0,1.0,3.0,1.0,2.0,0.0,0.0,6.0,0.0,1,967.0,913.8321816109097,967.0,Y0
0.0,0.0,2.0,0.0,1.0,0.0,0.0,5.0,1.0,0,1231.0,1231.0,1254.869742460518,Y1
0.0,1.0,2.0,1.0,2.0,1.0,0.0,10.0,1.0,1,887.0,909.0297093893253,887.0,Y0
0.0,0.0,3.0,1.0,1.0,0.0,0.0,10.0,0.0,1,893.0,908.8195465005044,893.0,Y0
0.0,1.0,3.0,1.0,2.0,0.0,-1.0,2.0,0.0,0,827.0,827.0,815.6366841406557,Y1
1.0,0.0,0.0,1.0,0.0,1.0,0.0,20.0,0.0,0,956.0,956.0,910.493441468791,Y1
1.0,0.0,2.0,0.0,3.0,1.0,0.0,14.0,0.0,1,1044.0,998.3235269484893,1044.0,Y0
0.0,0.0,3.0,0.0,0.0,1.0,0.0,11.0,0.0,0,939.0,939.0,944.0004902318229,Y1
0.0,0.0,0.0,0.0,0.0,0.0,-1.0,4.0,0.0,0,960.0,960.0,1010.3750807819598,Y1
1.0,0.0,0.0,0.0,1.0,1.0,0.0,8.0,0.0,1,955.0,939.020455342869,955.0,Y0
0.0,0.0,0.0,1.0,0.0,1.0,0.0,8.0,0.0,0,912.0,912.0,927.7258915746736,Y1
0.0,0.0,4.0,1.0,0.0,0.0,0.0,11.0,0.0,0,844.0,844.0,857.3892529794236,Y1
1.0,0.0,3.0,0.0,0.0,1.0,0.0,8.0,0.0,0,868.0,868.0,898.2896955528411,Y1
1.0,0.0,2.0,1.0,0.0,1.0,0.0,6.0,0.0,0,1028.0,1028.0,1054.471651152921,Y1
0.0,0.0,2.0,1.0,0.0,0.0,0.0,12.0,0.0,0,959.0,959.0,969.1499824210478,Y1
0.0,0.0,0.0,0.0,1.0,0.0,0.0,16.0,0.0,0,925.0,925.0,953.351837260755,Y1
1.0,1.0,2.0,1.0,2.0,1.0,0.0,17.0,0.0,0,813.0,813.0,834.220755383646,Y1
1.0,1.0,3.0,1.0,2.0,0.0,0.0,3.0,1.0,0,868.0,868.0,963.287388235429,Y1
1.0,0.0,3.0,0.0,3.0,1.0,0.0,12.0,0.0,1,817.0,822.0658717686795,817.0,Y0
1.0,0.0,2.0,0.0,1.0,0.0,0.0,17.0,0.0,0,986.0,986.0,1009.9739508465186,Y1
0.0,0.0,0.0,1.0,0.0,1.0,0.0,6.0,0.0,1,963.0,946.6594252112654,963.0,Y0
1.0,0.0,3.0,0.0,0.0,1.0,0.0,17.0,0.0,0,931.0,931.0,952.3919950671954,Y1
1.0,0.0,1.0,0.0,0.0,1.0,0.0,13.0,0.0,0,922.0,922.0,934.2353371681786,Y1
1.0,0.0,3.0,0.0,3.0,0.0,0.0,21.0,0.0,1,832.0,835.5613550888146,832.0,Y0
1.0,0.0,2.0,0.0,3.0,0.0,0.0,5.0,0.0,0,915.0,915.0,940.7993081345273,Y1
1.0,1.0,3.0,1.0,2.0,0.0,2.0,2.0,0.0,1,810.0,802.7437783080876,810.0,Y0
0.0,1.0,3.0,1.0,0.0,0.0,0.0,10.0,0.0,0,931.0,931.0,924.0598794381987,Y1
0.0,0.0,0.0,0.0,0.0,0.0,0.0,11.0,0.0,0,955.0,955.0,972.2063189607943,Y1
1.0,1.0,3.0,1.0,2.0,1.0,0.0,6.0,0.0,1,904.0,869.3242124236765,904.0,Y0
0.0,0.0,9.0,0.0,0.0,1.0,0.0,5.0,0.0,0,895.0,895.0,905.9412911222128,Y1
0.0,0.0,1.0,0.0,1.0,0.0,0.0,11.0,0.0,1,890.0,879.246592380943,890.0,Y0
0.0,1.0,0.0,0.0,2.0,0.0,0.0,5.0,0.0,1,1023.0,975.1550498361719,1023.0,Y0
0.0,0.0,0.0,0.0,0.0,0.0,0.0,11.0,0.0,0,1001.0,1001.0,1018.2063189607943,Y1
0.0,1.0,2.0,1.0,2.0,1.0,0.0,8.0,0.0,1,782.0,760.3297730769193,782.0,Y0
0.0,0.0,2.0,0.0,1.0,1.0,0.0,15.0,1.0,0,941.0,941.0,962.8761129756468,Y1
0.0,0.0,0.0,0.0,0.0,1.0,0.0,3.0,0.0,0,847.0,847.0,878.8462377113565,Y1
1.0,0.0,2.0,1.0,0.0,0.0,0.0,6.0,0.0,0,879.0,879.0,919.9753318077364,Y1
1.0,1.0,3.0,1.0,1.0,1.0,0.0,13.0,0.0,0,868.0,868.0,874.5052596603431,Y1
1.0,0.0,2.0,0.0,1.0,1.0,1.0,8.0,0.0,1,957.0,912.8638257296526,957.0,Y0
0.0,0.0,0.0,0.0,0.0,1.0,0.0,11.0,0.0,0,892.0,892.0,900.5267487497348,Y1
1.0,0.0,0.0,0.0,1.0,1.0,0.0,8.0,0.0,0,898.0,898.0,913.979544657131,Y1
1.0,0.0,0.0,1.0,2.0,0.0,0.0,9.0,0.0,1,839.0,827.4012222194458,839.0,Y0
1.0,1.0,2.0,1.0,2.0,0.0,0.0,6.0,0.0,0,937.0,937.0,993.4398474602073,Y1
0.0,0.0,2.0,0.0,0.0,1.0,0.0,13.0,0.0,0,960.0,960.0,968.0282938068814,Y1
0.0,0.0,2.0,1.0,3.0,1.0,0.0,7.0,0.0,1,954.0,959.6528637867899,954.0,Y0
0.0,0.0,2.0,0.0,0.0,0.0,1.0,0.0,0.0,0,1033.0,1033.0,1032.685631649601,Y1
1.0,0.0,2.0,0.0,0.0,1.0,0.0,8.0,0.0,0,903.0,903.0,932.5775554428288,Y1
1.0,1.0,0.0,1.0,2.0,0.0,-1.0,2.0,0.0,0,938.0,938.0,921.9967989180662,Y1
1.0,0.0,3.0,1.0,1.0,0.0,1.0,0.0,0.0,0,824.0,824.0,893.8790082214879,Y1
1.0,1.0,3.0,0.0,1.0,1.0,0.0,10.0,0.0,0,888.0,888.0,877.7720474732998,Y1
1.0,0.0,2.0,0.0,0.0,1.0,0.0,9.0,0.0,1,1051.0,1036.9230338282732,1051.0,Y0
1.0,1.0,4.0,1.0,2.0,1.0,0.0,22.0,0.0,0,891.0,891.0,885.5354825899028,Y1
0.0,0.0,3.0,0.0,0.0,0.0,0.0,19.0,0.0,1,899.0,941.772447671135,899.0,Y0
0.0,1.0,0.0,1.0,2.0,0.0,-1.0,2.0,0.0,0,847.0,847.0,825.6906705333395,Y1
0.0,1.0,2.0,1.0,2.0,0.0,-1.0,2.0,0.0,0,810.0,810.0,797.8243119429192,Y1
0.0,1.0,3.0,1.0,2.0,0.0,0.0,5.0,1.0,0,816.0,816.0,870.8231673239487,Y1
0.0,1.0,3.0,1.0,2.0,0.0,0.0,3.0,1.0,1,906.0,815.4813227671924,906.0,Y0
1.0,0.0,0.0,0.0,0.0,0.0,0.0,8.0,0.0,1,973.0,940.1451455643527,973.0,Y0
1.0,0.0,3.0,0.0,0.0,1.0,0.0,6.0,0.0,1,834.0,801.7708174555763,834.0,Y0
1.0,0.0,7.0,0.0,3.0,0.0,0.0,11.0,0.0,1,868.0,912.8975865539045,868.0,Y0
1.0,0.0,3.0,0.0,0.0,1.0,0.0,12.0,0.0,0,1002.0,1002.0,1009.3050130252085,Y1
1.0,0.0,1.0,1.0,0.0,1.0,0.0,8.0,0.0,0,1030.0,1030.0,1052.5557779336302,Y1
1.0,0.0,2.0,1.0,0.0,0.0,1.0,0.0,0.0,0,834.0,834.0,897.7888690070496,Y1
0.0,1.0,1.0,1.0,1.0,0.0,-1.0,3.0,0.0,1,991.0,920.3702509530465,991.0,Y0
1.0,0.0,1.0,0.0,3.0,0.0,0.0,14.0,0.0,0,954.0,954.0,998.510539901845,Y1
0.0,0.0,3.0,0.0,1.0,0.0,0.0,16.0,0.0,0,944.0,944.0,965.5984566783535,Y1
1.0,0.0,3.0,0.0,0.0,1.0,0.0,13.0,0.0,0,888.0,888.0,898.1302480598961,Y1
1.0,0.0,2.0,1.0,0.0,0.0,0.0,20.0,0.0,1,920.0,958.5725621108952,920.0,Y0
0.0,1.0,4.0,1.0,2.0,0.0,1.0,0.0,0.0,0,862.0,862.0,915.8209337255763,Y1
1.0,0.0,0.0,0.0,0.0,1.0,0.0,12.0,0.0,0,967.0,967.0,970.724350904868,Y1
0.0,0.0,3.0,0.0,0.0,0.0,0.0,9.0,0.0,1,959.0,952.1660864913537,959.0,Y0
1.0,0.0,2.0,0.0,1.0,0.0,1.0,0.0,0.0,0,862.0,862.0,933.090471014886,Y1
1.0,1.0,3.0,1.0,2.0,2.0,0.0,8.0,0.0,0,825.0,825.0,865.1516993731776,Y1
0.0,1.0,2.0,1.0,2.0,0.0,2.0,0.0,0.0,0,827.0,827.0,863.4821826570616,Y1
1.0,0.0,1.0,0.0,0.0,0.0,0.0,27.0,0.0,1,1026.0,955.2961246159512,1026.0,Y0
0.0,1.0,2.0,1.0,2.0,0.0,2.0,2.0,0.0,1,994.0,991.9435429499287,994.0,Y0
0.0,1.0,3.0,1.0,2.0,0.0,0.0,24.0,1.0,0,974.0,974.0,920.2958902840235,Y1
0.0,0.0,0.0,0.0,1.0,1.0,0.0,12.0,0.0,0,1074.0,1074.0,1074.3839825477116,Y1
0.0,0.0,3.0,0.0,0.0,1.0,0.0,8.0,1.0,0,893.0,893.0,917.0703369455326,Y1
1.0,0.0,2.0,1.0,3.0,0.0,0.0,8.0,0.0,0,863.0,863.0,871.1399505949042,Y1
1.0,1.0,0.0,1.0,1.0,0.0,0.0,0.0,0.0,0,797.0,797.0,880.2653531365371,Y1
0.0,0.0,1.0,0.0,0.0,0.0,3.0,9.0,0.0,0,1206.0,1206.0,1152.3360070310289,Y1
1.0,1.0,0.0,1.0,2.0,0.0,0.0,10.0,1.0,0,993.0,993.0,971.2186122277664,Y1
0.0,0.0,1.0,1.0,0.0,0.0,0.0,12.0,0.0,0,971.0,971.0,987.7441675473516,Y1
1.0,1.0,1.0,1.0,2.0,1.0,0.0,15.0,1.0,0,831.0,831.0,850.4713631485673,Y1
1.0,0.0,3.0,0.0,0.0,0.0,-1.0,9.0,0.0,0,935.0,935.0,909.1078151686562,Y1
0.0,0.0,0.0,0.0,0.0,0.0,0.0,3.0,0.0,0,989.0,989.0,1031.9273052859946,Y1
1.0,0.0,1.0,0.0,1.0,0.0,1.0,14.0,0.0,0,893.0,893.0,939.104443193372,Y1
1.0,1.0,0.0,1.0,2.0,0.0,-1.0,6.0,1.0,0,1092.0,1092.0,1094.0682502727257,Y1
0.0,0.0,2.0,1.0,0.0,1.0,0.0,10.0,0.0,0,945.0,945.0,933.1326941233428,Y1
0.0,1.0,2.0,1.0,2.0,1.0,1.0,3.0,1.0,0,863.0,863.0,941.3307385542165,Y1
1.0,0.0,3.0,0.0,2.0,0.0,0.0,9.0,0.0,1,819.0,806.2606461890855,819.0,Y0
0.0,0.0,0.0,0.0,1.0,0.0,0.0,12.0,0.0,0,890.0,890.0,898.6775926841791,Y1
1.0,0.0,0.0,0.0,1.0,0.0,2.0,1.0,0.0,0,951.0,951.0,925.6267403309306,Y1
0.0,1.0,2.0,1.0,2.0,0.0,0.0,6.0,0.0,0,795.0,795.0,848.012529890326,Y1
1.0,0.0,9.0,0.0,1.0,0.0,2.0,1.0,0.0,0,1052.0,1052.0,1003.9919877750059,Y1
1.0,1.0,3.0,0.0,1.0,0.0,0.0,11.0,1.0,1,829.0,836.5709875447286,829.0,Y0
0.0,0.0,3.0,0.0,0.0,0.0,0.0,15.0,0.0,1,919.0,911.4012033421686,919.0,Y0
1.0,0.0,0.0,1.0,0.0,0.0,0.0,10.0,0.0,0,992.0,992.0,981.4033108968606,Y1
0.0,0.0,1.0,0.0,0.0,3.0,0.0,10.0,0.0,1,928.0,932.7915204620141,928.0,Y0
1.0,0.0,3.0,0.0,1.0,1.0,4.0,15.0,0.0,0,896.0,896.0,875.34806808296,Y1
0.0,1.0,3.0,1.0,2.0,0.0,0.0,7.0,0.0,0,871.0,871.0,918.1532385661274,Y1
0.0,1.0,2.0,0.0,2.0,1.0,0.0,17.0,0.0,0,892.0,892.0,915.699478926618,Y1
1.0,0.0,2.0,0.0,0.0,1.0,0.0,13.0,0.0,0,1021.0,1021.0,1031.1102254765594,Y1
0.0,1.0,3.0,1.0,2.0,0.0,0.0,11.0,0.0,1,934.0,922.6748977684954,934.0,Y0
1.0,0.0,0.0,1.0,0.0,1.0,0.0,10.0,0.0,0,849.0,849.0,831.8626959306927,Y1
0.0,0.0,0.0,1.0,0.0,1.0,0.0,13.0,0.0,0,865.0,865.0,878.1211780188661,Y1
1.0,0.0,3.0,1.0,0.0,1.0,0.0,11.0,0.0,0,841.0,841.0,848.1979330491583,Y1
0.0,1.0,0.0,1.0,2.0,0.0,0.0,6.0,1.0,1,1003.0,954.9885065063525,1003.0,Y0
0.0,0.0,4.0,1.0,0.0,0.0,2.0,3.0,1.0,0,804.0,804.0,785.0197017267736,Y1
0.0,0.0,0.0,0.0,0.0,1.0,0.0,13.0,0.0,0,964.0,964.0,976.1320538594146,Y1
0.0,0.0,1.0,0.0,0.0,0.0,0.0,11.0,0.0,0,900.0,900.0,917.0160821901305,Y1
0.0,1.0,2.0,1.0,2.0,1.0,0.0,22.0,0.0,0,863.0,863.0,859.9693084257311,Y1
0.0,0.0,0.0,0.0,0.0,0.0,0.0,10.0,0.0,0,899.0,899.0,887.4063787824043,Y1
0.0,1.0,2.0,1.0,2.0,0.0,0.0,10.0,1.0,0,971.0,971.0,947.0274446789928,Y1
0.0,0.0,3.0,0.0,1.0,1.0,0.0,12.0,0.0,0,928.0,928.0,925.6193313917436,Y1
1.0,1.0,0.0,1.0,3.0,0.0,0.0,5.0,0.0,0,929.0,929.0,961.5073204030429,Y1
1.0,0.0,0.0,0.0,0.0,0.0,0.0,12.0,0.0,0,850.0,850.0,866.5892637546882,Y1
0.0,0.0,3.0,0.0,0.0,0.0,0.0,19.0,0.0,0,1016.0,1016.0,973.227552328865,Y1
1.0,0.0,2.0,1.0,0.0,1.0,0.0,21.0,0.0,0,969.0,969.0,966.0728683669239,Y1
1.0,0.0,2.0,0.0,0.0,0.0,0.0,14.0,0.0,0,939.0,939.0,980.8033097220463,Y1
0.0,0.0,7.0,0.0,0.0,0.0,0.0,19.0,0.0,1,835.0,945.3718742250944,835.0,Y0
0.0,1.0,0.0,0.0,1.0,0.0,1.0,0.0,0.0,1,882.0,845.2665156557964,882.0,Y0
1.0,1.0,2.0,1.0,2.0,1.0,1.0,3.0,1.0,0,878.0,878.0,962.6436208835205,Y1
0.0,1.0,2.0,1.0,2.0,1.0,0.0,11.0,1.0,0,844.0,844.0,836.0265052295805,Y1
0.0,1.0,1.0,1.0,2.0,0.0,0.0,10.0,1.0,0,928.0,928.0,907.0873888899199,Y1
1.0,1.0,0.0,1.0,1.0,0.0,-1.0,5.0,0.0,1,847.0,853.36361764852,847.0,Y0
0.0,0.0,0.0,0.0,3.0,0.0,0.0,5.0,0.0,0,1012.0,1012.0,1020.9869634075255,Y1
0.0,0.0,0.0,1.0,0.0,1.0,0.0,8.0,0.0,0,869.0,869.0,884.7258915746736,Y1
0.0,1.0,2.0,0.0,3.0,0.0,1.0,0.0,0.0,0,866.0,866.0,868.7411969997713,Y1
1.0,0.0,0.0,0.0,0.0,0.0,0.0,20.0,0.0,1,1017.0,1052.5673666386958,1017.0,Y0
1.0,1.0,0.0,1.0,0.0,1.0,0.0,15.0,0.0,0,839.0,839.0,841.8924516000221,Y1
1.0,0.0,2.0,0.0,0.0,1.0,0.0,11.0,0.0,0,1136.0,1136.0,1145.2532285596426,Y1
1.0,0.0,3.0,0.0,0.0,1.0,0.0,13.0,0.0,0,936.0,936.0,946.1302480598961,Y1
0.0,1.0,3.0,1.0,1.0,0.0,0.0,3.0,0.0,1,850.0,779.1840861743696,850.0,Y0
0.0,0.0,2.0,0.0,3.0,0.0,0.0,5.0,0.0,0,1004.0,1004.0,1015.710400066137,Y1
1.0,0.0,0.0,1.0,0.0,0.0,0.0,10.0,0.0,0,871.0,871.0,860.4033108968606,Y1
1.0,0.0,2.0,1.0,3.0,1.0,0.0,4.0,0.0,0,973.0,973.0,986.8151754450462,Y1
1.0,0.0,3.0,1.0,3.0,1.0,0.0,17.0,0.0,1,919.0,880.1377722491056,919.0,Y0
1.0,1.0,2.0,1.0,2.0,0.0,-1.0,3.0,0.0,1,907.0,865.208646412166,907.0,Y0
1.0,1.0,0.0,0.0,2.0,0.0,0.0,11.0,0.0,0,915.0,915.0,932.3453770380967,Y1
0.0,1.0,1.0,1.0,0.0,0.0,0.0,8.0,0.0,1,800.0,766.5793673973917,800.0,Y0
0.0,1.0,0.0,1.0,1.0,0.0,1.0,14.0,0.0,0,899.0,899.0,941.0774055956626,Y1
0.0,0.0,3.0,1.0,0.0,0.0,0.0,13.0,0.0,0,879.0,879.0,892.9577310142615,Y1
1.0,0.0,1.0,0.0,0.0,1.0,0.0,13.0,0.0,0,892.0,892.0,904.2353371681786,Y1
0.0,3.0,1.0,0.0,0.0,2.0,0.0,12.0,0.0,0,1002.0,1002.0,1082.712879447627,Y1
1.0,1.0,3.0,1.0,2.0,0.0,0.0,6.0,1.0,1,839.0,787.0192832284881,839.0,Y0
0.0,0.0,3.0,0.0,0.0,0.0,0.0,20.0,0.0,0,945.0,945.0,896.4840165570445,Y1
0.0,0.0,0.0,0.0,0.0,0.0,-1.0,12.0,0.0,1,836.0,857.1286098195302,836.0,Y0
1.0,1.0,2.0,1.0,2.0,0.0,2.0,1.0,0.0,1,923.0,941.372259659125,923.0,Y0
1.0,1.0,3.0,1.0,2.0,0.0,-1.0,9.0,1.0,0,848.0,848.0,835.3611309813624,Y1
0.0,0.0,1.0,0.0,0.0,0.0,0.0,3.0,0.0,0,820.0,820.0,863.4196873540833,Y1
0.0,1.0,0.0,1.0,2.0,0.0,0.0,9.0,0.0,0,847.0,847.0,861.8706360747227,Y1
0.0,0.0,2.0,1.0,0.0,0.0,0.0,27.0,0.0,1,929.0,904.0466962384571,929.0,Y0
0.0,0.0,3.0,0.0,0.0,1.0,0.0,7.0,0.0,0,997.0,997.0,1002.5825479822198,Y1
0.0,0.0,2.0,0.0,0.0,1.0,0.0,12.0,0.0,0,961.0,961.0,964.4469772019967,Y1
1.0,1.0,3.0,1.0,3.0,1.0,0.0,6.0,0.0,0,824.0,824.0,840.536886918386,Y1
0.0,1.0,1.0,1.0,2.0,0.0,0.0,10.0,1.0,0,973.0,973.0,952.0873888899199,Y1
1.0,0.0,2.0,0.0,0.0,0.0,0.0,8.0,0.0,1,917.0,885.9607240192254,917.0,Y0
1.0,1.0,3.0,1.0,2.0,0.0,-1.0,2.0,0.0,0,857.0,857.0,851.0010620665229,Y1
1.0,0.0,7.0,1.0,0.0,0.0,0.0,4.0,0.0,1,878.0,840.1880239544353,878.0,Y0
1.0,0.0,4.0,0.0,1.0,0.0,0.0,5.0,1.0,0,904.0,904.0,941.8258229887145,Y1
0.0,1.0,3.0,1.0,2.0,0.0,0.0,12.0,1.0,0,999.0,999.0,989.4657443769529,Y1
1.0,1.0,3.0,1.0,2.0,0.0,2.0,0.0,0.0,0,777.0,777.0,859.9982294458339,Y1
0.0,0.0,1.0,0.0,0.0,1.0,0.0,13.0,0.0,0,878.0,878.0,888.1737799658044,Y1
0.0,0.0,3.0,0.0,0.0,0.0,0.0,16.0,0.0,0,956.0,956.0,976.0015073605964,Y1
1.0,0.0,2.0,0.0,0.0,1.0,0.0,13.0,0.0,1,930.0,919.8897745234405,930.0,Y0
0.0,0.0,0.0,0.0,1.0,0.0,0.0,5.0,1.0,0,958.0,958.0,981.0090887555754,Y1
1.0,0.0,0.0,0.0,0.0,0.0,0.0,22.0,0.0,1,1017.0,993.564575103702,1017.0,Y0
0.0,1.0,3.0,1.0,2.0,0.0,2.0,2.0,0.0,1,891.0,888.3110022043039,891.0,Y0
1.0,0.0,0.0,0.0,0.0,1.0,0.0,6.0,0.0,1,951.0,930.5161346367046,951.0,Y0
1.0,0.0,2.0,1.0,1.0,0.0,-1.0,0.0,0.0,1,915.0,875.0986145554627,915.0,Y0
0.0,0.0,0.0,0.0,0.0,0.0,0.0,19.0,0.0,0,947.0,947.0,911.9023754289858,Y1
1.0,0.0,3.0,1.0,3.0,0.0,1.0,0.0,0.0,0,940.0,940.0,976.7555733306276,Y1
1.0,1.0,2.0,1.0,2.0,1.0,2.0,24.0,0.0,0,1031.0,1031.0,971.8578017624255,Y1
1.0,1.0,3.0,1.0,2.0,0.0,0.0,10.0,1.0,0,950.0,950.0,925.4475493001792,Y1
0.0,0.0,0.0,0.0,3.0,1.0,0.0,4.0,0.0,0,894.0,894.0,884.9582069266824,Y1
1.0,1.0,3.0,1.0,2.0,0.0,-1.0,3.0,0.0,1,842.0,799.9741923028794,842.0,Y0
1.0,0.0,2.0,1.0,0.0,0.0,2.0,2.0,0.0,0,912.0,912.0,886.7175437391647,Y1
1.0,1.0,1.0,1.0,0.0,1.0,0.0,8.0,0.0,0,926.0,926.0,949.2616662660099,Y1
0.0,0.0,2.0,0.0,0.0,0.0,-1.0,1.0,0.0,1,837.0,846.6456883540251,837.0,Y0
0.0,1.0,3.0,1.0,2.0,0.0,0.0,11.0,0.0,0,817.0,817.0,828.3251022315046,Y1
1.0,1.0,1.0,1.0,2.0,0.0,0.0,14.0,0.0,1,850.0,815.7997746884852,850.0,Y0
1.0,1.0,2.0,1.0,2.0,0.0,0.0,12.0,1.0,0,928.0,928.0,917.5290278704216,Y1
0.0,0.0,3.0,0.0,3.0,0.0,0.0,14.0,0.0,1,1063.0,1026.1250454334834,1063.0,Y0
1.0,0.0,0.0,0.0,0.0,0.0,0.0,13.0,0.0,0,921.0,921.0,939.6299906468437,Y1
0.0,0.0,15.0,0.0,0.0,0.0,0.0,8.0,0.0,0,903.0,903.0,986.7403747285839,Y1
0.0,1.0,2.0,0.0,1.0,1.0,0.0,12.0,0.0,1,868.0,868.7009903414713,868.0,Y0
1.0,1.0,1.0,1.0,3.0,0.0,-1.0,11.0,0.0,0,884.0,884.0,826.8823751501859,Y1
1.0,0.0,1.0,1.0,0.0,0.0,0.0,13.0,0.0,0,912.0,912.0,929.6955284911661,Y1
0.0,0.0,1.0,1.0,3.0,0.0,0.0,5.0,0.0,0,896.0,896.0,911.9930671318887,Y1
0.0,1.0,2.0,1.0,2.0,0.0,2.0,2.0,0.0,1,1014.0,1011.9435429499287,1014.0,Y0
0.0,0.0,0.0,0.0,3.0,2.0,0.0,13.0,0.0,0,878.0,878.0,943.4970263723404,Y1
0.0,0.0,0.0,1.0,3.0,0.0,1.0,0.0,0.0,0,878.0,878.0,867.9693994969259,Y1
0.0,0.0,1.0,0.0,3.0,1.0,0.0,4.0,0.0,0,919.0,919.0,912.5737550859432,Y1
1.0,0.0,0.0,0.0,3.0,0.0,0.0,5.0,0.0,0,852.0,852.0,875.0470504139089,Y1
1.0,0.0,2.0,1.0,0.0,1.0,0.0,12.0,0.0,0,991.0,991.0,996.2459582017722,Y1
0.0,1.0,0.0,1.0,2.0,0.0,-1.0,2.0,0.0,0,837.0,837.0,815.6906705333395,Y1
1.0,0.0,0.0,0.0,1.0,2.0,0.0,13.0,0.0,0,931.0,931.0,963.3148685009519,Y1
1.0,1.0,0.0,1.0,3.0,0.0,-1.0,11.0,0.0,0,998.0,998.0,927.0911979580698,Y1
1.0,0.0,3.0,1.0,0.0,1.0,0.0,9.0,0.0,0,851.0,851.0,861.8288715659723,Y1
0.0,1.0,1.0,1.0,2.0,1.0,4.0,12.0,0.0,1,837.0,900.9367127317526,837.0,Y0
1.0,1.0,2.0,1.0,2.0,0.0,-1.0,10.0,1.0,0,825.0,825.0,823.0385266136782,Y1
0.0,0.0,3.0,0.0,3.0,1.0,0.0,12.0,0.0,1,860.0,869.4772949365865,860.0,Y0
1.0,0.0,1.0,1.0,0.0,0.0,0.0,13.0,0.0,0,900.0,900.0,917.6955284911661,Y1
0.0,1.0,0.0,1.0,2.0,1.0,0.0,5.0,0.0,0,882.0,882.0,903.4176798787868,Y1
1.0,1.0,3.0,1.0,2.0,0.0,0.0,6.0,1.0,0,918.0,918.0,969.9807167715119,Y1
0.0,1.0,1.0,1.0,2.0,0.0,0.0,7.0,0.0,0,939.0,939.0,985.5772699909841,Y1
1.0,0.0,2.0,0.0,0.0,1.0,0.0,11.0,0.0,0,1033.0,1033.0,1042.2532285596426,Y1
1.0,1.0,2.0,1.0,3.0,2.0,0.0,13.0,0.0,0,865.0,865.0,926.908184199069,Y1
1.0,0.0,0.0,1.0,1.0,0.0,-1.0,0.0,0.0,0,879.0,879.0,917.9724892194268,Y1
0.0,1.0,3.0,1.0,2.0,0.0,0.0,5.0,1.0,0,857.0,857.0,911.8231673239487,Y1
1.0,0.0,3.0,0.0,0.0,0.0,0.0,14.0,0.0,0,945.0,945.0,986.7368289944133,Y1
1.0,0.0,3.0,0.0,3.0,0.0,0.0,11.0,0.0,1,826.0,834.6619705408935,826.0,Y0
0.0,1.0,0.0,0.0,0.0,1.0,0.0,8.0,0.0,0,958.0,958.0,968.4826206163214,Y1
0.0,0.0,1.0,0.0,0.0,0.0,0.0,11.0,0.0,1,1148.0,1130.9839178098694,1148.0,Y0
0.0,0.0,2.0,1.0,0.0,0.0,0.0,9.0,0.0,0,915.0,915.0,925.191092273613,Y1
0.0,0.0,2.0,0.0,0.0,3.0,3.0,8.0,0.0,1,1043.0,1070.8460977184016,1043.0,Y0
0.0,1.0,2.0,1.0,3.0,0.0,0.0,17.0,0.0,0,827.0,827.0,858.9460460746355,Y1
1.0,1.0,3.0,1.0,2.0,0.0,2.0,1.0,1.0,0,847.0,847.0,832.6155224660966,Y1
0.0,1.0,1.0,1.0,2.0,0.0,-1.0,6.0,1.0,0,1026.0,1026.0,1027.8897394502076,Y1
0.0,0.0,1.0,0.0,2.0,0.0,0.0,9.0,0.0,0,891.0,891.0,898.0694868635118,Y1
1.0,0.0,2.0,0.0,1.0,0.0,0.0,11.0,0.0,1,907.0,900.6927440173697,907.0,Y0
1.0,0.0,0.0,1.0,0.0,0.0,0.0,20.0,0.0,0,929.0,929.0,896.2172737992406,Y1
1.0,0.0,0.0,0.0,1.0,1.0,0.0,8.0,0.0,0,979.0,979.0,994.979544657131,Y1
1.0,1.0,3.0,1.0,1.0,0.0,0.0,5.0,1.0,0,928.0,928.0,973.5827773336282,Y1
0.0,0.0,3.0,1.0,1.0,0.0,-1.0,3.0,0.0,1,899.0,848.8940412219802,899.0,Y0
0.0,0.0,3.0,1.0,0.0,1.0,0.0,6.0,0.0,1,863.0,841.6563087733359,863.0,Y0
0.0,0.0,0.0,0.0,0.0,1.0,0.0,6.0,0.0,0,901.0,901.0,912.0169224773676,Y1
0.0,0.0,1.0,0.0,1.0,1.0,0.0,14.0,0.0,0,1012.0,1012.0,1044.0549100079618,Y1
0.0,1.0,3.0,1.0,2.0,0.0,-1.0,14.0,1.0,1,868.0,862.1741608899769,868.0,Y0
1.0,1.0,0.0,1.0,2.0,1.0,0.0,6.0,0.0,1,817.0,794.2856702571411,817.0,Y0
0.0,0.0,0.0,0.0,0.0,1.0,0.0,8.0,0.0,1,934.0,923.5818428546634,934.0,Y0
1.0,0.0,1.0,0.0,1.0,1.0,0.0,22.0,0.0,0,920.0,920.0,936.6170528971141,Y1
0.0,1.0,0.0,0.0,1.0,0.0,-1.0,12.0,1.0,0,869.0,869.0,849.9870478031589,Y1
1.0,0.0,2.0,1.0,0.0,1.0,0.0,5.0,0.0,0,890.0,890.0,913.0508186975277,Y1
1.0,0.0,3.0,0.0,1.0,0.0,0.0,16.0,1.0,1,1105.0,1098.1353436403454,1105.0,Y0
0.0,0.0,1.0,1.0,0.0,0.0,0.0,4.0,0.0,1,1026.0,965.5693194915413,1026.0,Y0
1.0,0.0,2.0,0.0,1.0,0.0,1.0,14.0,0.0,0,875.0,875.0,918.7639879077352,Y1
1.0,0.0,1.0,1.0,0.0,0.0,0.0,19.0,0.0,1,956.0,993.2340637753135,956.0,Y0
1.0,0.0,1.0,1.0,0.0,0.0,0.0,8.0,0.0,1,872.0,842.5262021823954,872.0,Y0
1.0,1.0,2.0,1.0,2.0,0.0,2.0,0.0,0.0,0,855.0,855.0,932.7192645022135,Y1
1.0,0.0,3.0,1.0,0.0,0.0,0.0,13.0,0.0,0,868.0,868.0,879.0725475384746,Y1
0.0,1.0,1.0,0.0,2.0,1.0,0.0,8.0,0.0,1,983.0,968.2208807123765,983.0,Y0
1.0,0.0,0.0,1.0,0.0,1.0,4.0,16.0,0.0,0,1013.0,1013.0,959.6032270498167,Y1
1.0,0.0,0.0,0.0,0.0,1.0,0.0,5.0,0.0,0,889.0,889.0,906.8616123794187,Y1
1.0,0.0,0.0,0.0,0.0,1.0,0.0,6.0,0.0,0,842.0,842.0,862.4838653632954,Y1
1.0,1.0,8.0,1.0,0.0,1.0,0.0,15.0,0.0,0,943.0,943.0,947.9527569010426,Y1
0.0,0.0,3.0,0.0,3.0,1.0,0.0,7.0,0.0,1,917.0,927.8793546895432,917.0,Y0
0.0,0.0,1.0,0.0,0.0,1.0,0.0,12.0,0.0,0,918.0,918.0,922.3256696571272,Y1
0.0,0.0,2.0,0.0,1.0,1.0,0.0,12.0,0.0,0,905.0,905.0,902.6110119052414,Y1
0.0,0.0,1.0,0.0,1.0,0.0,0.0,0.0,0.0,0,943.0,943.0,939.432887979194,Y1
0.0,1.0,0.0,1.0,2.0,0.0,0.0,11.0,0.0,0,848.0,848.0,865.708889596341,Y1
0.0,0.0,1.0,1.0,0.0,0.0,0.0,6.0,0.0,1,861.0,823.9744973475146,861.0,Y0
1.0,1.0,3.0,1.0,1.0,0.0,2.0,1.0,1.0,0,871.0,871.0,853.6807246593924,Y1
0.0,1.0,2.0,1.0,2.0,0.0,0.0,16.0,1.0,0,970.0,970.0,977.0861072809273,Y1
0.0,0.0,3.0,1.0,0.0,1.0,0.0,12.0,0.0,1,863.0,858.23664976239,863.0,Y0
1.0,0.0,0.0,1.0,0.0,0.0,0.0,4.0,0.0,0,856.0,856.0,927.0234470001948,Y1
1.0,0.0,2.0,0.0,1.0,0.0,0.0,3.0,0.0,0,859.0,859.0,915.9723101436977,Y1
0.0,1.0,3.0,1.0,1.0,0.0,-1.0,4.0,0.0,0,958.0,958.0,1023.494817753228,Y1
0.0,0.0,3.0,0.0,1.0,0.0,0.0,17.0,0.0,0,894.0,894.0,917.2066680412482,Y1
0.0,1.0,1.0,1.0,2.0,0.0,0.0,11.0,0.0,0,849.0,849.0,867.3086225631203,Y1
0.0,0.0,3.0,1.0,0.0,0.0,0.0,13.0,0.0,0,815.0,815.0,828.9577310142615,Y1
0.0,0.0,3.0,0.0,0.0,1.0,0.0,6.0,0.0,0,988.0,988.0,1005.150513079506,Y1
0.0,0.0,3.0,0.0,0.0,0.0,0.0,10.0,0.0,0,962.0,962.0,947.166111350182,Y1
0.0,0.0,9.0,1.0,0.0,1.0,0.0,13.0,0.0,0,892.0,892.0,914.9605172884907,Y1
0.0,1.0,0.0,1.0,2.0,1.0,0.0,8.0,0.0,1,872.0,856.508892671699,872.0,Y0
1.0,0.0,1.0,0.0,1.0,0.0,-1.0,5.0,0.0,1,914.0,921.960494353931,914.0,Y0
1.0,0.0,3.0,0.0,0.0,0.0,0.0,4.0,0.0,1,1104.0,1029.8885960504933,1104.0,Y0
1.0,0.0,2.0,0.0,0.0,1.0,0.0,3.0,0.0,0,812.0,812.0,864.012735498737,Y1
1.0,0.0,2.0,1.0,0.0,1.0,0.0,8.0,0.0,0,884.0,884.0,909.1495378984292,Y1
1.0,1.0,1.0,1.0,0.0,0.0,0.0,15.0,0.0,1,886.0,874.49681438657,886.0,Y0
0.0,0.0,8.0,1.0,0.0,3.0,0.0,14.0,0.0,1,1012.0,941.811263706156,1012.0,Y0
0.0,0.0,1.0,1.0,0.0,1.0,0.0,13.0,0.0,0,915.0,915.0,925.581042010768,Y1
1.0,0.0,1.0,0.0,0.0,1.0,0.0,4.0,0.0,0,869.0,869.0,928.6581079242791,Y1
1.0,0.0,0.0,0.0,0.0,1.0,0.0,12.0,0.0,1,1102.0,1098.275649095132,1102.0,Y0
0.0,0.0,2.0,0.0,0.0,0.0,3.0,27.0,0.0,0,869.0,869.0,889.6064975760611,Y1
0.0,0.0,0.0,-1.0,0.0,1.0,0.0,13.0,-1.0,0,1043.0,1043.0,958.2460389715429,Y1
0.0,1.0,2.0,0.0,1.0,0.0,0.0,6.0,0.0,0,856.0,856.0,901.3174544477042,Y1
1.0,0.0,3.0,0.0,0.0,1.0,0.0,12.0,0.0,0,959.0,959.0,966.3050130252085,Y1
0.0,0.0,0.0,0.0,0.0,0.0,0.0,8.0,0.0,1,911.0,890.3732906325217,911.0,Y0
0.0,1.0,2.0,1.0,2.0,0.0,2.0,0.0,0.0,0,916.0,916.0,952.4821826570616,Y1
0.0,1.0,3.0,0.0,1.0,0.0,5.0,3.0,0.0,0,896.0,896.0,877.5137333473921,Y1
0.0,0.0,3.0,0.0,3.0,0.0,0.0,8.0,0.0,0,943.0,943.0,941.958793025324,Y1
1.0,1.0,2.0,1.0,2.0,1.0,0.0,7.0,0.0,0,897.0,897.0,911.4898817978286,Y1
0.0,1.0,3.0,0.0,1.0,0.0,0.0,21.0,0.0,1,978.0,995.1197626843287,978.0,Y0
0.0,0.0,1.0,0.0,0.0,0.0,0.0,14.0,0.0,1,984.0,935.6735856011301,984.0,Y0
0.0,0.0,2.0,0.0,0.0,1.0,0.0,8.0,0.0,0,901.0,901.0,916.8104559466553,Y1
0.0,0.0,3.0,0.0,0.0,0.0,0.0,12.0,0.0,1,904.0,895.7921958059679,904.0,Y0
0.0,0.0,1.0,1.0,0.0,1.0,0.0,12.0,0.0,0,966.0,966.0,971.6536631636203,Y1
1.0,0.0,3.0,0.0,0.0,0.0,0.0,8.0,0.0,0,792.0,792.0,823.7878266819565,Y1
1.0,1.0,1.0,1.0,2.0,0.0,0.0,11.0,0.0,0,844.0,844.0,861.7554405312233,Y1
0.0,1.0,0.0,1.0,1.0,0.0,-1.0,12.0,1.0,0,880.0,880.0,862.5639524253169,Y1
1.0,1.0,0.0,1.0,2.0,0.0,-1.0,10.0,1.0,0,881.0,881.0,869.3781062980338,Y1
1.0,1.0,2.0,0.0,2.0,0.0,2.0,1.0,1.0,0,855.0,855.0,842.1121818961836,Y1
1.0,0.0,1.0,0.0,1.0,0.0,0.0,11.0,0.0,0,941.0,941.0,954.4674377957185,Y1
0.0,1.0,9.0,1.0,2.0,1.0,0.0,10.0,1.0,1,856.0,868.3050517148755,856.0,Y0
1.0,0.0,4.0,0.0,0.0,1.0,0.0,11.0,0.0,0,908.0,908.0,920.1529667831741,Y1
1.0,0.0,1.0,0.0,0.0,0.0,2.0,1.0,0.0,0,839.0,839.0,805.9428295700435,Y1
1.0,0.0,1.0,0.0,3.0,0.0,0.0,13.0,0.0,1,1014.0,998.0057551539509,1014.0,Y0
1.0,1.0,2.0,1.0,1.0,0.0,-1.0,4.0,0.0,0,787.0,787.0,861.569676230902,Y1
0.0,1.0,1.0,1.0,2.0,0.0,2.0,1.0,0.0,1,843.0,866.0866840316701,843.0,Y0
1.0,0.0,1.0,0.0,0.0,0.0,3.0,27.0,0.0,0,881.0,881.0,916.8137104936882,Y1
1.0,0.0,3.0,1.0,0.0,0.0,0.0,5.0,0.0,1,973.0,933.8552432560003,973.0,Y0
0.0,1.0,2.0,1.0,2.0,0.0,-1.0,2.0,0.0,1,782.0,794.1756880570808,782.0,Y0
0.0,0.0,1.0,1.0,3.0,0.0,2.0,5.0,0.0,0,928.0,928.0,930.7244907073007,Y1
0.0,0.0,0.0,0.0,0.0,3.0,3.0,8.0,0.0,1,970.0,1008.9722304548769,970.0,Y0
1.0,0.0,2.0,1.0,0.0,1.0,0.0,13.0,0.0,0,836.0,836.0,843.167189334634,Y1
1.0,0.0,1.0,0.0,0.0,1.0,0.0,8.0,0.0,0,931.0,931.0,957.9583991161478,Y1
1.0,0.0,1.0,0.0,0.0,0.0,0.0,12.0,0.0,0,930.0,930.0,947.0987172304717,Y1
0.0,1.0,3.0,1.0,1.0,1.0,0.0,24.0,0.0,0,908.0,908.0,876.4599965065099,Y1
0.0,0.0,2.0,1.0,0.0,0.0,3.0,27.0,0.0,0,931.0,931.0,922.8920496061885,Y1
0.0,1.0,3.0,1.0,2.0,1.0,0.0,5.0,0.0,0,853.0,853.0,880.0245603616725,Y1
1.0,0.0,3.0,0.0,3.0,1.0,0.0,17.0,0.0,1,978.0,935.2179086566996,978.0,Y0
0.0,0.0,3.0,0.0,0.0,0.0,0.0,12.0,0.0,1,923.0,914.7921958059679,923.0,Y0
1.0,0.0,0.0,0.0,0.0,0.0,0.0,13.0,0.0,0,1085.0,1085.0,1103.6299906468437,Y1
1.0,0.0,0.0,0.0,0.0,1.0,0.0,12.0,0.0,1,947.0,943.275649095132,947.0,Y0
1.0,1.0,0.0,1.0,2.0,1.0,0.0,13.0,1.0,1,876.0,881.5452989007592,876.0,Y0
0.0,0.0,3.0,1.0,0.0,0.0,0.0,8.0,0.0,0,847.0,847.0,871.2803378824884,Y1
1.0,0.0,2.0,0.0,0.0,0.0,3.0,9.0,0.0,0,967.0,967.0,926.2487043454511,Y1
1.0,0.0,4.0,0.0,1.0,0.0,0.0,15.0,0.0,0,950.0,950.0,977.2600761801762,Y1
0.0,0.0,3.0,1.0,0.0,0.0,0.0,6.0,0.0,0,905.0,905.0,942.4026289770412,Y1
1.0,0.0,3.0,1.0,0.0,0.0,3.0,9.0,0.0,0,1092.0,1092.0,1049.673959072469,Y1
1.0,1.0,1.0,1.0,2.0,0.0,-1.0,2.0,0.0,0,858.0,858.0,852.1822304383473,Y1
0.0,1.0,3.0,1.0,2.0,1.0,0.0,11.0,1.0,0,854.0,854.0,846.0419722884592,Y1
1.0,0.0,3.0,1.0,0.0,1.0,0.0,13.0,0.0,0,905.0,905.0,912.1711094138501,Y1
0.0,0.0,3.0,0.0,1.0,1.0,0.0,4.0,0.0,1,884.0,864.8555051370947,884.0,Y0
1.0,0.0,2.0,0.0,0.0,0.0,0.0,10.0,0.0,0,885.0,885.0,872.8720413303346,Y1
0.0,0.0,1.0,0.0,0.0,0.0,0.0,20.0,0.0,1,917.0,956.0261056039201,917.0,Y0
1.0,0.0,7.0,0.0,0.0,0.0,2.0,3.0,0.0,1,814.0,857.1462136787954,814.0,Y0
0.0,1.0,3.0,1.0,2.0,0.0,0.0,21.0,1.0,1,857.0,900.3397607289218,857.0,Y0
1.0,0.0,0.0,0.0,3.0,0.0,0.0,13.0,0.0,0,1052.0,1052.0,1067.490098507683,Y1
0.0,0.0,3.0,0.0,1.0,0.0,5.0,3.0,0.0,0,920.0,920.0,877.7215504965019,Y1
1.0,0.0,0.0,1.0,0.0,1.0,0.0,8.0,0.0,1,940.0,925.4522666263686,940.0,Y0
1.0,0.0,0.0,0.0,1.0,0.0,0.0,8.0,1.0,0,1164.0,1164.0,1189.8177935146734,Y1
0.0,0.0,0.0,1.0,3.0,0.0,0.0,13.0,0.0,0,922.0,922.0,939.2625399818239,Y1
1.0,1.0,5.0,1.0,2.0,1.0,0.0,17.0,0.0,0,907.0,907.0,921.6282203370868,Y1
1.0,1.0,5.0,1.0,2.0,0.0,0.0,11.0,0.0,0,914.0,914.0,923.3371702973207,Y1
0.0,0.0,0.0,1.0,3.0,0.0,0.0,13.0,0.0,0,914.0,914.0,931.2625399818239,Y1
1.0,1.0,3.0,1.0,2.0,0.0,0.0,11.0,0.0,0,1120.0,1120.0,1130.7742008532775,Y1
0.0,0.0,0.0,1.0,0.0,1.0,0.0,12.0,0.0,0,934.0,934.0,942.2075142179939,Y1
1.0,1.0,5.0,1.0,2.0,1.0,0.0,22.0,0.0,0,811.0,811.0,795.9195266915378,Y1
1.0,0.0,1.0,0.0,0.0,0.0,0.0,2.0,0.0,0,1033.0,1033.0,1045.342107045836,Y1
1.0,0.0,2.0,0.0,0.0,1.0,0.0,13.0,0.0,0,898.0,898.0,908.1102254765595,Y1
0.0,0.0,3.0,1.0,0.0,1.0,0.0,13.0,0.0,0,868.0,868.0,876.4746684092851,Y1
0.0,0.0,2.0,0.0,1.0,0.0,-1.0,3.0,0.0,0,919.0,919.0,962.5415627710257,Y1
0.0,0.0,0.0,0.0,0.0,1.0,0.0,3.0,0.0,0,879.0,879.0,910.8462377113565,Y1
1.0,0.0,3.0,1.0,0.0,1.0,0.0,12.0,0.0,0,923.0,923.0,928.2355110953255,Y1
0.0,0.0,0.0,0.0,3.0,1.0,0.0,12.0,0.0,0,999.0,999.0,992.2699389805699,Y1
0.0,1.0,3.0,1.0,2.0,2.0,0.0,8.0,0.0,0,801.0,801.0,836.0527208429207,Y1
0.0,1.0,3.0,1.0,1.0,0.0,0.0,20.0,1.0,0,978.0,978.0,903.9816109024143,Y1
0.0,0.0,3.0,1.0,1.0,0.0,0.0,12.0,1.0,1,934.0,945.7128973329819,934.0,Y0
1.0,0.0,0.0,1.0,0.0,1.0,0.0,10.0,0.0,0,873.0,873.0,855.8626959306927,Y1
1.0,1.0,6.0,1.0,2.0,0.0,0.0,10.0,1.0,0,891.0,891.0,852.5337794040648,Y1
1.0,0.0,0.0,0.0,0.0,1.0,0.0,12.0,0.0,0,1014.0,1014.0,1017.724350904868,Y1
0.0,0.0,2.0,0.0,0.0,1.0,0.0,13.0,0.0,0,900.0,900.0,908.0282938068814,Y1
0.0,1.0,1.0,0.0,1.0,0.0,3.0,13.0,0.0,1,864.0,897.7901067692612,864.0,Y0
1.0,1.0,3.0,1.0,2.0,0.0,2.0,0.0,0.0,0,825.0,825.0,907.9982294458339,Y1
0.0,0.0,3.0,0.0,3.0,1.0,0.0,12.0,0.0,0,885.0,885.0,875.5227050634135,Y1
1.0,0.0,3.0,0.0,0.0,0.0,-1.0,5.0,0.0,0,966.0,966.0,962.0818474163416,Y1
1.0,1.0,3.0,1.0,2.0,0.0,2.0,2.0,0.0,1,969.0,961.7437783080876,969.0,Y0
1.0,1.0,0.0,1.0,2.0,0.0,0.0,12.0,1.0,0,851.0,851.0,846.776125603914,Y1
1.0,1.0,2.0,0.0,1.0,0.0,1.0,0.0,0.0,1,1104.0,1003.8533207880382,1104.0,Y0
0.0,0.0,0.0,0.0,0.0,0.0,0.0,16.0,0.0,0,872.0,872.0,898.7477564850865,Y1
0.0,0.0,3.0,0.0,0.0,1.0,0.0,13.0,0.0,0,837.0,837.0,845.0295495393764,Y1
1.0,0.0,7.0,0.0,0.0,0.0,0.0,16.0,0.0,0,903.0,903.0,907.0520338512346,Y1
0.0,1.0,0.0,1.0,2.0,1.0,4.0,12.0,0.0,1,909.0,970.021240389636,909.0,Y0
1.0,0.0,1.0,1.0,0.0,1.0,3.0,11.0,0.0,0,1105.0,1105.0,1047.0355549239132,Y1
0.0,0.0,3.0,0.0,0.0,0.0,0.0,22.0,0.0,1,814.0,825.0545162347197,814.0,Y0
0.0,0.0,3.0,0.0,0.0,0.0,0.0,3.0,0.0,1,892.0,848.233048538919,892.0,Y0
0.0,1.0,3.0,1.0,2.0,0.0,0.0,7.0,0.0,0,849.0,849.0,896.1532385661274,Y1
0.0,0.0,3.0,0.0,3.0,0.0,0.0,5.0,0.0,0,1081.0,1081.0,1092.5611063587992,Y1
1.0,0.0,4.0,1.0,0.0,0.0,0.0,2.0,0.0,0,849.0,849.0,854.0281865766693,Y1
0.0,1.0,2.0,1.0,2.0,0.0,-1.0,3.0,0.0,1,925.0,887.3298877283187,925.0,Y0
0.0,0.0,1.0,0.0,1.0,1.0,0.0,4.0,0.0,1,1054.0,1036.8438272766782,1054.0,Y0
1.0,0.0,0.0,0.0,0.0,0.0,0.0,6.0,0.0,0,948.0,948.0,992.0881133644493,Y1
0.0,0.0,2.0,0.0,1.0,1.0,0.0,12.0,0.0,0,976.0,976.0,973.6110119052414,Y1
0.0,1.0,0.0,1.0,1.0,0.0,-1.0,3.0,0.0,1,1030.0,967.3632146534076,1030.0,Y0
0.0,0.0,0.0,0.0,0.0,0.0,0.0,15.0,0.0,0,1065.0,1065.0,1079.1439238863109,Y1
0.0,1.0,2.0,1.0,1.0,0.0,1.0,0.0,0.0,1,1022.0,963.3143839071971,1022.0,Y0
0.0,0.0,2.0,0.0,1.0,2.0,0.0,12.0,0.0,0,969.0,969.0,999.4091037052275,Y1
0.0,0.0,2.0,0.0,0.0,1.0,0.0,4.0,0.0,0,981.0,981.0,1020.086766393458,Y1
0.0,1.0,3.0,1.0,3.0,0.0,0.0,14.0,0.0,1,942.0,903.5817731093516,942.0,Y0
1.0,0.0,4.0,1.0,0.0,0.0,0.0,19.0,0.0,1,864.0,939.1691114758195,864.0,Y0
1.0,0.0,3.0,0.0,1.0,0.0,0.0,17.0,0.0,0,865.0,865.0,888.3423156881443,Y1
1.0,1.0,3.0,1.0,2.0,0.0,2.0,1.0,1.0,0,858.0,858.0,843.6155224660966,Y1
0.0,0.0,5.0,1.0,0.0,1.0,0.0,6.0,0.0,0,1087.0,1087.0,1104.8196214136115,Y1
0.0,0.0,1.0,1.0,0.0,0.0,0.0,20.0,0.0,1,842.0,872.3259971309158,842.0,Y0
0.0,0.0,3.0,0.0,0.0,0.0,0.0,8.0,0.0,0,958.0,958.0,977.5816314123593,Y1
1.0,0.0,3.0,0.0,1.0,0.0,0.0,7.0,0.0,0,932.0,932.0,978.2895005052,Y1
0.0,0.0,2.0,0.0,3.0,1.0,0.0,4.0,0.0,0,924.0,924.0,920.4860875967279,Y1
0.0,3.0,2.0,0.0,0.0,0.0,0.0,4.0,0.0,0,844.0,844.0,977.6775100909582,Y1
0.0,0.0,1.0,1.0,0.0,1.0,0.0,6.0,0.0,0,954.0,954.0,972.5891641313555,Y1
0.0,0.0,3.0,0.0,0.0,0.0,0.0,5.0,0.0,0,877.0,877.0,906.6713418027547,Y1
0.0,0.0,2.0,0.0,0.0,0.0,0.0,3.0,0.0,1,937.0,894.005022671342,937.0,Y0
1.0,0.0,2.0,0.0,1.0,0.0,5.0,3.0,0.0,0,918.0,918.0,893.6442188435138,Y1
1.0,0.0,0.0,0.0,0.0,1.0,0.0,7.0,0.0,0,940.0,940.0,949.0702835897398,Y1
0.0,0.0,3.0,0.0,0.0,1.0,3.0,11.0,0.0,0,950.0,950.0,890.8577947735928,Y1
1.0,1.0,2.0,1.0,2.0,0.0,1.0,0.0,0.0,0,926.0,926.0,1019.394945092094,Y1
0.0,0.0,3.0,0.0,0.0,0.0,0.0,15.0,0.0,1,932.0,924.4012033421686,932.0,Y0
0.0,1.0,0.0,1.0,2.0,1.0,0.0,5.0,0.0,0,976.0,976.0,997.4176798787868,Y1
0.0,0.0,0.0,1.0,0.0,0.0,0.0,8.0,0.0,0,862.0,862.0,888.4963250080748,Y1
1.0,0.0,0.0,0.0,0.0,0.0,0.0,14.0,0.0,0,954.0,954.0,1000.8389671639374,Y1
1.0,0.0,0.0,0.0,0.0,1.0,0.0,15.0,0.0,1,921.0,911.7215316601614,921.0,Y0
0.0,0.0,3.0,1.0,3.0,0.0,0.0,3.0,0.0,0,1048.0,1048.0,1066.854801553676,Y1
1.0,1.0,4.0,1.0,1.0,0.0,-1.0,12.0,1.0,0,851.0,851.0,846.7427508914724,Y1
0.0,0.0,0.0,1.0,0.0,0.0,0.0,10.0,0.0,0,880.0,880.0,870.844738659541,Y1
0.0,0.0,1.0,0.0,1.0,0.0,-1.0,3.0,0.0,0,1097.0,1097.0,1141.2068449180865,Y1
0.0,1.0,3.0,0.0,2.0,1.0,0.0,11.0,1.0,0,929.0,929.0,924.752766876222,Y1
1.0,0.0,0.0,0.0,1.0,0.0,-1.0,5.0,0.0,1,927.0,938.4621400720529,927.0,Y0
1.0,1.0,2.0,1.0,2.0,1.0,0.0,5.0,0.0,0,915.0,915.0,946.8136591161837,Y1
0.0,1.0,3.0,1.0,1.0,0.0,-1.0,0.0,0.0,0,891.0,891.0,925.979574225898,Y1
0.0,1.0,3.0,1.0,2.0,0.0,2.0,2.0,0.0,1,923.0,920.3110022043039,923.0,Y0
1.0,0.0,1.0,0.0,0.0,1.0,5.0,11.0,0.0,1,910.0,997.493922856003,910.0,Y0
1.0,1.0,1.0,1.0,0.0,0.0,0.0,6.0,0.0,1,961.0,902.2108058523959,961.0,Y0
0.0,0.0,1.0,0.0,1.0,0.0,0.0,5.0,1.0,0,1067.0,1067.0,1090.4922372198243,Y1
0.0,0.0,2.0,1.0,0.0,1.0,0.0,9.0,0.0,0,923.0,923.0,931.9827391446702,Y1
1.0,0.0,3.0,1.0,0.0,0.0,2.0,2.0,0.0,1,933.0,957.567956613446,933.0,Y0
0.0,1.0,1.0,1.0,2.0,1.0,0.0,11.0,0.0,0,864.0,864.0,869.1474700227728,Y1
1.0,0.0,4.0,1.0,1.0,0.0,0.0,7.0,0.0,0,892.0,892.0,932.1834441741356,Y1
1.0,0.0,2.0,0.0,0.0,0.0,3.0,27.0,0.0,0,936.0,936.0,957.0989791192637,Y1
1.0,1.0,2.0,1.0,2.0,1.0,0.0,17.0,0.0,0,862.0,862.0,883.220755383646,Y1
0.0,0.0,0.0,1.0,1.0,0.0,0.0,7.0,0.0,0,851.0,851.0,888.6640030118383,Y1
1.0,1.0,3.0,1.0,2.0,1.0,1.0,6.0,0.0,0,803.0,803.0,854.0589368510657,Y1
1.0,0.0,2.0,1.0,3.0,0.0,1.0,0.0,0.0,0,886.0,886.0,922.8064159979374,Y1
1.0,0.0,2.0,0.0,0.0,1.0,0.0,4.0,0.0,0,880.0,880.0,940.6323931088101,Y1
0.0,1.0,1.0,1.0,0.0,1.0,0.0,8.0,0.0,1,954.0,934.7262292538275,954.0,Y0
0.0,0.0,0.0,0.0,0.0,0.0,0.0,13.0,0.0,0,914.0,914.0,932.8192994322403,Y1
1.0,0.0,1.0,1.0,0.0,0.0,0.0,14.0,0.0,0,891.0,891.0,938.2053091935832,Y1
1.0,1.0,2.0,1.0,2.0,0.0,0.0,11.0,0.0,0,719.0,719.0,729.7298620814717,Y1
1.0,0.0,4.0,0.0,0.0,0.0,0.0,13.0,0.0,0,992.0,992.0,1008.1775385493218,Y1
1.0,1.0,9.0,1.0,2.0,1.0,0.0,17.0,0.0,0,877.0,877.0,896.8926253069163,Y1
0.0,0.0,1.0,0.0,0.0,0.0,0.0,13.0,-1.0,0,826.0,826.0,837.6600977457072,Y1
1.0,0.0,0.0,1.0,0.0,0.0,0.0,12.0,0.0,0,1057.0,1057.0,1072.6627159736104,Y1
1.0,0.0,0.0,0.0,0.0,0.0,0.0,12.0,0.0,1,919.0,902.4107362453118,919.0,Y0
0.0,0.0,0.0,0.0,0.0,1.0,0.0,8.0,0.0,0,791.0,791.0,801.4181571453366,Y1
1.0,1.0,2.0,1.0,2.0,1.0,1.0,6.0,0.0,0,857.0,857.0,909.6491150616162,Y1
0.0,0.0,0.0,0.0,0.0,0.0,0.0,8.0,0.0,0,896.0,896.0,916.6267093674783,Y1
1.0,0.0,2.0,1.0,1.0,1.0,0.0,24.0,0.0,0,920.0,920.0,914.7542184492538,Y1
1.0,0.0,2.0,0.0,0.0,0.0,0.0,11.0,0.0,1,1039.0,1026.516398176932,1039.0,Y0
0.0,0.0,3.0,0.0,0.0,0.0,0.0,14.0,0.0,0,1004.0,1004.0,1045.5821386843822,Y1
1.0,1.0,2.0,0.0,0.0,1.0,0.0,6.0,0.0,0,891.0,891.0,936.2267762190577,Y1
0.0,1.0,0.0,1.0,1.0,0.0,0.0,6.0,0.0,0,800.0,800.0,849.1932021188212,Y1
0.0,0.0,1.0,1.0,0.0,0.0,0.0,13.0,0.0,0,908.0,908.0,928.5909983516933,Y1
0.0,0.0,1.0,1.0,0.0,0.0,0.0,4.0,0.0,1,942.0,881.5693194915413,942.0,Y0
1.0,0.0,1.0,1.0,1.0,0.0,0.0,5.0,1.0,0,894.0,894.0,926.9497907345614,Y1
0.0,0.0,1.0,0.0,0.0,0.0,0.0,20.0,0.0,0,984.0,984.0,944.9738943960799,Y1
0.0,1.0,2.0,1.0,0.0,1.0,0.0,8.0,0.0,1,877.0,855.1155430177162,877.0,Y0
1.0,0.0,1.0,0.0,1.0,0.0,0.0,7.0,0.0,0,847.0,847.0,892.2532242255412,Y1
1.0,0.0,2.0,1.0,0.0,0.0,0.0,12.0,0.0,0,831.0,831.0,840.0355437817119,Y1
0.0,0.0,3.0,0.0,1.0,1.0,0.0,12.0,0.0,0,1003.0,1003.0,1000.6193313917436,Y1
0.0,0.0,1.0,0.0,0.0,1.0,0.0,6.0,0.0,0,1071.0,1071.0,1084.755520110321,Y1
1.0,0.0,1.0,0.0,0.0,1.0,0.0,5.0,0.0,1,1019.0,992.802077433511,1019.0,Y0
1.0,0.0,1.0,0.0,0.0,1.0,0.0,12.0,0.0,0,1014.0,1014.0,1022.175161754526,Y1
0.0,0.0,3.0,1.0,0.0,0.0,2.0,2.0,0.0,0,959.0,959.0,927.0628318987365,Y1
0.0,0.0,1.0,1.0,0.0,0.0,0.0,11.0,0.0,0,859.0,859.0,877.9765626657592,Y1
1.0,0.0,3.0,0.0,0.0,1.0,0.0,13.0,0.0,0,872.0,872.0,882.1302480598961,Y1
0.0,1.0,0.0,1.0,2.0,0.0,0.0,6.0,0.0,0,849.0,849.0,900.3297722924542,Y1
1.0,0.0,3.0,0.0,3.0,0.0,0.0,14.0,0.0,1,933.0,895.058676862957,933.0,Y0
0.0,0.0,0.0,0.0,1.0,0.0,5.0,3.0,0.0,0,1018.0,1018.0,934.0630290417198,Y1
1.0,0.0,1.0,1.0,0.0,0.0,2.0,2.0,0.0,0,954.0,954.0,928.086521849177,Y1
1.0,0.0,0.0,0.0,0.0,0.0,0.0,13.0,0.0,0,919.0,919.0,937.6299906468437,Y1
0.0,0.0,2.0,0.0,1.0,0.0,0.0,11.0,0.0,0,931.0,931.0,934.5746609054898,Y1
1.0,0.0,2.0,1.0,0.0,0.0,0.0,10.0,0.0,0,1041.0,1041.0,1027.313852471645,Y1
1.0,1.0,1.0,1.0,1.0,0.0,-1.0,3.0,0.0,1,932.0,857.4712350890071,932.0,Y0
1.0,0.0,0.0,0.0,3.0,0.0,2.0,1.0,0.0,1,911.0,951.9374894772016,911.0,Y0
0.0,0.0,1.0,1.0,0.0,0.0,0.0,4.0,0.0,1,999.0,938.5693194915413,999.0,Y0
0.0,0.0,2.0,0.0,0.0,0.0,0.0,7.0,0.0,1,936.0,902.3328430386317,936.0,Y0
0.0,1.0,2.0,1.0,1.0,0.0,0.0,12.0,1.0,1,842.0,855.2799620299133,842.0,Y0
0.0,0.0,3.0,0.0,3.0,0.0,0.0,13.0,0.0,1,981.0,972.9620868385821,981.0,Y0
0.0,1.0,1.0,1.0,3.0,1.0,0.0,12.0,0.0,1,911.0,917.8702606345897,911.0,Y0
1.0,0.0,0.0,0.0,0.0,0.0,0.0,19.0,0.0,1,978.0,1013.8091734584837,978.0,Y0
1.0,1.0,2.0,1.0,2.0,0.0,0.0,5.0,0.0,0,884.0,884.0,944.3132171393797,Y1
0.0,0.0,3.0,0.0,0.0,1.0,0.0,10.0,0.0,0,871.0,871.0,857.898921148894,Y1
0.0,0.0,3.0,1.0,0.0,1.0,0.0,13.0,0.0,0,816.0,816.0,824.4746684092851,Y1
1.0,0.0,1.0,1.0,0.0,1.0,0.0,9.0,0.0,0,841.0,841.0,849.1781449766787,Y1
0.0,0.0,2.0,1.0,0.0,1.0,0.0,10.0,0.0,0,979.0,979.0,967.1326941233428,Y1
0.0,0.0,3.0,0.0,1.0,1.0,0.0,22.0,0.0,0,831.0,831.0,825.0346849212758,Y1
1.0,1.0,0.0,1.0,2.0,0.0,1.0,0.0,0.0,0,1013.0,1013.0,1101.0684817965166,Y1
1.0,1.0,7.0,1.0,0.0,0.0,0.0,7.0,0.0,0,802.0,802.0,848.4499794975677,Y1
1.0,0.0,3.0,0.0,1.0,1.0,0.0,18.0,0.0,1,950.0,915.0349594917959,950.0,Y0
1.0,0.0,1.0,0.0,0.0,1.0,0.0,12.0,0.0,0,941.0,941.0,949.175161754526,Y1
0.0,0.0,3.0,1.0,0.0,0.0,0.0,20.0,0.0,0,825.0,825.0,787.2052436453721,Y1
1.0,0.0,2.0,0.0,0.0,0.0,0.0,15.0,0.0,0,862.0,862.0,869.6280678035533,Y1
0.0,0.0,3.0,0.0,1.0,1.0,0.0,4.0,0.0,1,875.0,855.8555051370947,875.0,Y0
0.0,1.0,3.0,1.0,2.0,2.0,0.0,8.0,0.0,0,827.0,827.0,862.0527208429207,Y1
1.0,1.0,0.0,0.0,1.0,0.0,2.0,1.0,1.0,0,946.0,946.0,939.6462719092077,Y1
1.0,0.0,2.0,0.0,0.0,1.0,0.0,12.0,0.0,0,841.0,841.0,848.3088465962203,Y1
0.0,0.0,0.0,0.0,0.0,1.0,0.0,20.0,0.0,0,966.0,966.0,925.1955755553938,Y1
0.0,1.0,0.0,1.0,2.0,0.0,0.0,10.0,1.0,0,961.0,961.0,940.4844608285892,Y1
1.0,1.0,1.0,1.0,1.0,1.0,0.0,24.0,0.0,0,923.0,923.0,910.6596750871726,Y1
0.0,0.0,1.0,0.0,0.0,0.0,0.0,22.0,0.0,1,1026.0,1012.8466136877959,1026.0,Y0
0.0,0.0,1.0,0.0,1.0,1.0,4.0,15.0,0.0,0,1124.0,1124.0,1082.5422503793054,Y1
0.0,1.0,2.0,1.0,2.0,0.0,2.0,1.0,1.0,0,900.0,900.0,882.755045530173,Y1
1.0,0.0,2.0,0.0,3.0,0.0,2.0,1.0,0.0,1,1010.0,1021.4226542154962,1010.0,Y0
0.0,1.0,1.0,1.0,0.0,0.0,-1.0,9.0,0.0,0,863.0,863.0,844.6820252401799,Y1
1.0,0.0,3.0,1.0,0.0,0.0,-1.0,2.0,0.0,0,822.0,822.0,827.7224601441216,Y1
1.0,0.0,3.0,0.0,0.0,1.0,0.0,15.0,0.0,0,999.0,999.0,1010.2995029351347,Y1
0.0,1.0,2.0,1.0,2.0,0.0,0.0,6.0,0.0,0,847.0,847.0,900.012529890326,Y1
1.0,0.0,0.0,0.0,0.0,1.0,0.0,13.0,0.0,0,915.0,915.0,922.730306249547,Y1
1.0,1.0,2.0,1.0,2.0,0.0,-1.0,3.0,1.0,0,787.0,787.0,870.7002168961045,Y1
1.0,0.0,0.0,1.0,1.0,1.0,0.0,7.0,0.0,1,917.0,918.4453315257017,917.0,Y0
1.0,1.0,3.0,1.0,0.0,0.0,0.0,4.0,0.0,1,960.0,867.5075554059974,960.0,Y0
0.0,0.0,0.0,0.0,0.0,0.0,2.0,3.0,1.0,0,912.0,912.0,898.4648421238553,Y1
1.0,0.0,8.0,1.0,0.0,0.0,3.0,10.0,0.0,0,956.0,956.0,870.8802739286014,Y1
1.0,1.0,2.0,1.0,2.0,1.0,0.0,6.0,0.0,1,808.0,773.4930857556221,808.0,Y0
1.0,0.0,1.0,1.0,0.0,0.0,0.0,2.0,0.0,0,889.0,889.0,897.4221303543109,Y1
0.0,0.0,0.0,0.0,1.0,0.0,1.0,14.0,0.0,0,1158.0,1158.0,1201.7101921017747,Y1
1.0,0.0,1.0,0.0,0.0,0.0,-1.0,4.0,0.0,0,882.0,882.0,955.1853197880368,Y1
0.0,1.0,1.0,1.0,0.0,1.0,0.0,4.0,0.0,0,853.0,853.0,912.5062479787435,Y1
1.0,0.0,0.0,0.0,0.0,3.0,0.0,14.0,0.0,1,941.0,884.208371249536,941.0,Y0
1.0,1.0,1.0,0.0,1.0,0.0,2.0,5.0,1.0,1,950.0,948.0464060593725,950.0,Y0
1.0,0.0,2.0,0.0,0.0,0.0,0.0,7.0,0.0,0,796.0,796.0,843.2175163470123,Y1
1.0,0.0,1.0,1.0,0.0,0.0,0.0,6.0,0.0,1,991.0,950.2695372719054,991.0,Y0
0.0,0.0,0.0,0.0,1.0,0.0,0.0,17.0,0.0,0,913.0,913.0,943.5267677576575,Y1
1.0,0.0,0.0,0.0,0.0,0.0,0.0,13.0,-1.0,0,983.0,983.0,994.6871646642451,Y1
0.0,0.0,1.0,1.0,0.0,1.0,0.0,4.0,0.0,1,983.0,940.0255241374465,983.0,Y0
0.0,1.0,3.0,1.0,2.0,0.0,0.0,5.0,0.0,0,807.0,807.0,863.9775894829678,Y1
0.0,0.0,3.0,0.0,1.0,1.0,0.0,12.0,0.0,0,785.0,785.0,782.6193313917436,Y1
1.0,1.0,3.0,1.0,2.0,0.0,0.0,5.0,0.0,0,879.0,879.0,939.4404546725292,Y1
1.0,1.0,0.0,1.0,2.0,0.0,2.0,1.0,1.0,0,939.0,939.0,934.1564403518374,Y1
1.0,0.0,2.0,-1.0,1.0,0.0,0.0,5.0,-1.0,0,899.0,899.0,940.9326905254159,Y1
0.0,0.0,3.0,1.0,0.0,0.0,-1.0,1.0,0.0,1,914.0,910.965184404689,914.0,Y0
0.0,1.0,3.0,1.0,2.0,0.0,2.0,2.0,0.0,1,874.0,871.3110022043039,874.0,Y0
1.0,1.0,1.0,1.0,2.0,0.0,2.0,1.0,1.0,0,934.0,934.0,926.0913351395087,Y1
0.0,0.0,0.0,1.0,3.0,0.0,0.0,11.0,0.0,1,820.0,822.1827607901076,820.0,Y0
0.0,0.0,2.0,0.0,0.0,1.0,0.0,13.0,0.0,0,915.0,915.0,923.0282938068814,Y1
1.0,0.0,2.0,0.0,0.0,0.0,0.0,13.0,0.0,0,869.0,869.0,881.5624264812899,Y1
0.0,0.0,0.0,0.0,0.0,1.0,0.0,4.0,0.0,1,1011.0,975.6222982018759,1011.0,Y0
0.0,1.0,3.0,1.0,2.0,0.0,0.0,12.0,0.0,0,800.0,800.0,807.4023881043555,Y1
0.0,1.0,1.0,1.0,3.0,0.0,0.0,5.0,0.0,0,906.0,906.0,935.9788005507113,Y1
0.0,0.0,2.0,0.0,1.0,0.0,0.0,16.0,1.0,1,989.0,982.0025001264686,989.0,Y0
1.0,0.0,4.0,0.0,3.0,0.0,0.0,3.0,0.0,0,1034.0,1034.0,1061.41634336536,Y1
1.0,0.0,3.0,0.0,0.0,1.0,0.0,20.0,0.0,0,886.0,886.0,834.1985472898716,Y1
1.0,1.0,1.0,1.0,1.0,0.0,0.0,3.0,0.0,1,932.0,857.1683988262845,932.0,Y0
1.0,0.0,2.0,0.0,0.0,0.0,0.0,4.0,0.0,1,964.0,890.5836401994666,964.0,Y0
1.0,0.0,1.0,1.0,0.0,0.0,0.0,11.0,0.0,0,924.0,924.0,942.2233981144398,Y1
0.0,1.0,3.0,1.0,2.0,0.0,-1.0,6.0,1.0,0,937.0,937.0,938.9210587996191,Y1
0.0,1.0,3.0,1.0,2.0,0.0,2.0,1.0,1.0,1,939.0,955.5310216794406,939.0,Y0
0.0,0.0,0.0,1.0,3.0,1.0,0.0,12.0,0.0,1,814.0,818.7666798870067,814.0,Y0
0.0,0.0,1.0,0.0,1.0,1.0,0.0,15.0,0.0,1,1102.0,1070.545697749812,1102.0,Y0
0.0,0.0,2.0,1.0,0.0,1.0,0.0,13.0,0.0,0,1036.0,1036.0,1044.4700000977186,Y1
1.0,1.0,0.0,0.0,1.0,0.0,2.0,5.0,1.0,1,956.0,953.7845361619778,956.0,Y0
0.0,1.0,2.0,1.0,2.0,0.0,0.0,24.0,1.0,0,890.0,890.0,843.7509396681962,Y1
0.0,0.0,3.0,1.0,0.0,0.0,0.0,4.0,0.0,0,887.0,887.0,947.0467753032289,Y1
1.0,0.0,0.0,0.0,3.0,1.0,0.0,13.0,0.0,1,940.0,928.015010285581,940.0,Y0
1.0,1.0,3.0,1.0,0.0,1.0,0.0,13.0,0.0,0,803.0,803.0,810.7463995703827,Y1
1.0,0.0,3.0,0.0,0.0,0.0,0.0,15.0,0.0,0,896.0,896.0,903.7063339772156,Y1
1.0,1.0,2.0,0.0,1.0,0.0,-1.0,12.0,1.0,0,832.0,832.0,827.5645794010409,Y1
1.0,1.0,2.0,1.0,2.0,0.0,-1.0,10.0,1.0,0,860.0,860.0,858.0385266136782,Y1
1.0,0.0,1.0,1.0,3.0,0.0,2.0,5.0,0.0,0,907.0,907.0,910.4209151604033,Y1
0.0,1.0,0.0,1.0,2.0,0.0,0.0,14.0,0.0,1,920.0,884.4295997493449,920.0,Y0
1.0,1.0,1.0,1.0,1.0,1.0,0.0,4.0,0.0,1,905.0,857.649932473644,905.0,Y0
0.0,0.0,1.0,0.0,0.0,1.0,0.0,6.0,0.0,0,984.0,984.0,997.7555201103208,Y1
1.0,0.0,4.0,0.0,0.0,2.0,0.0,12.0,0.0,0,965.0,965.0,999.7248064886674,Y1
0.0,0.0,2.0,0.0,0.0,0.0,0.0,16.0,0.0,0,1076.0,1076.0,1096.0100333873413,Y1
1.0,1.0,3.0,1.0,2.0,0.0,0.0,9.0,0.0,0,842.0,842.0,856.5308345287565,Y1
1.0,1.0,0.0,1.0,2.0,1.0,0.0,17.0,0.0,0,892.0,892.0,910.3860199459497,Y1
0.0,0.0,2.0,0.0,1.0,0.0,-1.0,3.0,0.0,0,949.0,949.0,992.5415627710257,Y1
0.0,0.0,1.0,1.0,3.0,0.0,1.0,1.0,0.0,1,886.0,918.5364347575248,886.0,Y0
1.0,1.0,2.0,1.0,2.0,0.0,2.0,0.0,0.0,0,876.0,876.0,953.7192645022135,Y1
0.0,0.0,2.0,1.0,3.0,0.0,0.0,13.0,0.0,0,972.0,972.0,982.0722670779414,Y1
1.0,1.0,3.0,1.0,2.0,0.0,-1.0,3.0,1.0,0,876.0,876.0,959.7976591136899,Y1
1.0,0.0,2.0,1.0,3.0,1.0,0.0,4.0,0.0,0,868.0,868.0,881.8151754450462,Y1
0.0,0.0,0.0,0.0,0.0,0.0,2.0,2.0,0.0,1,960.0,993.8688340629137,960.0,Y0
0.0,1.0,0.0,1.0,2.0,0.0,-1.0,2.0,0.0,0,825.0,825.0,803.6906705333395,Y1
0.0,0.0,2.0,0.0,1.0,0.0,0.0,3.0,0.0,0,940.0,940.0,982.1951726954653,Y1
0.0,0.0,3.0,1.0,0.0,0.0,0.0,9.0,0.0,1,805.0,794.6642065918526,805.0,Y0
1.0,0.0,3.0,0.0,1.0,0.0,0.0,7.0,0.0,0,846.0,846.0,892.2895005052,Y1
0.0,0.0,1.0,1.0,0.0,0.0,0.0,9.0,0.0,0,896.0,896.0,908.5817487398003,Y1
0.0,1.0,1.0,1.0,2.0,0.0,0.0,11.0,0.0,0,954.0,954.0,972.3086225631203,Y1
0.0,0.0,2.0,0.0,1.0,0.0,0.0,8.0,0.0,0,928.0,928.0,944.5600110550682,Y1
1.0,0.0,0.0,0.0,1.0,1.0,0.0,22.0,0.0,0,902.0,902.0,921.4097934214515,Y1
1.0,0.0,0.0,0.0,1.0,0.0,0.0,7.0,0.0,0,899.0,899.0,943.7415229883876,Y1
0.0,0.0,3.0,1.0,0.0,1.0,0.0,8.0,0.0,0,978.0,978.0,998.7204125954429,Y1
0.0,1.0,0.0,1.0,2.0,0.0,2.0,1.0,1.0,0,890.0,890.0,883.0421466069901,Y1
1.0,0.0,2.0,0.0,1.0,0.0,-1.0,18.0,1.0,0,857.0,857.0,891.8133870337886,Y1
1.0,1.0,3.0,1.0,2.0,1.0,0.0,11.0,1.0,0,851.0,851.0,844.1040867809339,Y1
1.0,0.0,4.0,0.0,0.0,0.0,1.0,0.0,0.0,0,922.0,922.0,986.9978147829848,Y1
0.0,1.0,2.0,0.0,1.0,1.0,0.0,10.0,0.0,0,857.0,857.0,842.4595902530914,Y1
0.0,0.0,1.0,0.0,0.0,0.0,0.0,6.0,0.0,0,962.0,962.0,993.0419913589367,Y1
0.0,0.0,1.0,0.0,0.0,0.0,0.0,10.0,0.0,0,901.0,901.0,889.2350907039325,Y1
1.0,0.0,3.0,1.0,0.0,1.0,0.0,10.0,0.0,0,921.0,921.0,909.9679121206552,Y1
0.0,0.0,0.0,0.0,1.0,0.0,0.0,15.0,0.0,0,944.0,944.0,974.2198961504286,Y1
0.0,0.0,1.0,0.0,1.0,0.0,0.0,11.0,0.0,0,837.0,837.0,847.753407619057,Y1
1.0,0.0,1.0,1.0,1.0,0.0,0.0,5.0,1.0,0,888.0,888.0,920.9497907345614,Y1
1.0,0.0,3.0,0.0,1.0,0.0,1.0,0.0,0.0,0,841.0,841.0,913.5758924644122,Y1
0.0,0.0,1.0,0.0,0.0,0.0,0.0,12.0,0.0,0,961.0,961.0,975.8010118680961,Y1
1.0,0.0,0.0,1.0,0.0,1.0,0.0,10.0,0.0,0,890.0,890.0,872.8626959306927,Y1
1.0,1.0,0.0,1.0,0.0,0.0,0.0,10.0,0.0,0,905.0,905.0,898.964366566308,Y1
0.0,1.0,2.0,1.0,2.0,0.0,0.0,16.0,1.0,0,872.0,872.0,879.0861072809273,Y1
0.0,0.0,2.0,0.0,0.0,0.0,-1.0,5.0,0.0,0,909.0,909.0,891.4602710115217,Y1
1.0,0.0,3.0,1.0,1.0,0.0,1.0,0.0,0.0,0,906.0,906.0,975.8790082214879,Y1
1.0,1.0,2.0,1.0,2.0,0.0,1.0,1.0,0.0,1,962.0,938.713253256819,962.0,Y0
0.0,0.0,0.0,0.0,1.0,0.0,-1.0,2.0,0.0,0,944.0,944.0,935.402609618494,Y1
1.0,0.0,0.0,0.0,1.0,0.0,0.0,7.0,0.0,0,939.0,939.0,983.7415229883876,Y1
1.0,1.0,2.0,0.0,3.0,1.0,0.0,6.0,0.0,0,807.0,807.0,829.695476978231,Y1
1.0,0.0,2.0,0.0,0.0,1.0,0.0,11.0,0.0,0,909.0,909.0,918.2532285596425,Y1
0.0,0.0,0.0,0.0,0.0,0.0,0.0,13.0,0.0,0,1086.0,1086.0,1104.8192994322403,Y1
1.0,1.0,0.0,1.0,2.0,0.0,0.0,16.0,1.0,0,888.0,888.0,897.9435533467355,Y1
1.0,1.0,3.0,1.0,2.0,1.0,0.0,17.0,0.0,0,882.0,882.0,903.8115681509868,Y1
0.0,0.0,3.0,0.0,0.0,0.0,0.0,14.0,0.0,0,989.0,989.0,1030.5821386843822,Y1
1.0,1.0,3.0,1.0,2.0,1.0,0.0,8.0,0.0,1,909.0,882.9887830219078,909.0,Y0
0.0,1.0,0.0,1.0,2.0,0.0,0.0,6.0,1.0,0,914.0,914.0,962.0114934936475,Y1
1.0,0.0,2.0,0.0,1.0,0.0,2.0,1.0,1.0,0,940.0,940.0,913.6385390336902,Y1
0.0,0.0,1.0,0.0,0.0,1.0,0.0,10.0,0.0,0,1068.0,1068.0,1052.748896203258,Y1
0.0,1.0,3.0,1.0,2.0,0.0,0.0,11.0,0.0,0,1008.0,1008.0,1019.3251022315046,Y1
0.0,1.0,1.0,0.0,1.0,0.0,2.0,1.0,0.0,0,970.0,970.0,935.2665081782081,Y1
1.0,0.0,2.0,1.0,0.0,2.0,0.0,6.0,0.0,1,876.0,862.0422706253717,876.0,Y0
1.0,0.0,2.0,0.0,1.0,0.0,0.0,12.0,0.0,0,975.0,975.0,979.3706213159991,Y1
0.0,0.0,1.0,0.0,0.0,0.0,0.0,19.0,0.0,1,902.0,937.2124227204037,902.0,Y0
1.0,0.0,2.0,1.0,3.0,0.0,0.0,13.0,0.0,0,906.0,906.0,914.199216192539,Y1
0.0,0.0,3.0,1.0,0.0,0.0,0.0,27.0,0.0,1,900.0,882.3455444105716,900.0,Y0
0.0,1.0,3.0,1.0,2.0,0.0,0.0,11.0,0.0,0,1004.0,1004.0,1015.3251022315046,Y1
0.0,0.0,0.0,0.0,1.0,0.0,-1.0,0.0,0.0,1,865.0,870.7479785103241,865.0,Y0
0.0,1.0,0.0,1.0,3.0,1.0,0.0,13.0,0.0,1,961.0,945.72499466064,961.0,Y0
0.0,1.0,0.0,1.0,2.0,0.0,2.0,0.0,0.0,0,853.0,853.0,889.3423297710724,Y1
1.0,1.0,2.0,1.0,2.0,1.0,0.0,22.0,0.0,0,854.0,854.0,852.7380793209209,Y1
0.0,1.0,3.0,1.0,1.0,0.0,0.0,21.0,0.0,1,880.0,889.1110687866106,880.0,Y0
1.0,0.0,1.0,1.0,0.0,0.0,0.0,8.0,0.0,1,809.0,779.5262021823954,809.0,Y0
1.0,0.0,3.0,0.0,0.0,0.0,0.0,4.0,0.0,1,1002.0,927.8885960504934,1002.0,Y0
0.0,0.0,2.0,1.0,0.0,1.0,0.0,21.0,0.0,0,862.0,862.0,860.8010994688011,Y1
1.0,0.0,7.0,0.0,0.0,0.0,0.0,12.0,0.0,1,921.0,926.5071171400152,921.0,Y0
0.0,1.0,3.0,1.0,1.0,0.0,-1.0,4.0,0.0,0,931.0,931.0,996.494817753228,Y1
1.0,0.0,2.0,0.0,3.0,2.0,0.0,12.0,0.0,1,1116.0,1054.8338565556219,1116.0,Y0
1.0,0.0,1.0,0.0,1.0,1.0,0.0,8.0,0.0,0,888.0,888.0,912.2868358251181,Y1
1.0,0.0,0.0,1.0,0.0,1.0,0.0,10.0,0.0,0,862.0,862.0,844.8626959306927,Y1
1.0,1.0,2.0,1.0,2.0,0.0,-1.0,3.0,0.0,1,867.0,825.208646412166,867.0,Y0
1.0,0.0,0.0,0.0,0.0,1.0,0.0,8.0,0.0,0,897.0,897.0,915.5570434763741,Y1
1.0,0.0,2.0,0.0,1.0,0.0,1.0,14.0,0.0,0,883.0,883.0,926.7639879077352,Y1
0.0,1.0,0.0,1.0,1.0,1.0,0.0,24.0,0.0,0,943.0,943.0,931.0551361697823,Y1
1.0,0.0,3.0,0.0,0.0,0.0,-1.0,2.0,0.0,0,943.0,943.0,953.3308128248511,Y1
0.0,0.0,2.0,0.0,1.0,2.0,0.0,13.0,0.0,0,862.0,862.0,898.9794428924628,Y1
0.0,0.0,3.0,0.0,1.0,0.0,0.0,11.0,0.0,0,991.0,991.0,994.5726859280782,Y1
1.0,0.0,0.0,0.0,0.0,1.0,0.0,8.0,1.0,0,895.0,895.0,920.6643828867217,Y1
1.0,1.0,3.0,1.0,1.0,0.0,2.0,5.0,1.0,1,842.0,840.126866805687,842.0,Y0
1.0,1.0,3.0,1.0,2.0,0.0,0.0,10.0,1.0,0,996.0,996.0,971.4475493001792,Y1
1.0,0.0,0.0,1.0,0.0,1.0,0.0,12.0,0.0,0,1023.0,1023.0,1025.174387169801,Y1
1.0,1.0,3.0,0.0,1.0,0.0,2.0,1.0,1.0,0,888.0,888.0,873.597438552484,Y1
0.0,1.0,3.0,1.0,2.0,1.0,2.0,24.0,0.0,0,1053.0,1053.0,977.741466279175,Y1
0.0,1.0,1.0,1.0,2.0,1.0,0.0,5.0,0.0,0,899.0,899.0,923.9220742288668,Y1
0.0,1.0,0.0,1.0,2.0,0.0,0.0,24.0,1.0,0,1003.0,1003.0,973.256823432165,Y1
1.0,0.0,2.0,1.0,0.0,0.0,0.0,16.0,0.0,0,936.0,936.0,954.5317208620992,Y1
1.0,0.0,1.0,0.0,0.0,0.0,0.0,6.0,0.0,1,1046.0,1001.4073598749239,1046.0,Y0
0.0,1.0,0.0,1.0,2.0,0.0,2.0,2.0,1.0,1,954.0,943.8116966903044,954.0,Y0
1.0,0.0,1.0,0.0,0.0,0.0,0.0,13.0,0.0,0,917.0,917.0,936.1331694669882,Y1
0.0,0.0,3.0,0.0,0.0,1.0,0.0,10.0,0.0,0,996.0,996.0,982.898921148894,Y1
0.0,1.0,2.0,1.0,2.0,0.0,0.0,6.0,0.0,0,859.0,859.0,912.012529890326,Y1
1.0,0.0,2.0,1.0,1.0,0.0,0.0,3.0,0.0,1,989.0,935.1184884531356,989.0,Y0
0.0,0.0,7.0,1.0,0.0,0.0,0.0,8.0,0.0,1,783.0,779.7060274548732,783.0,Y0
0.0,1.0,3.0,1.0,1.0,0.0,-1.0,3.0,0.0,1,1000.0,929.0168463533474,1000.0,Y0
0.0,0.0,0.0,1.0,0.0,1.0,0.0,13.0,0.0,0,938.0,938.0,951.1211780188661,Y1
0.0,0.0,2.0,0.0,3.0,0.0,1.0,0.0,0.0,0,951.0,951.0,926.4126469782602,Y1
1.0,0.0,2.0,0.0,0.0,0.0,0.0,14.0,0.0,0,937.0,937.0,978.8033097220463,Y1
1.0,0.0,2.0,1.0,0.0,1.0,0.0,8.0,0.0,0,902.0,902.0,927.1495378984292,Y1
0.0,1.0,1.0,1.0,1.0,0.0,0.0,17.0,0.0,0,931.0,931.0,957.9480024143337,Y1
0.0,0.0,0.0,0.0,0.0,0.0,2.0,1.0,0.0,0,978.0,978.0,929.7301390066823,Y1
1.0,0.0,7.0,0.0,0.0,1.0,0.0,13.0,0.0,0,975.0,975.0,960.0150907871617,Y1
0.0,0.0,3.0,0.0,0.0,0.0,0.0,5.0,0.0,1,1000.0,970.3286581972453,1000.0,Y0
1.0,1.0,0.0,1.0,0.0,0.0,1.0,0.0,0.0,0,900.0,900.0,993.5218106645128,Y1
1.0,0.0,2.0,0.0,0.0,0.0,-1.0,4.0,0.0,0,936.0,936.0,1008.4467481383579,Y1
1.0,0.0,4.0,0.0,1.0,1.0,0.0,13.0,0.0,0,997.0,997.0,1009.027037535725,Y1
0.0,0.0,0.0,0.0,1.0,1.0,0.0,15.0,1.0,0,949.0,949.0,975.4846582112422,Y1
1.0,0.0,2.0,1.0,0.0,0.0,0.0,4.0,0.0,0,937.0,937.0,1007.431400734832,Y1
1.0,0.0,0.0,0.0,3.0,0.0,0.0,8.0,0.0,0,1001.0,1001.0,1012.6111348630478,Y1
1.0,0.0,2.0,0.0,0.0,0.0,0.0,15.0,0.0,1,981.0,973.3719321964467,981.0,Y0
0.0,0.0,1.0,0.0,1.0,0.0,0.0,11.0,0.0,1,931.0,920.246592380943,931.0,Y0
1.0,0.0,0.0,0.0,0.0,1.0,0.0,8.0,0.0,0,886.0,886.0,904.5570434763741,Y1
1.0,1.0,2.0,1.0,2.0,0.0,1.0,0.0,0.0,0,851.0,851.0,944.394945092094,Y1
0.0,0.0,3.0,0.0,1.0,1.0,0.0,12.0,0.0,0,938.0,938.0,935.6193313917436,Y1
1.0,1.0,0.0,1.0,2.0,0.0,0.0,16.0,1.0,0,868.0,868.0,877.9435533467355,Y1
0.0,0.0,3.0,0.0,1.0,0.0,0.0,5.0,0.0,1,1079.0,1052.431483309649,1079.0,Y0
0.0,0.0,4.0,0.0,0.0,0.0,0.0,13.0,0.0,0,905.0,905.0,921.4173082308652,Y1
1.0,0.0,1.0,0.0,0.0,1.0,0.0,3.0,0.0,0,876.0,876.0,926.9000305196662,Y1
0.0,0.0,1.0,1.0,0.0,0.0,2.0,2.0,0.0,0,1010.0,1010.0,976.7685189309129,Y1
0.0,1.0,0.0,0.0,2.0,0.0,0.0,24.0,1.0,0,911.0,911.0,880.4915718775661,Y1
1.0,0.0,2.0,1.0,0.0,0.0,0.0,4.0,0.0,1,911.0,840.568599265168,911.0,Y0
0.0,0.0,2.0,1.0,0.0,1.0,0.0,12.0,0.0,0,857.0,857.0,861.7678632054314,Y1
1.0,1.0,3.0,1.0,1.0,0.0,-1.0,0.0,0.0,0,808.0,808.0,869.9768321113216,Y1
1.0,0.0,3.0,1.0,0.0,1.0,0.0,13.0,0.0,0,949.0,949.0,956.1711094138501,Y1
0.0,1.0,2.0,1.0,2.0,2.0,0.0,8.0,0.0,0,834.0,834.0,868.9837350921231,Y1
1.0,1.0,0.0,0.0,0.0,1.0,0.0,8.0,0.0,1,898.0,879.9570102486275,898.0,Y0
1.0,1.0,2.0,1.0,3.0,1.0,0.0,12.0,0.0,1,799.0,805.6294437209755,799.0,Y0
1.0,0.0,0.0,1.0,0.0,0.0,0.0,11.0,0.0,0,868.0,868.0,886.2570467185141,Y1
1.0,0.0,3.0,1.0,3.0,0.0,0.0,8.0,0.0,0,914.0,914.0,921.4154592025574,Y1
1.0,0.0,0.0,0.0,0.0,0.0,2.0,2.0,0.0,0,884.0,884.0,867.0878859182959,Y1
0.0,0.0,1.0,0.0,1.0,0.0,0.0,8.0,0.0,0,903.0,903.0,921.8229324850088,Y1
0.0,0.0,2.0,1.0,0.0,1.0,0.0,13.0,0.0,0,907.0,907.0,915.4700000977186,Y1
0.0,0.0,3.0,0.0,0.0,2.0,0.0,12.0,0.0,0,983.0,983.0,1010.7160120383297,Y1
0.0,0.0,0.0,0.0,0.0,0.0,0.0,9.0,0.0,0,1056.0,1056.0,1063.9532197683654,Y1
1.0,1.0,4.0,1.0,0.0,0.0,2.0,3.0,0.0,1,836.0,828.5085802258304,836.0,Y0
1.0,1.0,0.0,1.0,1.0,1.0,0.0,24.0,0.0,0,984.0,984.0,970.5100081660734,Y1
1.0,0.0,2.0,1.0,0.0,0.0,0.0,8.0,0.0,1,875.0,847.8929403578093,875.0,Y0
0.0,1.0,2.0,0.0,1.0,0.0,2.0,1.0,1.0,0,895.0,895.0,862.4752622555459,Y1
1.0,0.0,2.0,0.0,1.0,0.0,0.0,11.0,0.0,1,1019.0,1012.6927440173697,1019.0,Y0
0.0,0.0,2.0,0.0,0.0,0.0,0.0,14.0,0.0,0,988.0,988.0,1029.6703069583634,Y1
0.0,0.0,0.0,0.0,0.0,0.0,0.0,14.0,0.0,1,986.0,938.5706705238862,986.0,Y0
0.0,0.0,3.0,1.0,0.0,0.0,0.0,4.0,0.0,0,894.0,894.0,954.0467753032289,Y1
1.0,1.0,7.0,1.0,3.0,0.0,0.0,17.0,0.0,0,844.0,844.0,854.6530813652972,Y1
1.0,1.0,1.0,1.0,0.0,0.0,-1.0,9.0,0.0,0,873.0,873.0,855.0834306219307,Y1
0.0,0.0,3.0,0.0,0.0,0.0,0.0,7.0,0.0,0,756.0,756.0,790.4073209947678,Y1
1.0,1.0,2.0,1.0,1.0,0.0,1.0,0.0,0.0,1,923.0,823.732333975487,923.0,Y0
0.0,0.0,3.0,0.0,0.0,0.0,0.0,6.0,0.0,1,914.0,881.9811135200753,914.0,Y0
1.0,0.0,3.0,1.0,0.0,0.0,0.0,13.0,0.0,0,896.0,896.0,907.0725475384746,Y1
0.0,0.0,0.0,0.0,3.0,0.0,-1.0,11.0,0.0,0,984.0,984.0,913.000857437053,Y1
1.0,0.0,3.0,0.0,1.0,1.0,0.0,8.0,0.0,1,964.0,936.3132690038893,964.0,Y0
0.0,0.0,0.0,0.0,0.0,0.0,0.0,8.0,0.0,0,823.0,823.0,843.6267093674783,Y1
0.0,0.0,7.0,1.0,0.0,0.0,2.0,1.0,0.0,0,896.0,896.0,837.4194654382461,Y1
0.0,1.0,3.0,1.0,2.0,0.0,0.0,5.0,0.0,1,924.0,867.0224105170322,924.0,Y0
1.0,0.0,0.0,0.0,0.0,1.0,0.0,12.0,0.0,0,1058.0,1058.0,1061.724350904868,Y1
1.0,0.0,3.0,0.0,0.0,1.0,0.0,6.0,0.0,1,851.0,818.7708174555763,851.0,Y0
1.0,0.0,0.0,1.0,0.0,1.0,0.0,13.0,0.0,0,831.0,831.0,836.2708147063234,Y1
1.0,1.0,3.0,1.0,2.0,2.0,0.0,8.0,0.0,0,791.0,791.0,831.1516993731776,Y1
1.0,0.0,3.0,0.0,0.0,0.0,0.0,13.0,0.0,0,855.0,855.0,867.5527431636428,Y1
0.0,0.0,0.0,0.0,1.0,0.0,0.0,16.0,0.0,0,1091.0,1091.0,1119.351837260755,Y1
1.0,0.0,0.0,0.0,1.0,0.0,0.0,12.0,0.0,0,901.0,901.0,911.3332652424626,Y1
0.0,1.0,0.0,1.0,2.0,1.0,0.0,11.0,0.0,0,834.0,834.0,840.3510605922296,Y1
0.0,0.0,3.0,1.0,0.0,2.0,0.0,12.0,0.0,0,837.0,837.0,859.8645840856068,Y1
0.0,1.0,3.0,1.0,2.0,0.0,0.0,5.0,1.0,0,757.0,757.0,811.8231673239487,Y1
1.0,1.0,1.0,0.0,2.0,1.0,4.0,12.0,0.0,1,953.0,991.5484634997366,953.0,Y0
1.0,0.0,3.0,1.0,3.0,0.0,0.0,17.0,0.0,0,877.0,877.0,910.567780741004,Y1
1.0,0.0,1.0,0.0,3.0,0.0,2.0,1.0,0.0,1,889.0,918.1635711062847,889.0,Y0
0.0,0.0,3.0,0.0,1.0,0.0,2.0,3.0,0.0,0,887.0,887.0,872.5598852567289,Y1
0.0,2.0,1.0,0.0,1.0,0.0,0.0,16.0,0.0,0,1093.0,1093.0,1084.879602676382,Y1
0.0,0.0,2.0,0.0,1.0,0.0,0.0,16.0,1.0,1,945.0,938.0025001264686,945.0,Y0
1.0,1.0,1.0,1.0,1.0,0.0,-1.0,12.0,1.0,0,937.0,937.0,935.567231836021,Y1
1.0,0.0,0.0,0.0,0.0,1.0,0.0,13.0,0.0,0,854.0,854.0,861.730306249547,Y1
0.0,0.0,2.0,1.0,1.0,0.0,0.0,5.0,1.0,0,979.0,979.0,1008.6840981863879,Y1
1.0,0.0,1.0,0.0,0.0,1.0,0.0,8.0,0.0,0,949.0,949.0,975.9583991161478,Y1
0.0,0.0,1.0,0.0,0.0,1.0,0.0,6.0,0.0,1,1068.0,1054.244479889679,1068.0,Y0
0.0,0.0,2.0,1.0,0.0,1.0,0.0,5.0,0.0,0,856.0,856.0,873.7904810884776,Y1
0.0,0.0,2.0,1.0,0.0,0.0,0.0,4.0,0.0,0,945.0,945.0,1004.9336279028055,Y1
1.0,0.0,3.0,0.0,3.0,0.0,-1.0,11.0,0.0,0,875.0,875.0,810.2290666510595,Y1
1.0,0.0,2.0,0.0,0.0,1.0,0.0,8.0,1.0,0,827.0,827.0,864.2302311086114,Y1
0.0,0.0,8.0,1.0,0.0,0.0,0.0,8.0,0.0,0,858.0,858.0,877.1831413566513,Y1
0.0,0.0,3.0,0.0,0.0,0.0,0.0,13.0,0.0,0,814.0,814.0,825.9847555350948,Y1
1.0,1.0,2.0,1.0,2.0,1.0,4.0,12.0,0.0,1,898.0,932.7327917839006,898.0,Y0
0.0,0.0,0.0,0.0,0.0,0.0,3.0,9.0,0.0,0,1014.0,1014.0,961.9284479627291,Y1
0.0,0.0,3.0,0.0,0.0,0.0,0.0,16.0,0.0,1,1116.0,1095.9984926394036,1116.0,Y0
1.0,0.0,0.0,1.0,0.0,1.0,0.0,21.0,0.0,0,1111.0,1111.0,1117.4257120261466,Y1
1.0,0.0,1.0,0.0,0.0,1.0,0.0,13.0,0.0,0,997.0,997.0,1009.2353371681786,Y1
1.0,0.0,0.0,0.0,0.0,0.0,0.0,5.0,0.0,1,1029.0,987.5161971340823,1029.0,Y0
0.0,0.0,3.0,1.0,1.0,0.0,1.0,0.0,0.0,1,871.0,844.8081580375123,871.0,Y0
0.0,0.0,2.0,0.0,0.0,0.0,0.0,5.0,0.0,1,917.0,888.0875781518481,917.0,Y0
0.0,0.0,0.0,1.0,0.0,1.0,0.0,21.0,0.0,0,902.0,902.0,916.865052079075,Y1
1.0,0.0,1.0,1.0,0.0,0.0,0.0,6.0,0.0,0,959.0,959.0,999.7304627280946,Y1
1.0,0.0,3.0,0.0,0.0,0.0,0.0,8.0,0.0,0,968.0,968.0,999.7878266819565,Y1
0.0,0.0,4.0,0.0,0.0,1.0,0.0,13.0,0.0,0,910.0,910.0,922.5170428777795,Y1
0.0,1.0,2.0,0.0,2.0,1.0,0.0,10.0,1.0,1,834.0,852.2739921409402,834.0,Y0
0.0,1.0,0.0,1.0,0.0,0.0,0.0,10.0,0.0,0,956.0,956.0,951.4114990782542,Y1
0.0,0.0,0.0,0.0,0.0,1.0,0.0,10.0,0.0,0,951.0,951.0,937.689387781967,Y1
0.0,0.0,0.0,0.0,1.0,0.0,0.0,15.0,0.0,0,912.0,912.0,942.2198961504286,Y1
1.0,1.0,2.0,1.0,1.0,0.0,1.0,0.0,0.0,1,1073.0,973.732333975487,1073.0,Y0
1.0,1.0,0.0,0.0,1.0,0.0,2.0,1.0,1.0,0,1003.0,1003.0,996.6462719092077,Y1
0.0,0.0,2.0,1.0,0.0,0.0,0.0,8.0,0.0,0,809.0,809.0,833.1216687827994,Y1
1.0,0.0,0.0,0.0,1.0,1.0,0.0,22.0,0.0,0,962.0,962.0,981.4097934214515,Y1
0.0,0.0,3.0,1.0,0.0,1.0,0.0,6.0,0.0,0,1010.0,1010.0,1031.343691226664,Y1
1.0,0.0,3.0,0.0,0.0,0.0,0.0,13.0,-1.0,0,827.0,827.0,844.2453216709706,Y1
0.0,0.0,5.0,1.0,1.0,0.0,0.0,12.0,0.0,0,1014.0,1014.0,1017.1640202440598,Y1
1.0,0.0,1.0,1.0,0.0,1.0,0.0,13.0,0.0,0,863.0,863.0,872.2772880258956,Y1
1.0,0.0,0.0,0.0,0.0,1.0,0.0,13.0,0.0,0,879.0,879.0,886.730306249547,Y1
1.0,1.0,2.0,1.0,2.0,0.0,0.0,16.0,1.0,0,866.0,866.0,869.968996229707,Y1
1.0,0.0,2.0,0.0,1.0,0.0,0.0,16.0,0.0,0,1167.0,1167.0,1188.7562167591493,Y1
1.0,0.0,1.0,0.0,1.0,1.0,4.0,15.0,0.0,0,1037.0,1037.0,1014.9394650735921,Y1
0.0,0.0,2.0,0.0,1.0,0.0,0.0,3.0,0.0,0,961.0,961.0,1003.1951726954653,Y1
1.0,0.0,4.0,0.0,1.0,0.0,0.0,17.0,0.0,0,938.0,938.0,964.317862472266,Y1
0.0,1.0,2.0,1.0,1.0,0.0,0.0,11.0,1.0,1,905.0,914.1435115880213,905.0,Y0
0.0,1.0,0.0,1.0,0.0,1.0,4.0,16.0,0.0,0,959.0,959.0,892.3446438149915,Y1
1.0,0.0,1.0,0.0,1.0,0.0,0.0,7.0,0.0,0,978.0,978.0,1023.2532242255412,Y1
0.0,1.0,0.0,1.0,1.0,1.0,0.0,24.0,0.0,0,959.0,959.0,947.0551361697823,Y1
0.0,0.0,2.0,0.0,0.0,0.0,0.0,6.0,0.0,1,931.0,899.7231273335939,931.0,Y0
1.0,1.0,2.0,1.0,2.0,0.0,2.0,1.0,1.0,1,831.0,846.1094741795687,831.0,Y0
0.0,0.0,4.0,1.0,1.0,0.0,0.0,14.0,0.0,1,1055.0,1020.9211660636671,1055.0,Y0
0.0,0.0,0.0,0.0,1.0,1.0,0.0,14.0,1.0,1,949.0,923.0446007473023,949.0,Y0
0.0,0.0,1.0,0.0,0.0,1.0,0.0,8.0,0.0,0,1042.0,1042.0,1055.1762237618073,Y1
0.0,0.0,3.0,0.0,0.0,2.0,0.0,8.0,0.0,1,906.0,889.1331642720529,906.0,Y0
1.0,0.0,3.0,0.0,1.0,0.0,0.0,18.0,0.0,0,922.0,922.0,953.6397735054583,Y1
0.0,1.0,0.0,1.0,1.0,1.0,0.0,20.0,0.0,1,835.0,886.50936187325,835.0,Y0
0.0,1.0,1.0,0.0,1.0,0.0,2.0,1.0,1.0,0,1003.0,1003.0,977.6446740954026,Y1
0.0,0.0,3.0,0.0,0.0,0.0,0.0,14.0,0.0,1,1046.0,1004.4178613156178,1046.0,Y0
0.0,0.0,1.0,1.0,0.0,1.0,0.0,8.0,0.0,0,877.0,877.0,894.9891485668045,Y1
1.0,1.0,3.0,1.0,2.0,0.0,0.0,5.0,1.0,0,852.0,852.0,910.12292848782,Y1
0.0,1.0,2.0,1.0,2.0,0.0,2.0,1.0,1.0,0,906.0,906.0,888.755045530173,Y1
1.0,1.0,0.0,0.0,1.0,1.0,0.0,15.0,1.0,0,928.0,928.0,944.8073038111716,Y1
1.0,1.0,3.0,1.0,2.0,1.0,0.0,17.0,0.0,0,870.0,870.0,891.8115681509868,Y1
1.0,0.0,2.0,1.0,0.0,0.0,0.0,6.0,0.0,0,925.0,925.0,965.9753318077364,Y1
0.0,1.0,2.0,0.0,2.0,0.0,-1.0,2.0,0.0,1,853.0,870.2536595516069,853.0,Y0
0.0,0.0,2.0,1.0,0.0,0.0,-1.0,4.0,0.0,0,842.0,842.0,901.5305049983716,Y1
1.0,1.0,3.0,1.0,2.0,0.0,-1.0,9.0,1.0,0,903.0,903.0,890.3611309813624,Y1
0.0,1.0,1.0,1.0,2.0,0.0,0.0,7.0,0.0,0,898.0,898.0,944.5772699909841,Y1
0.0,0.0,3.0,1.0,0.0,0.0,3.0,10.0,0.0,0,902.0,902.0,819.2763257842622,Y1
0.0,1.0,2.0,1.0,2.0,0.0,0.0,7.0,0.0,0,816.0,816.0,862.9771676295092,Y1
0.0,0.0,3.0,0.0,0.0,1.0,0.0,12.0,0.0,1,987.0,983.5704278613345,987.0,Y0
1.0,1.0,3.0,1.0,2.0,1.0,0.0,5.0,0.0,0,847.0,847.0,878.9730257959068,Y1
0.0,1.0,2.0,1.0,2.0,0.0,0.0,9.0,1.0,0,1012.0,1012.0,1013.2089620442546,Y1
0.0,0.0,4.0,0.0,0.0,0.0,2.0,1.0,0.0,1,887.0,934.8257194670897,887.0,Y0
0.0,0.0,3.0,0.0,1.0,0.0,0.0,18.0,0.0,0,1054.0,1054.0,1085.5150254518092,Y1
1.0,0.0,3.0,0.0,2.0,1.0,0.0,11.0,0.0,0,963.0,963.0,968.4588662909467,Y1
1.0,0.0,3.0,1.0,0.0,1.0,0.0,13.0,0.0,0,920.0,920.0,927.1711094138501,Y1
0.0,1.0,5.0,1.0,2.0,0.0,-1.0,14.0,1.0,1,909.0,900.9043687840436,909.0,Y0
0.0,0.0,3.0,1.0,0.0,0.0,0.0,10.0,0.0,0,936.0,936.0,923.0847913257968,Y1
1.0,0.0,3.0,0.0,1.0,0.0,0.0,5.0,0.0,1,1061.0,1020.8371537074636,1061.0,Y0
0.0,0.0,1.0,0.0,0.0,0.0,0.0,12.0,0.0,0,922.0,922.0,936.8010118680961,Y1
0.0,1.0,2.0,1.0,2.0,1.0,0.0,17.0,0.0,0,799.0,799.0,821.4593463970634,Y1
0.0,1.0,3.0,1.0,2.0,0.0,-1.0,2.0,0.0,1,960.0,971.3633158593443,960.0,Y0
0.0,1.0,2.0,1.0,1.0,0.0,0.0,8.0,1.0,0,849.0,849.0,868.2604792749822,Y1
1.0,0.0,0.0,0.0,0.0,0.0,-1.0,1.0,0.0,1,936.0,923.1202120087527,936.0,Y0
1.0,0.0,9.0,1.0,0.0,0.0,0.0,11.0,0.0,0,937.0,937.0,937.6738474515665,Y1
0.0,0.0,3.0,0.0,0.0,0.0,3.0,9.0,0.0,0,1140.0,1140.0,1092.6244152009274,Y1
0.0,1.0,2.0,0.0,2.0,0.0,2.0,1.0,1.0,0,952.0,952.0,922.3198924966181,Y1
1.0,0.0,0.0,0.0,0.0,1.0,0.0,12.0,0.0,0,892.0,892.0,895.724350904868,Y1
1.0,1.0,1.0,1.0,2.0,0.0,2.0,1.0,0.0,1,822.0,841.62639870656,822.0,Y0
1.0,1.0,3.0,0.0,1.0,0.0,-1.0,4.0,0.0,0,857.0,857.0,935.8286352490214,Y1
0.0,0.0,3.0,0.0,1.0,0.0,0.0,7.0,0.0,0,870.0,870.0,902.7112880556846,Y1
1.0,0.0,3.0,0.0,0.0,1.0,0.0,9.0,0.0,1,852.0,837.2424198177524,852.0,Y0
0.0,1.0,3.0,1.0,2.0,0.0,2.0,1.0,1.0,1,813.0,829.5310216794406,813.0,Y0
1.0,1.0,0.0,1.0,2.0,1.0,0.0,17.0,0.0,0,811.0,811.0,829.3860199459497,Y1
0.0,0.0,0.0,0.0,1.0,0.0,1.0,0.0,0.0,0,901.0,901.0,908.370631266058,Y1
1.0,1.0,2.0,1.0,2.0,0.0,2.0,1.0,1.0,1,835.0,850.1094741795687,835.0,Y0
0.0,1.0,2.0,1.0,2.0,2.0,0.0,8.0,0.0,0,777.0,777.0,811.9837350921231,Y1
0.0,1.0,3.0,0.0,1.0,1.0,0.0,10.0,0.0,0,910.0,910.0,895.5113557958664,Y1
0.0,0.0,3.0,0.0,0.0,1.0,0.0,11.0,0.0,0,939.0,939.0,944.0004902318229,Y1
1.0,1.0,2.0,1.0,2.0,0.0,2.0,2.0,0.0,1,1017.0,1010.3823643905798,1017.0,Y0
0.0,0.0,3.0,1.0,1.0,0.0,2.0,1.0,1.0,0,854.0,854.0,820.0746631395223,Y1
1.0,0.0,2.0,0.0,0.0,1.0,0.0,13.0,0.0,0,882.0,882.0,892.1102254765595,Y1
0.0,0.0,0.0,0.0,0.0,0.0,0.0,12.0,0.0,0,865.0,865.0,879.9913751339271,Y1
1.0,0.0,2.0,0.0,0.0,0.0,0.0,4.0,0.0,1,1022.0,948.5836401994666,1022.0,Y0
1.0,1.0,1.0,1.0,2.0,0.0,0.0,6.0,1.0,1,921.0,869.4180567897959,921.0,Y0
1.0,0.0,3.0,1.0,0.0,0.0,0.0,11.0,0.0,0,813.0,813.0,823.9947743417499,Y1
1.0,0.0,0.0,0.0,0.0,0.0,0.0,8.0,0.0,0,918.0,918.0,950.8548544356473,Y1
1.0,1.0,0.0,1.0,2.0,1.0,0.0,17.0,0.0,0,898.0,898.0,916.3860199459497,Y1
0.0,1.0,1.0,0.0,0.0,0.0,0.0,13.0,0.0,0,905.0,905.0,926.7094583053029,Y1
0.0,1.0,2.0,0.0,1.0,0.0,-1.0,12.0,1.0,0,867.0,867.0,849.4814051144391,Y1
0.0,1.0,1.0,1.0,2.0,1.0,0.0,10.0,1.0,0,952.0,952.0,927.8545315524543,Y1
0.0,0.0,3.0,0.0,1.0,0.0,0.0,7.0,0.0,0,834.0,834.0,866.7112880556846,Y1
0.0,0.0,3.0,0.0,1.0,1.0,0.0,15.0,1.0,0,980.0,980.0,1001.8361111202166,Y1
1.0,0.0,2.0,0.0,0.0,0.0,0.0,11.0,0.0,0,782.0,782.0,794.4836018230682,Y1
1.0,0.0,0.0,1.0,0.0,0.0,0.0,12.0,0.0,0,1012.0,1012.0,1027.6627159736104,Y1
1.0,1.0,4.0,0.0,0.0,0.0,2.0,2.0,0.0,0,896.0,896.0,900.0381713408129,Y1
1.0,0.0,3.0,1.0,0.0,1.0,0.0,10.0,0.0,0,790.0,790.0,778.9679121206552,Y1
1.0,0.0,2.0,0.0,0.0,0.0,0.0,3.0,0.0,0,856.0,856.0,913.7613031416818,Y1
1.0,1.0,1.0,0.0,1.0,0.0,-1.0,0.0,0.0,0,858.0,858.0,919.0875559641605,Y1
0.0,0.0,3.0,1.0,3.0,0.0,2.0,5.0,0.0,0,865.0,865.0,889.21272746267,Y1
1.0,0.0,8.0,0.0,0.0,1.0,0.0,13.0,0.0,0,835.0,835.0,805.6065423926055,Y1
1.0,0.0,0.0,0.0,0.0,0.0,0.0,8.0,0.0,1,1136.0,1103.1451455643526,1136.0,Y0
0.0,1.0,3.0,1.0,2.0,0.0,2.0,1.0,1.0,1,868.0,884.5310216794406,868.0,Y0
1.0,0.0,5.0,0.0,0.0,0.0,0.0,6.0,0.0,1,1055.0,1015.9226713408897,1055.0,Y0
1.0,1.0,0.0,1.0,2.0,0.0,0.0,6.0,1.0,1,854.0,802.7475684503136,854.0,Y0
1.0,1.0,2.0,1.0,2.0,0.0,0.0,12.0,1.0,0,897.0,897.0,886.5290278704216,Y1
1.0,1.0,0.0,1.0,2.0,0.0,1.0,9.0,1.0,1,822.0,807.3998203388713,822.0,Y0
0.0,0.0,3.0,1.0,1.0,0.0,0.0,12.0,0.0,0,844.0,844.0,847.8997471244209,Y1
1.0,0.0,1.0,1.0,0.0,0.0,0.0,4.0,0.0,0,927.0,927.0,997.950039769259,Y1
0.0,0.0,2.0,0.0,0.0,1.0,0.0,6.0,0.0,0,976.0,976.0,992.4082056610581,Y1
0.0,0.0,0.0,0.0,0.0,0.0,2.0,2.0,0.0,0,1059.0,1059.0,1025.1311659370863,Y1
0.0,1.0,1.0,0.0,2.0,1.0,0.0,10.0,1.0,1,985.0,1005.4472451435829,985.0,Y0
0.0,1.0,1.0,1.0,2.0,0.0,-1.0,2.0,0.0,0,817.0,817.0,805.85566734221,Y1
0.0,0.0,2.0,0.0,0.0,1.0,0.0,20.0,0.0,0,928.0,928.0,877.3652770131739,Y1
0.0,1.0,1.0,1.0,2.0,1.0,0.0,5.0,0.0,0,937.0,937.0,961.9220742288668,Y1
1.0,0.0,1.0,0.0,1.0,0.0,5.0,3.0,0.0,0,989.0,989.0,938.0394272690784,Y1
1.0,0.0,0.0,0.0,3.0,1.0,0.0,8.0,0.0,0,1044.0,1044.0,1048.2049511115492,Y1
0.0,1.0,0.0,0.0,1.0,0.0,2.0,5.0,1.0,1,840.0,849.8064881893421,840.0,Y0
1.0,0.0,2.0,0.0,1.0,0.0,-1.0,3.0,0.0,0,991.0,991.0,1048.5808549282372,Y1
1.0,0.0,1.0,-1.0,1.0,0.0,2.0,1.0,-1.0,0,995.0,995.0,926.6163454520042,Y1
0.0,0.0,0.0,0.0,0.0,1.0,0.0,6.0,0.0,0,957.0,957.0,968.0169224773676,Y1
1.0,1.0,1.0,1.0,1.0,1.0,0.0,24.0,0.0,0,1019.0,1019.0,1006.6596750871726,Y1
0.0,0.0,2.0,1.0,0.0,0.0,0.0,14.0,0.0,0,851.0,851.0,894.7961029968337,Y1
1.0,0.0,7.0,0.0,3.0,1.0,0.0,12.0,0.0,0,1066.0,1066.0,1028.617006608426,Y1
1.0,0.0,4.0,0.0,1.0,2.0,0.0,13.0,0.0,0,924.0,924.0,966.0588313524808,Y1
1.0,1.0,2.0,1.0,2.0,0.0,1.0,0.0,0.0,0,945.0,945.0,1038.394945092094,Y1
0.0,0.0,1.0,1.0,1.0,0.0,0.0,17.0,0.0,0,860.0,860.0,892.1698030317755,Y1
0.0,0.0,0.0,0.0,1.0,0.0,-1.0,15.0,0.0,1,876.0,877.0312820525384,876.0,Y0
0.0,0.0,3.0,0.0,1.0,0.0,0.0,0.0,0.0,0,889.0,889.0,885.2399031004661,Y1
1.0,0.0,1.0,0.0,0.0,0.0,0.0,15.0,0.0,1,905.0,890.8691867463641,905.0,Y0
1.0,0.0,4.0,0.0,1.0,0.0,2.0,3.0,0.0,0,1100.0,1100.0,1098.276385749116,Y1
0.0,0.0,1.0,0.0,0.0,1.0,0.0,13.0,0.0,0,971.0,971.0,981.1737799658044,Y1
1.0,0.0,3.0,1.0,3.0,2.0,0.0,13.0,0.0,0,912.0,912.0,976.0203774586514,Y1
0.0,0.0,0.0,0.0,1.0,1.0,0.0,12.0,0.0,0,1037.0,1037.0,1037.3839825477116,Y1
1.0,0.0,0.0,0.0,3.0,0.0,0.0,14.0,0.0,0,948.0,948.0,990.847319745313,Y1
1.0,1.0,1.0,1.0,2.0,0.0,0.0,5.0,0.0,0,986.0,986.0,1045.7281475446857,Y1
0.0,0.0,3.0,0.0,1.0,2.0,0.0,12.0,0.0,0,957.0,957.0,987.3093315664398,Y1
1.0,0.0,2.0,1.0,0.0,0.0,0.0,2.0,0.0,0,894.0,894.0,900.5806234544051,Y1
1.0,0.0,0.0,1.0,2.0,0.0,0.0,9.0,0.0,0,854.0,854.0,865.5987777805542,Y1
1.0,0.0,0.0,1.0,0.0,0.0,0.0,16.0,0.0,0,870.0,870.0,895.1139436189865,Y1
1.0,1.0,3.0,1.0,2.0,0.0,1.0,0.0,0.0,0,856.0,856.0,950.1765887675542,Y1
1.0,1.0,0.0,1.0,2.0,0.0,1.0,0.0,1.0,0,998.0,998.0,1109.9230670697777,Y1
1.0,0.0,2.0,0.0,1.0,1.0,0.0,15.0,0.0,1,1022.0,991.2857393664938,1022.0,Y0
0.0,0.0,0.0,0.0,1.0,1.0,0.0,8.0,0.0,0,869.0,869.0,876.8074688383349,Y1
1.0,0.0,1.0,0.0,0.0,0.0,0.0,11.0,0.0,0,912.0,912.0,931.6843547891341,Y1
1.0,0.0,0.0,0.0,1.0,0.0,1.0,14.0,0.0,0,870.0,870.0,914.3868680433542,Y1
1.0,1.0,2.0,0.0,1.0,1.0,0.0,20.0,0.0,1,850.0,908.6303140597645,850.0,Y0
1.0,1.0,1.0,1.0,2.0,0.0,-1.0,6.0,1.0,0,953.0,953.0,967.8279862582261,Y1
1.0,0.0,0.0,0.0,1.0,0.0,1.0,0.0,0.0,1,1021.0,953.4323989262473,1021.0,Y0
0.0,0.0,0.0,0.0,0.0,0.0,0.0,4.0,0.0,0,983.0,983.0,1036.4343295288709,Y1
0.0,1.0,3.0,1.0,2.0,1.0,0.0,6.0,0.0,1,836.0,806.2644996747596,836.0,Y0
0.0,0.0,0.0,0.0,1.0,0.0,0.0,5.0,1.0,0,1011.0,1011.0,1034.0090887555755,Y1
1.0,0.0,0.0,0.0,0.0,0.0,0.0,3.0,0.0,0,915.0,915.0,972.6901815392199,Y1
0.0,0.0,2.0,1.0,0.0,0.0,0.0,6.0,0.0,1,973.0,935.7381631967216,973.0,Y0
1.0,0.0,4.0,0.0,0.0,0.0,2.0,3.0,1.0,0,1034.0,1034.0,1024.4312381241552,Y1
0.0,0.0,1.0,1.0,0.0,0.0,0.0,11.0,0.0,0,932.0,932.0,950.9765626657592,Y1
1.0,0.0,3.0,0.0,0.0,1.0,0.0,12.0,0.0,0,870.0,870.0,877.3050130252085,Y1
0.0,0.0,3.0,1.0,0.0,0.0,0.0,19.0,0.0,1,901.0,942.4724139405511,901.0,Y0
1.0,0.0,2.0,0.0,3.0,0.0,-1.0,11.0,0.0,0,916.0,916.0,851.2322411421384,Y1
1.0,0.0,2.0,1.0,1.0,1.0,0.0,14.0,1.0,1,998.0,980.5103850642748,998.0,Y0
0.0,0.0,2.0,0.0,0.0,0.0,0.0,13.0,0.0,0,1006.0,1006.0,1018.0205757403057,Y1
0.0,1.0,1.0,1.0,0.0,1.0,0.0,12.0,0.0,0,940.0,940.0,946.2132901447461,Y1
1.0,1.0,0.0,0.0,1.0,0.0,0.0,17.0,0.0,0,882.0,882.0,905.4969502017963,Y1
1.0,1.0,2.0,1.0,1.0,1.0,0.0,24.0,0.0,0,1144.0,1144.0,1123.1631411326846,Y1
0.0,1.0,1.0,1.0,2.0,0.0,0.0,6.0,1.0,1,920.0,871.6716709209215,920.0,Y0
0.0,1.0,0.0,1.0,2.0,0.0,1.0,0.0,0.0,0,971.0,971.0,1020.670905445477,Y1
1.0,0.0,3.0,1.0,1.0,0.0,-1.0,2.0,0.0,0,968.0,968.0,971.7182070395713,Y1
1.0,1.0,2.0,0.0,1.0,0.0,0.0,21.0,1.0,0,925.0,925.0,879.8264830043456,Y1
0.0,0.0,3.0,1.0,3.0,0.0,0.0,21.0,0.0,1,882.0,876.254379320137,882.0,Y0
0.0,0.0,3.0,0.0,3.0,1.0,0.0,8.0,0.0,0,944.0,944.0,946.4717882631924,Y1
0.0,0.0,0.0,0.0,1.0,0.0,0.0,10.0,0.0,1,869.0,883.5649637376154,869.0,Y0
1.0,0.0,1.0,0.0,3.0,1.0,0.0,14.0,0.0,1,986.0,937.5483914553527,986.0,Y0
1.0,0.0,3.0,0.0,0.0,0.0,0.0,13.0,0.0,0,902.0,902.0,914.5527431636428,Y1
0.0,1.0,2.0,1.0,1.0,0.0,0.0,21.0,0.0,1,903.0,903.2674661104671,903.0,Y0
1.0,0.0,0.0,1.0,3.0,1.0,0.0,6.0,0.0,0,847.0,847.0,841.9727843887486,Y1
0.0,0.0,1.0,1.0,0.0,0.0,0.0,10.0,0.0,1,900.0,909.855065167538,900.0,Y0
0.0,0.0,0.0,1.0,0.0,0.0,0.0,2.0,0.0,1,954.0,950.4894617637385,954.0,Y0
0.0,0.0,2.0,1.0,0.0,0.0,0.0,22.0,0.0,1,895.0,886.084972760148,895.0,Y0
0.0,0.0,2.0,0.0,0.0,0.0,0.0,8.0,0.0,1,968.0,949.1744293897478,968.0,Y0
1.0,0.0,0.0,0.0,3.0,0.0,0.0,21.0,0.0,1,905.0,878.8512709343996,905.0,Y0
1.0,0.0,1.0,0.0,0.0,1.0,0.0,6.0,0.0,1,895.0,866.1641786047433,895.0,Y0
0.0,0.0,0.0,0.0,0.0,1.0,0.0,10.0,0.0,0,1061.0,1061.0,1047.689387781967,Y1
1.0,0.0,2.0,0.0,0.0,0.0,3.0,9.0,0.0,0,1066.0,1066.0,1025.2487043454512,Y1
0.0,0.0,0.0,0.0,1.0,0.0,-1.0,10.0,1.0,1,926.0,941.3894645014095,926.0,Y0
0.0,0.0,1.0,1.0,0.0,0.0,0.0,19.0,0.0,1,939.0,972.9402333185395,939.0,Y0
1.0,0.0,2.0,0.0,0.0,0.0,0.0,10.0,0.0,0,901.0,901.0,888.8720413303346,Y1
1.0,1.0,0.0,1.0,2.0,0.0,0.0,11.0,0.0,0,810.0,810.0,826.4842223428707,Y1
0.0,0.0,3.0,0.0,0.0,0.0,0.0,16.0,0.0,0,919.0,919.0,939.0015073605964,Y1
1.0,0.0,1.0,0.0,0.0,1.0,0.0,13.0,0.0,0,856.0,856.0,868.2353371681786,Y1
1.0,0.0,1.0,0.0,1.0,0.0,0.0,17.0,0.0,0,917.0,917.0,947.5016060562959,Y1
0.0,0.0,3.0,1.0,0.0,0.0,2.0,3.0,1.0,0,930.0,930.0,919.3844325718738,Y1
1.0,0.0,2.0,0.0,0.0,1.0,4.0,16.0,0.0,0,1057.0,1057.0,1011.6170250529559,Y1
1.0,1.0,2.0,0.0,0.0,0.0,0.0,10.0,0.0,0,894.0,894.0,888.4326627306095,Y1
0.0,1.0,2.0,1.0,2.0,0.0,0.0,16.0,1.0,0,928.0,928.0,935.0861072809273,Y1
1.0,0.0,3.0,1.0,0.0,1.0,0.0,6.0,0.0,0,870.0,870.0,896.6082303821394,Y1
0.0,0.0,3.0,1.0,3.0,1.0,0.0,13.0,0.0,1,901.0,889.3775129721893,901.0,Y0
1.0,1.0,3.0,1.0,2.0,1.0,0.0,10.0,1.0,0,943.0,943.0,922.0549991795476,Y1
1.0,0.0,2.0,0.0,1.0,1.0,1.0,8.0,0.0,1,1017.0,972.8638257296526,1017.0,Y0
1.0,0.0,8.0,0.0,0.0,1.0,0.0,7.0,0.0,0,980.0,980.0,940.1978025496468,Y1
0.0,0.0,0.0,1.0,0.0,1.0,0.0,12.0,0.0,1,890.0,881.7924857820061,890.0,Y0
0.0,0.0,3.0,0.0,1.0,1.0,4.0,15.0,0.0,0,987.0,987.0,954.5976103749053,Y1
1.0,0.0,2.0,1.0,1.0,1.0,0.0,4.0,0.0,1,929.0,894.1887194025867,929.0,Y0
0.0,0.0,0.0,0.0,0.0,0.0,0.0,9.0,0.0,0,961.0,961.0,968.9532197683654,Y1
1.0,1.0,3.0,1.0,2.0,0.0,2.0,2.0,1.0,1,941.0,930.3050116975479,941.0,Y0
0.0,0.0,1.0,1.0,0.0,0.0,0.0,14.0,0.0,0,910.0,910.0,960.4735285820814,Y1
0.0,1.0,1.0,1.0,2.0,0.0,-1.0,14.0,1.0,1,942.0,931.8889475273535,942.0,Y0
0.0,0.0,0.0,0.0,0.0,0.0,0.0,6.0,0.0,0,975.0,975.0,1005.5462974639296,Y1
1.0,0.0,0.0,1.0,0.0,0.0,0.0,10.0,0.0,0,974.0,974.0,963.4033108968606,Y1
0.0,0.0,2.0,1.0,0.0,0.0,-1.0,4.0,0.0,0,939.0,939.0,998.5305049983716,Y1
1.0,0.0,3.0,0.0,0.0,0.0,0.0,10.0,0.0,1,868.0,880.1161817823247,868.0,Y0
1.0,0.0,2.0,1.0,3.0,0.0,0.0,11.0,0.0,0,810.0,810.0,799.888751784474,Y1
0.0,0.0,0.0,1.0,0.0,1.0,0.0,12.0,0.0,1,868.0,859.7924857820061,868.0,Y0
1.0,1.0,3.0,1.0,2.0,2.0,0.0,8.0,0.0,0,745.0,745.0,785.1516993731776,Y1
1.0,1.0,3.0,1.0,3.0,1.0,0.0,6.0,0.0,0,845.0,845.0,861.536886918386,Y1
0.0,1.0,3.0,1.0,2.0,0.0,0.0,11.0,0.0,0,911.0,911.0,922.3251022315046,Y1
0.0,0.0,3.0,0.0,0.0,0.0,1.0,0.0,0.0,0,964.0,964.0,965.0035507406538,Y1
1.0,0.0,0.0,0.0,0.0,0.0,0.0,3.0,0.0,0,1032.0,1032.0,1089.6901815392198,Y1
0.0,1.0,0.0,0.0,2.0,1.0,0.0,11.0,0.0,0,892.0,892.0,896.5137099685135,Y1
0.0,0.0,1.0,0.0,0.0,0.0,0.0,2.0,0.0,0,964.0,964.0,957.8586310841079,Y1
1.0,0.0,0.0,0.0,1.0,1.0,0.0,4.0,0.0,1,831.0,800.5732734908497,831.0,Y0
1.0,0.0,4.0,1.0,0.0,1.0,0.0,12.0,0.0,1,989.0,982.193542133111,989.0,Y0
1.0,1.0,0.0,1.0,2.0,0.0,0.0,6.0,0.0,1,1017.0,962.2682581387877,1017.0,Y0
1.0,0.0,0.0,0.0,1.0,1.0,0.0,17.0,0.0,1,929.0,903.6383620012554,929.0,Y0
0.0,1.0,3.0,0.0,2.0,0.0,-1.0,2.0,0.0,0,871.0,871.0,855.2379230909304,Y1
0.0,1.0,0.0,0.0,2.0,0.0,2.0,2.0,0.0,1,1016.0,1019.796631447868,1016.0,Y0
0.0,1.0,3.0,0.0,1.0,0.0,0.0,6.0,0.0,0,887.0,887.0,933.0814749327641,Y1
0.0,1.0,2.0,1.0,2.0,1.0,1.0,6.0,0.0,0,855.0,855.0,902.2362571261368,Y1
1.0,0.0,3.0,0.0,1.0,0.0,0.0,11.0,0.0,0,1152.0,1152.0,1158.3249305952304,Y1
0.0,0.0,3.0,0.0,0.0,1.0,0.0,15.0,0.0,0,967.0,967.0,976.3745600359724,Y1
0.0,0.0,0.0,1.0,0.0,1.0,0.0,12.0,0.0,0,858.0,858.0,866.2075142179939,Y1
0.0,0.0,4.0,0.0,0.0,0.0,0.0,3.0,0.0,0,923.0,923.0,967.8310402844807,Y1
1.0,0.0,3.0,1.0,0.0,0.0,0.0,20.0,0.0,0,922.0,922.0,880.9073581296191,Y1
1.0,4.0,2.0,0.0,1.0,0.0,0.0,10.0,0.0,1,892.0,904.7153134880332,892.0,Y0
1.0,0.0,3.0,1.0,0.0,1.0,0.0,5.0,0.0,0,869.0,869.0,892.2093989937761,Y1
1.0,0.0,7.0,0.0,0.0,0.0,0.0,13.0,0.0,0,984.0,984.0,979.6950664056122,Y1
0.0,0.0,2.0,0.0,0.0,1.0,0.0,13.0,0.0,0,996.0,996.0,1004.0282938068814,Y1
0.0,1.0,2.0,1.0,2.0,0.0,0.0,6.0,1.0,0,881.0,881.0,929.6079245905855,Y1
0.0,1.0,1.0,1.0,2.0,0.0,0.0,3.0,1.0,1,1067.0,974.4811418081313,1067.0,Y0
0.0,0.0,0.0,0.0,0.0,0.0,0.0,13.0,0.0,0,892.0,892.0,910.8192994322403,Y1
0.0,1.0,1.0,1.0,2.0,0.0,1.0,0.0,0.0,0,970.0,970.0,1020.3418323843974,Y1
1.0,0.0,0.0,1.0,0.0,1.0,0.0,10.0,0.0,0,997.0,997.0,979.8626959306927,Y1
1.0,0.0,1.0,1.0,0.0,0.0,2.0,1.0,0.0,0,929.0,929.0,893.1561226907214,Y1
0.0,0.0,1.0,0.0,1.0,1.0,1.0,8.0,0.0,1,950.0,928.2727557660779,950.0,Y0
1.0,0.0,2.0,0.0,0.0,0.0,0.0,6.0,0.0,1,1033.0,988.164836065621,1033.0,Y0
0.0,0.0,1.0,1.0,1.0,0.0,-1.0,0.0,0.0,0,927.0,927.0,938.8414976984748,Y1
1.0,0.0,2.0,0.0,1.0,1.0,0.0,8.0,0.0,1,959.0,932.0572794337968,959.0,Y0
0.0,0.0,3.0,0.0,1.0,0.0,0.0,5.0,0.0,1,958.0,931.4314833096489,958.0,Y0
1.0,0.0,3.0,0.0,1.0,1.0,0.0,15.0,0.0,1,994.0,963.3495079898433,994.0,Y0
1.0,1.0,2.0,1.0,2.0,0.0,0.0,12.0,1.0,0,994.0,994.0,983.5290278704216,Y1
1.0,0.0,3.0,0.0,1.0,0.0,0.0,16.0,1.0,1,962.0,955.1353436403454,962.0,Y0
0.0,0.0,2.0,1.0,3.0,0.0,0.0,14.0,0.0,0,941.0,941.0,980.1388522666783,Y1
0.0,0.0,2.0,1.0,0.0,1.0,0.0,12.0,0.0,0,944.0,944.0,948.7678632054314,Y1
0.0,0.0,3.0,1.0,0.0,1.0,0.0,12.0,0.0,0,824.0,824.0,828.76335023761,Y1
0.0,1.0,1.0,0.0,1.0,0.0,-1.0,5.0,0.0,1,911.0,917.6396751209132,911.0,Y0
1.0,0.0,2.0,0.0,3.0,0.0,0.0,13.0,0.0,1,890.0,880.4601729987311,890.0,Y0
1.0,0.0,2.0,0.0,0.0,0.0,0.0,5.0,0.0,1,892.0,849.5243255037626,892.0,Y0
1.0,0.0,2.0,0.0,1.0,1.0,0.0,18.0,0.0,1,944.0,900.3085939551413,944.0,Y0
0.0,0.0,1.0,0.0,1.0,0.0,-1.0,3.0,0.0,0,1010.0,1010.0,1054.2068449180865,Y1
1.0,1.0,0.0,1.0,2.0,0.0,0.0,24.0,1.0,0,937.0,937.0,910.989199567514,Y1
1.0,0.0,0.0,0.0,1.0,0.0,0.0,8.0,1.0,0,962.0,962.0,987.8177935146733,Y1
1.0,0.0,0.0,0.0,1.0,1.0,0.0,14.0,0.0,0,966.0,966.0,994.4582791795198,Y1
0.0,1.0,3.0,1.0,2.0,0.0,1.0,0.0,0.0,0,975.0,975.0,1028.4626498578616,Y1
0.0,1.0,2.0,0.0,2.0,1.0,0.0,11.0,0.0,0,906.0,906.0,908.9476938275899,Y1
1.0,0.0,0.0,0.0,1.0,0.0,0.0,8.0,1.0,0,983.0,983.0,1008.8177935146733,Y1
0.0,0.0,2.0,1.0,0.0,2.0,0.0,8.0,0.0,1,893.0,885.7760224269117,893.0,Y0
0.0,0.0,2.0,1.0,0.0,1.0,0.0,12.0,0.0,0,865.0,865.0,869.7678632054314,Y1
1.0,0.0,3.0,1.0,3.0,0.0,0.0,13.0,0.0,0,925.0,925.0,933.2121908250456,Y1
1.0,0.0,1.0,0.0,2.0,0.0,0.0,9.0,0.0,1,1038.0,1023.7914716513593,1038.0,Y0
0.0,0.0,1.0,0.0,0.0,0.0,0.0,9.0,0.0,0,895.0,895.0,903.4510835161994,Y1
1.0,0.0,3.0,1.0,0.0,0.0,0.0,19.0,0.0,1,916.0,960.7623380642534,916.0,Y0
1.0,0.0,1.0,0.0,0.0,0.0,0.0,13.0,0.0,0,1079.0,1079.0,1098.1331694669882,Y1
0.0,0.0,0.0,1.0,0.0,1.0,0.0,13.0,0.0,0,911.0,911.0,924.1211780188661,Y1
1.0,0.0,0.0,0.0,0.0,0.0,0.0,13.0,0.0,0,894.0,894.0,912.6299906468437,Y1
0.0,0.0,2.0,0.0,0.0,0.0,0.0,4.0,0.0,1,989.0,935.5942765896704,989.0,Y0
1.0,1.0,2.0,1.0,1.0,0.0,2.0,1.0,0.0,0,941.0,941.0,923.784171589878,Y1
1.0,1.0,3.0,1.0,2.0,1.0,0.0,7.0,0.0,0,845.0,845.0,859.6197638011537,Y1
0.0,0.0,0.0,0.0,0.0,1.0,0.0,13.0,0.0,0,940.0,940.0,952.1320538594146,Y1
1.0,1.0,0.0,1.0,2.0,0.0,0.0,12.0,0.0,0,805.0,805.0,816.5201337170499,Y1
1.0,1.0,0.0,0.0,2.0,0.0,0.0,10.0,1.0,0,951.0,951.0,930.3688935800092,Y1
1.0,0.0,4.0,0.0,0.0,1.0,0.0,13.0,0.0,1,897.0,883.1816245136595,897.0,Y0
1.0,0.0,1.0,0.0,0.0,1.0,0.0,13.0,0.0,0,869.0,869.0,881.2353371681786,Y1
0.0,1.0,1.0,1.0,2.0,0.0,0.0,20.0,1.0,0,955.0,955.0,891.0379582418805,Y1
0.0,0.0,1.0,0.0,0.0,1.0,0.0,12.0,0.0,0,1059.0,1059.0,1063.3256696571273,Y1
0.0,0.0,3.0,0.0,1.0,0.0,0.0,16.0,1.0,1,1037.0,1030.0526259793273,1037.0,Y0
0.0,0.0,3.0,0.0,0.0,1.0,0.0,12.0,0.0,1,1031.0,1027.5704278613346,1031.0,Y0
1.0,0.0,4.0,0.0,1.0,1.0,0.0,7.0,0.0,1,1085.0,1069.9517899638793,1085.0,Y0
1.0,0.0,3.0,0.0,1.0,1.0,0.0,8.0,0.0,0,858.0,858.0,885.6867309961107,Y1
1.0,1.0,3.0,0.0,0.0,1.0,0.0,13.0,0.0,0,947.0,947.0,958.2640712434014,Y1
0.0,0.0,0.0,1.0,0.0,1.0,0.0,8.0,0.0,0,789.0,789.0,804.7258915746736,Y1
0.0,0.0,1.0,0.0,0.0,1.0,0.0,6.0,0.0,1,881.0,867.2444798896792,881.0,Y0
0.0,1.0,2.0,1.0,2.0,0.0,0.0,16.0,1.0,0,841.0,841.0,848.0861072809273,Y1
0.0,1.0,3.0,1.0,2.0,0.0,2.0,0.0,0.0,0,849.0,849.0,890.7933364890167,Y1
1.0,0.0,2.0,0.0,0.0,0.0,0.0,3.0,0.0,0,962.0,962.0,1019.7613031416818,Y1
1.0,1.0,0.0,0.0,0.0,0.0,2.0,2.0,0.0,0,829.0,829.0,832.5805715610765,Y1
1.0,0.0,1.0,0.0,0.0,0.0,0.0,3.0,0.0,1,1014.0,955.8143897612084,1014.0,Y0
0.0,1.0,0.0,1.0,2.0,0.0,0.0,3.0,1.0,1,1153.0,1060.7722351201173,1153.0,Y0
0.0,0.0,3.0,1.0,0.0,1.0,0.0,8.0,1.0,0,842.0,842.0,865.789017268163,Y1
0.0,1.0,2.0,1.0,2.0,0.0,0.0,6.0,1.0,0,815.0,815.0,863.6079245905855,Y1
0.0,1.0,2.0,1.0,2.0,0.0,0.0,3.0,1.0,1,983.0,892.5546530205395,983.0,Y0
1.0,0.0,2.0,1.0,0.0,1.0,0.0,5.0,0.0,0,914.0,914.0,937.0508186975277,Y1
1.0,0.0,2.0,0.0,1.0,2.0,0.0,12.0,0.0,0,911.0,911.0,944.8212144084126,Y1
1.0,0.0,2.0,0.0,0.0,0.0,0.0,15.0,0.0,1,899.0,891.3719321964467,899.0,Y0
1.0,0.0,2.0,1.0,0.0,1.0,0.0,12.0,0.0,0,980.0,980.0,985.2459582017722,Y1
0.0,0.0,0.0,0.0,1.0,0.0,1.0,0.0,0.0,0,994.0,994.0,1001.370631266058,Y1
1.0,0.0,0.0,1.0,2.0,1.0,1.0,3.0,1.0,0,831.0,831.0,890.2672823287454,Y1
0.0,0.0,3.0,1.0,0.0,1.0,0.0,12.0,0.0,0,815.0,815.0,819.76335023761,Y1
1.0,1.0,0.0,1.0,2.0,0.0,-1.0,2.0,0.0,0,772.0,772.0,755.9967989180662,Y1
0.0,1.0,2.0,1.0,2.0,0.0,-1.0,3.0,1.0,0,844.0,844.0,913.4419831674953,Y1
0.0,1.0,2.0,0.0,2.0,0.0,0.0,12.0,0.0,0,913.0,913.0,919.0754038451549,Y1
0.0,1.0,3.0,1.0,3.0,0.0,0.0,5.0,0.0,0,949.0,949.0,980.6439593515709,Y1
1.0,0.0,3.0,1.0,0.0,0.0,3.0,27.0,0.0,0,830.0,830.0,815.3885304560081,Y1
0.0,0.0,3.0,1.0,0.0,0.0,0.0,4.0,0.0,1,980.0,919.9532246967711,980.0,Y0
0.0,0.0,2.0,1.0,0.0,0.0,0.0,14.0,0.0,0,962.0,962.0,1005.7961029968337,Y1
1.0,0.0,0.0,1.0,0.0,0.0,0.0,22.0,0.0,1,936.0,910.2830574869799,936.0,Y0
0.0,1.0,0.0,1.0,2.0,0.0,2.0,1.0,0.0,1,927.0,947.5565975193008,927.0,Y0
0.0,1.0,2.0,1.0,1.0,0.0,0.0,21.0,1.0,0,868.0,868.0,831.3090696709032,Y1
1.0,1.0,3.0,1.0,2.0,1.0,0.0,8.0,0.0,1,884.0,857.9887830219078,884.0,Y0
0.0,1.0,0.0,1.0,2.0,0.0,0.0,11.0,0.0,0,931.0,931.0,948.708889596341,Y1
0.0,0.0,2.0,0.0,1.0,1.0,0.0,7.0,0.0,1,944.0,945.1461586468002,944.0,Y0
1.0,0.0,2.0,0.0,1.0,0.0,0.0,18.0,0.0,0,862.0,862.0,902.2861045609442,Y1
0.0,0.0,1.0,0.0,3.0,0.0,2.0,1.0,0.0,1,847.0,894.8661722873258,847.0,Y0
0.0,0.0,2.0,0.0,0.0,0.0,0.0,12.0,0.0,0,880.0,880.0,888.2299819891938,Y1
1.0,1.0,2.0,0.0,2.0,0.0,0.0,21.0,1.0,1,884.0,926.0640757016531,884.0,Y0
1.0,0.0,0.0,0.0,0.0,1.0,0.0,10.0,0.0,0,898.0,898.0,882.5245395934147,Y1
1.0,0.0,1.0,0.0,0.0,1.0,0.0,12.0,0.0,0,942.0,942.0,950.175161754526,Y1
0.0,0.0,1.0,0.0,0.0,1.0,0.0,12.0,0.0,1,1059.0,1054.6743303428727,1059.0,Y0
0.0,0.0,2.0,0.0,0.0,1.0,0.0,6.0,0.0,0,1039.0,1039.0,1055.4082056610582,Y1
0.0,0.0,2.0,0.0,0.0,0.0,0.0,2.0,0.0,0,934.0,934.0,926.028271318614,Y1
1.0,0.0,1.0,0.0,0.0,0.0,-1.0,9.0,0.0,0,972.0,972.0,947.89209485427,Y1
0.0,0.0,2.0,0.0,3.0,2.0,0.0,12.0,0.0,1,1156.0,1098.597481628292,1156.0,Y0
1.0,0.0,2.0,0.0,0.0,1.0,0.0,21.0,0.0,0,918.0,918.0,909.7377726715226,Y1
1.0,0.0,0.0,1.0,1.0,0.0,-1.0,5.0,0.0,1,844.0,858.6053979276547,844.0,Y0
1.0,1.0,3.0,0.0,2.0,0.0,-1.0,6.0,1.0,0,1007.0,1007.0,1026.6221689604413,Y1
0.0,1.0,3.0,1.0,2.0,0.0,2.0,1.0,0.0,1,787.0,808.0597204994883,787.0,Y0
1.0,0.0,0.0,0.0,1.0,0.0,0.0,8.0,0.0,0,890.0,890.0,920.5155991312718,Y1
1.0,1.0,3.0,1.0,2.0,0.0,0.0,5.0,0.0,0,882.0,882.0,942.4404546725292,Y1
1.0,1.0,3.0,1.0,2.0,0.0,0.0,11.0,0.0,0,857.0,857.0,867.7742008532775,Y1
1.0,0.0,3.0,0.0,0.0,0.0,0.0,12.0,0.0,1,965.0,954.4551741876877,965.0,Y0
0.0,0.0,1.0,0.0,0.0,3.0,0.0,10.0,0.0,1,997.0,1001.7915204620141,997.0,Y0
0.0,1.0,0.0,1.0,1.0,0.0,-1.0,0.0,0.0,0,899.0,899.0,928.4494743830058,Y1
1.0,0.0,4.0,0.0,0.0,0.0,-1.0,2.0,0.0,0,879.0,879.0,889.0351428490076,Y1
1.0,0.0,2.0,0.0,0.0,1.0,0.0,12.0,0.0,0,893.0,893.0,900.3088465962203,Y1
0.0,1.0,3.0,0.0,3.0,0.0,1.0,1.0,0.0,1,831.0,856.6264202872491,831.0,Y0
0.0,1.0,2.0,1.0,2.0,1.0,0.0,17.0,0.0,0,852.0,852.0,874.4593463970634,Y1
1.0,0.0,0.0,0.0,0.0,0.0,0.0,21.0,0.0,1,898.0,880.3429398169766,898.0,Y0
1.0,0.0,1.0,0.0,0.0,0.0,0.0,16.0,0.0,1,997.0,970.3311425065264,997.0,Y0
0.0,0.0,1.0,1.0,0.0,1.0,0.0,10.0,0.0,0,981.0,981.0,966.9954253701005,Y1
1.0,0.0,2.0,0.0,1.0,1.0,0.0,17.0,0.0,1,947.0,919.7258568624238,947.0,Y0
0.0,0.0,3.0,0.0,0.0,2.0,0.0,6.0,0.0,1,950.0,932.4474468253877,950.0,Y0
0.0,0.0,1.0,0.0,0.0,1.0,0.0,3.0,0.0,0,1036.0,1036.0,1070.6328669306927,Y1
1.0,0.0,1.0,0.0,1.0,0.0,0.0,7.0,0.0,0,1027.0,1027.0,1072.2532242255413,Y1
1.0,0.0,0.0,1.0,0.0,1.0,0.0,12.0,0.0,0,894.0,894.0,896.1743871698011,Y1
0.0,0.0,1.0,1.0,0.0,1.0,0.0,13.0,0.0,0,996.0,996.0,1006.581042010768,Y1
0.0,0.0,1.0,0.0,0.0,0.0,0.0,19.0,0.0,0,1012.0,1012.0,976.7875772795963,Y1
0.0,1.0,1.0,1.0,2.0,0.0,-1.0,10.0,1.0,0,858.0,858.0,848.6975995525744,Y1
1.0,0.0,2.0,0.0,0.0,0.0,0.0,20.0,0.0,0,916.0,916.0,869.5645756105649,Y1
1.0,0.0,0.0,0.0,0.0,1.0,0.0,7.0,0.0,0,953.0,953.0,962.0702835897398,Y1
0.0,1.0,3.0,1.0,2.0,0.0,0.0,20.0,1.0,0,971.0,971.0,900.8116703629803,Y1
1.0,0.0,3.0,0.0,2.0,1.0,1.0,3.0,1.0,0,800.0,800.0,880.1517124296028,Y1
1.0,1.0,1.0,1.0,2.0,1.0,0.0,22.0,0.0,0,853.0,853.0,859.9309335006878,Y1
0.0,0.0,2.0,0.0,1.0,0.0,2.0,1.0,1.0,0,986.0,986.0,939.8443201886544,Y1
0.0,0.0,3.0,0.0,0.0,1.0,0.0,15.0,0.0,1,906.0,896.6254399640276,906.0,Y0
0.0,1.0,0.0,1.0,2.0,0.0,1.0,0.0,0.0,0,870.0,870.0,919.670905445477,Y1
1.0,1.0,2.0,1.0,2.0,0.0,1.0,1.0,0.0,1,914.0,890.713253256819,914.0,Y0
0.0,0.0,1.0,1.0,0.0,0.0,0.0,8.0,0.0,0,871.0,871.0,897.4867246481512,Y1
1.0,0.0,3.0,0.0,1.0,0.0,-1.0,10.0,1.0,1,890.0,892.1057359457614,890.0,Y0
0.0,0.0,0.0,0.0,1.0,0.0,-1.0,10.0,1.0,1,936.0,951.3894645014095,936.0,Y0
1.0,0.0,3.0,1.0,0.0,0.0,-1.0,1.0,0.0,1,881.0,872.9815832506138,881.0,Y0
0.0,0.0,3.0,1.0,0.0,0.0,0.0,20.0,0.0,0,821.0,821.0,783.2052436453721,Y1
0.0,1.0,1.0,1.0,2.0,0.0,1.0,1.0,0.0,1,881.0,865.1234484184138,881.0,Y0
0.0,0.0,2.0,0.0,0.0,1.0,0.0,8.0,0.0,0,909.0,909.0,924.8104559466553,Y1
1.0,0.0,0.0,1.0,0.0,0.0,0.0,3.0,0.0,0,859.0,859.0,913.9838307115101,Y1
1.0,0.0,1.0,0.0,0.0,0.0,0.0,19.0,0.0,0,934.0,934.0,898.7944212148892,Y1
1.0,0.0,3.0,1.0,0.0,0.0,0.0,14.0,0.0,0,995.0,995.0,1035.4623226226863,Y1
0.0,1.0,0.0,1.0,1.0,0.0,2.0,1.0,1.0,0,921.0,921.0,911.5289118852876,Y1
1.0,0.0,2.0,0.0,1.0,0.0,0.0,15.0,0.0,0,911.0,911.0,934.6493770790004,Y1
0.0,1.0,0.0,1.0,2.0,1.0,0.0,10.0,1.0,0,1021.0,1021.0,999.0775059030902,Y1
0.0,1.0,0.0,1.0,2.0,0.0,0.0,11.0,0.0,0,925.0,925.0,942.708889596341,Y1
1.0,0.0,2.0,0.0,3.0,0.0,0.0,5.0,0.0,0,873.0,873.0,898.7993081345273,Y1
1.0,0.0,0.0,1.0,0.0,1.0,0.0,13.0,0.0,0,881.0,881.0,886.2708147063234,Y1
0.0,0.0,2.0,0.0,1.0,0.0,-1.0,18.0,1.0,0,933.0,933.0,956.826367135655,Y1
1.0,0.0,0.0,0.0,0.0,1.0,0.0,12.0,0.0,0,942.0,942.0,945.724350904868,Y1
1.0,0.0,8.0,1.0,1.0,0.0,1.0,0.0,0.0,1,947.0,898.0856327652966,947.0,Y0
0.0,1.0,0.0,1.0,2.0,0.0,0.0,10.0,1.0,0,965.0,965.0,944.4844608285892,Y1
0.0,1.0,3.0,1.0,1.0,0.0,2.0,1.0,0.0,0,916.0,916.0,896.3097672414918,Y1
0.0,1.0,3.0,1.0,2.0,0.0,-1.0,6.0,1.0,0,983.0,983.0,984.9210587996191,Y1
0.0,0.0,2.0,1.0,0.0,0.0,2.0,2.0,0.0,0,1024.0,1024.0,991.3754615726056,Y1
1.0,0.0,1.0,1.0,1.0,1.0,0.0,12.0,0.0,1,763.0,762.8167380088881,763.0,Y0
0.0,0.0,1.0,0.0,0.0,1.0,0.0,6.0,0.0,0,963.0,963.0,976.7555201103208,Y1
0.0,0.0,0.0,0.0,0.0,0.0,0.0,20.0,0.0,0,1005.0,1005.0,970.6455149900346,Y1
0.0,0.0,0.0,0.0,3.0,0.0,0.0,8.0,0.0,0,949.0,949.0,947.9985108880862,Y1
1.0,0.0,0.0,0.0,0.0,0.0,-1.0,1.0,0.0,1,898.0,885.1202120087527,898.0,Y0
0.0,0.0,2.0,1.0,1.0,1.0,0.0,14.0,0.0,0,904.0,904.0,934.0493667464615,Y1
0.0,0.0,3.0,0.0,0.0,0.0,0.0,8.0,0.0,1,822.0,802.4183685876407,822.0,Y0
1.0,0.0,3.0,1.0,0.0,1.0,0.0,13.0,0.0,0,869.0,869.0,876.1711094138501,Y1
0.0,0.0,3.0,1.0,0.0,0.0,0.0,5.0,0.0,0,912.0,912.0,947.4173041189508,Y1
1.0,0.0,2.0,0.0,0.0,0.0,2.0,1.0,0.0,0,930.0,930.0,897.21946063065,Y1
0.0,1.0,2.0,1.0,1.0,1.0,0.0,13.0,0.0,0,934.0,934.0,941.7830714364154,Y1
0.0,0.0,4.0,1.0,0.0,1.0,0.0,13.0,0.0,0,945.0,945.0,955.8432724201637,Y1
1.0,0.0,1.0,0.0,0.0,1.0,3.0,11.0,0.0,0,1010.0,1010.0,953.1007362551635,Y1
0.0,1.0,3.0,1.0,2.0,0.0,0.0,6.0,1.0,0,950.0,950.0,998.7009810600257,Y1
1.0,1.0,0.0,1.0,0.0,1.0,0.0,8.0,0.0,1,877.0,862.9811557952222,877.0,Y0
0.0,0.0,2.0,1.0,0.0,0.0,0.0,27.0,0.0,1,898.0,873.0466962384571,898.0,Y0
1.0,0.0,2.0,0.0,0.0,1.0,0.0,12.0,0.0,0,870.0,870.0,877.3088465962203,Y1
1.0,0.0,1.0,1.0,0.0,3.0,3.0,8.0,0.0,1,1028.0,1068.500714116644,1028.0,Y0
1.0,1.0,0.0,1.0,2.0,0.0,0.0,6.0,1.0,0,826.0,826.0,877.2524315496864,Y1
0.0,1.0,3.0,1.0,2.0,1.0,0.0,17.0,0.0,0,993.0,993.0,1016.0496608934933,Y1
1.0,0.0,3.0,0.0,0.0,0.0,0.0,16.0,0.0,0,976.0,976.0,996.1043158955117,Y1
1.0,1.0,0.0,0.0,1.0,0.0,-1.0,0.0,0.0,0,897.0,897.0,951.1803422492442,Y1
0.0,0.0,2.0,1.0,3.0,0.0,1.0,0.0,0.0,0,903.0,903.0,895.4414015411099,Y1
1.0,1.0,1.0,1.0,2.0,0.0,2.0,0.0,0.0,0,889.0,889.0,963.1664649075103,Y1
0.0,1.0,3.0,1.0,2.0,0.0,0.0,7.0,0.0,0,878.0,878.0,925.1532385661274,Y1
0.0,0.0,2.0,0.0,0.0,1.0,0.0,13.0,0.0,0,860.0,860.0,868.0282938068814,Y1
1.0,0.0,0.0,0.0,1.0,0.0,0.0,3.0,0.0,0,917.0,917.0,973.9186689997784,Y1
1.0,0.0,1.0,0.0,1.0,0.0,0.0,7.0,0.0,0,953.0,953.0,998.2532242255412,Y1
0.0,0.0,2.0,0.0,0.0,0.0,0.0,8.0,0.0,0,908.0,908.0,926.8255706102522,Y1
1.0,0.0,3.0,0.0,1.0,0.0,5.0,3.0,0.0,0,946.0,946.0,917.2574664356584,Y1
1.0,0.0,4.0,0.0,0.0,0.0,2.0,1.0,0.0,0,939.0,939.0,907.3021772458117,Y1
1.0,1.0,2.0,0.0,2.0,0.0,-1.0,10.0,1.0,0,934.0,934.0,934.0313877288021,Y1
0.0,0.0,1.0,0.0,1.0,0.0,0.0,17.0,0.0,0,1000.0,1000.0,1030.4060012626846,Y1
1.0,1.0,0.0,1.0,2.0,0.0,2.0,2.0,0.0,1,885.0,877.3472973695842,885.0,Y0
0.0,0.0,0.0,0.0,3.0,0.0,0.0,11.0,0.0,1,897.0,901.6718632670724,897.0,Y0
1.0,0.0,3.0,1.0,0.0,0.0,2.0,3.0,0.0,1,834.0,847.3577927050766,834.0,Y0
0.0,1.0,2.0,0.0,2.0,1.0,1.0,3.0,1.0,0,878.0,878.0,956.2942953403312,Y1
1.0,0.0,2.0,0.0,0.0,0.0,0.0,7.0,0.0,0,794.0,794.0,841.2175163470123,Y1
0.0,1.0,3.0,1.0,2.0,1.0,0.0,22.0,0.0,0,821.0,821.0,811.0987174812454,Y1
1.0,0.0,2.0,1.0,1.0,1.0,0.0,12.0,0.0,1,934.0,934.6700370612738,934.0,Y0
1.0,1.0,1.0,0.0,1.0,0.0,0.0,16.0,0.0,0,939.0,939.0,965.7653724490473,Y1
1.0,0.0,0.0,0.0,1.0,0.0,0.0,3.0,0.0,0,926.0,926.0,982.9186689997784,Y1
1.0,1.0,4.0,1.0,0.0,0.0,0.0,10.0,0.0,0,868.0,868.0,862.226514410013,Y1
0.0,1.0,1.0,1.0,2.0,0.0,-1.0,3.0,0.0,1,858.0,820.7293582568798,858.0,Y0
1.0,0.0,3.0,0.0,0.0,0.0,0.0,22.0,0.0,1,820.0,828.5573263350093,820.0,Y0
0.0,1.0,0.0,0.0,1.0,0.0,-1.0,4.0,0.0,0,1130.0,1130.0,1179.9405909044958,Y1
1.0,1.0,3.0,1.0,2.0,0.0,2.0,1.0,0.0,0,851.0,851.0,833.4224298890797,Y1
0.0,0.0,3.0,0.0,1.0,0.0,0.0,10.0,0.0,1,1021.0,1038.7439935767022,1021.0,Y0
1.0,1.0,0.0,0.0,1.0,0.0,0.0,6.0,0.0,0,856.0,856.0,911.6174338413575,Y1
1.0,0.0,0.0,1.0,0.0,0.0,0.0,8.0,0.0,0,850.0,850.0,879.4819686569213,Y1
1.0,0.0,1.0,0.0,0.0,1.0,0.0,8.0,0.0,1,928.0,901.0416008838522,928.0,Y0
1.0,0.0,2.0,0.0,0.0,1.0,4.0,16.0,0.0,0,1012.0,1012.0,966.6170250529559,Y1
1.0,1.0,3.0,1.0,2.0,0.0,1.0,1.0,0.0,1,847.0,822.8669975856229,847.0,Y0
1.0,1.0,3.0,1.0,2.0,0.0,2.0,1.0,0.0,1,809.0,826.5775701109203,809.0,Y0
0.0,1.0,1.0,1.0,2.0,1.0,0.0,22.0,0.0,0,820.0,820.0,825.1410066812524,Y1
1.0,1.0,3.0,1.0,1.0,0.0,2.0,1.0,0.0,0,959.0,959.0,942.5257613829848,Y1
1.0,0.0,1.0,0.0,0.0,1.0,0.0,9.0,0.0,0,958.0,958.0,969.4907094733444,Y1
1.0,0.0,0.0,0.0,1.0,0.0,0.0,12.0,0.0,0,937.0,937.0,947.3332652424626,Y1
1.0,0.0,3.0,0.0,0.0,1.0,0.0,13.0,0.0,0,870.0,870.0,880.1302480598961,Y1
0.0,0.0,1.0,1.0,3.0,0.0,0.0,13.0,0.0,0,887.0,887.0,903.5722021279093,Y1
0.0,0.0,2.0,1.0,0.0,0.0,2.0,2.0,0.0,1,898.0,930.6245384273944,898.0,Y0
1.0,1.0,3.0,1.0,2.0,1.0,0.0,7.0,0.0,0,815.0,815.0,829.6197638011537,Y1
0.0,0.0,2.0,1.0,3.0,0.0,1.0,1.0,0.0,1,842.0,871.4279209042901,842.0,Y0
1.0,0.0,2.0,0.0,0.0,1.0,0.0,8.0,0.0,0,923.0,923.0,952.5775554428288,Y1
0.0,1.0,3.0,1.0,2.0,1.0,0.0,15.0,1.0,0,895.0,895.0,914.3725883741328,Y1
0.0,0.0,2.0,1.0,0.0,1.0,0.0,13.0,0.0,0,920.0,920.0,928.4700000977186,Y1
0.0,0.0,0.0,1.0,0.0,0.0,0.0,8.0,0.0,0,823.0,823.0,849.4963250080748,Y1
1.0,1.0,2.0,1.0,0.0,0.0,0.0,21.0,0.0,1,881.0,888.7461169268314,881.0,Y0
0.0,0.0,2.0,0.0,0.0,0.0,0.0,13.0,0.0,0,1039.0,1039.0,1051.0205757403057,Y1
1.0,1.0,8.0,1.0,0.0,0.0,0.0,14.0,0.0,1,958.0,903.0228641656096,958.0,Y0
1.0,0.0,8.0,1.0,0.0,0.0,0.0,6.0,0.0,1,914.0,890.7571670058186,914.0,Y0
1.0,0.0,0.0,1.0,0.0,0.0,0.0,6.0,0.0,0,906.0,906.0,946.7389063698364,Y1
1.0,0.0,3.0,0.0,0.0,1.0,0.0,12.0,0.0,1,891.0,883.6949869747915,891.0,Y0
0.0,1.0,2.0,1.0,2.0,0.0,0.0,14.0,0.0,1,959.0,928.1425406688014,959.0,Y0
1.0,0.0,3.0,0.0,0.0,0.0,0.0,8.0,0.0,1,903.0,871.2121733180435,903.0,Y0
1.0,0.0,3.0,1.0,0.0,1.0,0.0,5.0,0.0,0,900.0,900.0,923.2093989937761,Y1
0.0,1.0,1.0,1.0,2.0,0.0,0.0,12.0,0.0,0,821.0,821.0,834.7019946394673,Y1
1.0,0.0,0.0,0.0,0.0,0.0,0.0,6.0,0.0,1,895.0,850.9118866355507,895.0,Y0
1.0,0.0,4.0,0.0,1.0,0.0,2.0,3.0,0.0,0,881.0,881.0,879.2763857491159,Y1
1.0,0.0,4.0,0.0,1.0,0.0,0.0,5.0,0.0,1,996.0,956.1829950206206,996.0,Y0
1.0,0.0,4.0,1.0,0.0,0.0,0.0,10.0,0.0,0,990.0,990.0,977.1633923511569,Y1
0.0,0.0,3.0,0.0,1.0,2.0,0.0,12.0,0.0,0,899.0,899.0,929.3093315664398,Y1
0.0,1.0,3.0,1.0,2.0,0.0,0.0,6.0,1.0,0,905.0,905.0,953.7009810600257,Y1
0.0,0.0,1.0,0.0,1.0,0.0,0.0,12.0,0.0,0,1034.0,1034.0,1042.5163272293673,Y1
1.0,0.0,3.0,0.0,0.0,0.0,3.0,27.0,0.0,0,926.0,926.0,926.7128056260094,Y1
0.0,0.0,0.0,1.0,0.0,0.0,0.0,11.0,0.0,0,973.0,973.0,992.6969807272908,Y1
0.0,0.0,0.0,0.0,0.0,1.0,0.0,13.0,0.0,0,915.0,915.0,927.1320538594146,Y1
0.0,0.0,3.0,1.0,0.0,0.0,0.0,3.0,0.0,0,944.0,944.0,993.5350682580322,Y1
0.0,1.0,3.0,0.0,2.0,1.0,0.0,8.0,0.0,1,803.0,784.7187625227851,803.0,Y0
1.0,0.0,2.0,0.0,1.0,1.0,0.0,7.0,0.0,1,899.0,885.0595799569355,899.0,Y0
1.0,0.0,3.0,0.0,0.0,1.0,0.0,13.0,0.0,0,939.0,939.0,949.1302480598961,Y1
0.0,1.0,1.0,1.0,2.0,0.0,0.0,3.0,1.0,0,912.0,912.0,1004.5188581918687,Y1
1.0,0.0,0.0,0.0,1.0,0.0,0.0,16.0,1.0,1,954.0,940.9733378311964,954.0,Y0
1.0,0.0,1.0,0.0,0.0,2.0,0.0,12.0,0.0,0,928.0,928.0,960.2173985538159,Y1
0.0,0.0,0.0,0.0,0.0,1.0,0.0,3.0,0.0,0,891.0,891.0,922.8462377113565,Y1
1.0,0.0,3.0,1.0,3.0,0.0,0.0,11.0,0.0,1,807.0,817.0768365495401,807.0,Y0
0.0,0.0,0.0,1.0,0.0,0.0,0.0,15.0,0.0,1,1066.0,1049.7188314385846,1066.0,Y0
0.0,0.0,0.0,1.0,0.0,0.0,1.0,0.0,0.0,0,832.0,832.0,850.3837120703022,Y1
0.0,1.0,1.0,1.0,2.0,1.0,0.0,5.0,0.0,0,896.0,896.0,920.9220742288668,Y1
1.0,0.0,3.0,0.0,1.0,0.0,1.0,0.0,0.0,0,862.0,862.0,934.5758924644122,Y1
1.0,0.0,2.0,1.0,0.0,0.0,0.0,27.0,0.0,1,875.0,851.2764729313581,875.0,Y0
0.0,0.0,3.0,1.0,0.0,0.0,0.0,6.0,0.0,0,822.0,822.0,859.4026289770412,Y1
0.0,0.0,0.0,0.0,1.0,1.0,0.0,8.0,0.0,1,1099.0,1091.192531161665,1099.0,Y0
1.0,0.0,3.0,0.0,3.0,0.0,1.0,0.0,0.0,0,795.0,795.0,834.1962247652295,Y1
0.0,1.0,0.0,1.0,2.0,0.0,0.0,12.0,1.0,0,956.0,956.0,953.4263828387574,Y1
1.0,0.0,2.0,0.0,1.0,0.0,1.0,14.0,0.0,0,929.0,929.0,972.7639879077352,Y1
1.0,0.0,1.0,0.0,3.0,1.0,0.0,4.0,0.0,0,882.0,882.0,897.3471920577346,Y1
0.0,1.0,1.0,1.0,2.0,1.0,0.0,22.0,0.0,0,869.0,869.0,874.1410066812524,Y1
0.0,1.0,3.0,1.0,2.0,0.0,0.0,12.0,1.0,0,1014.0,1014.0,1004.4657443769529,Y1
0.0,0.0,0.0,0.0,0.0,0.0,0.0,3.0,0.0,0,980.0,980.0,1022.9273052859946,Y1
1.0,1.0,2.0,1.0,2.0,0.0,2.0,1.0,1.0,1,794.0,809.1094741795687,794.0,Y0
1.0,1.0,7.0,1.0,1.0,0.0,2.0,1.0,1.0,0,940.0,940.0,951.0917295897277,Y1
1.0,0.0,3.0,0.0,1.0,2.0,0.0,12.0,0.0,0,1000.0,1000.0,1033.7055367557266,Y1
0.0,0.0,1.0,0.0,3.0,0.0,0.0,13.0,0.0,1,953.0,938.4742735305242,953.0,Y0
0.0,1.0,0.0,1.0,2.0,0.0,2.0,1.0,1.0,1,943.0,949.9578533930099,943.0,Y0
1.0,0.0,2.0,1.0,0.0,0.0,0.0,15.0,0.0,0,984.0,984.0,989.8329640093672,Y1
1.0,1.0,2.0,1.0,2.0,0.0,-1.0,9.0,1.0,0,821.0,821.0,808.3255553644187,Y1
0.0,1.0,1.0,1.0,2.0,1.0,0.0,22.0,0.0,0,943.0,943.0,948.1410066812524,Y1
0.0,1.0,4.0,1.0,0.0,1.0,0.0,6.0,0.0,0,812.0,812.0,846.5729314625994,Y1
0.0,1.0,2.0,1.0,2.0,0.0,2.0,0.0,0.0,0,876.0,876.0,912.4821826570616,Y1
1.0,0.0,2.0,0.0,0.0,1.0,0.0,13.0,0.0,0,853.0,853.0,863.1102254765595,Y1
1.0,0.0,2.0,1.0,0.0,1.0,0.0,10.0,0.0,0,816.0,816.0,804.9532651142641,Y1
1.0,1.0,4.0,0.0,1.0,1.0,0.0,12.0,0.0,0,862.0,862.0,869.9361893486725,Y1
0.0,0.0,1.0,0.0,1.0,1.0,0.0,7.0,0.0,1,877.0,880.7892106880736,877.0,Y0
1.0,1.0,1.0,1.0,1.0,0.0,-1.0,2.0,0.0,0,891.0,891.0,916.2737878648987,Y1
0.0,1.0,3.0,1.0,1.0,0.0,-1.0,5.0,0.0,1,829.0,829.2917965903689,829.0,Y0
0.0,0.0,0.0,1.0,0.0,0.0,0.0,3.0,0.0,1,782.0,732.1690386047784,782.0,Y0
0.0,1.0,1.0,1.0,2.0,0.0,0.0,6.0,1.0,1,1041.0,992.6716709209215,1041.0,Y0
0.0,0.0,3.0,0.0,0.0,1.0,0.0,13.0,0.0,0,975.0,975.0,983.0295495393764,Y1
1.0,0.0,3.0,0.0,0.0,1.0,0.0,17.0,0.0,0,842.0,842.0,863.3919950671954,Y1
0.0,1.0,3.0,0.0,1.0,0.0,1.0,0.0,0.0,0,905.0,905.0,947.1498047775725,Y1
0.0,1.0,1.0,0.0,1.0,0.0,-1.0,10.0,1.0,1,945.0,951.7271848086233,945.0,Y0
1.0,0.0,3.0,1.0,0.0,1.0,0.0,8.0,0.0,0,920.0,920.0,945.2734686022591,Y1
0.0,0.0,3.0,1.0,0.0,1.0,0.0,13.0,0.0,0,841.0,841.0,849.4746684092851,Y1
1.0,1.0,0.0,1.0,2.0,0.0,0.0,5.0,0.0,0,884.0,884.0,942.4497419852279,Y1
1.0,0.0,1.0,0.0,3.0,0.0,1.0,0.0,0.0,0,894.0,894.0,926.9277421184149,Y1
0.0,1.0,2.0,0.0,1.0,0.0,0.0,6.0,0.0,0,954.0,954.0,999.3174544477042,Y1
1.0,0.0,1.0,0.0,1.0,0.0,1.0,0.0,0.0,1,1129.0,1061.700299724724,1129.0,Y0
1.0,1.0,3.0,1.0,2.0,0.0,0.0,11.0,0.0,1,896.0,885.2257991467225,896.0,Y0
0.0,0.0,0.0,0.0,0.0,1.0,0.0,8.0,0.0,0,928.0,928.0,938.4181571453366,Y1
1.0,0.0,3.0,1.0,0.0,1.0,0.0,13.0,0.0,0,787.0,787.0,794.1711094138501,Y1
1.0,0.0,3.0,0.0,0.0,0.0,0.0,20.0,0.0,0,1004.0,1004.0,955.0340225970962,Y1
0.0,0.0,0.0,1.0,0.0,0.0,0.0,2.0,0.0,0,1087.0,1087.0,1090.5105382362615,Y1
0.0,1.0,3.0,1.0,1.0,0.0,-1.0,3.0,0.0,1,1037.0,966.0168463533474,1037.0,Y0
0.0,0.0,1.0,1.0,1.0,0.0,-1.0,0.0,0.0,0,847.0,847.0,858.8414976984748,Y1
1.0,0.0,3.0,0.0,1.0,0.0,-1.0,0.0,0.0,1,1079.0,1035.0332279581912,1079.0,Y0
1.0,1.0,8.0,1.0,1.0,0.0,-1.0,4.0,0.0,0,820.0,820.0,914.2546828216963,Y1
0.0,0.0,2.0,0.0,3.0,0.0,0.0,11.0,0.0,1,912.0,923.961145239956,912.0,Y0
1.0,0.0,0.0,0.0,0.0,1.0,0.0,8.0,1.0,0,901.0,901.0,926.6643828867217,Y1
0.0,1.0,1.0,1.0,1.0,0.0,0.0,3.0,0.0,0,872.0,872.0,942.205551346366,Y1
1.0,1.0,1.0,1.0,1.0,0.0,3.0,13.0,0.0,1,890.0,923.6129329909161,890.0,Y0
0.0,1.0,0.0,1.0,2.0,0.0,0.0,14.0,0.0,1,989.0,953.4295997493449,989.0,Y0
0.0,0.0,0.0,0.0,0.0,1.0,0.0,12.0,0.0,0,864.0,864.0,870.3091619065111,Y1
1.0,0.0,3.0,0.0,0.0,0.0,3.0,9.0,0.0,0,889.0,889.0,849.4821549652587,Y1
1.0,0.0,0.0,0.0,0.0,1.0,0.0,5.0,0.0,0,984.0,984.0,1001.8616123794187,Y1
0.0,0.0,3.0,0.0,0.0,0.0,0.0,9.0,0.0,0,959.0,959.0,965.8339135086463,Y1
1.0,0.0,0.0,1.0,0.0,1.0,0.0,6.0,0.0,0,950.0,950.0,965.8938350137026,Y1
0.0,1.0,0.0,0.0,2.0,0.0,0.0,6.0,1.0,0,864.0,864.0,905.9744150429913,Y1
0.0,1.0,2.0,0.0,2.0,0.0,0.0,11.0,0.0,1,891.0,881.0625396856826,891.0,Y0
0.0,0.0,2.0,1.0,0.0,1.0,5.0,11.0,0.0,1,936.0,1014.9877271186496,936.0,Y0
1.0,0.0,0.0,1.0,0.0,0.0,3.0,10.0,0.0,0,1025.0,1025.0,942.480580196875,Y1
1.0,1.0,2.0,0.0,2.0,1.0,1.0,6.0,0.0,0,824.0,824.0,881.2884158304414,Y1
1.0,1.0,1.0,1.0,2.0,0.0,0.0,6.0,1.0,0,891.0,891.0,942.5819432102041,Y1
1.0,0.0,1.0,0.0,1.0,0.0,-1.0,3.0,0.0,0,860.0,860.0,918.2481563610876,Y1
0.0,0.0,7.0,0.0,0.0,0.0,0.0,12.0,0.0,1,983.0,979.5741646916925,983.0,Y0
0.0,0.0,2.0,0.0,0.0,0.0,0.0,22.0,0.0,1,903.0,904.0287031015627,903.0,Y0
0.0,0.0,0.0,1.0,2.0,0.0,0.0,9.0,0.0,0,856.0,856.0,867.2342973286445,Y1
1.0,1.0,0.0,1.0,1.0,0.0,2.0,1.0,0.0,0,914.0,914.0,898.0756989749498,Y1
0.0,1.0,5.0,1.0,2.0,0.0,0.0,9.0,0.0,1,840.0,827.3081463452223,840.0,Y0
1.0,1.0,2.0,-1.0,1.0,0.0,0.0,5.0,-1.0,0,856.0,856.0,912.4950987088811,Y1
0.0,0.0,2.0,0.0,1.0,0.0,1.0,0.0,0.0,1,1057.0,1048.5640088469936,1057.0,Y0
0.0,0.0,3.0,0.0,0.0,1.0,0.0,4.0,0.0,1,990.0,950.1659518491251,990.0,Y0
1.0,0.0,3.0,0.0,0.0,1.0,0.0,12.0,0.0,0,936.0,936.0,943.3050130252085,Y1
1.0,1.0,2.0,1.0,2.0,0.0,0.0,16.0,1.0,0,913.0,913.0,916.968996229707,Y1
1.0,0.0,5.0,1.0,1.0,0.0,0.0,5.0,1.0,0,1058.0,1058.0,1103.4656827621707,Y1
1.0,1.0,1.0,1.0,2.0,1.0,0.0,11.0,1.0,0,887.0,887.0,881.5677405970591,Y1
0.0,1.0,1.0,1.0,2.0,0.0,0.0,3.0,1.0,1,849.0,756.4811418081313,849.0,Y0
1.0,1.0,1.0,1.0,2.0,1.0,2.0,24.0,0.0,0,1042.0,1042.0,986.5878874342956,Y1
1.0,1.0,3.0,1.0,2.0,0.0,-1.0,2.0,0.0,0,948.0,948.0,942.0010620665229,Y1
1.0,1.0,2.0,1.0,0.0,0.0,0.0,7.0,0.0,0,728.0,728.0,781.9750752333208,Y1
1.0,0.0,3.0,1.0,1.0,1.0,0.0,7.0,0.0,1,823.0,813.8577727141562,823.0,Y0
1.0,1.0,2.0,1.0,2.0,1.0,0.0,17.0,0.0,0,831.0,831.0,852.220755383646,Y1
0.0,0.0,0.0,1.0,1.0,0.0,2.0,1.0,1.0,0,896.0,896.0,873.277430889177,Y1
0.0,0.0,2.0,1.0,0.0,0.0,0.0,5.0,0.0,0,837.0,837.0,872.26097270585,Y1
1.0,0.0,3.0,0.0,3.0,0.0,0.0,14.0,0.0,0,993.0,993.0,1030.9413231370431,Y1
1.0,0.0,0.0,0.0,0.0,0.0,0.0,16.0,0.0,0,879.0,879.0,905.0989699176364,Y1
1.0,0.0,0.0,1.0,0.0,0.0,0.0,11.0,0.0,0,906.0,906.0,924.2570467185141,Y1
0.0,0.0,2.0,0.0,3.0,0.0,0.0,5.0,0.0,0,928.0,928.0,939.710400066137,Y1
0.0,1.0,2.0,1.0,2.0,0.0,0.0,3.0,1.0,0,928.0,928.0,1018.4453469794605,Y1
0.0,0.0,2.0,1.0,0.0,1.0,0.0,8.0,1.0,0,872.0,872.0,895.6234202725608,Y1
0.0,0.0,0.0,0.0,1.0,1.0,4.0,15.0,0.0,0,1171.0,1171.0,1133.366008212348,Y1
0.0,1.0,0.0,1.0,2.0,0.0,0.0,20.0,1.0,0,1026.0,1026.0,961.721817872082,Y1
1.0,0.0,2.0,0.0,0.0,0.0,0.0,6.0,0.0,1,1000.0,955.164836065621,1000.0,Y0
1.0,0.0,2.0,1.0,0.0,1.0,0.0,11.0,0.0,0,827.0,827.0,834.2172524874469,Y1
0.0,0.0,3.0,0.0,0.0,1.0,0.0,12.0,0.0,0,963.0,963.0,966.4295721386655,Y1
0.0,0.0,2.0,1.0,1.0,0.0,-1.0,2.0,0.0,0,925.0,925.0,919.8425691578304,Y1
0.0,0.0,2.0,0.0,1.0,1.0,0.0,22.0,0.0,0,887.0,887.0,889.1358271485002,Y1
1.0,1.0,7.0,1.0,2.0,0.0,0.0,3.0,1.0,1,1060.0,951.9679538389446,1060.0,Y0
0.0,1.0,1.0,0.0,1.0,0.0,-1.0,4.0,0.0,0,927.0,927.0,986.1066744111218,Y1
1.0,1.0,2.0,1.0,2.0,0.0,2.0,0.0,0.0,0,837.0,837.0,914.7192645022135,Y1
1.0,1.0,0.0,1.0,2.0,0.0,0.0,14.0,0.0,1,792.0,760.1804562323344,792.0,Y0
1.0,0.0,0.0,1.0,0.0,0.0,0.0,14.0,0.0,0,934.0,934.0,980.1752668463594,Y1
0.0,0.0,0.0,1.0,0.0,0.0,0.0,6.0,0.0,1,962.0,924.9568598389684,962.0,Y0
0.0,0.0,2.0,0.0,0.0,1.0,0.0,4.0,0.0,0,964.0,964.0,1003.086766393458,Y1
1.0,0.0,3.0,0.0,0.0,3.0,0.0,10.0,0.0,1,911.0,910.9989023749727,911.0,Y0
0.0,0.0,0.0,0.0,0.0,0.0,0.0,5.0,0.0,1,998.0,970.0633980986242,998.0,Y0
0.0,0.0,1.0,0.0,0.0,0.0,0.0,13.0,0.0,0,969.0,969.0,987.6149425343239,Y1
0.0,0.0,3.0,0.0,0.0,0.0,0.0,12.0,0.0,1,1053.0,1044.7921958059678,1053.0,Y0
0.0,0.0,7.0,0.0,3.0,1.0,0.0,12.0,0.0,0,877.0,877.0,852.8968274496519,Y1
1.0,1.0,0.0,1.0,2.0,0.0,1.0,0.0,1.0,0,949.0,949.0,1060.9230670697777,Y1
1.0,0.0,2.0,0.0,0.0,1.0,0.0,7.0,0.0,0,990.0,990.0,1009.9907460076643,Y1
0.0,0.0,3.0,0.0,0.0,1.0,4.0,16.0,0.0,0,1050.0,1050.0,990.9175792753833,Y1
0.0,0.0,7.0,0.0,0.0,0.0,0.0,16.0,0.0,0,959.0,959.0,973.2576183934841,Y1
1.0,0.0,0.0,0.0,0.0,0.0,0.0,11.0,0.0,0,939.0,939.0,958.1788600178904,Y1
1.0,0.0,3.0,0.0,0.0,0.0,0.0,11.0,0.0,0,949.0,949.0,961.4732422051045,Y1
0.0,0.0,2.0,1.0,0.0,0.0,0.0,15.0,0.0,1,887.0,877.8686835027178,887.0,Y0
1.0,1.0,3.0,1.0,2.0,1.0,2.0,24.0,0.0,0,1029.0,1029.0,962.4764665427346,Y1
0.0,1.0,2.0,1.0,2.0,1.0,1.0,3.0,1.0,0,861.0,861.0,939.3307385542165,Y1
1.0,0.0,1.0,0.0,0.0,1.0,0.0,15.0,0.0,0,988.0,988.0,1001.8595593410718,Y1
0.0,0.0,0.0,0.0,3.0,0.0,0.0,11.0,0.0,1,951.0,955.6718632670724,951.0,Y0
0.0,0.0,0.0,0.0,0.0,0.0,0.0,16.0,0.0,0,1081.0,1081.0,1107.7477564850865,Y1
1.0,0.0,0.0,0.0,0.0,0.0,0.0,6.0,0.0,0,910.0,910.0,954.0881133644493,Y1
0.0,0.0,2.0,0.0,0.0,0.0,2.0,1.0,0.0,0,923.0,923.0,871.1344959071785,Y1
1.0,0.0,3.0,0.0,0.0,1.0,0.0,13.0,0.0,0,893.0,893.0,903.1302480598961,Y1
0.0,0.0,0.0,1.0,0.0,1.0,0.0,9.0,0.0,0,1036.0,1036.0,1043.3086993759055,Y1
0.0,0.0,2.0,0.0,0.0,3.0,0.0,10.0,0.0,1,953.0,955.6631691247695,953.0,Y0
1.0,2.0,2.0,0.0,0.0,0.0,0.0,20.0,0.0,0,887.0,887.0,885.036181501599,Y1
0.0,0.0,3.0,1.0,0.0,0.0,0.0,11.0,0.0,0,871.0,871.0,882.7498566702695,Y1
1.0,0.0,0.0,0.0,0.0,0.0,0.0,7.0,0.0,0,820.0,820.0,866.462149709986,Y1
0.0,1.0,0.0,1.0,1.0,0.0,3.0,13.0,0.0,1,948.0,978.8691703412713,948.0,Y0
1.0,1.0,3.0,1.0,1.0,0.0,-1.0,0.0,0.0,0,882.0,882.0,943.9768321113216,Y1
1.0,0.0,2.0,1.0,3.0,2.0,0.0,13.0,0.0,0,829.0,829.0,893.1437029452649,Y1
0.0,1.0,3.0,1.0,2.0,0.0,2.0,1.0,0.0,1,899.0,920.0597204994883,899.0,Y0
0.0,0.0,3.0,0.0,3.0,0.0,0.0,11.0,0.0,1,924.0,935.9527160755307,924.0,Y0
1.0,0.0,0.0,0.0,0.0,0.0,0.0,10.0,0.0,0,1021.0,1021.0,1011.393733417165,Y1
0.0,1.0,3.0,0.0,0.0,0.0,0.0,13.0,-1.0,0,859.0,859.0,879.322258086427,Y1
1.0,1.0,1.0,1.0,2.0,1.0,0.0,17.0,0.0,0,886.0,886.0,909.8483048222053,Y1
0.0,0.0,3.0,0.0,3.0,0.0,0.0,11.0,0.0,0,933.0,933.0,921.0472839244693,Y1
0.0,1.0,3.0,1.0,0.0,1.0,0.0,13.0,0.0,0,800.0,800.0,809.0542804146943,Y1
0.0,1.0,0.0,1.0,1.0,0.0,-1.0,3.0,0.0,1,1094.0,1031.3632146534076,1094.0,Y0
1.0,1.0,1.0,1.0,2.0,0.0,0.0,7.0,0.0,0,856.0,856.0,905.9744491443278,Y1
0.0,0.0,1.0,1.0,0.0,0.0,0.0,14.0,0.0,0,902.0,902.0,952.4735285820814,Y1
1.0,0.0,2.0,0.0,0.0,0.0,2.0,1.0,0.0,0,917.0,917.0,884.21946063065,Y1
0.0,1.0,1.0,1.0,0.0,0.0,0.0,12.0,0.0,0,861.0,861.0,880.2052124291451,Y1
1.0,0.0,1.0,0.0,0.0,0.0,0.0,15.0,0.0,1,1012.0,997.8691867463641,1012.0,Y0
1.0,0.0,0.0,1.0,0.0,1.0,0.0,3.0,0.0,0,892.0,892.0,929.9242335811458,Y1
0.0,1.0,0.0,1.0,0.0,0.0,0.0,14.0,0.0,0,885.0,885.0,932.371084090574,Y1
1.0,1.0,8.0,0.0,2.0,0.0,0.0,11.0,0.0,0,816.0,816.0,804.5687036045412,Y1
1.0,0.0,0.0,0.0,0.0,0.0,0.0,9.0,0.0,1,913.0,897.8953641888012,913.0,Y0
1.0,0.0,0.0,0.0,0.0,0.0,0.0,8.0,0.0,0,887.0,887.0,919.8548544356473,Y1
0.0,1.0,3.0,1.0,2.0,0.0,0.0,6.0,0.0,0,858.0,858.0,911.1678183890903,Y1
1.0,0.0,1.0,0.0,0.0,0.0,0.0,16.0,0.0,1,936.0,909.3311425065264,936.0,Y0
0.0,1.0,0.0,0.0,1.0,0.0,0.0,11.0,1.0,1,1026.0,1029.4684213829407,1026.0,Y0
0.0,0.0,2.0,0.0,1.0,1.0,0.0,15.0,0.0,1,989.0,960.2571096367966,989.0,Y0
0.0,0.0,3.0,0.0,0.0,0.0,3.0,27.0,0.0,0,978.0,978.0,978.1307406431729,Y1
0.0,0.0,0.0,0.0,0.0,0.0,0.0,3.0,0.0,0,857.0,857.0,899.9273052859946,Y1
0.0,0.0,1.0,1.0,0.0,0.0,2.0,1.0,0.0,0,881.0,881.0,840.896994182405,Y1
0.0,0.0,3.0,1.0,0.0,0.0,0.0,14.0,0.0,0,864.0,864.0,907.7286962497226,Y1
0.0,0.0,1.0,0.0,0.0,0.0,0.0,2.0,0.0,1,970.0,976.1413689158921,970.0,Y0
1.0,1.0,1.0,1.0,2.0,0.0,1.0,0.0,1.0,0,939.0,939.0,1050.587774843768,Y1
0.0,0.0,3.0,0.0,0.0,0.0,0.0,7.0,0.0,1,993.0,958.5926790052322,993.0,Y0
1.0,0.0,0.0,1.0,2.0,1.0,1.0,3.0,1.0,0,852.0,852.0,911.2672823287454,Y1
0.0,0.0,3.0,0.0,3.0,1.0,0.0,8.0,0.0,0,944.0,944.0,946.4717882631924,Y1
1.0,0.0,1.0,0.0,3.0,0.0,2.0,5.0,0.0,0,881.0,881.0,887.5400027250577,Y1
0.0,1.0,3.0,1.0,1.0,0.0,0.0,12.0,1.0,1,920.0,933.2937046900603,920.0,Y0
0.0,0.0,2.0,1.0,0.0,1.0,0.0,13.0,0.0,0,1073.0,1073.0,1081.4700000977186,Y1
1.0,0.0,0.0,1.0,0.0,0.0,0.0,6.0,0.0,0,918.0,918.0,958.7389063698364,Y1
0.0,0.0,2.0,0.0,0.0,1.0,0.0,12.0,0.0,0,1041.0,1041.0,1044.4469772019966,Y1
1.0,0.0,0.0,0.0,0.0,1.0,0.0,13.0,0.0,0,893.0,893.0,900.730306249547,Y1
1.0,0.0,1.0,1.0,3.0,1.0,0.0,14.0,0.0,1,996.0,949.951995358268,996.0,Y0
0.0,1.0,3.0,1.0,0.0,0.0,0.0,10.0,0.0,0,844.0,844.0,837.0598794381987,Y1
0.0,0.0,3.0,1.0,0.0,0.0,0.0,12.0,0.0,0,968.0,968.0,978.1472048867373,Y1
1.0,0.0,0.0,0.0,0.0,0.0,0.0,6.0,0.0,0,1014.0,1014.0,1058.0881133644493,Y1
1.0,0.0,0.0,0.0,1.0,0.0,0.0,15.0,0.0,0,891.0,891.0,920.6574970571678,Y1
0.0,0.0,1.0,0.0,0.0,0.0,0.0,2.0,0.0,0,890.0,890.0,883.8586310841079,Y1
0.0,0.0,2.0,0.0,0.0,0.0,2.0,2.0,0.0,1,924.0,962.6779116532177,924.0,Y0
1.0,0.0,2.0,1.0,0.0,0.0,0.0,4.0,0.0,0,940.0,940.0,1010.431400734832,Y1
0.0,1.0,3.0,0.0,1.0,0.0,2.0,1.0,1.0,0,937.0,937.0,905.769416794864,Y1
0.0,1.0,0.0,1.0,2.0,0.0,0.0,10.0,1.0,0,903.0,903.0,882.4844608285892,Y1
0.0,0.0,2.0,0.0,0.0,0.0,0.0,7.0,0.0,1,937.0,903.3328430386317,937.0,Y0
1.0,0.0,0.0,1.0,0.0,0.0,0.0,8.0,0.0,1,994.0,964.5180313430787,994.0,Y0
0.0,0.0,0.0,1.0,0.0,0.0,0.0,20.0,0.0,1,931.0,959.7697550166317,931.0,Y0
0.0,0.0,2.0,0.0,3.0,1.0,0.0,8.0,0.0,0,945.0,945.0,947.6338485885807,Y1
1.0,0.0,1.0,0.0,0.0,0.0,0.0,12.0,0.0,1,851.0,833.9012827695283,851.0,Y0
1.0,0.0,2.0,0.0,1.0,0.0,-1.0,3.0,0.0,0,1004.0,1004.0,1061.5808549282372,Y1
0.0,1.0,3.0,1.0,2.0,0.0,-1.0,2.0,0.0,0,867.0,867.0,855.6366841406557,Y1
0.0,0.0,2.0,1.0,0.0,0.0,0.0,21.0,0.0,1,917.0,910.3659154520482,917.0,Y0
0.0,0.0,1.0,1.0,0.0,1.0,0.0,10.0,0.0,0,916.0,916.0,901.9954253701005,Y1
0.0,0.0,3.0,0.0,0.0,1.0,0.0,13.0,0.0,0,1073.0,1073.0,1081.0295495393764,Y1
0.0,1.0,1.0,0.0,1.0,0.0,2.0,1.0,0.0,0,928.0,928.0,893.2665081782081,Y1
1.0,1.0,3.0,1.0,1.0,0.0,-1.0,0.0,0.0,0,912.0,912.0,973.9768321113216,Y1
0.0,1.0,5.0,0.0,1.0,0.0,3.0,13.0,0.0,1,915.0,942.3887480678363,915.0,Y0
0.0,0.0,2.0,0.0,0.0,1.0,0.0,12.0,0.0,0,904.0,904.0,907.4469772019967,Y1
0.0,0.0,0.0,1.0,0.0,1.0,0.0,12.0,0.0,0,901.0,901.0,909.2075142179939,Y1
1.0,0.0,1.0,0.0,0.0,1.0,0.0,11.0,0.0,0,1003.0,1003.0,1013.765804677186,Y1
0.0,0.0,3.0,0.0,1.0,1.0,0.0,8.0,0.0,0,945.0,945.0,958.972143317375,Y1
0.0,0.0,1.0,0.0,1.0,0.0,-1.0,5.0,0.0,1,945.0,965.7978729381225,945.0,Y0
0.0,1.0,3.0,1.0,2.0,1.0,0.0,11.0,0.0,0,780.0,780.0,783.716595065453,Y1
0.0,1.0,2.0,1.0,2.0,0.0,1.0,0.0,1.0,0,903.0,903.0,970.8020538446677,Y1
1.0,1.0,3.0,0.0,1.0,0.0,0.0,12.0,1.0,1,949.0,961.0074456653845,949.0,Y0
0.0,0.0,0.0,0.0,1.0,1.0,0.0,8.0,0.0,0,919.0,919.0,926.8074688383349,Y1
1.0,0.0,3.0,0.0,0.0,0.0,0.0,2.0,0.0,0,878.0,878.0,889.9725820606291,Y1
1.0,1.0,0.0,1.0,1.0,1.0,0.0,10.0,0.0,0,898.0,898.0,877.5468453077339,Y1
0.0,1.0,0.0,0.0,3.0,1.0,0.0,12.0,0.0,0,1101.0,1101.0,1093.4118758842337,Y1
1.0,0.0,0.0,1.0,0.0,1.0,5.0,11.0,0.0,1,937.0,1016.546581628021,937.0,Y0
0.0,1.0,2.0,1.0,2.0,1.0,0.0,7.0,0.0,0,889.0,889.0,898.5548420325725,Y1
1.0,0.0,1.0,1.0,1.0,0.0,-1.0,15.0,0.0,1,1013.0,1012.3169640369047,1013.0,Y0
1.0,1.0,2.0,0.0,2.0,1.0,0.0,8.0,0.0,1,910.0,879.3665681068413,910.0,Y0
0.0,1.0,1.0,1.0,2.0,0.0,1.0,0.0,0.0,0,984.0,984.0,1034.3418323843973,Y1
0.0,0.0,4.0,0.0,3.0,1.0,0.0,12.0,0.0,0,990.0,990.0,983.0270829521734,Y1
1.0,0.0,2.0,0.0,3.0,0.0,2.0,1.0,0.0,1,915.0,926.4226542154962,915.0,Y0
1.0,0.0,3.0,0.0,0.0,1.0,0.0,8.0,1.0,0,834.0,834.0,871.9553478205481,Y1
0.0,0.0,1.0,1.0,2.0,0.0,0.0,9.0,0.0,0,889.0,889.0,900.2263875997344,Y1
1.0,0.0,1.0,0.0,0.0,0.0,0.0,2.0,0.0,1,897.0,884.657892954164,897.0,Y0
0.0,0.0,2.0,1.0,0.0,1.0,0.0,8.0,0.0,0,761.0,761.0,781.5904803792027,Y1
1.0,0.0,2.0,0.0,0.0,0.0,0.0,19.0,0.0,1,1006.0,1046.1568525344383,1006.0,Y0
0.0,1.0,1.0,1.0,2.0,1.0,2.0,24.0,0.0,0,1079.0,1079.0,1014.9361895760268,Y1
1.0,1.0,2.0,1.0,2.0,0.0,2.0,0.0,0.0,0,864.0,864.0,941.7192645022135,Y1
1.0,0.0,2.0,1.0,0.0,0.0,0.0,3.0,0.0,0,934.0,934.0,988.5389108150378,Y1
1.0,1.0,3.0,1.0,2.0,0.0,-1.0,9.0,1.0,0,889.0,889.0,876.3611309813624,Y1
0.0,0.0,1.0,0.0,1.0,1.0,0.0,4.0,0.0,1,976.0,958.8438272766783,976.0,Y0
1.0,0.0,1.0,0.0,0.0,0.0,0.0,22.0,0.0,1,938.0,922.3463945960142,938.0,Y0
1.0,0.0,2.0,1.0,3.0,1.0,0.0,6.0,0.0,0,792.0,792.0,799.2596156724699,Y1
1.0,0.0,0.0,0.0,0.0,1.0,0.0,11.0,0.0,0,902.0,902.0,908.3336240570102,Y1
1.0,0.0,1.0,0.0,0.0,1.0,0.0,12.0,0.0,0,989.0,989.0,997.175161754526,Y1
1.0,0.0,3.0,1.0,0.0,0.0,-1.0,2.0,0.0,0,875.0,875.0,880.7224601441216,Y1
0.0,1.0,0.0,1.0,2.0,0.0,-1.0,2.0,0.0,1,897.0,918.3093294666605,897.0,Y0
1.0,0.0,4.0,1.0,0.0,0.0,-1.0,6.0,0.0,1,805.0,812.7767185879563,805.0,Y0
0.0,0.0,1.0,0.0,0.0,0.0,1.0,0.0,0.0,0,1017.0,1017.0,1015.4938296107882,Y1
1.0,1.0,7.0,1.0,0.0,0.0,0.0,7.0,0.0,1,870.0,823.5500205024323,870.0,Y0
0.0,0.0,3.0,0.0,0.0,0.0,0.0,8.0,0.0,1,884.0,864.4183685876407,884.0,Y0
1.0,0.0,3.0,0.0,2.0,0.0,0.0,9.0,0.0,1,823.0,810.2606461890855,823.0,Y0
1.0,0.0,1.0,1.0,0.0,0.0,0.0,11.0,0.0,0,799.0,799.0,817.2233981144398,Y1
0.0,0.0,2.0,0.0,3.0,0.0,-1.0,11.0,0.0,0,961.0,961.0,892.3626034864027,Y1
1.0,0.0,4.0,1.0,0.0,1.0,0.0,6.0,0.0,1,857.0,832.0112266206719,857.0,Y0
1.0,0.0,3.0,0.0,0.0,0.0,0.0,5.0,0.0,0,848.0,848.0,891.2414549782097,Y1
1.0,0.0,2.0,0.0,0.0,1.0,0.0,12.0,0.0,0,973.0,973.0,980.3088465962203,Y1
0.0,0.0,2.0,0.0,0.0,0.0,0.0,3.0,0.0,0,1100.0,1100.0,1142.994977328658,Y1
0.0,0.0,1.0,1.0,0.0,0.0,0.0,13.0,0.0,0,968.0,968.0,988.5909983516933,Y1
0.0,0.0,0.0,0.0,0.0,0.0,0.0,3.0,0.0,1,839.0,796.0726947140054,839.0,Y0
0.0,0.0,2.0,0.0,0.0,0.0,-1.0,12.0,0.0,1,889.0,912.6406216979444,889.0,Y0
1.0,0.0,3.0,0.0,1.0,0.0,0.0,7.0,0.0,0,968.0,968.0,1014.2895005052,Y1
0.0,0.0,3.0,0.0,3.0,0.0,1.0,0.0,0.0,0,925.0,925.0,901.0119423540199,Y1
1.0,0.0,3.0,0.0,0.0,1.0,0.0,9.0,0.0,0,937.0,937.0,951.7575801822476,Y1
0.0,1.0,3.0,1.0,2.0,0.0,0.0,6.0,1.0,1,900.0,851.2990189399743,900.0,Y0
0.0,1.0,8.0,1.0,2.0,0.0,2.0,2.0,0.0,1,1044.0,965.5428219657471,1044.0,Y0
1.0,1.0,0.0,1.0,2.0,0.0,0.0,5.0,0.0,1,986.0,927.5502580147721,986.0,Y0
1.0,0.0,3.0,0.0,0.0,0.0,0.0,13.0,-1.0,0,866.0,866.0,883.2453216709706,Y1
1.0,0.0,2.0,1.0,0.0,0.0,0.0,8.0,0.0,0,839.0,839.0,866.1070596421907,Y1
0.0,0.0,3.0,0.0,0.0,3.0,3.0,8.0,0.0,1,983.0,1012.4734327737422,983.0,Y0
1.0,0.0,2.0,0.0,0.0,0.0,3.0,27.0,0.0,0,914.0,914.0,935.0989791192637,Y1
1.0,0.0,2.0,1.0,0.0,1.0,0.0,12.0,0.0,0,866.0,866.0,871.2459582017722,Y1
1.0,0.0,0.0,0.0,1.0,1.0,0.0,14.0,0.0,0,940.0,940.0,968.4582791795198,Y1
0.0,0.0,0.0,1.0,0.0,1.0,0.0,6.0,0.0,1,884.0,867.6594252112654,884.0,Y0
0.0,0.0,3.0,0.0,0.0,1.0,0.0,13.0,0.0,0,798.0,798.0,806.0295495393764,Y1
0.0,2.0,2.0,1.0,0.0,0.0,0.0,8.0,0.0,0,925.0,925.0,1007.7066191165818,Y1
1.0,1.0,1.0,1.0,2.0,0.0,0.0,6.0,0.0,0,829.0,829.0,885.0440653878163,Y1
0.0,0.0,0.0,0.0,1.0,0.0,0.0,16.0,1.0,1,1014.0,1000.1156198010616,1014.0,Y0
1.0,0.0,0.0,0.0,3.0,0.0,0.0,14.0,0.0,1,1089.0,1046.1526802546869,1089.0,Y0
0.0,0.0,1.0,0.0,0.0,1.0,0.0,11.0,0.0,0,908.0,908.0,914.5501954107909,Y1
1.0,0.0,0.0,0.0,1.0,0.0,0.0,7.0,0.0,0,986.0,986.0,1030.7415229883877,Y1
0.0,0.0,2.0,0.0,0.0,1.0,0.0,11.0,0.0,0,970.0,970.0,975.025382084115,Y1
1.0,1.0,0.0,1.0,2.0,0.0,1.0,9.0,1.0,1,983.0,968.3998203388713,983.0,Y0
1.0,1.0,3.0,1.0,2.0,1.0,0.0,22.0,0.0,0,867.0,867.0,858.8424224657804,Y1
1.0,1.0,4.0,1.0,2.0,0.0,0.0,3.0,1.0,1,981.0,887.0523445856492,981.0,Y0
0.0,0.0,1.0,1.0,0.0,1.0,0.0,7.0,0.0,0,1008.0,1008.0,1015.3374951379337,Y1
1.0,0.0,3.0,0.0,1.0,0.0,5.0,3.0,0.0,0,980.0,980.0,951.2574664356584,Y1
1.0,0.0,2.0,0.0,0.0,0.0,3.0,27.0,0.0,0,952.0,952.0,973.0989791192637,Y1
1.0,0.0,3.0,0.0,1.0,0.0,0.0,0.0,0.0,0,852.0,852.0,910.8799181357881,Y1
1.0,0.0,2.0,1.0,3.0,0.0,-1.0,11.0,0.0,0,954.0,954.0,886.8790871454016,Y1
1.0,0.0,0.0,0.0,0.0,0.0,0.0,3.0,0.0,1,823.0,765.3098184607801,823.0,Y0
1.0,0.0,0.0,0.0,0.0,1.0,3.0,11.0,0.0,0,981.0,981.0,921.6002598034999,Y1
1.0,0.0,2.0,0.0,0.0,0.0,0.0,13.0,-1.0,0,801.0,801.0,818.1959288377241,Y1
1.0,0.0,0.0,1.0,0.0,0.0,0.0,5.0,0.0,1,918.0,879.503321610177,918.0,Y0
1.0,1.0,0.0,1.0,0.0,0.0,2.0,3.0,1.0,0,857.0,857.0,870.6932295858647,Y1
1.0,0.0,1.0,1.0,3.0,0.0,1.0,1.0,0.0,1,907.0,930.7229094217029,907.0,Y0
0.0,0.0,3.0,1.0,0.0,1.0,0.0,12.0,0.0,0,976.0,976.0,980.76335023761,Y1
0.0,0.0,0.0,0.0,0.0,2.0,0.0,8.0,0.0,1,994.0,983.3809702849807,994.0,Y0
0.0,0.0,3.0,0.0,0.0,1.0,0.0,12.0,0.0,0,931.0,931.0,934.4295721386655,Y1
1.0,1.0,5.0,1.0,2.0,0.0,0.0,12.0,1.0,0,1007.0,1007.0,1001.3302350328227,Y1
0.0,0.0,2.0,0.0,0.0,0.0,0.0,13.0,-1.0,0,878.0,878.0,894.5413908532663,Y1
0.0,0.0,1.0,0.0,0.0,0.0,0.0,12.0,0.0,1,1041.0,1026.198988131904,1041.0,Y0
1.0,0.0,3.0,0.0,0.0,0.0,-1.0,4.0,0.0,0,880.0,880.0,953.1574427932011,Y1
1.0,1.0,3.0,1.0,2.0,0.0,0.0,6.0,1.0,0,802.0,802.0,853.9807167715119,Y1
0.0,1.0,2.0,1.0,0.0,1.0,0.0,12.0,0.0,0,864.0,864.0,869.3481350210944,Y1
0.0,0.0,2.0,0.0,0.0,0.0,0.0,16.0,0.0,1,1042.0,1021.9899666126588,1042.0,Y0
1.0,0.0,1.0,1.0,0.0,1.0,0.0,9.0,0.0,1,1047.0,1038.8218550233214,1047.0,Y0
1.0,1.0,7.0,1.0,0.0,0.0,1.0,0.0,0.0,0,884.0,884.0,993.8211113289624,Y1
1.0,0.0,2.0,0.0,0.0,0.0,2.0,1.0,0.0,1,848.0,880.78053936935,848.0,Y0
1.0,1.0,3.0,1.0,2.0,0.0,0.0,16.0,1.0,0,902.0,902.0,907.3081895052478,Y1
0.0,1.0,0.0,1.0,2.0,0.0,-1.0,9.0,1.0,0,847.0,847.0,813.153957204869,Y1
0.0,0.0,3.0,0.0,0.0,0.0,-1.0,2.0,0.0,0,886.0,886.0,878.5523268270383,Y1
0.0,0.0,1.0,0.0,0.0,0.0,0.0,6.0,0.0,0,826.0,826.0,857.0419913589367,Y1
1.0,0.0,2.0,0.0,0.0,1.0,0.0,4.0,0.0,1,976.0,915.3676068911899,976.0,Y0
1.0,0.0,4.0,0.0,0.0,2.0,0.0,12.0,0.0,0,928.0,928.0,962.7248064886674,Y1
1.0,0.0,3.0,1.0,0.0,0.0,0.0,6.0,0.0,1,836.0,794.8748497894229,836.0,Y0
1.0,0.0,2.0,0.0,0.0,1.0,0.0,6.0,0.0,0,997.0,997.0,1028.487501489576,Y1
1.0,0.0,2.0,0.0,0.0,0.0,2.0,2.0,0.0,0,894.0,894.0,872.3380661667726,Y1
0.0,0.0,0.0,1.0,3.0,0.0,0.0,13.0,0.0,0,895.0,895.0,912.2625399818239,Y1
0.0,1.0,3.0,1.0,2.0,0.0,0.0,9.0,0.0,0,889.0,889.0,903.1802133701489,Y1
1.0,0.0,3.0,1.0,3.0,0.0,2.0,5.0,0.0,0,881.0,881.0,905.8663646566307,Y1
1.0,0.0,3.0,0.0,0.0,0.0,0.0,6.0,0.0,1,862.0,816.4159823499172,862.0,Y0
0.0,1.0,2.0,1.0,2.0,0.0,2.0,0.0,0.0,0,839.0,839.0,875.4821826570616,Y1
0.0,0.0,2.0,0.0,2.0,0.0,0.0,9.0,1.0,0,845.0,845.0,840.9999160215126,Y1
1.0,0.0,4.0,1.0,0.0,0.0,0.0,8.0,0.0,0,900.0,900.0,925.6778224277282,Y1
1.0,0.0,3.0,0.0,0.0,0.0,1.0,0.0,0.0,0,895.0,895.0,960.453854572869,Y1
1.0,0.0,4.0,0.0,0.0,0.0,0.0,9.0,0.0,0,942.0,942.0,956.4458507730787,Y1
0.0,0.0,0.0,1.0,0.0,1.0,0.0,13.0,0.0,0,841.0,841.0,854.1211780188661,Y1
1.0,0.0,2.0,0.0,0.0,3.0,3.0,8.0,0.0,1,898.0,915.3755326942905,898.0,Y0
1.0,0.0,3.0,1.0,0.0,0.0,0.0,12.0,0.0,0,800.0,800.0,809.0338647987321,Y1
1.0,1.0,0.0,1.0,1.0,0.0,-1.0,18.0,1.0,0,820.0,820.0,850.7402285466055,Y1
0.0,0.0,3.0,0.0,0.0,0.0,0.0,5.0,0.0,0,862.0,862.0,891.6713418027547,Y1
1.0,1.0,3.0,1.0,2.0,0.0,2.0,1.0,1.0,0,873.0,873.0,858.6155224660966,Y1
1.0,0.0,3.0,1.0,0.0,1.0,0.0,8.0,0.0,1,921.0,895.7265313977409,921.0,Y0
0.0,1.0,1.0,1.0,1.0,0.0,0.0,8.0,1.0,0,1001.0,1001.0,1022.713713195945,Y1
0.0,0.0,0.0,0.0,0.0,1.0,0.0,13.0,0.0,0,931.0,931.0,943.1320538594146,Y1
0.0,1.0,3.0,0.0,1.0,0.0,3.0,13.0,0.0,1,890.0,925.4647793141396,890.0,Y0
0.0,1.0,2.0,1.0,2.0,0.0,-1.0,3.0,1.0,0,820.0,820.0,889.4419831674953,Y1
1.0,0.0,0.0,0.0,0.0,0.0,0.0,13.0,0.0,0,949.0,949.0,967.6299906468437,Y1
0.0,1.0,2.0,0.0,1.0,0.0,-1.0,10.0,1.0,1,920.0,929.7783191931599,920.0,Y0
1.0,0.0,3.0,0.0,0.0,1.0,0.0,9.0,0.0,0,936.0,936.0,950.7575801822476,Y1
0.0,1.0,1.0,1.0,2.0,0.0,2.0,0.0,0.0,0,829.0,829.0,864.3641150973782,Y1
1.0,0.0,0.0,0.0,0.0,0.0,0.0,10.0,0.0,0,947.0,947.0,937.393733417165,Y1
1.0,0.0,3.0,0.0,0.0,1.0,0.0,5.0,0.0,0,951.0,951.0,979.9097671154705,Y1
1.0,0.0,1.0,1.0,0.0,1.0,0.0,13.0,0.0,0,886.0,886.0,895.2772880258956,Y1
0.0,0.0,3.0,0.0,0.0,0.0,-1.0,1.0,0.0,1,1003.0,1011.2433839517522,1003.0,Y0
0.0,0.0,3.0,1.0,0.0,0.0,0.0,8.0,0.0,0,879.0,879.0,903.2803378824884,Y1
1.0,1.0,2.0,1.0,2.0,1.0,0.0,5.0,0.0,0,869.0,869.0,900.8136591161837,Y1
0.0,1.0,2.0,1.0,2.0,0.0,0.0,10.0,1.0,0,984.0,984.0,960.0274446789928,Y1
0.0,1.0,0.0,1.0,2.0,0.0,-1.0,3.0,0.0,1,851.0,827.6371553887426,851.0,Y0
0.0,0.0,2.0,0.0,0.0,0.0,0.0,6.0,0.0,0,940.0,940.0,971.2768726664061,Y1
1.0,0.0,1.0,1.0,0.0,1.0,0.0,3.0,0.0,0,874.0,874.0,919.8667486010419,Y1
0.0,1.0,2.0,0.0,3.0,0.0,0.0,5.0,0.0,0,796.0,796.0,822.4029724183691,Y1
1.0,1.0,3.0,1.0,2.0,0.0,0.0,6.0,0.0,0,834.0,834.0,890.6095447116654,Y1
1.0,0.0,0.0,0.0,1.0,1.0,1.0,8.0,0.0,1,907.0,879.3734257391646,907.0,Y0
1.0,0.0,0.0,0.0,0.0,0.0,0.0,13.0,0.0,0,1104.0,1104.0,1122.6299906468437,Y1
0.0,0.0,3.0,1.0,0.0,1.0,0.0,3.0,0.0,0,815.0,815.0,858.4760701381787,Y1
0.0,0.0,0.0,0.0,1.0,1.0,0.0,15.0,0.0,1,1147.0,1113.5382450672,1147.0,Y0
0.0,0.0,1.0,0.0,0.0,3.0,3.0,8.0,0.0,1,984.0,1022.2212959817867,984.0,Y0
0.0,0.0,3.0,0.0,1.0,1.0,0.0,18.0,0.0,1,963.0,929.974233541734,963.0,Y0
0.0,0.0,0.0,0.0,0.0,0.0,0.0,11.0,0.0,0,866.0,866.0,883.2063189607943,Y1
0.0,0.0,1.0,0.0,0.0,0.0,0.0,21.0,0.0,1,1042.0,1031.3275083888202,1042.0,Y0
0.0,0.0,0.0,0.0,0.0,1.0,0.0,11.0,0.0,0,881.0,881.0,889.5267487497348,Y1
0.0,0.0,4.0,1.0,0.0,0.0,0.0,10.0,0.0,0,905.0,905.0,893.7423352796827,Y1
1.0,1.0,3.0,1.0,2.0,0.0,0.0,12.0,1.0,0,1007.0,1007.0,996.5325709527689,Y1
1.0,0.0,2.0,1.0,3.0,0.0,0.0,11.0,0.0,0,924.0,924.0,913.888751784474,Y1
1.0,0.0,0.0,1.0,0.0,1.0,0.0,12.0,0.0,0,816.0,816.0,818.1743871698011,Y1
0.0,0.0,1.0,1.0,1.0,1.0,0.0,15.0,1.0,0,928.0,928.0,948.6806592461126,Y1
1.0,0.0,3.0,0.0,0.0,0.0,0.0,6.0,0.0,1,1034.0,988.4159823499172,1034.0,Y0
0.0,0.0,0.0,0.0,0.0,1.0,0.0,11.0,0.0,0,949.0,949.0,957.5267487497348,Y1
1.0,0.0,3.0,0.0,0.0,0.0,0.0,8.0,0.0,0,813.0,813.0,844.7878266819565,Y1
0.0,1.0,1.0,1.0,0.0,0.0,0.0,10.0,0.0,0,911.0,911.0,906.939840882594,Y1
0.0,1.0,2.0,1.0,2.0,0.0,0.0,20.0,1.0,0,1016.0,1016.0,947.0473067635833,Y1
1.0,0.0,1.0,1.0,0.0,0.0,-1.0,1.0,0.0,1,808.0,798.7066482322259,808.0,Y0
0.0,0.0,1.0,0.0,3.0,0.0,1.0,0.0,0.0,0,1058.0,1058.0,1030.3709865551866,Y1
1.0,1.0,0.0,1.0,2.0,0.0,0.0,11.0,0.0,0,820.0,820.0,836.4842223428707,Y1
0.0,0.0,1.0,1.0,0.0,1.0,0.0,15.0,0.0,1,903.0,891.1102334427362,903.0,Y0
1.0,1.0,2.0,1.0,2.0,0.0,0.0,24.0,1.0,0,939.0,939.0,897.2925138250808,Y1
1.0,0.0,1.0,0.0,0.0,0.0,0.0,7.0,0.0,1,1026.0,979.0266147102582,1026.0,Y0
0.0,0.0,0.0,0.0,0.0,1.0,0.0,13.0,0.0,1,877.0,864.8679461405854,877.0,Y0
1.0,0.0,4.0,1.0,2.0,0.0,0.0,9.0,0.0,1,813.0,805.1783319762254,813.0,Y0
0.0,1.0,1.0,1.0,2.0,1.0,1.0,6.0,0.0,0,811.0,811.0,849.9833485675734,Y1
1.0,0.0,3.0,0.0,0.0,0.0,0.0,6.0,0.0,0,888.0,888.0,933.5840176500828,Y1
1.0,0.0,1.0,0.0,0.0,1.0,0.0,4.0,0.0,0,915.0,915.0,974.6581079242791,Y1
0.0,0.0,2.0,0.0,0.0,1.0,0.0,8.0,0.0,0,854.0,854.0,869.8104559466553,Y1
1.0,0.0,3.0,0.0,1.0,0.0,0.0,14.0,0.0,1,940.0,910.0542706606761,940.0,Y0
0.0,0.0,2.0,1.0,0.0,1.0,0.0,4.0,0.0,1,870.0,826.0791665974641,870.0,Y0
0.0,0.0,3.0,1.0,3.0,0.0,-1.0,11.0,0.0,0,931.0,931.0,863.3780711662776,Y1
1.0,0.0,2.0,0.0,0.0,0.0,0.0,5.0,0.0,1,983.0,940.5243255037626,983.0,Y0
0.0,0.0,1.0,0.0,0.0,1.0,0.0,11.0,0.0,0,1018.0,1018.0,1024.550195410791,Y1
1.0,0.0,1.0,1.0,0.0,0.0,0.0,20.0,0.0,0,884.0,884.0,850.3723266226241,Y1
1.0,1.0,3.0,0.0,2.0,0.0,0.0,10.0,1.0,0,875.0,875.0,852.6735403329894,Y1
1.0,0.0,2.0,1.0,0.0,0.0,0.0,15.0,0.0,1,885.0,879.1670359906328,885.0,Y0
0.0,0.0,0.0,0.0,1.0,1.0,4.0,15.0,0.0,0,896.0,896.0,858.366008212348,Y1
0.0,0.0,2.0,0.0,1.0,1.0,0.0,12.0,0.0,0,1087.0,1087.0,1084.6110119052414,Y1
1.0,1.0,5.0,0.0,1.0,1.0,0.0,10.0,0.0,0,834.0,834.0,817.7558586375587,Y1
0.0,1.0,1.0,0.0,2.0,0.0,-1.0,9.0,1.0,0,929.0,929.0,904.719772159597,Y1
0.0,1.0,0.0,1.0,2.0,1.0,0.0,22.0,0.0,0,868.0,868.0,878.0529309508609,Y1
1.0,0.0,4.0,1.0,3.0,0.0,0.0,14.0,0.0,0,1017.0,1017.0,1038.2266567404772,Y1
1.0,0.0,2.0,1.0,0.0,1.0,0.0,12.0,0.0,0,954.0,954.0,959.2459582017722,Y1
1.0,0.0,1.0,0.0,0.0,0.0,0.0,8.0,0.0,1,906.0,872.6359893813026,906.0,Y0
0.0,0.0,2.0,0.0,0.0,0.0,0.0,14.0,0.0,1,1094.0,1052.3296930416366,1094.0,Y0
0.0,1.0,3.0,1.0,2.0,0.0,-1.0,3.0,0.0,1,909.0,871.1033216582433,909.0,Y0
0.0,1.0,0.0,1.0,2.0,1.0,2.0,24.0,0.0,0,1087.0,1087.0,1029.8958695862702,Y1
0.0,0.0,1.0,0.0,3.0,0.0,0.0,11.0,0.0,0,954.0,954.0,949.1812072486692,Y1
1.0,0.0,1.0,0.0,3.0,1.0,0.0,7.0,0.0,1,956.0,955.6060985541525,956.0,Y0
1.0,0.0,1.0,0.0,0.0,0.0,-1.0,6.0,0.0,1,907.0,909.4090993127745,907.0,Y0
1.0,1.0,0.0,1.0,2.0,0.0,2.0,1.0,1.0,0,808.0,808.0,803.1564403518374,Y1
0.0,1.0,5.0,1.0,2.0,0.0,0.0,10.0,1.0,0,940.0,940.0,921.5287110796218,Y1
0.0,0.0,2.0,0.0,0.0,1.0,0.0,5.0,0.0,0,961.0,961.0,974.0644201216106,Y1
0.0,0.0,2.0,0.0,1.0,0.0,1.0,14.0,0.0,0,915.0,915.0,957.3609653217068,Y1
1.0,0.0,3.0,0.0,0.0,0.0,0.0,3.0,0.0,0,880.0,880.0,938.5342252593902,Y1
0.0,0.0,12.0,0.0,0.0,1.0,0.0,5.0,0.0,1,1051.0,1004.8823317596218,1051.0,Y0
0.0,3.0,3.0,1.0,0.0,1.0,0.0,12.0,0.0,0,831.0,831.0,869.8692586715387,Y1
1.0,0.0,1.0,1.0,0.0,0.0,0.0,15.0,0.0,1,905.0,892.620297995048,905.0,Y0
0.0,0.0,0.0,0.0,1.0,0.0,0.0,8.0,1.0,0,967.0,967.0,980.5330900987168,Y1
0.0,1.0,3.0,1.0,2.0,0.0,0.0,12.0,0.0,0,816.0,816.0,823.4023881043555,Y1
0.0,1.0,3.0,1.0,2.0,0.0,0.0,11.0,0.0,1,905.0,893.6748977684954,905.0,Y0
1.0,0.0,0.0,0.0,0.0,0.0,0.0,10.0,0.0,0,994.0,994.0,984.393733417165,Y1
0.0,1.0,3.0,1.0,2.0,0.0,1.0,1.0,0.0,1,951.0,931.9807803991431,951.0,Y0
0.0,0.0,1.0,0.0,1.0,0.0,0.0,14.0,0.0,1,1086.0,1049.6468520066373,1086.0,Y0
0.0,0.0,3.0,0.0,0.0,1.0,0.0,8.0,0.0,0,867.0,867.0,883.5373821861289,Y1
0.0,1.0,2.0,0.0,1.0,0.0,0.0,0.0,0.0,0,827.0,827.0,854.0130772428228,Y1
0.0,0.0,0.0,0.0,3.0,1.0,0.0,12.0,0.0,0,1025.0,1025.0,1018.2699389805699,Y1
1.0,0.0,2.0,0.0,1.0,0.0,0.0,11.0,0.0,1,883.0,876.6927440173697,883.0,Y0
0.0,0.0,3.0,0.0,0.0,1.0,5.0,11.0,0.0,1,924.0,998.1334763557155,924.0,Y0
1.0,1.0,0.0,1.0,2.0,1.0,0.0,10.0,1.0,0,897.0,897.0,869.4732725789738,Y1
0.0,0.0,3.0,0.0,0.0,0.0,2.0,3.0,0.0,1,859.0,881.3028132571325,859.0,Y0
1.0,0.0,2.0,0.0,1.0,0.0,5.0,3.0,0.0,0,879.0,879.0,854.6442188435138,Y1
1.0,0.0,1.0,0.0,0.0,1.0,0.0,11.0,0.0,0,985.0,985.0,995.765804677186,Y1
0.0,1.0,2.0,1.0,2.0,1.0,0.0,5.0,0.0,0,923.0,923.0,949.872089331512,Y1
1.0,0.0,3.0,1.0,0.0,0.0,0.0,20.0,0.0,0,861.0,861.0,819.9073581296191,Y1
0.0,0.0,4.0,1.0,0.0,0.0,0.0,13.0,-1.0,0,921.0,921.0,923.1777000756756,Y1
1.0,1.0,0.0,1.0,2.0,0.0,-1.0,2.0,0.0,0,856.0,856.0,839.9967989180662,Y1
1.0,1.0,0.0,1.0,0.0,0.0,0.0,10.0,0.0,0,792.0,792.0,785.964366566308,Y1
1.0,1.0,1.0,1.0,2.0,0.0,0.0,11.0,0.0,0,729.0,729.0,746.7554405312233,Y1
0.0,1.0,2.0,1.0,2.0,0.0,-1.0,9.0,1.0,0,967.0,967.0,943.2889661107282,Y1
0.0,0.0,0.0,0.0,0.0,1.0,0.0,12.0,0.0,1,1121.0,1114.690838093489,1121.0,Y0
0.0,0.0,0.0,0.0,0.0,1.0,3.0,11.0,0.0,0,966.0,966.0,907.9414039726394,Y1
1.0,0.0,1.0,0.0,1.0,1.0,0.0,18.0,0.0,1,1093.0,1041.3663755067455,1093.0,Y0
0.0,0.0,3.0,0.0,0.0,0.0,0.0,13.0,0.0,0,890.0,890.0,901.9847555350948,Y1
1.0,1.0,3.0,1.0,0.0,0.0,2.0,1.0,0.0,1,837.0,853.7668870596164,837.0,Y0
0.0,0.0,3.0,1.0,0.0,0.0,2.0,3.0,0.0,1,874.0,890.9458914611379,874.0,Y0
1.0,0.0,3.0,0.0,0.0,1.0,0.0,9.0,0.0,0,929.0,929.0,943.7575801822476,Y1
1.0,0.0,2.0,0.0,0.0,0.0,0.0,5.0,0.0,0,826.0,826.0,868.4756744962374,Y1
0.0,1.0,3.0,1.0,2.0,0.0,-1.0,3.0,1.0,0,924.0,924.0,993.5770890039531,Y1
0.0,0.0,3.0,0.0,1.0,0.0,0.0,16.0,0.0,0,931.0,931.0,952.5984566783535,Y1
1.0,0.0,1.0,1.0,0.0,0.0,0.0,10.0,0.0,0,890.0,890.0,879.3877250461867,Y1
1.0,1.0,3.0,1.0,2.0,0.0,2.0,1.0,1.0,0,822.0,822.0,807.6155224660966,Y1
1.0,0.0,3.0,1.0,0.0,1.0,0.0,6.0,0.0,1,1010.0,983.3917696178606,1010.0,Y0
0.0,1.0,0.0,1.0,2.0,0.0,2.0,1.0,0.0,1,820.0,840.5565975193008,820.0,Y0
0.0,0.0,3.0,0.0,0.0,1.0,0.0,13.0,0.0,0,942.0,942.0,950.0295495393764,Y1
0.0,0.0,2.0,0.0,0.0,0.0,0.0,13.0,-1.0,0,1067.0,1067.0,1083.5413908532664,Y1
0.0,0.0,2.0,0.0,3.0,0.0,0.0,11.0,0.0,1,857.0,868.961145239956,857.0,Y0
1.0,1.0,3.0,1.0,2.0,0.0,0.0,12.0,0.0,0,825.0,825.0,831.4969514871544,Y1
0.0,1.0,2.0,1.0,2.0,0.0,0.0,12.0,0.0,0,785.0,785.0,792.3416183761495,Y1
0.0,0.0,2.0,0.0,0.0,0.0,0.0,13.0,0.0,0,1034.0,1034.0,1046.0205757403057,Y1
1.0,1.0,0.0,1.0,2.0,1.0,0.0,17.0,0.0,0,851.0,851.0,869.3860199459497,Y1
0.0,0.0,2.0,0.0,0.0,0.0,0.0,16.0,0.0,1,1066.0,1045.9899666126587,1066.0,Y0
1.0,0.0,0.0,0.0,1.0,0.0,0.0,0.0,0.0,0,976.0,976.0,1032.858862126794,Y1
1.0,0.0,1.0,1.0,3.0,0.0,0.0,5.0,0.0,0,844.0,844.0,864.4437541416828,Y1
0.0,0.0,3.0,0.0,1.0,0.0,0.0,7.0,0.0,0,1034.0,1034.0,1066.7112880556847,Y1
0.0,0.0,3.0,1.0,0.0,1.0,0.0,13.0,0.0,0,902.0,902.0,910.4746684092851,Y1
0.0,1.0,0.0,1.0,0.0,1.0,0.0,8.0,0.0,1,960.0,944.2115856423334,960.0,Y0
0.0,1.0,1.0,1.0,2.0,0.0,2.0,2.0,0.0,1,1024.0,1023.548584044156,1024.0,Y0
0.0,0.0,0.0,1.0,3.0,1.0,0.0,17.0,0.0,1,993.0,948.025991764246,993.0,Y0
0.0,0.0,0.0,1.0,0.0,0.0,0.0,12.0,0.0,0,826.0,826.0,843.4668022240651,Y1
0.0,1.0,3.0,1.0,2.0,0.0,2.0,1.0,1.0,0,873.0,873.0,856.4689783205594,Y1
1.0,0.0,3.0,0.0,0.0,0.0,0.0,5.0,0.0,0,920.0,920.0,963.2414549782097,Y1
0.0,0.0,3.0,0.0,0.0,0.0,0.0,19.0,0.0,0,1003.0,1003.0,960.227552328865,Y1
1.0,0.0,9.0,1.0,3.0,0.0,0.0,17.0,0.0,0,834.0,834.0,850.2557229090368,Y1
1.0,0.0,1.0,0.0,0.0,0.0,0.0,10.0,0.0,0,1069.0,1069.0,1059.9156711289645,Y1
0.0,0.0,2.0,0.0,0.0,1.0,0.0,13.0,0.0,0,967.0,967.0,975.0282938068814,Y1
1.0,0.0,1.0,0.0,0.0,0.0,2.0,1.0,0.0,0,971.0,971.0,937.9428295700435,Y1
1.0,0.0,1.0,0.0,0.0,0.0,-1.0,2.0,0.0,0,1009.0,1009.0,1020.0029983710306,Y1
0.0,0.0,3.0,0.0,0.0,0.0,0.0,8.0,0.0,1,837.0,817.4183685876407,837.0,Y0
0.0,1.0,0.0,0.0,1.0,0.0,0.0,21.0,0.0,1,1013.0,1001.6698755709202,1013.0,Y0
1.0,0.0,0.0,0.0,1.0,0.0,0.0,7.0,0.0,0,875.0,875.0,919.7415229883876,Y1
1.0,0.0,0.0,0.0,1.0,0.0,2.0,3.0,0.0,0,1044.0,1044.0,1041.9302214570264,Y1
1.0,0.0,3.0,0.0,1.0,0.0,0.0,5.0,1.0,0,949.0,949.0,987.0158779549547,Y1
0.0,0.0,1.0,1.0,0.0,1.0,0.0,10.0,0.0,0,992.0,992.0,977.9954253701005,Y1
0.0,0.0,2.0,0.0,0.0,0.0,0.0,19.0,0.0,1,952.0,992.1836888740504,952.0,Y0
1.0,1.0,1.0,1.0,2.0,0.0,0.0,12.0,0.0,0,850.0,850.0,862.7924689180035,Y1
0.0,0.0,3.0,1.0,0.0,0.0,0.0,19.0,0.0,0,933.0,933.0,891.5275860594489,Y1
0.0,0.0,3.0,0.0,0.0,1.0,0.0,17.0,0.0,0,925.0,925.0,944.495549041266,Y1
0.0,0.0,3.0,0.0,0.0,0.0,0.0,10.0,0.0,0,903.0,903.0,888.166111350182,Y1
0.0,0.0,2.0,0.0,0.0,1.0,0.0,7.0,0.0,0,1031.0,1031.0,1035.9013433713385,Y1
1.0,0.0,2.0,1.0,0.0,1.0,0.0,21.0,0.0,0,924.0,924.0,921.0728683669239,Y1
0.0,0.0,0.0,1.0,0.0,0.0,2.0,1.0,0.0,0,866.0,866.0,830.0198143724563,Y1
1.0,0.0,2.0,0.0,1.0,0.0,0.0,17.0,0.0,0,975.0,975.0,998.9739508465186,Y1
0.0,0.0,2.0,0.0,1.0,0.0,0.0,18.0,0.0,0,957.0,957.0,997.1750175515492,Y1
0.0,1.0,0.0,1.0,0.0,1.0,0.0,13.0,0.0,0,796.0,796.0,808.4842265994508,Y1
1.0,0.0,2.0,0.0,3.0,1.0,0.0,8.0,0.0,0,873.0,873.0,889.7372170321322,Y1
0.0,0.0,2.0,1.0,0.0,0.0,0.0,16.0,0.0,0,891.0,891.0,912.8189247644843,Y1
0.0,0.0,3.0,1.0,0.0,0.0,-1.0,2.0,0.0,0,816.0,816.0,813.6739995085261,Y1
1.0,0.0,4.0,0.0,1.0,1.0,0.0,14.0,0.0,0,917.0,917.0,951.8382285738578,Y1
1.0,0.0,1.0,1.0,0.0,1.0,0.0,8.0,0.0,0,944.0,944.0,966.5557779336302,Y1
1.0,0.0,4.0,1.0,0.0,0.0,-1.0,1.0,0.0,1,884.0,878.2865222387569,884.0,Y0
0.0,1.0,1.0,1.0,2.0,2.0,0.0,8.0,0.0,0,912.0,912.0,930.231776105205,Y1
0.0,0.0,2.0,0.0,0.0,1.0,0.0,13.0,0.0,0,934.0,934.0,942.0282938068814,Y1
1.0,0.0,0.0,0.0,0.0,0.0,0.0,14.0,0.0,0,1029.0,1029.0,1075.8389671639372,Y1
0.0,0.0,1.0,0.0,3.0,0.0,0.0,3.0,0.0,0,929.0,929.0,940.5752414462941,Y1
0.0,0.0,3.0,0.0,1.0,1.0,0.0,8.0,0.0,0,924.0,924.0,937.972143317375,Y1
1.0,0.0,0.0,1.0,0.0,0.0,0.0,2.0,0.0,0,756.0,756.0,768.1979417638777,Y1
1.0,1.0,2.0,1.0,2.0,0.0,0.0,7.0,0.0,0,825.0,825.0,875.3878778718216,Y1
0.0,0.0,0.0,0.0,0.0,1.0,0.0,6.0,0.0,1,926.0,914.9830775226324,926.0,Y0
0.0,0.0,1.0,0.0,0.0,1.0,0.0,13.0,0.0,0,1094.0,1094.0,1104.1737799658044,Y1
0.0,0.0,2.0,0.0,1.0,0.0,1.0,0.0,0.0,1,789.0,780.5640088469936,789.0,Y0
0.0,0.0,2.0,1.0,0.0,0.0,0.0,19.0,0.0,1,903.0,941.9140319562504,903.0,Y0
0.0,1.0,2.0,0.0,3.0,0.0,0.0,14.0,0.0,0,902.0,902.0,937.6727820413263,Y1
1.0,1.0,0.0,1.0,2.0,1.0,0.0,10.0,1.0,0,872.0,872.0,844.4732725789738,Y1
0.0,0.0,9.0,1.0,3.0,0.0,0.0,17.0,0.0,0,834.0,834.0,862.1913896316615,Y1
0.0,0.0,0.0,1.0,0.0,0.0,0.0,20.0,0.0,0,857.0,857.0,828.2302449833683,Y1
0.0,1.0,0.0,1.0,0.0,1.0,0.0,8.0,0.0,0,962.0,962.0,977.7884143576666,Y1
1.0,1.0,0.0,1.0,2.0,0.0,-1.0,6.0,1.0,0,910.0,910.0,912.0682502727257,Y1
0.0,0.0,3.0,0.0,0.0,0.0,0.0,10.0,0.0,0,953.0,953.0,938.166111350182,Y1
0.0,0.0,3.0,0.0,0.0,0.0,0.0,15.0,0.0,1,879.0,871.4012033421686,879.0,Y0
1.0,0.0,4.0,1.0,0.0,0.0,0.0,2.0,0.0,1,918.0,912.9718134233307,918.0,Y0
0.0,0.0,1.0,0.0,0.0,0.0,0.0,5.0,0.0,1,858.0,829.5620179669334,858.0,Y0
0.0,0.0,0.0,0.0,0.0,1.0,0.0,17.0,0.0,0,931.0,931.0,955.7047322967649,Y1
0.0,0.0,3.0,0.0,0.0,0.0,0.0,15.0,0.0,0,996.0,996.0,1003.5987966578314,Y1
1.0,0.0,2.0,0.0,0.0,1.0,0.0,12.0,0.0,1,949.0,941.6911534037797,949.0,Y0
0.0,0.0,2.0,0.0,0.0,2.0,0.0,8.0,0.0,1,917.0,900.8969315374754,917.0,Y0
0.0,1.0,0.0,1.0,2.0,0.0,-1.0,2.0,0.0,0,846.0,846.0,824.6906705333395,Y1
1.0,1.0,2.0,1.0,2.0,0.0,1.0,0.0,1.0,0,903.0,903.0,1010.6867279874375,Y1
1.0,0.0,2.0,1.0,0.0,2.0,0.0,6.0,0.0,1,871.0,857.0422706253717,871.0,Y0
1.0,1.0,1.0,1.0,2.0,0.0,0.0,11.0,0.0,0,896.0,896.0,913.7554405312233,Y1
0.0,0.0,3.0,1.0,3.0,1.0,0.0,12.0,0.0,0,857.0,857.0,848.9397348115638,Y1
0.0,0.0,2.0,1.0,3.0,0.0,0.0,11.0,0.0,0,935.0,935.0,925.0190665736061,Y1
0.0,0.0,0.0,0.0,3.0,1.0,0.0,14.0,0.0,1,1076.0,1029.5586055357978,1076.0,Y0
1.0,0.0,4.0,1.0,0.0,1.0,0.0,13.0,0.0,0,895.0,895.0,903.7756144798276,Y1
0.0,0.0,0.0,0.0,1.0,0.0,0.0,17.0,0.0,0,870.0,870.0,900.5267677576575,Y1
0.0,1.0,2.0,1.0,2.0,0.0,0.0,10.0,1.0,0,1010.0,1010.0,986.0274446789928,Y1
0.0,2.0,0.0,0.0,1.0,0.0,0.0,0.0,0.0,0,1056.0,1056.0,1058.2032628555135,Y1
1.0,1.0,0.0,1.0,2.0,0.0,1.0,0.0,0.0,0,839.0,839.0,927.0684817965166,Y1
0.0,1.0,0.0,1.0,2.0,1.0,0.0,5.0,0.0,0,884.0,884.0,905.4176798787868,Y1
1.0,1.0,3.0,1.0,2.0,0.0,0.0,11.0,0.0,0,868.0,868.0,878.7742008532775,Y1
1.0,0.0,3.0,0.0,1.0,0.0,0.0,15.0,0.0,0,903.0,903.0,926.654078324659,Y1
0.0,0.0,3.0,0.0,0.0,1.0,0.0,8.0,0.0,1,934.0,917.4626178138711,934.0,Y0
0.0,0.0,3.0,0.0,1.0,1.0,0.0,22.0,0.0,0,902.0,902.0,896.0346849212758,Y1
0.0,0.0,2.0,0.0,0.0,0.0,2.0,1.0,0.0,0,841.0,841.0,789.1344959071785,Y1
0.0,0.0,2.0,1.0,0.0,1.0,0.0,21.0,0.0,0,875.0,875.0,873.8010994688011,Y1
0.0,1.0,3.0,1.0,1.0,0.0,0.0,21.0,0.0,1,865.0,874.1110687866106,865.0,Y0
1.0,0.0,0.0,1.0,0.0,0.0,-1.0,9.0,0.0,0,970.0,970.0,939.7063230332885,Y1
1.0,1.0,2.0,1.0,2.0,1.0,0.0,22.0,0.0,0,867.0,867.0,865.7380793209209,Y1
0.0,0.0,1.0,0.0,1.0,0.0,0.0,16.0,0.0,0,943.0,943.0,971.190426669632,Y1
1.0,0.0,2.0,0.0,1.0,1.0,0.0,15.0,0.0,1,929.0,898.2857393664938,929.0,Y0
0.0,0.0,3.0,0.0,0.0,0.0,0.0,8.0,0.0,0,925.0,925.0,944.5816314123593,Y1
1.0,1.0,0.0,1.0,1.0,0.0,0.0,20.0,1.0,0,981.0,981.0,909.1467170789799,Y1
1.0,1.0,3.0,1.0,2.0,0.0,2.0,2.0,1.0,1,818.0,807.3050116975479,818.0,Y0
0.0,0.0,0.0,0.0,0.0,0.0,0.0,13.0,0.0,0,1049.0,1049.0,1067.8192994322403,Y1
0.0,0.0,3.0,1.0,0.0,0.0,0.0,14.0,0.0,0,836.0,836.0,879.7286962497226,Y1
0.0,0.0,3.0,0.0,0.0,1.0,0.0,13.0,0.0,0,910.0,910.0,918.0295495393764,Y1
0.0,1.0,3.0,1.0,2.0,0.0,2.0,1.0,1.0,1,813.0,829.5310216794406,813.0,Y0
1.0,1.0,2.0,1.0,2.0,1.0,0.0,13.0,1.0,1,820.0,823.1108628743409,820.0,Y0
0.0,0.0,2.0,0.0,0.0,0.0,0.0,8.0,0.0,1,898.0,879.1744293897478,898.0,Y0
1.0,0.0,3.0,1.0,0.0,0.0,0.0,5.0,0.0,1,852.0,812.8552432560003,852.0,Y0
1.0,1.0,0.0,0.0,1.0,0.0,-1.0,12.0,1.0,0,867.0,867.0,860.404628534346,Y1
1.0,0.0,8.0,1.0,1.0,1.0,0.0,7.0,0.0,1,829.0,847.9562344031439,829.0,Y0
1.0,0.0,0.0,0.0,0.0,1.0,0.0,12.0,0.0,0,988.0,988.0,991.724350904868,Y1
0.0,0.0,0.0,1.0,3.0,0.0,0.0,11.0,0.0,1,886.0,888.1827607901076,886.0,Y0
1.0,1.0,3.0,1.0,2.0,0.0,-1.0,3.0,0.0,1,789.0,746.9741923028794,789.0,Y0
0.0,0.0,1.0,0.0,0.0,0.0,-1.0,1.0,0.0,1,1133.0,1140.578464440123,1133.0,Y0
1.0,0.0,2.0,0.0,1.0,1.0,0.0,8.0,0.0,1,932.0,905.0572794337968,932.0,Y0
1.0,0.0,3.0,0.0,0.0,1.0,0.0,6.0,0.0,1,890.0,857.7708174555763,890.0,Y0
1.0,0.0,4.0,0.0,0.0,0.0,0.0,8.0,0.0,1,1042.0,1009.7441071003478,1042.0,Y0
0.0,0.0,3.0,1.0,0.0,0.0,1.0,0.0,0.0,0,950.0,950.0,969.1945095036172,Y1
0.0,1.0,0.0,1.0,2.0,0.0,0.0,24.0,1.0,0,909.0,909.0,879.256823432165,Y1
1.0,1.0,2.0,0.0,2.0,0.0,-1.0,2.0,0.0,0,870.0,870.0,867.4940713715829,Y1
